tree
version=v4
num_class=1
num_tree_per_iteration=1
label_index=0
max_feature_idx=32
objective=binary sigmoid:1
feature_names=lane venue_code race_no racer_class_ord grade_ord distance_m age weight_kg flying_count late_count avg_st national_win_rate national_2rate national_3rate local_win_rate local_2rate local_3rate motor_2rate motor_3rate boat_2rate boat_3rate form_last10_win_rate form_last10_top2_rate form_last10_avg_finish form_last10_avg_st form_last3_win_rate form_lane_win_rate form_days_since_last kr kr_rank nobi_gap n_starts_period career_top2
feature_infos=[1:6] -1:6:8:17:24:15:18:21:1:22:12:7:11:5:9:2:10:14:20:16:3:19:23:13:4 -1:3:5:7:4:6:1:2:8:11:10:9:12 [0:3] [0:4] [1200:1800] [16:77] [40:69.900000000000006] [0:3] [0:1] [0.10000000000000001:0.31] [0:8.5399999999999991] [0:100] [0:100] [0:10.710000000000001] [0:100] [0:100] [0:100] [0:100] [0:100] [0:100] [0:1] [0:1] [1:6] [0.043333333333333335:0.45000000000000001] [0:1] [0:1] [0:255] [1086.1181169131478:1778.6260354216888] [1:6] [-0.54330000000000001:0.66853333333333342] [0:171] [0:0.94736842105263153]
tree_sizes=3491 3529 3526 3530 3537 3538 3526 3533 3510 3533 3526 3506 3529 3522 3540 3542 3515 3547 3526 3544 3527 3546 3523 3532 3563 3528 3551 3526 3560 3534 3511 3548 3522 3532 3527 3521 3520 3527 3511 3522 3526 3524 3497 3497 3527 3533 3563 3522 3481 3572 3547 3515 3572 3531 3541 3490 3538 3547 3500 3539 3528 3535 3476 3516 3536 3543 3502 3522 3533 3529 3523 3477 3516 3498 3502 3516 3551 3502 3538 3522 3520 3507 3520 3516 3476 3496 3512 3503 3541 3517 3527 3489 3547 3508 3499 3476 3494 3475 3509 3490 3498 3461 3505 3530 3515 3517 3504 3491 3523 3528 3499 3508 3495 3529 3498 3478 3481 3523 3507 3534 3457 3527 3495 3508 3501 3490 3498 3516 3543 3495 3495 3500 3501 3527 3514 3491 3512 3503 3472 3524 3492 3492 3484 3496 3503 3518 3438 3468 3532 3531 3489 3452 3497 3493 3478 3524 3509 3514 3518 3508 3475 3480 3484 3501 3467 3525 3487 3499 3508 3497 3468 3482 3487 3490 3432 3502 3489 3513 3484 3460 3472 3435

Tree=0
num_leaves=31
num_cat=0
split_feature=0 29 29 0 0 11 29 0 0 11 29 29 11 29 0 0 11 29 11 29 11 4 29 29 29 29 11 3 29 0
split_gain=25034.8 11442.1 9410.83 3865.09 3365.04 1741 1478.5 1140.36 1136.22 851.605 662.217 533.548 517.462 427.083 384.856 319.349 205.618 190.409 180.753 176.656 170.489 155.591 152.169 144.528 140.695 134.764 121.642 113.266 101.199 99.7379
threshold=3.5000000000000004 3.7500000000000004 3.2500000000000004 1.5000000000000002 1.5000000000000002 2.8650000000000007 1.2500000000000002 5.5000000000000009 5.5000000000000009 4.6450000000000005 2.2500000000000004 4.7500000000000009 4.9250000000000007 5.2500000000000009 5.5000000000000009 4.5000000000000009 4.8850000000000007 1.7500000000000002 5.4150000000000009 2.7500000000000004 3.4950000000000006 1.5000000000000002 4.7500000000000009 4.7500000000000009 4.2500000000000009 2.2500000000000004 3.0150000000000001 2.5000000000000004 2.7500000000000004 4.5000000000000009
decision_type=2 2 2 2 2 2 2 2 2 2 2 2 2 2 2 2 2 2 2 2 2 2 2 2 2 2 2 2 2 2
left_child=2 6 4 12 18 -3 14 11 15 13 17 -7 20 24 21 25 -13 -6 -1 -17 -4 27 -9 -11 -5 -8 -15 -2 -10 -18
right_child=1 5 3 9 10 7 8 22 28 23 -12 16 -14 26 -16 19 29 -19 -20 -21 -22 -23 -24 -25 -26 -27 -28 -29 -30 -31
leaf_value=0.089088691214780816 0.05063077965657059 -0.058889712229115716 0.022538978616275449 0.022782735896451259 0.078885382259676756 0.0032473497801729055 0.047291798286860254 -0.026860036471749317 0.0043642960133772751 0.035184318992602027 0.047750545322010465 -0.024167072139914918 0.086683007178287669 -0.043286027546412538 0.03173139026671349 0.029571633796824107 0.0035037748321049174 0.064002401749393339 0.10735474475217066 0.0085348487205907167 0.058168219158989128 0.025568909641012043 -0.04436044764849046 0.019821384308762 0.0040121261667043148 0.02971199667113646 -0.010612487390455942 0.068971098215752258 -0.011975099403293554 -0.016556185874689086
leaf_weight=1713.9188434928656 1401.7291635274887 3318.8587434589863 387.42514327168465 1646.9317864626646 4071.9632316380739 4317.1658545732498 2143.0859215557575 1897.3833952099085 1850.6424263119698 3162.8888793289661 4730.5859751999378 5346.7169288545847 1956.1220459640026 331.4359612762928 2048.6041769385338 1945.6240743398666 1212.5157225877047 4550.8706990629435 6456.0025971382856 2048.8541286438704 2517.5135761499405 326.68687887489796 3596.8050397932529 2966.9267423450947 2534.7602438181639 2218.8212882727385 2027.1083302795887 2107.5927793979645 1942.1247504651546 1267.2551460564137
leaf_count=6857 5608 13278 1550 6589 16291 17272 8574 7591 7404 12654 18926 21391 7826 1326 8196 7784 4851 18207 25829 8197 10072 1307 14390 11870 10141 8877 8110 8432 7770 5070
internal_value=0.0278009 -0.000540766 0.0560962 0.0289006 0.0782474 -0.0256669 0.0286579 -0.0194155 0.0186941 0.0143587 0.0627834 -0.0108639 0.0668031 0.00180914 0.0492287 0.0289955 -0.0186478 0.0710306 0.103523 0.0187814 0.0534164 0.058573 -0.0383168 0.0277484 0.0114048 0.0383493 -0.015204 0.0616454 -0.00400246 -0.00674761
internal_weight=78044.9 38990.5 39054.5 17531.1 21523.3 20956.7 18033.8 17637.8 12149.2 12670.1 13353.4 12143.7 4861.06 6540.24 5884.61 8356.39 7826.49 8622.83 8169.92 3994.48 2904.94 3836.01 5494.19 6129.82 4181.69 4361.91 2358.54 3509.32 3792.77 2479.77
internal_count=312240 155992 156248 70138 86110 83843 72149 70565 48606 50690 53424 48584 19448 26166 23543 33432 31312 34498 32686 15981 11622 15347 21981 24524 16730 17451 9436 14040 15174 9921
is_linear=0
shrinkage=1


Tree=1
num_leaves=31
num_cat=1
split_feature=0 29 29 0 0 11 29 0 0 11 29 29 11 29 0 0 12 11 29 29 11 29 4 29 29 3 11 2 0 11
split_gain=22606.4 10327.1 8512.5 3491.02 3055.69 1575.14 1334.84 1030.38 1025.2 770.993 599.34 481.631 471.554 360.633 347.807 288.238 189.081 185.653 174.985 172.587 164.708 159.392 140.625 137.671 121.7 102.506 100.665 98.7966 95.2035 94.0259
threshold=3.5000000000000004 3.7500000000000004 3.2500000000000004 1.5000000000000002 1.5000000000000002 2.8650000000000007 1.2500000000000002 5.5000000000000009 5.5000000000000009 4.5050000000000008 2.2500000000000004 4.7500000000000009 5.1850000000000014 5.2500000000000009 5.5000000000000009 4.5000000000000009 17.790000000000003 4.8850000000000007 4.7500000000000009 1.7500000000000002 5.4150000000000009 2.7500000000000004 1.5000000000000002 4.7500000000000009 2.2500000000000004 2.5000000000000004 3.0150000000000001 0 4.5000000000000009 2.0250000000000004
decision_type=2 2 2 2 2 2 2 2 2 2 2 2 2 2 2 2 2 2 2 2 2 2 2 2 2 2 2 1 2 2
left_child=2 6 4 12 20 29 14 11 15 13 19 28 16 -5 22 24 -4 -13 -11 -6 -1 -17 25 -9 -8 -2 -15 -16 -7 -3
right_child=1 5 3 9 10 7 8 23 -10 18 -12 17 -14 26 27 21 -18 -19 -20 -21 -22 -23 -24 -25 -26 -27 -28 -29 -30 -31
leaf_value=0.058329983577314497 0.021698305619812029 -0.088492197632063549 0.0076795772126361794 -0.016438555872353953 0.04859785106704001 -0.015960340829318614 0.018523276398253456 -0.051926884661281064 -0.030207779476220199 0.0064422049854077588 0.018959457841303713 -0.049366908623443312 0.060210611922842633 -0.067550925309113108 -0.01299728114174175 0.0016822241176566374 0.03407557133217122 -0.032815728551577612 -0.0094997199243850878 0.034420641010962399 0.07578376099385814 -0.018299469070207106 -0.002120345155074779 -0.068573537543536275 0.001815574458119114 0.039151520448107949 -0.037650313341401842 0.010858171656425433 -0.030809491003277584 -0.070755634175676527
leaf_weight=1710.8531169146299 1401.1019192934036 2179.6097897589207 946.97197400033474 3583.0671560764313 4066.4204109013081 2177.4942892789841 2142.3019705116749 1897.4077148735523 3793.4215887486935 3470.7311903983355 4728.8038947582245 5346.96937943995 1516.6492420434952 331.34477376937866 610.84624135494232 1945.5746623277664 2392.5301456302404 2480.1594322174788 3414.9529176950455 4547.0919568687677 6438.6805936843157 2049.2126236855984 326.69659730792046 3595.7307569682598 2218.7603082954884 2105.4949839115143 1870.6973694562912 1437.6381261348724 2140.4943863153458 1137.0139540433884
leaf_count=6857 5608 8726 3790 14333 16291 8710 8574 7591 15174 13887 18926 21391 6078 1326 2444 7784 9580 9921 13661 18207 25829 8197 1307 14390 8877 8432 7483 5752 8562 4552
internal_value=7.10935e-07 -0.0269275 0.0269063 0.00104526 0.0479963 -0.0507987 0.000814421 -0.0448543 -0.00865127 -0.0127693 0.0332617 -0.0367269 0.0370906 -0.0262252 0.0203666 0.00113503 0.0265905 -0.0441224 -0.00146419 0.0411137 0.0721196 -0.00856782 0.0292548 -0.0628235 0.010023 0.0321779 -0.0421495 0.00373417 -0.0233213 -0.0824117
internal_weight=78004.7 38985.9 39018.8 17526.9 21491.8 20954.9 18031 17638.3 12149.3 12670.8 13342.3 12145.1 4856.15 5785.11 5881.78 8355.85 3339.5 7827.13 6885.68 8613.51 8149.53 3994.79 3833.29 5493.14 4361.06 3506.6 2202.04 2048.48 4317.99 3316.62
internal_count=312240 155992 156248 70138 86110 83843 72149 70565 48606 50690 53424 48584 19448 23142 23543 33432 13370 31312 27548 34498 32686 15981 15347 21981 17451 14040 8809 8196 17272 13278
cat_boundaries=0 1
cat_threshold=7682
is_linear=0
shrinkage=0.05


Tree=2
num_leaves=31
num_cat=1
split_feature=0 29 29 0 0 11 29 0 0 13 29 29 11 29 0 0 0 29 11 29 29 11 29 4 29 11 29 3 29 2
split_gain=20434.5 9341.99 7715.41 3155.41 2793.9 1438.84 1205.51 936.819 925.552 707.47 543.791 436.166 430.336 338.326 314.635 260.182 173.072 162.432 159.739 159.393 157.112 145.303 143.851 127.222 125.761 119.566 109.934 92.9907 91.4368 89.2812
threshold=3.5000000000000004 3.7500000000000004 3.2500000000000004 1.5000000000000002 1.5000000000000002 2.8650000000000007 1.2500000000000002 5.5000000000000009 5.5000000000000009 32.660000000000004 2.2500000000000004 4.7500000000000009 4.9250000000000007 4.7500000000000009 5.5000000000000009 4.5000000000000009 4.5000000000000009 5.2500000000000009 4.9250000000000007 2.7500000000000004 1.7500000000000002 3.4950000000000006 2.7500000000000004 1.5000000000000002 4.7500000000000009 4.8850000000000007 2.2500000000000004 2.5000000000000004 2.7500000000000004 0
decision_type=2 2 2 2 2 2 2 2 2 2 2 2 2 2 2 2 2 2 2 2 2 2 2 2 2 2 2 2 2 1
left_child=2 6 4 12 19 -3 14 11 15 17 20 -7 21 -11 23 26 25 -5 -15 -1 -6 -4 -17 27 -9 -13 -8 -2 -10 -16
right_child=1 5 3 9 10 7 8 24 28 13 -12 16 -14 18 29 22 -18 -19 -20 -21 -22 -23 -24 -25 -26 -27 -28 -29 -30 -31
leaf_value=0.073282117294231633 0.020627482098904561 -0.078623223756851837 -0.0054060452013872029 -0.023042381329951497 0.046286563937435021 -0.022157758389127282 0.01760655423346295 -0.049399713669374047 -0.020753503029963372 0.004594175247859468 0.018021500352266653 -0.040378742281874241 0.053486780230005963 -0.02112369818718389 -0.012355833251078863 0.0015981506020838255 -0.049337516223450867 -0.047111857892233211 -0.003770122935075359 0.057731557026148017 0.032746441394628907 0.027490758674467455 -0.017384581661160019 -0.0020142745728488468 -0.065324613104215973 -0.021441607892099254 0.0017248452362964115 0.037259994807782963 -0.036285682943666915 0.01032113215293514
leaf_weight=5807.7704279720783 1400.1679888963699 3302.928035646677 387.40769715607166 1508.7047025859356 4056.2470420300961 4317.5055211782455 2141.1804707944393 1894.8079993873835 1850.6909707188606 4355.8051672577858 4726.2397745847702 2666.8932717144489 1946.7439641654491 3259.3976076096296 610.94639205932617 1945.52490234375 3940.362045660615 1309.1639551520348 2235.6904322952032 2300.6072159707546 4540.7444947510958 2513.240752235055 2049.2011420726776 326.70508876442909 3586.0536344349384 1212.4895552247763 2218.6986669301987 2101.8511071205139 1941.6361503303051 1437.3480784893036
leaf_count=23418 5608 13278 1550 6035 16291 17272 8574 7591 7404 17429 18926 10682 7826 13040 2444 7784 15779 5243 8943 9268 18207 10072 8197 1307 14390 4851 8877 8432 7770 5752
internal_value=1.29719e-06 -0.0256092 0.02561 0.000994071 0.0457287 -0.0483391 0.000774155 -0.0426617 -0.0082203 -0.0121329 0.0316452 -0.0349138 0.0353018 -0.00581349 0.0193644 0.0010785 -0.0419568 -0.0342249 -0.0140634 0.0688699 0.039135 0.0230971 -0.00813955 0.0278262 -0.0598192 -0.03446 0.00952451 0.03061 -0.0287058 0.00354732
internal_weight=77892.8 38945 38947.8 17516.2 21431.6 20921 18024 17618.1 12146.9 12668.8 13323.2 12137.3 4847.39 9850.89 5877.02 8354.61 7819.74 2817.87 5495.09 8108.38 8596.99 2900.65 3994.73 3828.72 5480.86 3879.38 4359.88 3502.02 3792.33 2048.29
internal_count=312240 155992 156248 70138 86110 83843 72149 70565 48606 50690 53424 48584 19448 39412 23543 33432 31312 11278 21983 32686 34498 11622 15981 15347 21981 15533 17451 14040 15174 8196
cat_boundaries=0 1
cat_threshold=7682
is_linear=0
shrinkage=0.05


Tree=3
num_leaves=31
num_cat=1
split_feature=0 29 29 0 0 11 29 0 0 29 29 29 11 12 0 0 13 12 11 29 28 4 3 29 29 11 2 0 29 0
split_gain=18487.3 8467.21 7004.8 2853.83 2569.25 1325.11 1089.02 855.147 836.073 642.819 494.437 406.68 398.846 365.64 292.974 234.875 173.484 159.786 149.726 143.552 141.74 132.924 152.025 129.853 117.466 105.275 104.371 100.206 99.3284 86.4245
threshold=3.5000000000000004 3.7500000000000004 3.2500000000000004 1.5000000000000002 1.5000000000000002 2.6950000000000007 1.2500000000000002 5.5000000000000009 5.5000000000000009 4.7500000000000009 2.2500000000000004 4.7500000000000009 5.1850000000000014 18.215000000000003 4.5000000000000009 4.5000000000000009 40.080000000000005 17.790000000000003 5.4150000000000009 1.7500000000000002 1491.2487084209611 2.5000000000000004 2.5000000000000004 2.7500000000000004 4.7500000000000009 3.0150000000000001 0 4.5000000000000009 2.2500000000000004 4.5000000000000009
decision_type=2 2 2 2 2 2 2 2 2 2 2 2 2 2 2 2 2 2 2 2 2 2 2 2 2 2 1 2 2 2
left_child=2 6 4 12 18 -3 14 11 15 -5 19 29 17 25 -2 28 -13 -4 -1 -6 -15 22 -16 -17 -9 -11 -24 -18 -8 -7
right_child=1 5 3 9 10 7 8 24 -10 13 -12 16 -14 20 21 23 27 -19 -20 -21 -22 -23 26 -25 -26 -27 -28 -29 -30 -31
leaf_value=0.052710736841985545 0.034202054838145708 -0.076354190455657125 0.0065876007290844507 0.0028615700872918256 0.044129318254470473 -0.014112202907148416 0.01673749076973232 -0.047034369367499398 -0.02729137048373495 -0.057532500455661661 0.017132402597085244 -0.04734149285834479 0.054991795418042361 -0.019280941063332047 -6.1948552882426755e-05 0.0015182847978863151 -0.024277373327105993 0.030871019685202464 0.069435413935508283 0.031169046363358013 -0.002515542016843929 -0.02243389951760549 -0.010365888084242714 -0.016518059016637356 -0.062385675278767407 -0.031343126004850862 0.024658865603953271 -0.040448615035035024 0.0016386486294864594 -0.028249304342869722
leaf_weight=1695.1754774302244 1958.7449799031019 3077.3285529315472 946.20716914534569 4811.1644143611193 4042.1590089797974 2182.2789921462536 2139.7750826776028 1894.9215692877769 3789.5085116922855 478.39417192339897 4723.0177032053471 4090.0194918066263 1504.3486688733101 3449.0580585151911 1368.2434730529785 1945.4750263690948 1875.5629808306694 2384.7204847335815 6354.7516791075468 4532.2274030148983 1986.9297419935465 283.91580173373222 236.52592808008194 2048.8724503666162 3639.5549523830414 1938.9343380331993 2023.1461175978184 1958.0439080148935 2218.6366287320852 2142.39273250103
leaf_count=6857 7864 12460 3790 19252 16291 8732 8574 7611 15174 1922 18926 16421 6078 13803 5480 7784 7514 9580 25829 18207 7948 1136 949 8197 14675 7765 8114 7855 8877 8575
internal_value=1.79055e-06 -0.0243761 0.0243959 0.000945815 0.0436194 -0.0460606 0.000736039 -0.0408183 -0.00781242 -0.0115305 0.0301231 -0.0334479 0.0336235 -0.0203474 0.018417 0.00102486 -0.0401788 0.0239729 0.0659135 0.0372788 -0.013153 0.0105131 0.0130915 -0.00773333 -0.0571296 -0.0365261 0.021056 -0.032537 0.00905147 -0.0211156
internal_weight=77720 38872.9 38847.1 17499.8 21347.3 20860.1 18012.8 17782.8 12142.3 12664.5 13297.4 12248.3 4835.28 7853.32 5870.58 8352.76 7923.63 3330.93 8049.93 8574.39 5435.99 3911.83 3627.92 3994.35 5534.48 2417.33 2259.67 3833.61 4358.41 4324.67
internal_count=312240 155992 156248 70138 86110 83843 72149 71383 48606 50690 53424 49097 19448 31438 23543 33432 31790 13370 32686 34498 21751 15679 14543 15981 22286 9687 9063 15369 17451 17307
cat_boundaries=0 1
cat_threshold=6144
is_linear=0
shrinkage=0.05


Tree=4
num_leaves=31
num_cat=1
split_feature=0 29 29 0 0 11 29 0 0 29 29 29 3 0 11 0 29 13 13 29 29 29 29 29 4 11 0 29 17 2
split_gain=16737.8 7687.59 6369.01 2582.42 2374.56 1231.3 983.991 794.582 755.522 597.919 450.367 378.666 371.787 272.374 263.639 212.044 171.836 170.539 163.945 145.871 131.57 117.239 112.781 112.743 110.301 103.821 91.1826 89.7636 84.6376 84.251
threshold=3.5000000000000004 3.7500000000000004 3.2500000000000004 1.5000000000000002 1.5000000000000002 2.5750000000000006 1.2500000000000002 5.5000000000000009 5.5000000000000009 5.2500000000000009 2.2500000000000004 4.7500000000000009 1.5000000000000002 5.5000000000000009 4.9250000000000007 4.5000000000000009 4.2500000000000009 32.660000000000004 40.080000000000005 2.7500000000000004 1.7500000000000002 2.7500000000000004 4.7500000000000009 4.2500000000000009 1.5000000000000002 2.8650000000000007 4.5000000000000009 2.2500000000000004 35.905000000000008 0
decision_type=2 2 2 2 2 2 2 2 2 2 2 2 2 2 2 2 2 2 2 2 2 2 2 2 2 2 2 2 2 1
left_child=2 6 4 12 19 -3 13 11 15 14 20 28 16 24 23 27 -4 -11 -13 -1 -6 -17 -9 -5 29 -18 -20 -8 -7 -2
right_child=1 5 3 9 10 7 8 22 -10 17 -12 18 -14 -15 -16 21 25 -19 26 -21 -22 -23 -24 -25 -26 -27 -28 -29 -30 -31
leaf_value=0.067471936114813058 0.016817240906875208 -0.074530189032192093 0.037927067904953558 -0.0032867221556502411 0.042108397561854714 -0.025332197358879999 0.015913138610057106 -0.044833408942116196 -0.025954554237156383 -0.043155599364390292 0.016289116421305396 -0.045274511328177502 0.054590013374220397 0.0028050955709241375 0.0052340233734981716 0.0014424094177932216 -0.029855926026576187 -0.020068553022171677 -0.023087959332201854 0.052485478844577008 0.029679988143518604 -0.015696855902766642 -0.059852098252211883 -0.01808156830834913 -0.0023743669693647288 0.017610147231536158 -0.038527739590626581 0.0015567607197032841 -0.010753579482165073 0.033692926976805433
leaf_weight=5707.2387292087078 1204.8888760358095 2839.9640395641327 1296.6831372529268 2245.4720101058483 4024.7865032553673 2779.1297425478697 2138.1332060694695 1891.1173118203878 3785.5541867315769 1303.1521336138248 4719.2473861575127 4200.7760910540819 1325.6756702214479 2047.241739705205 4019.6893510818481 1945.4253823757172 121.96993124485016 2071.1993516236544 1873.6248341798782 2269.3635085523129 4521.8922935128212 2048.2734521776438 3687.1732111275196 3018.8565887659788 326.61196130514145 2076.0602011978626 1953.0080316215754 2218.5747228115797 1551.2825738340616 2285.0434224307537
leaf_count=23418 4845 11614 5228 8984 16291 11129 8574 7623 15174 5243 18926 16930 5383 8196 16085 7784 488 8293 7514 9268 18207 8197 14966 12085 1307 8349 7855 8877 6212 9195
internal_value=2.31327e-06 -0.0232181 0.0232555 0.000900247 0.0416498 -0.0439403 0.000700315 -0.0390968 -0.00742583 -0.0109596 0.028687 -0.0320262 0.0320444 0.0175185 -0.0044083 0.000973946 0.0234919 -0.0289846 -0.0384547 0.0632083 0.0355328 -0.00734791 -0.0547606 -0.0117709 0.025411 0.0149762 -0.030968 0.00860241 -0.0201097 0.0280114
internal_weight=77497.1 38775.8 38721.3 17478.8 21242.5 20776.1 17999.7 17936.1 12136 12658.4 13265.9 12357.8 4820.39 5863.79 9284.02 8350.41 3494.71 3374.35 8027.41 7976.6 8546.68 3993.7 5578.29 5264.33 3816.54 2198.03 3826.63 4356.71 4330.41 3489.93
internal_count=312240 155992 156248 70138 86110 83843 72149 72229 48606 50690 53424 49640 19448 23543 37154 33432 14065 13536 32299 32686 34498 15981 22589 21069 15347 8837 15369 17451 17341 14040
cat_boundaries=0 1
cat_threshold=7682
is_linear=0
shrinkage=0.05


Tree=5
num_leaves=31
num_cat=1
split_feature=0 29 29 0 0 11 29 0 0 11 29 3 29 29 0 0 29 14 28 29 2 23 29 29 0 4 11 11 29 11
split_gain=15163 6989.91 5797.99 2337.76 2203.63 1150.16 889.518 724.915 682.983 547.206 410.839 341.379 328.613 274.338 252.943 191.442 156.292 146.582 139.94 120.901 119.804 106.798 105.867 100.023 94.3536 93.9066 110.681 93.7753 84.8479 84.7577
threshold=3.5000000000000004 3.7500000000000004 3.2500000000000004 1.5000000000000002 1.5000000000000002 2.8650000000000007 1.2500000000000002 5.5000000000000009 5.5000000000000009 4.6450000000000005 2.2500000000000004 1.5000000000000002 4.7500000000000009 5.2500000000000009 4.5000000000000009 4.5000000000000009 4.2500000000000009 5.3350000000000009 1540.0557582606828 1.7500000000000002 0 3.7321428571428577 2.7500000000000004 4.7500000000000009 4.5000000000000009 1.5000000000000002 6.245000000000001 2.8650000000000007 4.2500000000000009 2.0250000000000004
decision_type=2 2 2 2 2 2 2 2 2 2 2 2 2 2 2 2 2 2 2 2 1 10 2 2 2 2 2 2 2 2
left_child=2 6 4 11 18 29 14 12 15 13 19 16 -7 28 -2 -8 -4 24 -1 -6 -16 -11 -17 -9 -14 26 -22 -18 -5 -3
right_child=1 5 3 9 10 7 8 23 -10 21 -12 -13 17 -15 20 22 27 -19 -20 -21 25 -23 -24 -25 -26 -27 -28 -29 -30 -31
leaf_value=0.05192282921336832 0.031377811252920586 -0.075348254875753529 0.036162621928569776 -0.0039860551821714867 0.040208909489141131 -0.019022982561855022 0.0081760213961184248 -0.0428160809407565 -0.02469066181317791 0.0048829555830247773 0.015488871401429467 0.052252506278518601 -0.033789808932537899 -0.034191115182940546 -0.0034822788640174922 0.0013703249856393423 -0.028355917282875977 -0.024216411849121131 0.065757059561181275 0.028271920015106318 0.0020970013342783938 -0.0092165283028930109 -0.014918193713425808 -0.057114881214191775 -0.046490551130795726 -0.016556725351978586 0.025178098720407129 0.016751673024612061 -0.018566144678559028 -0.058247014832094837
leaf_weight=2876.5503830313683 1950.0186839401722 2105.8295672237873 1292.0703244507313 1647.1063039302826 4004.6847051233053 4310.2126309424639 4354.8095730096102 1874.9599866420031 3780.4939999580383 4140.3920174539089 4715.0252740681171 1315.9758115261793 2911.5877494364977 2343.674589112401 1247.1268015503883 1945.3762023448944 121.99992728233337 1910.3630275130272 5014.7039623558521 4510.0495396703482 748.27966088056564 1987.8952040374279 2047.4456767439842 3517.4948772788048 2937.7830159813166 212.19307242333889 1698.0763771384954 2073.3979024142027 2531.390930980444 1104.5962646603584
leaf_count=11863 7864 8726 5228 6589 16291 17272 17451 7591 15174 16569 18926 5383 11745 9436 5001 7784 488 7690 20823 18207 3003 7955 8197 14390 11877 849 6826 8349 10141 4552
internal_value=2.99137e-06 -0.0221282 0.0221811 0.000857145 0.0398027 -0.0419588 0.000667468 -0.0369019 -0.00705932 -0.0104186 0.0273295 0.0305533 -0.0300926 -0.0204988 0.0166709 0.000925607 0.0223653 -0.0362414 0.0607142 0.0338862 0.00932811 0.000309362 -0.00698213 -0.0521432 -0.0401686 0.0152931 0.0181182 0.014245 -0.0128189 -0.0694643
internal_weight=77231.6 38656.6 38574.9 17453.9 21121 20672.8 17983.8 17462.4 12128.1 12650.5 13229.8 4803.44 12069.9 6522.17 5855.69 8347.63 3487.47 7759.73 7891.25 8514.73 3905.68 6128.29 3992.82 5392.45 5849.37 2658.55 2446.36 2195.4 4178.5 3210.43
internal_count=312240 155992 156248 70138 86110 83843 72149 70565 48606 50690 53424 19448 48584 26166 23543 33432 14065 31312 32686 34498 15679 24524 15981 21981 23622 10678 9829 8837 16730 13278
cat_boundaries=0 1
cat_threshold=7682
is_linear=0
shrinkage=0.05


Tree=6
num_leaves=31
num_cat=0
split_feature=0 29 29 0 0 11 29 0 0 13 29 29 11 29 0 29 0 29 12 11 29 11 29 0 4 4 11 29 28 3
split_gain=13743.8 6362.76 5283.64 2117.13 2052.17 1079.5 803.889 678.119 617.607 511.026 375.243 329.711 319.636 236.231 236.156 176.809 173.98 136.413 131.146 120.596 111.334 107.223 98.7983 98.4093 96.5545 86.5963 83.6576 83.4892 79.347 77.5638
threshold=3.5000000000000004 3.7500000000000004 3.2500000000000004 1.5000000000000002 1.5000000000000002 2.5750000000000006 1.2500000000000002 5.5000000000000009 5.5000000000000009 32.660000000000004 2.2500000000000004 5.2500000000000009 5.1850000000000014 4.7500000000000009 5.5000000000000009 2.2500000000000004 4.5000000000000009 2.7500000000000004 18.010000000000002 3.0150000000000001 1.7500000000000002 5.0050000000000008 4.7500000000000009 4.5000000000000009 1.5000000000000002 2.5000000000000004 4.8650000000000011 2.7500000000000004 1461.9359431814325 2.5000000000000004
decision_type=2 2 2 2 2 2 2 2 2 2 2 2 2 2 2 2 2 2 2 2 2 2 2 2 2 2 2 2 2 2
left_child=2 6 4 12 17 -3 14 11 15 19 20 16 18 -11 24 25 26 -1 -4 -5 -6 -15 -9 -17 29 -8 -7 -10 -13 -2
right_child=1 5 3 9 10 7 8 22 27 13 -12 28 -14 21 -16 23 -18 -19 -20 -21 -22 -23 -24 -25 -26 -27 -28 -29 -30 -31
leaf_value=0.062585924992405478 0.016545616758427081 -0.069163129962248326 0.0052136794324892845 -0.050288434259113703 0.038418283056385089 -0.023250826860672442 0.010322229198213118 -0.040857163174153298 -0.015884924439677522 0.0041516790071418992 0.014729131284638323 -0.047812023735614342 0.048518549185580323 -0.016824613790302454 0.0021657976938598365 0.0010703742591138309 -0.030933303143974779 0.047945480213611086 0.026991981855953331 -0.023753148617529033 0.026938442171282474 -0.0023639179318757295 -0.055000486274952493 -0.014122148483953456 -0.0027646922506127172 -0.018330699390592758 -0.0094234822449495801 -0.030761386560285622 -0.032531866682688246 0.031788744491999955
leaf_weight=5568.3211255967617 1393.1402850300074 2765.0990822315216 983.29121240973473 527.61320699751377 3982.3420372754335 2347.9394506961107 3791.6736734509468 1873.0726633816957 1843.8419065475464 4354.841184809804 4710.4365367889404 2177.8935467898846 1473.4272701740265 3445.5975125133991 2046.0546259731054 2218.1456142514944 4325.3868908137083 2227.5453214198351 2327.6449426263571 2272.0220744013786 4496.9718034565449 2041.351552143693 3623.3930939733982 2051.9238667786121 326.44082736968994 283.40429663658142 2048.0232546031475 1930.6685824692249 1393.0205285698175 2081.3735802620649
leaf_count=23418 5608 11614 3948 2141 16291 9476 15200 7623 7404 17429 18926 8859 6078 13817 8196 8877 17461 9268 9422 9137 18207 8166 14966 8219 1307 1136 8215 7770 5629 8432
internal_value=3.24779e-06 -0.0211002 0.0211667 0.000816366 0.0380649 -0.0400994 0.000634749 -0.0355817 -0.00671134 -0.0099053 0.0260442 -0.0290538 0.0291455 -0.00454354 0.0158617 0.000879577 -0.0238139 0.0584026 0.0205242 -0.0287539 0.03233 -0.0114447 -0.0501808 -0.00623019 0.0232342 0.00832954 -0.0168088 -0.0234943 -0.0418512 0.0256769
internal_weight=76931.9 38520.5 38411.4 17425.8 20985.6 20553.8 17966.7 17788.7 12119.7 12641.4 13189.8 12292.3 4784.36 9841.79 5847.01 8345.15 8721.35 7795.87 3310.94 2799.64 8479.31 5486.95 5496.47 4270.07 3800.95 4075.08 4395.96 3774.51 3570.91 3474.51
internal_count=312240 155992 156248 70138 86110 83843 72149 72229 48606 50690 53424 49640 19448 39412 23543 33432 35152 32686 13370 11278 34498 21983 22589 17096 15347 16336 17691 15174 14488 14040
is_linear=0
shrinkage=0.05


Tree=7
num_leaves=31
num_cat=1
split_feature=0 29 29 0 0 11 29 0 0 29 29 29 3 0 14 0 0 29 11 12 2 29 29 29 32 29 4 11 29 11
split_gain=12462.9 5797.31 4819.08 1917.93 1916.72 1016.87 726.672 628.9 558.692 474.717 343.078 302.135 295.982 218.742 218.361 163.495 158.263 137.972 135.974 135.219 108.559 102.705 96.8842 92.9899 84.9016 82.4056 81.5585 99.7129 76.9492 75.912
threshold=3.5000000000000004 3.7500000000000004 3.2500000000000004 1.5000000000000002 1.5000000000000002 2.5750000000000006 1.2500000000000002 5.5000000000000009 5.5000000000000009 5.2500000000000009 2.2500000000000004 5.2500000000000009 1.5000000000000002 4.5000000000000009 4.9350000000000014 4.5000000000000009 4.5000000000000009 4.2500000000000009 5.4150000000000009 18.215000000000003 0 1.7500000000000002 4.2500000000000009 4.7500000000000009 0.14823675349991142 2.7500000000000004 1.5000000000000002 6.2950000000000008 2.2500000000000004 4.8650000000000011
decision_type=2 2 2 2 2 2 2 2 2 2 2 2 2 2 2 2 2 2 2 2 1 2 2 2 10 2 2 2 2 2
left_child=2 6 4 12 18 -3 13 11 15 14 21 16 17 -2 22 28 29 -4 -1 -11 -15 -6 -5 -9 -19 -17 27 -22 -8 -7
right_child=1 5 3 9 10 7 8 23 -10 19 -12 -13 -14 20 -16 25 -18 24 -20 -21 26 -23 -24 -25 -26 -27 -28 -29 -30 -31
leaf_value=0.043465475521393265 0.028820168922138508 -0.066807319566869416 0.033227950955716588 -0.002952917348439311 0.036725850998187863 -0.022137071586267348 0.014316238711168711 -0.039044184852878597 -0.022362330973853557 -0.038141728227552962 0.014007566438881092 -0.039979428041717717 0.048221241646125977 -0.003919070819552983 0.0053696015670801379 0.0008939482421405255 -0.029477490679220793 -0.0032336342606548644 0.059705908354101368 -0.017543037060029989 0.002429018574746766 0.025673933050359643 -0.016439778314973355 -0.052816160144451896 0.018708457671261107 -0.013481350282827679 -0.015720068747472182 0.023807990470385343 0.0010168830396124827 -0.0089569887631156548
leaf_weight=1637.37022331357 1938.8123637288809 2720.601927280426 1281.7944042384624 2492.4960640072823 3958.1867192089558 2342.8948704153299 2134.0683539807796 1862.3194817006588 3767.4924404025078 1301.8277082443237 4705.555345416069 3551.7085922807455 1293.9674874991179 1246.1365165859461 3924.4934947043657 1944.9723328351974 4312.3879433125257 612.09466230869293 6054.9515151977539 2053.3211266994476 823.009690746665 4482.8991901874542 2858.9692412465811 3585.5481317043304 1575.8838608264923 2045.2513450831175 212.21303932368755 1616.9394264221191 2218.0919095426798 2046.9799133986235
leaf_count=6857 7864 11614 5228 9975 16291 9476 8574 7623 15174 5292 18926 14488 5383 5001 15711 7784 17461 2461 25829 8244 3307 18207 11468 14966 6376 8197 849 6522 8877 8215
internal_value=3.49342e-06 -0.0201285 0.0202069 0.000777687 0.036425 -0.0383479 0.000603812 -0.0339739 -0.00638129 -0.00941829 0.0248257 -0.0276901 0.0278124 0.0150953 -0.00358863 0.000835891 -0.0226743 0.0202015 0.056249 -0.0255355 0.00826932 0.0308564 -0.0101581 -0.0481083 0.0125701 -0.00647434 0.0139583 0.0165967 0.00753818 -0.0159913
internal_weight=76603.2 38369.4 38233.8 17394.8 20839 20422.4 17947 17701.8 12109.9 12631.1 13146.6 12254 4763.74 5837.11 9275.96 8342.38 8702.26 3469.77 7692.32 3355.15 3898.3 8441.09 5351.47 5447.87 2187.98 3990.22 2652.16 2439.95 4352.16 4389.87
internal_count=312240 155992 156248 70138 86110 83843 72149 72229 48606 50690 53424 49640 19448 23543 37154 33432 35152 14065 32686 13536 15679 34498 21443 22589 8837 15981 10678 9829 17451 17691
cat_boundaries=0 1
cat_threshold=7682
is_linear=0
shrinkage=0.05


Tree=8
num_leaves=31
num_cat=3
split_feature=0 29 29 0 0 13 29 0 23 0 29 29 11 0 29 4 3 2 14 3 4 28 11 13 2 4 3 29 2 14
split_gain=11305.5 5286.44 4398.57 1794.62 1737.95 964.199 661.942 593.237 440.565 411.947 313.925 295.845 276.752 270.851 193.656 157.869 180.647 145.836 139.574 132.356 181.269 130.034 127.727 113.432 102.466 98.5021 168.724 95.7152 85.6389 83.5076
threshold=3.5000000000000004 3.7500000000000004 3.2500000000000004 1.5000000000000002 1.5000000000000002 11.920000000000002 2.2500000000000004 5.5000000000000009 3.9500000000000006 5.5000000000000009 2.2500000000000004 4.7500000000000009 5.1850000000000014 5.5000000000000009 5.2500000000000009 2.5000000000000004 2.5000000000000004 0 5.1150000000000011 2.5000000000000004 2.5000000000000004 1544.8032061189353 4.6850000000000014 29.535000000000004 1 1.5000000000000002 2.5000000000000004 5.2500000000000009 2 4.3650000000000011
decision_type=2 2 2 2 2 2 2 2 10 2 2 2 2 2 2 2 2 1 2 2 2 2 2 2 1 2 2 2 1 2
left_child=2 6 3 21 12 -3 9 11 22 15 25 -7 23 -8 29 16 -2 -18 -13 -11 24 -1 -6 -4 -21 26 -5 -9 -28 -10
right_child=1 5 4 10 8 7 13 27 14 19 -12 18 -14 -15 -16 -17 17 -19 -20 20 -22 -23 -24 -25 -26 -27 28 -29 -30 -31
leaf_value=0.046164599702122812 0.0092007445176267629 -0.065933088507555485 0.00018094106337371893 0.024648454540012851 -0.0097005832177872245 -0.015982806093644011 -0.0056258886835802617 -0.041720546218989102 -0.019849282307022528 -0.015193370369473859 0.013322020936155813 -0.036399532766216741 0.044775965758688863 -0.02821525693288713 -0.032414102306515251 -0.0114930165083761 0.0079388722358674953 0.031875277446955848 -0.021790178414717132 -0.023552187951993361 -0.034256284617326049 0.05954707827423858 0.0039773874087334193 0.023230858760913409 0.013844414816220861 0.010419108748920134 0.0162311916934668 -0.055818082754532219 0.042495880137470854 -0.0038930278151587299
leaf_weight=3010.5943109095097 4124.3071302175522 2475.3798982948065 669.99357037246227 4459.2720132470131 2696.1732356995344 4312.3345522582531 4267.4801108390093 3695.9672525376081 1804.094519674778 1901.8042302876711 4700.4479745030403 5722.471278861165 1447.0201500505209 1925.8052518665791 1965.3861346840858 558.01664699614048 917.97172564268112 2253.3989367932081 2288.7417557239532 200.06144970655441 276.60689030587673 4571.576102361083 4651.1787472516298 2624.7549217641354 1500.5146037787199 628.4977987408638 394.52764809131622 1785.7644363641739 2918.3390368819237 1503.2060700803995
leaf_count=12851 16585 10760 2692 18270 10834 17351 17096 15414 7239 7642 18926 23474 6078 7788 7977 2236 3707 9155 9296 803 1110 19835 18618 10678 6027 2582 1620 7548 12026 6022
internal_value=3.70475e-06 -0.0192082 0.0192972 0.0348735 0.000741001 -0.0366939 0.000574357 -0.0326289 -0.00895585 0.00755508 0.0236691 -0.0265419 0.0265488 -0.0126501 -0.0199838 0.0141394 0.0161 0.0250723 -0.0322258 -0.00577614 0.00328207 0.0542334 -0.00104186 0.0185436 0.00938787 0.0294586 0.0309982 -0.0463131 0.0395453 -0.012597
internal_weight=76251.7 38206.6 38045.1 20683.3 17361.8 20280.7 17926 17805.3 12620 11732.7 13101.1 12323.5 4741.77 6193.29 5272.69 7853.69 7295.68 3171.37 8011.21 3878.99 1977.18 7582.17 7347.35 3294.75 1700.58 8400.64 7772.14 5481.73 3312.87 3307.3
internal_count=312240 155992 156248 86110 70138 83843 72149 73083 50690 47265 53424 50121 19448 24884 21238 31683 29447 12862 32770 15582 7940 32686 29452 13370 6830 34498 31916 22962 13646 13261
cat_boundaries=0 1 2 3
cat_threshold=7168 6144 4096
is_linear=0
shrinkage=0.05


Tree=9
num_leaves=31
num_cat=1
split_feature=0 29 29 0 0 11 29 0 0 13 29 3 29 0 29 0 11 29 29 11 0 2 29 18 23 0 17 13 3 29
split_gain=10258.3 4824.25 4017.41 1683.33 1575.09 915.676 609.833 541.785 456.826 406.359 287.513 258.432 212.355 190.113 185.927 147.72 139.091 129.89 122.191 106.332 104.529 92.5188 92.0222 85.8265 81.0233 80.9057 77.8599 75.4937 71.8483 67.807
threshold=3.5000000000000004 3.7500000000000004 3.2500000000000004 1.5000000000000002 1.5000000000000002 2.8650000000000007 1.2500000000000002 4.5000000000000009 5.5000000000000009 32.660000000000004 2.2500000000000004 1.5000000000000002 4.7500000000000009 4.5000000000000009 4.7500000000000009 4.5000000000000009 4.8250000000000011 2.7500000000000004 4.2500000000000009 3.0150000000000001 5.5000000000000009 0 1.7500000000000002 48.490000000000002 4.8166666666666673 5.5000000000000009 32.585000000000008 17.480000000000004 1.5000000000000002 2.7500000000000004
decision_type=2 2 2 2 2 2 2 2 2 2 2 2 2 2 2 2 2 2 2 2 2 1 2 2 8 2 2 2 2 2
left_child=2 6 3 17 11 24 13 16 15 19 22 18 25 -2 -11 28 26 -1 -4 -6 -14 -15 -5 -16 -3 -9 -7 -20 -8 -10
right_child=1 5 4 10 9 7 8 12 29 14 -12 -13 20 21 23 -17 -18 -19 27 -21 -22 -23 -24 -25 -26 -27 -28 -29 -30 -31
leaf_value=0.056530360106809535 0.026692140421453209 -0.043643650085467868 0.030578765557002181 0.033731241407551411 -0.045790791832977157 -0.033018753217993788 -0.0012823300992737268 -0.021200437206655189 -0.013478089787601866 0.0039678349678832613 0.012670512063523924 0.044641768634225379 -0.036622205980726866 -0.0037608081962771656 -0.017370030320181515 -0.0062830073709267287 -0.0097024612064003837 0.041967374279648723 -0.026583963918998949 -0.020707764499896988 -0.048696221581710233 0.012751637729929001 0.023216791117211658 -0.0046477407371609608 -0.06452708730618717 -0.035551431271900531 -0.017882971814133886 0.01336835207496148 0.012004041723898035 -0.026923740806811904
leaf_weight=5316.717576161027 1927.0042772442102 573.74050104618073 1270.1750079989433 3908.1467141360044 519.73942442238331 1628.3304003328085 1624.1703679263592 2120.5658346563578 1837.0125686526299 4354.0264831185341 4695.1708279252052 1268.8628290593624 3829.4117138832808 1245.5956665724516 2250.2609654814005 3987.608316168189 2564.159358844161 2150.4274319559336 125.46114756166935 2258.749873816967 3370.1044270694256 2644.333887219429 4450.8503532409668 3226.3177639991045 2438.4287716597319 1829.3043992966413 1776.7740686386824 2054.5016355216503 2724.1962561607361 1915.3078973293304
leaf_count=23418 7864 2496 5228 16291 2141 6655 6513 8562 7404 17429 18926 5383 15779 5001 9033 15981 10327 9268 502 9137 14390 10678 18207 12950 10782 7591 7261 8335 10938 7770
internal_value=4.5111e-06 -0.0183339 0.0184333 0.0334021 0.000706116 -0.0351276 0.000547254 -0.0306544 -0.00585378 -0.008516 0.0225714 0.0253475 -0.037163 0.0138494 -0.00374404 0.000667525 -0.0184978 0.0523364 0.0182516 -0.0253998 -0.0422741 0.00748729 0.0281327 -0.00987518 -0.0605493 -0.0278468 -0.0251209 0.011069 0.00704141 -0.0203412
internal_weight=75885.5 38036 37849.4 20521.3 17328.1 20130.8 17905.2 17118.7 12088.3 12609.1 13054.2 4719 11149.4 5816.93 9830.61 8335.97 5969.26 7467.15 3450.14 2778.49 7199.52 3889.93 8359 5476.58 3012.17 3949.87 3405.1 2179.96 4348.37 3752.32
internal_count=312240 155992 156248 86110 70138 83843 72149 70565 48606 50690 53424 19448 46322 23543 39412 33432 24243 32686 14065 11278 30169 15679 34498 21983 13278 16153 13916 8837 17451 15174
cat_boundaries=0 1
cat_threshold=7682
is_linear=0
shrinkage=0.05


Tree=10
num_leaves=31
num_cat=2
split_feature=0 29 26 29 13 29 0 0 29 0 29 29 29 0 14 4 3 0 2 0 12 0 3 4 13 2 29 4 3 11
split_gain=9310.32 4405.26 3693.25 2146.31 873.64 557.361 524.838 515.706 375.209 351.382 269.717 248.695 240.728 219.25 164.684 143.374 157.772 133.279 130.591 130.18 118.348 117.701 114.206 161.841 111.345 89.7506 88.7797 86.9278 130.242 84.695
threshold=3.5000000000000004 3.7500000000000004 0.40238095238095245 3.7500000000000004 11.920000000000002 2.2500000000000004 1.5000000000000002 5.5000000000000009 5.2500000000000009 5.5000000000000009 5.2500000000000009 2.7500000000000004 2.2500000000000004 4.5000000000000009 4.9350000000000014 2.5000000000000004 2.5000000000000004 4.5000000000000009 0 1.5000000000000002 18.010000000000002 1.5000000000000002 2.5000000000000004 2.5000000000000004 32.660000000000004 1 5.2500000000000009 1.5000000000000002 2.5000000000000004 5.3550000000000013
decision_type=2 2 10 2 2 2 2 2 2 2 2 2 2 2 2 2 2 2 1 2 2 2 2 2 2 1 2 2 2 2
left_child=2 5 3 12 -3 9 20 10 14 15 17 19 27 -7 -8 16 -2 -6 -18 -4 -5 -14 -11 25 -10 -24 -9 28 -1 -13
right_child=1 4 11 6 7 13 8 26 24 22 -12 29 21 -15 -16 -17 18 -19 -20 -21 -22 -23 23 -25 -26 -27 -28 -29 -30 -31
leaf_value=0.02455008389858181 0.0084545504690741024 -0.062083897301906776 0.056079282351930972 0.0012927242395524038 -0.013220819714862681 0.00095933493788197841 -0.0087253825981977208 -0.038268955535694156 -0.034257102536812474 -0.014139682519154151 -0.035681918958300078 0.027717061906131785 0.034882252003708002 -0.018674557906865116 0.0048703868163288318 -0.011400967451778342 0.0028313154414855123 -0.025631492263480743 0.028389586925452865 0.022522334370810679 0.023633650078685276 0.012139770379817769 -0.022052663017010601 -0.032478067065244337 -0.015416741825735842 0.012977045288332692 -0.052011692471356209 0.010120906202547528 0.037512840907906589 0.043161467228763815
leaf_weight=4812.5980473607779 4118.4000301212072 2378.6279492676258 4565.5000955611467 888.3970018029213 4376.2487612366676 2218.0085239261389 5287.3024454563856 3627.7625273019075 1270.1891434937716 1898.7656812369823 3574.6482269316912 1527.8263996988535 647.43130296468735 3961.4589567184448 3848.5901963412762 557.89616693556309 638.95869125425816 4277.9233669638634 2516.4337606281042 308.54565739631653 1781.5055955201387 4691.0576016455889 199.68891356885433 275.97125191986561 2049.6424204260111 1498.8088253587484 1738.2963787019253 605.19822683930397 3243.829785823822 2118.6004862189293
leaf_count=20025 16585 10760 20508 3578 17749 8877 21220 15414 5239 7642 14856 6373 2796 16007 15412 2236 2584 17516 10278 1285 7357 18929 803 1110 8252 6027 7548 2508 13578 9188
internal_value=4.64738e-06 -0.0175039 0.0176116 0.00914115 -0.0336433 0.000520819 -0.00391716 -0.0297984 -0.00822926 0.00693428 -0.024128 0.0465664 0.0232493 -0.0116273 -0.00299802 0.0130266 0.0149002 -0.0193557 0.023313 0.053955 0.0161998 0.0148979 -0.00538446 0.00303508 -0.0226252 0.00880524 -0.0427208 0.0283965 0.0297694 0.0366904
internal_weight=75504.1 37857.9 37646.2 29125.7 19973.5 17884.4 15125.6 17594.9 12455.7 11704.9 12228.8 8520.47 14000.1 6179.47 9135.89 7831.69 7273.79 8654.17 3155.39 4874.05 2669.9 5338.49 3873.23 1974.47 3319.83 1698.5 5366.06 8661.63 8056.43 3646.43
internal_count=312240 155992 156248 118894 83843 72149 61058 73083 50123 47265 50121 37354 57836 24884 36632 31683 29447 35265 12862 21793 10935 21725 15582 7940 13491 6830 22962 36111 33603 15561
cat_boundaries=0 1 2
cat_threshold=6144 6144
is_linear=0
shrinkage=0.05


Tree=11
num_leaves=31
num_cat=3
split_feature=0 29 0 0 11 29 11 29 29 14 12 29 3 0 0 23 29 4 17 2 11 3 4 2 2 29 17 29 11 11
split_gain=8515.58 6332.53 2262.15 1587.12 923.437 600.554 526.48 415.181 364.279 210.547 210.504 192.473 176.712 138.237 129.065 128.012 118.719 117.543 110.034 92.2998 90.2316 82.2655 122.189 79.407 75.968 72.216 71.245 67.9227 65.6017 63.6668
threshold=1.5000000000000002 3.7500000000000004 4.5000000000000009 4.5000000000000009 5.1850000000000014 5.2500000000000009 3.9350000000000005 1.2500000000000002 1.2500000000000002 4.9350000000000014 18.485000000000003 4.7500000000000009 1.5000000000000002 5.5000000000000009 5.5000000000000009 4.9500000000000011 2.7500000000000004 1.5000000000000002 33.135000000000012 0 2.4150000000000005 2.5000000000000004 1.5000000000000002 1 2 4.7500000000000009 34.625000000000007 4.7500000000000009 2.8650000000000007 2.4150000000000005
decision_type=2 2 2 2 2 2 2 2 2 2 2 2 2 2 2 8 2 2 2 1 2 2 2 1 1 2 2 2 2 2
left_child=4 3 5 7 11 9 15 19 23 18 20 -1 26 25 -10 -4 -6 24 -3 -2 -7 -21 -23 -5 -14 -8 -9 -20 -13 -16
right_child=1 2 6 8 16 10 13 12 14 -11 -12 28 17 -15 29 -17 -18 -19 27 21 -22 22 -24 -25 -26 -27 -28 -29 -30 -31
leaf_value=0.030806528806852425 0.013269124451435441 -0.017313008654049819 -0.044701693183220377 -0.0036456844018660792 0.054196038943472427 -0.057974170044100104 -0.018521152740468404 0.0004763744824908956 -0.0057431904371149332 0.0011164944769288968 -0.017291614340015027 -0.025847758366365461 0.013461620831502258 -0.038332803317374604 -0.070449663183049557 -0.061993800555540962 0.041269910516162994 0.0010499181046856626 0.0018831323552010656 0.023629338637671578 -0.032563307537713616 0.040699825679058908 0.0099851957009636644 0.011660369891305804 0.02383801231696412 -0.030985761426354966 0.012503954636998205 -0.011403714491127473 0.011882090447329888 -0.017856204465582132
leaf_weight=2191.9781676977873 860.05668537318707 3966.5013417452574 2232.4474546760321 1244.8079611808062 4723.7513743191957 429.72085054218769 1953.3930331617594 2947.3969662189484 3984.138664662838 5784.6682928800583 3060.9851567149162 122.18097878992558 3195.4623592048883 4214.2732140719891 58.457127213478088 2055.9085756838322 2846.8705513030291 981.98015159368515 1735.5906438231468 1942.4153113663197 1867.859264627099 2595.033589631319 369.96611419320107 2636.9846978932619 4276.5531043708324 2868.323011264205 2114.5432476252317 2157.5830223113298 2018.8524629771709 3678.324141189456
leaf_count=9317 3596 16033 9633 5001 21620 1934 7927 11935 15981 23232 12443 489 12987 18175 238 9422 12487 3977 6966 8095 7779 10932 1527 10678 17414 11943 8561 8761 8221 14936
internal_value=4.85032e-06 -0.00730054 -0.0227692 0.00888984 0.0387996 -0.0116938 -0.0385647 0.0176817 -0.005722 -0.00612339 -0.0258774 0.0203917 0.0128891 -0.0317177 -0.0120039 -0.0529918 0.0493353 0.0173131 -0.0114519 0.0289129 -0.037316 0.0315632 0.0368673 0.00677269 0.0194504 -0.025936 0.0055007 -0.00548039 0.00972899 -0.018679
internal_weight=75117 63213.4 32327.3 30886.1 11903.6 19002.9 13324.3 19283.4 11602.7 13644.3 5358.57 4333.01 13515.9 9035.99 7720.92 4288.36 7570.62 8454 7859.68 5767.47 2297.58 4907.42 2965 3881.79 7472.02 4821.72 5061.94 3893.17 2141.03 3736.78
internal_count=312240 260106 134248 125858 52134 77148 57100 79024 46834 54992 22156 18027 54874 38045 31155 19055 34107 34378 31760 24150 9713 20554 12459 15679 30401 19870 20496 15727 8710 15174
cat_boundaries=0 1 2 3
cat_threshold=6144 7682 7200
is_linear=0
shrinkage=0.05


Tree=12
num_leaves=31
num_cat=2
split_feature=0 29 0 0 29 11 29 23 13 29 3 4 3 11 4 3 2 2 0 17 18 29 0 0 0 32 14 13 13 13
split_gain=7777.23 5768.47 1993.7 1331.24 907.309 871.915 720.776 344.077 311.388 194.119 178.926 153.765 210.859 141.905 134.229 205.355 134.167 129.064 127.37 117.002 113.2 104.812 98.2239 84.9877 77.0192 61.1562 59.793 57.9742 57.8661 56.5403
threshold=1.5000000000000002 4.7500000000000009 4.5000000000000009 4.5000000000000009 2.2500000000000004 5.245000000000001 2.7500000000000004 4.2928571428571436 11.920000000000002 4.7500000000000009 1.5000000000000002 2.5000000000000004 2.5000000000000004 3.0150000000000001 1.5000000000000002 2.5000000000000004 0 1 5.5000000000000009 35.595000000000006 51.065000000000005 2.7500000000000004 5.5000000000000009 5.5000000000000009 3.5000000000000004 0.14823675349991142 4.8550000000000013 41.040000000000006 50.185000000000009 1.0000000180025095e-35
decision_type=2 2 2 2 2 2 2 10 2 2 2 2 2 2 2 2 1 1 2 2 2 2 2 2 2 10 2 2 2 2
left_child=5 2 4 7 14 9 11 20 -5 -1 19 12 23 -9 15 -2 -14 -17 -8 24 26 -7 27 -4 -6 -11 -3 -10 -22 -20
right_child=1 3 6 8 10 21 18 13 22 25 -12 -13 16 -15 -16 17 -18 -19 29 -21 28 -23 -24 -25 -26 -27 -28 -29 -30 -31
leaf_value=0.03004906948845636 0.017926356271079247 -0.0221190994360339 0.0019988932367543373 -0.06115718752111271 -0.0018707580267916584 0.052645410339306559 -0.014870827703106496 -0.046641020441992642 -0.038093834527857834 -0.0043442274904707421 0.010074849775278439 -0.02449239424852899 -0.012008319030824596 -0.024111942766073566 0.00420357965514129 0.0090817171706215095 0.016330171450220438 0.034625083339345691 -0.069180910083658301 0.0064978478271545334 -0.0090451575389212963 0.040190692066065993 -0.044136353236387399 -0.012840486483606467 -0.015265840555534397 0.014448866699586276 -0.009988711239751237 -0.025885299187904744 0.0043532228164298416 -0.026647748088420287
leaf_weight=2331.5342459380627 6517.0281398594379 2363.7628166973591 1973.9457406401634 1803.6736989319324 3432.1750203967094 4583.8766663819551 4184.9471998661757 894.09295120835304 2149.5888169854879 598.07963518798351 5945.750274002552 564.20566591620445 487.49635964632034 3202.5671580433846 957.49490411579609 589.83201298117638 2739.4113534539938 4194.641960605979 79.82952843606472 2951.7624737769365 2643.2912428826094 2674.9574946761131 3449.0442613810301 1887.435644313693 1561.2766025364399 1567.3926562070847 1781.5233328938484 1775.6563309282064 1159.2953082919121 3679.8663697838783
leaf_count=10004 26906 9655 7921 8537 13793 21408 16949 3971 9132 2412 23931 2267 1961 13106 3929 2443 11105 17658 358 11867 10776 11894 15321 7613 6287 6416 7189 7411 4661 15359
internal_value=5.36718e-06 -0.00696426 0.0038257 -0.0281894 0.0122644 0.0373378 -0.0103225 -0.0172579 -0.0425351 0.0200376 0.00351507 0.000629289 0.0026289 -0.0290289 0.0221784 0.0237013 0.0120624 0.0315674 -0.0208715 -0.0013939 -0.0111906 0.0480557 -0.0379803 -0.00525457 -0.00605893 0.00925842 -0.0169058 -0.0325711 -0.00496039 -0.0275509
internal_weight=74725.4 62969.6 41747.1 21222.5 26150 11755.8 15597.1 12044.5 9177.96 4497.01 13891 7652.49 7088.29 4096.66 12259 11301.5 3226.91 4784.47 7944.64 7945.21 7947.87 7258.83 7374.29 3861.38 4993.45 2165.47 4145.29 3925.25 3802.59 3759.7
internal_count=312240 260106 170347 89759 106814 52134 63533 49358 40401 18832 55878 30867 28600 17077 50936 47007 13066 20101 32666 31947 32281 33302 31864 15534 20080 8828 16844 16543 15437 15717
cat_boundaries=0 1 2
cat_threshold=6144 4096
is_linear=0
shrinkage=0.05


Tree=13
num_leaves=31
num_cat=0
split_feature=0 29 26 29 13 29 29 0 0 0 0 13 29 23 0 0 3 29 17 29 23 0 11 0 29 0 11 4 18 17
split_gain=7129.03 3381.73 2903.67 1637.13 754.94 455.503 427.711 410.695 305.643 241.618 228.86 220.375 219.144 196.583 143.213 114.807 111.187 94.6024 92.4417 82.7105 77.0071 74.3773 73.0628 67.8365 69.1424 66.9842 65.1659 61.2713 57.6993 57.4005
threshold=3.5000000000000004 3.7500000000000004 0.40238095238095245 4.7500000000000009 11.920000000000002 2.2500000000000004 1.2500000000000002 5.5000000000000009 5.5000000000000009 1.5000000000000002 1.5000000000000002 40.810000000000009 2.7500000000000004 4.2928571428571436 5.5000000000000009 1.5000000000000002 1.5000000000000002 5.2500000000000009 37.975000000000001 5.2500000000000009 3.7321428571428577 4.5000000000000009 3.0150000000000001 1.5000000000000002 1.7500000000000002 4.5000000000000009 4.9050000000000011 1.5000000000000002 52.735000000000007 32.010000000000012
decision_type=2 2 10 2 2 2 2 2 2 2 2 2 2 10 2 2 2 2 2 2 10 2 2 2 2 2 2 2 2 2
left_child=2 6 3 5 -3 23 14 11 18 -7 -5 17 15 26 27 -4 28 29 25 -9 -14 -13 -15 -1 -25 -8 -12 -2 -11 -6
right_child=1 4 12 10 7 9 8 19 -10 16 13 21 20 22 -16 -17 -18 -19 -20 -21 -22 -23 -24 24 -26 -27 -28 -29 -30 -31
leaf_value=0.040890895918848619 0.019326874865058383 -0.057228624918725601 0.051188112997916126 0.007337453823024271 -0.030607813246531064 0.028212057775688117 0.00210897304897051 -0.033709194530769149 -0.016953490347848602 -0.001993806560586067 -0.011489925119914431 -0.0098774498511163544 0.037301252154554813 -0.044205430792738018 0.00086717771542927128 0.019389784741416803 0.013042407836711192 -0.0366028708518246 0.0089341552593233467 -0.047235253053364679 0.021109930798050756 -0.020442526052250311 -0.02047361138711444 0.028924615524169996 0.019527556059135684 -0.00841273924756193 4.2021061799832141e-05 -0.0033726071013165863 0.008646662683290068 -0.017117735606316586
leaf_weight=629.086101770401 3405.2825616598129 2224.3245557844639 4304.0805187225342 1760.2993807643652 1432.9650114029646 1510.2931249588728 3162.5564745217562 3519.4513331949711 3717.964822307229 3380.749880567193 3185.0210939794779 3344.4948295354843 2503.6642905026674 381.77703833580017 2039.3237377554178 303.90014638006687 3951.5940279811621 2234.7081431895494 2255.0621777921915 1664.8415593057871 1039.1517196595669 3318.9956561774015 2154.9886825233698 3610.3109912574291 4275.8247969150543 2899.4738659113646 1990.7598670721054 325.71412152051926 2044.566419288516 1753.4520707130432
leaf_count=2898 14040 10760 20508 7210 5962 6521 12728 15414 15174 13586 12919 13562 11094 1633 8196 1285 15942 9576 9065 7548 4467 13744 8779 15466 17747 11639 7971 1307 8222 7277
internal_value=5.69534e-06 -0.0154229 0.0155478 0.00810864 -0.0298118 0.0164274 0.00032997 -0.0262803 -0.00503597 0.00965215 -0.00893004 -0.0212299 0.0419022 -0.0126429 0.0115216 0.049091 0.00666279 -0.0287158 0.000291485 -0.0380528 0.0325521 -0.0151398 -0.0240452 0.02509 0.0238296 -0.00292357 -0.00705439 0.0173452 0.00201612 -0.0231844
internal_weight=74324.7 37298.6 37026.1 28875.3 19493.2 19402.4 17805.4 17268.9 12035.1 10887.2 9472.85 12084.6 8150.8 7712.55 5770.32 4607.98 9376.91 5421.13 8317.09 5184.29 3542.82 6663.49 2536.77 8515.22 7886.14 6062.03 5175.78 3731 5425.32 3186.42
internal_count=312240 155992 156248 118894 83843 80382 72149 73083 48606 44271 38512 50121 37354 31302 23543 21793 37750 22815 33432 22962 15561 27306 10412 36111 33213 24367 20890 15347 21808 13239
is_linear=0
shrinkage=0.05


Tree=14
num_leaves=31
num_cat=2
split_feature=0 29 0 0 11 29 29 13 12 29 3 4 11 2 23 4 3 2 0 17 14 0 29 18 0 11 27 0 13 17
split_gain=6498.56 4814 1639.2 1174.24 794.045 759.029 599.952 292.909 292.688 184.358 147.992 136.261 188.91 135.759 127.537 121.26 179.352 122.254 107.132 101.882 88.5064 87.3264 84.7065 65.2042 57.9067 57.3246 56.1828 55.0484 52.9765 52.6557
threshold=1.5000000000000002 4.7500000000000009 4.5000000000000009 4.5000000000000009 5.3550000000000013 2.2500000000000004 2.7500000000000004 11.920000000000002 18.485000000000003 4.2500000000000009 1.5000000000000002 2.5000000000000004 6.2350000000000012 0 4.7638888888888902 2.5000000000000004 2.5000000000000004 1 5.5000000000000009 33.035000000000004 5.3250000000000011 5.5000000000000009 1.7500000000000002 48.490000000000002 5.5000000000000009 2.8650000000000007 1.0000000180025095e-35 3.5000000000000004 1.0000000180025095e-35 31.915000000000003
decision_type=2 2 2 2 2 2 2 2 2 2 2 2 2 1 10 2 2 1 2 2 2 2 2 2 2 2 10 2 2 2
left_child=4 2 5 8 9 15 11 -5 14 -1 19 12 24 -14 29 16 26 -18 -8 27 23 -9 -6 -10 -4 -11 -2 -7 -20 -3
right_child=1 3 6 7 22 10 18 21 20 25 -12 -13 13 -15 -16 -17 17 -19 28 -21 -22 -23 -24 -25 -26 -27 -28 -29 -30 -31
leaf_value=0.028161319284871391 0.0089166597934163521 -0.028848811251963986 0.00063527988460283227 -0.05818819202058087 0.053149523620734544 -0.0029916159603930906 -0.013530296042411722 -0.030093721757226601 -0.020383683043932593 -0.024754202567045809 0.0091527023893587297 -0.023040872989884369 -0.01095232856024605 0.015138094179622329 -0.041059915231222752 0.0014699461821761489 0.017292153164673262 0.0345368942299875 -0.066281688422848706 0.0043752846711053147 -0.002736476675741735 -0.041117396087002898 0.041472854469925137 -0.0091855510849434534 -0.012125267760927698 0.010492761087607657 0.019161336957996447 -0.015712177109393429 -0.024337476365508925 -0.015135543220226351
leaf_weight=2616.0815899819136 1884.5593213438988 1246.8255021572113 1816.8275399655104 1716.6017614006996 2480.0272974967957 2731.6701372563839 4170.6125248223543 3870.2311095446348 2241.1600520908833 122.10485768318176 5936.9145977497101 563.13223379850388 595.65885083377361 2921.623168811202 1121.6470010727644 799.14350928366184 1617.1893363296986 3234.3837017714977 76.870305448770523 3973.6103477776051 2668.9782423228025 3352.9084391593933 4155.865488961339 3095.3386761248112 1741.0199574381113 2086.903048068285 4616.806083843112 1235.0124048292637 3638.4848189353943 1596.1263957023621
leaf_count=11474 7829 5211 7302 8537 12096 10976 16949 16543 9152 489 23931 2267 2398 11862 4972 3290 6810 13813 358 15987 10764 15321 19515 12609 7038 8560 19194 4984 15359 6650
internal_value=5.57851e-06 -0.00634456 0.00350193 -0.0259122 0.0346144 0.0111712 -0.00935709 -0.0396229 -0.0156725 0.0191804 0.00318131 0.000630329 0.0025144 0.0107315 -0.0267826 0.0202954 0.0216205 0.0288955 -0.0190308 -0.00128347 -0.0101704 -0.0352108 0.0458368 -0.0138884 -0.00560905 0.00854445 0.0161917 -0.00695212 -0.0252053 -0.0211497
internal_weight=73924.3 62463.3 41553.5 20909.8 11461 26029.3 15524.2 8939.74 11970.1 4825.09 13877.2 7638.26 7075.13 3517.28 3964.6 12152.1 11352.9 4851.57 7885.97 7940.29 8005.48 7223.14 6635.89 5336.5 3557.85 2209.01 6501.37 3966.68 3715.36 2842.95
internal_count=312240 260106 170347 89759 52134 106814 63533 40401 49358 20523 55878 30867 28600 14260 16833 50936 47646 20623 32666 31947 32525 31864 31611 21761 14340 9049 27023 15960 15717 11861
cat_boundaries=0 1 2
cat_threshold=6144 7168
is_linear=0
shrinkage=0.05


Tree=15
num_leaves=31
num_cat=2
split_feature=0 29 26 29 23 29 0 29 0 0 29 13 29 0 23 0 0 11 4 11 2 13 11 4 2 3 26 14 29 29
split_gain=5947.27 2845.64 2482.08 1364.15 691.471 356.954 352.161 315.819 242.281 218.737 205.898 164.461 164.125 135.733 119.209 106.214 105.497 99.2136 97.4211 121.257 105.122 89.3255 82.1305 111.66 89.9076 81.9475 72.4689 71.738 68.5788 67.8194
threshold=3.5000000000000004 3.7500000000000004 0.40238095238095245 3.7500000000000004 4.8452380952380958 2.2500000000000004 5.5000000000000009 5.2500000000000009 1.5000000000000002 5.5000000000000009 2.7500000000000004 40.810000000000009 1.2500000000000002 5.5000000000000009 3.7321428571428577 1.5000000000000002 1.5000000000000002 2.6950000000000007 2.5000000000000004 6.2350000000000012 0 5.9850000000000003 5.9350000000000014 1.5000000000000002 1 1.5000000000000002 0.16496598639455784 5.2550000000000008 4.7500000000000009 5.2500000000000009
decision_type=2 2 10 2 10 2 2 2 2 2 2 2 2 2 10 2 2 2 2 2 1 2 2 2 1 2 8 2 2 2
left_child=2 5 3 12 6 9 11 8 -5 18 15 29 -1 -7 -10 -4 -14 -9 19 -2 -21 -6 -11 24 -24 -18 -19 -12 -8 -3
right_child=1 4 10 7 21 13 28 17 14 22 27 -13 16 -15 -16 -17 25 26 -20 20 -22 -23 23 -25 -26 -27 -28 -29 -30 -31
leaf_value=0.027721575117895143 0.0056480346167684485 -0.020933999873857412 0.048335042591153322 0.017912564749807246 -0.059031371903165854 -0.0045418822829680029 -0.026886743113094844 -0.044013583422768059 0.0035680072141070864 -0.01527041653210706 0.021809056477727989 -0.01357131738970873 0.030880337484444284 -0.020670042655660657 -0.0078805319899182408 0.017567455851436885 0.0076298023481572485 -0.017840643804997124 -0.0098781355039047579 0.005184609609436717 0.024405692144199718 -0.041245059093585015 -0.019913182563394742 -0.026383398574092734 0.0083260297442962171 0.017506688734318387 -0.0032505400750944304 0.03630321576556101 -0.039271915377454947 -0.032906722276952877
leaf_weight=3784.3535661399364 3782.2446746230125 2998.2351299673319 4129.5922959893942 1855.0920202732086 1447.1693029403687 4256.0268562585115 1740.407489746809 273.10271154344082 4750.9152080416679 1184.5452730357647 1513.7698012143373 6522.6662465184927 1000.1241991370916 1881.1330443769693 4360.8784995824099 300.94168096780777 3386.6709042042494 2465.0334661006927 557.48957453668118 1041.3500979095697 2378.7319364696741 1378.1197114884853 318.05782976746559 336.40217398107052 2016.3189564049244 5528.0006048381329 1299.8975168764591 1957.8111910074949 3123.8718746900558 1953.3981675356627
leaf_count=16541 15333 12589 20508 7783 7401 17096 7583 1188 19059 4798 6628 26863 4614 7788 17573 1285 13834 10145 2236 4239 9875 6360 1286 1363 8135 22847 5310 8933 14509 8538
internal_value=5.93417e-06 -0.0141549 0.0142867 0.0074554 -0.0275158 0.000268467 -0.0235663 -0.00295961 0.00144204 0.00542218 0.0391009 -0.0187869 0.0188631 -0.00948541 -0.00191123 0.0462452 0.015482 -0.014914 0.0102586 0.0118173 0.0186398 -0.0503556 -0.00431233 0.000547812 0.00442881 0.0137545 -0.0128032 0.0299831 -0.0348406 -0.0256572
internal_weight=73522.4 36916.2 36606.2 28704.1 19163.9 17752.3 16338.6 15004.9 10966.9 11615.1 7902.11 11474.3 13699.1 6137.16 9111.79 4430.53 9914.8 4038.03 7759.82 7202.33 3420.08 2825.29 3855.32 2670.78 2334.38 8914.67 3764.93 3471.58 4864.28 4951.63
internal_count=312240 155992 156248 118894 83843 72149 70082 61058 44415 47265 37354 47990 57836 24884 36632 21793 41295 16643 31683 29447 14114 13761 15582 10784 9421 36681 15455 15561 22092 21127
cat_boundaries=0 1 2
cat_threshold=7168 6144
is_linear=0
shrinkage=0.05


Tree=16
num_leaves=31
num_cat=4
split_feature=0 29 0 0 11 29 29 13 23 29 14 2 11 4 3 2 11 4 18 0 17 11 29 0 18 2 14 11 17 1
split_gain=5447.15 4031.08 1370.49 1033.21 720.958 628.897 490.367 277.668 258.928 157.475 131.636 117.342 111.635 109.261 165.585 112.662 98.3054 137.171 97.0006 88.6223 87.8784 84.895 81.0147 60.2156 57.2497 56.4437 53.3397 52.867 52.1647 51.8852
threshold=1.5000000000000002 4.7500000000000009 4.5000000000000009 4.5000000000000009 5.3550000000000013 2.2500000000000004 2.7500000000000004 11.920000000000002 4.2928571428571436 4.2500000000000009 5.0450000000000008 0 3.0150000000000001 1.5000000000000002 2.5000000000000004 1 6.0550000000000006 1.5000000000000002 51.065000000000005 5.5000000000000009 33.135000000000012 4.9650000000000007 1.7500000000000002 5.5000000000000009 52.955000000000005 2 4.8950000000000005 6.8050000000000006 33.545000000000009 3
decision_type=2 2 2 2 2 2 2 2 10 2 2 1 2 2 2 1 2 2 2 2 2 2 2 2 2 1 2 2 2 1
left_child=4 2 5 8 9 13 11 -5 18 -1 20 -4 -10 14 28 -16 -13 27 -3 29 -7 23 -6 -9 -12 -14 -11 -18 -2 -8
right_child=1 3 6 7 22 10 19 21 12 26 24 16 25 -15 15 -17 17 -19 -20 -21 -22 -23 -24 -25 -26 -27 -28 -29 -30 -31
leaf_value=0.02583955291166903 0.010583022687408026 -0.014347359736887604 -0.0077599699091059297 -0.055559640487188693 0.05044593257623934 -0.0078239739762375731 -0.0045364632578893047 -0.031254527829194814 -0.040801826202154924 0.0033091037637918066 0.00409790430468267 -0.004151846238362243 -0.0018229337760936302 0.0023238440414179093 0.0061418497512456338 0.030072678530743902 0.009847769587378678 -0.016683010491561959 -0.0032530387049088758 -0.02302483499142564 0.0037061530184219569 -0.024312116933631594 0.038797031409227037 -0.042342334791617919 0.013218236576329782 -0.022756635188151006 0.021676927577623843 0.024943811091450763 0.019609841978903385 -0.016396102288366556
leaf_weight=2571.5609739422798 3434.9037026762962 4112.1796720474958 2762.5322415083647 1629.8813110888004 2371.9830693304539 3342.8605212718248 1430.9142667353153 2712.676284044981 843.65530778467655 1684.3616629093885 4441.0748360902071 1796.137027323246 378.14639990031719 950.1029195189476 582.37542887032032 4082.3351852893829 1810.1347870975733 401.00376145541668 3782.4444333910942 3671.0577856302261 3268.1726710796356 2126.2295755445957 4025.7920204102993 2232.0297454893589 2808.9418149441481 2780.2806409150362 516.44181329011917 853.38065256178379 2996.8157456070185 2726.2212990671396
leaf_count=11474 14368 16844 11142 8537 12096 13472 5835 11858 3971 6899 17911 7250 1569 3929 2443 17658 7359 1618 15437 15717 13164 9477 19515 10529 11331 11537 2150 3498 12538 11114
internal_value=5.92425e-06 -0.0057884 0.00321196 -0.0238608 0.0321448 0.010241 -0.00857368 -0.0369553 -0.0142839 0.0174372 0.00297858 0.000452613 -0.0246441 0.0185973 0.0199906 0.0271626 0.00512562 0.0105799 -0.00903189 -0.0173636 -0.00212404 -0.032667 0.0431159 -0.0362595 0.00763148 -0.0203281 0.00761931 0.0146845 0.014789 -0.0123643
internal_weight=73126.6 61956.5 41359 20597.5 11170.1 25907.6 15451.4 8700.82 11896.7 4772.36 13861 7623.19 4002.08 12046.5 11096.4 4664.71 4860.66 3064.52 7894.62 7828.19 6611.03 7070.94 6397.78 4944.71 7250.02 3158.43 2200.8 2663.52 6431.72 4157.14
internal_count=312240 260106 170347 89759 52134 106814 63533 40401 49358 20523 55878 30867 17077 50936 47007 20101 19725 12475 32281 32666 26636 31864 31611 22387 29242 13106 9049 10857 26906 16949
cat_boundaries=0 1 2 3 4
cat_threshold=7682 4096 2 2294094
is_linear=0
shrinkage=0.05


Tree=17
num_leaves=31
num_cat=2
split_feature=0 29 26 29 29 13 0 0 0 29 29 26 4 3 14 0 2 17 0 11 23 2 14 4 0 14 0 13 18 13
split_gain=5011.63 2989.76 1475.21 798.874 631.542 618.94 446.157 402.471 336.384 196.093 161.289 108.148 105.202 153.339 98.9868 98.1471 97.4201 95.1109 81.6677 79.5769 73.1448 70.9859 78.1895 83.1302 57.9694 56.9001 56.5006 53.9273 51.4023 50.8935
threshold=2.5000000000000004 4.7500000000000009 0.40238095238095245 2.2500000000000004 4.2500000000000009 11.920000000000002 4.5000000000000009 4.5000000000000009 4.5000000000000009 2.7500000000000004 2.2500000000000004 0.087337909992372245 2.5000000000000004 2.5000000000000004 4.6350000000000007 1.5000000000000002 0 34.885000000000012 5.5000000000000009 4.9650000000000007 3.7321428571428577 1 5.9750000000000005 2.5000000000000004 5.5000000000000009 5.0450000000000008 5.5000000000000009 29.150000000000002 51.895000000000003 1.0000000180025095e-35
decision_type=2 2 10 2 2 2 2 2 2 2 2 8 2 2 2 2 1 2 2 2 10 1 2 2 2 2 2 2 2 2
left_child=2 3 4 8 10 -3 17 14 21 -4 -1 27 13 26 28 -12 -15 25 -8 24 -11 -2 -23 -24 -9 -5 -10 -6 -7 -20
right_child=1 5 9 6 11 7 18 19 12 20 15 -13 -14 16 -16 -17 -18 -19 29 -21 -22 22 23 -25 -26 -27 -28 -29 -30 -31
leaf_value=0.024728991156136665 0.0063702517715855458 -0.052218020223144312 0.0446665876283181 -0.0098763502931069752 -0.023297010964158218 -0.024341871296096645 -0.011739768640733929 -0.029975020106175011 0.0012712280779165336 0.033185233407705288 0.023627070969194228 0.0025146619808311022 -0.020416218478899753 -0.010358045569180754 -0.0082961927909398266 0.0087838979676457141 0.013822856907763437 0.0058601324899093489 -0.063191993423072024 -0.02327804634179368 0.017016202561351588 0.012287499094473187 0.026641098674786191 0.0003352384358742588 -0.040927406776343905 0.00046492658422206238 -0.010857747059311999 -0.006557047235822875 -0.013327004616413028 -0.021141707860641894
leaf_weight=4508.6150654703379 1824.1950649917126 2022.792995929718 4107.6507325470448 2573.4764878004789 697.83093263208866 2546.2122107595205 4155.9165425896645 2687.6926425546408 1967.1971886307001 2337.9232262670994 1458.0187688320875 3244.8642584979534 560.72572790086269 486.48087924718857 3314.7572036534548 4715.763001948595 2718.0758731365204 3753.8968903273344 73.431225210428238 2110.0681776702404 998.03603099286556 3154.9176664352417 2608.7975390851498 339.3986077606678 2194.696008220315 2753.2433603256941 1875.6368618160486 1549.0974648594856 1813.569620847702 3580.7713759988546
leaf_count=19732 7651 10724 21156 10381 2931 10710 16971 11858 7905 10876 6504 13276 2267 1961 13547 19025 11096 15127 359 9477 4420 13234 11177 1392 10529 11096 7598 6307 7577 15376
internal_value=5.77918e-06 -0.00909545 0.0189328 -0.000245213 0.0104555 -0.0262903 -0.00777181 -0.0227145 0.007938 0.0373531 0.0175396 -0.00332408 0.000427819 0.00208628 -0.0148086 0.0122893 0.0101628 -0.000235465 -0.0165341 -0.0313917 0.0283479 0.0151458 0.0177293 0.0236127 -0.0348983 -0.00453121 -0.00464877 -0.011756 -0.0197599 -0.0219867
internal_weight=72733.7 49116 23617.8 32426.2 16174.2 16689.8 16890.7 14667 15535.4 7443.61 10682.4 5491.79 7608.12 7047.39 7674.54 6173.78 3204.56 9080.62 7810.12 6992.46 3335.96 7927.31 6103.11 2948.2 4882.39 5326.72 3842.83 2246.93 4359.78 3654.2
internal_count=312240 208013 104227 133591 67775 74422 69310 63698 64281 36452 45261 22514 30827 28560 31834 25529 13057 36604 32706 31864 15296 33454 25803 12569 22387 21477 15503 9238 18287 15735
cat_boundaries=0 1 2
cat_threshold=6144 7168
is_linear=0
shrinkage=0.05


Tree=18
num_leaves=31
num_cat=3
split_feature=0 29 0 0 3 29 29 23 12 29 3 23 2 29 11 4 17 13 2 11 0 0 29 11 3 4 23 0 2 18
split_gain=4578.23 3343.89 1118.91 899.943 654.955 518.381 403.684 266.894 229.326 143.004 115.192 102.319 100.976 98.2215 85.8865 107.391 79.2979 76.1371 75.4664 74.9072 74.7842 65.7663 65.1982 61.9633 60.8677 82.5752 53.063 49.7441 49.3128 49.2102
threshold=1.5000000000000002 4.7500000000000009 4.5000000000000009 4.5000000000000009 1.5000000000000002 2.2500000000000004 2.7500000000000004 4.9500000000000011 18.485000000000003 4.2500000000000009 1.5000000000000002 4.7638888888888902 0 1.2500000000000002 5.7950000000000008 1.5000000000000002 35.595000000000006 1.0000000180025095e-35 1 5.0050000000000008 5.5000000000000009 5.5000000000000009 1.7500000000000002 6.8050000000000006 2.5000000000000004 1.5000000000000002 5.2111111111111121 3.5000000000000004 2 50.895000000000003
decision_type=2 2 2 2 2 2 2 10 2 2 2 10 1 2 2 2 2 2 1 2 2 2 2 2 2 2 10 2 1 2
left_child=4 2 5 8 9 13 12 20 11 -1 16 -3 -4 18 -14 23 27 -8 -2 -10 -5 -19 -6 -16 -20 -26 -11 -7 -12 -15
right_child=1 3 6 7 22 10 17 -9 19 26 28 -13 14 29 15 -17 -18 21 24 -21 -22 -23 -24 -25 25 -27 -28 -29 -30 -31
leaf_value=0.023823133075331251 0.0076069062901390821 -0.01795332416192778 -0.0072090311046220865 -0.02499611801030854 0.047553571519105005 -0.0017391991774287066 -0.060228888997080482 -0.051863226397638074 -0.012001506194571817 0.0078625469671897985 0.013529569817357801 -0.036126013430295499 -0.0068551961458993699 0.0086240747155545659 0.0074942061171570547 -0.015669275362925599 0.0052464937227289319 -0.010938683662208692 0.017322953019546401 -0.0020441825517600377 -0.035576040652970702 -0.020219335094583565 0.036817844878228582 0.023214064794942969 0.032245967600610471 0.0067380595296744165 -0.03616911450241974 -0.012523117153577438 0.0041878825681217566 0.017412653622369285
leaf_weight=2618.1341807991266 835.11866572499275 2798.5146680772305 2760.413907200098 3639.7112750560045 2215.4876564741135 3430.9587369859219 95.204062968492508 1731.5796420872211 4875.432280138135 2074.3860400766134 2372.1786686778069 1070.9867804199457 1198.0949789434671 3445.4648909568787 2397.5058702230453 406.07276178896427 2946.3168393522501 4119.8780712038279 1880.2576524317265 3083.2189342975616 3086.792856529355 3557.0489458590746 3910.1897292733192 848.80497178435326 2449.5776733607054 364.48755072057247 70.756862789392471 1553.6022407263517 3549.9332912564278 2962.1388437747955
leaf_count=12064 3596 11861 11142 16098 11808 13793 472 9293 20083 8551 9593 4972 4839 14398 9745 1643 11867 16835 8095 12442 15010 15359 19425 3498 10932 1527 286 6287 14338 12388
internal_value=5.63033e-06 -0.00528862 0.00289785 -0.0219039 0.0298874 0.0092637 -0.00777465 -0.0343576 -0.0129985 0.0159812 0.00268341 -0.0229831 0.000410408 0.0169002 0.00475171 0.00857214 -0.00125651 -0.0157899 0.0217825 -0.00814399 -0.0298512 -0.0152388 0.0407007 0.0116044 0.0242365 0.0289421 0.00641018 -0.00510036 0.00795973 0.0126869
internal_weight=72348.2 61459.3 41173.1 20286.2 10889 25790 15383 8458.08 11828.2 4763.28 13853 3869.5 7610.89 11937 4850.48 3652.38 7930.88 7772.13 5529.44 7958.65 6726.5 7676.93 6125.68 3246.31 4694.32 2814.07 2145.14 4984.56 5922.11 6407.6
internal_count=312240 260106 170347 89759 52134 106814 63533 40401 49358 20901 55878 16833 30867 50936 19725 14886 31947 32666 24150 32525 31108 32194 31233 13243 20554 12459 8837 20080 23931 26786
cat_boundaries=0 1 2 3
cat_threshold=7682 6144 972
is_linear=0
shrinkage=0.05


Tree=19
num_leaves=31
num_cat=1
split_feature=0 29 26 12 29 0 0 29 29 11 29 29 29 4 2 0 11 29 17 17 0 11 14 23 13 14 0 18 12 11
split_gain=4201.86 2506.11 1274.26 790.063 544.48 518.599 427.389 170.609 162.772 159.272 153.844 144.342 142.604 110.662 112.017 108.214 91.6818 73.0319 69.5775 68.2753 66.3329 64.0045 60.4102 59.4052 58.5311 57.8347 57.4607 52.0425 50.268 49.0548
threshold=2.5000000000000004 3.7500000000000004 0.44543650793650796 6.285000000000001 3.7500000000000004 4.5000000000000009 4.5000000000000009 1.2500000000000002 5.2500000000000009 5.6450000000000005 2.7500000000000004 5.2500000000000009 5.2500000000000009 1.5000000000000002 0 1.5000000000000002 6.745000000000001 1.2500000000000002 38.905000000000008 34.885000000000012 5.5000000000000009 1.6950000000000001 4.535000000000001 3.9500000000000006 32.960000000000008 4.6050000000000013 1.5000000000000002 52.735000000000007 8.3700000000000028 4.8850000000000007
decision_type=2 2 10 2 2 2 2 2 2 2 2 2 2 2 1 2 2 2 2 2 2 2 2 10 2 2 2 2 2 2
left_child=2 6 4 21 17 11 9 -8 15 25 -4 19 20 14 -11 -6 27 -1 28 29 -7 -3 -17 -12 -10 -2 -19 -16 -9 -5
right_child=1 3 10 5 8 12 7 18 24 13 23 -13 -14 -15 16 22 -18 26 -20 -21 -22 -23 -24 -25 -26 -27 -28 -29 -30 -31
leaf_value=0.028034505896493429 -0.0050739587890527172 -0.055376244796801248 0.042664272890981896 -0.014343791959919881 0.015296853674925594 -0.016714703657829177 0.0048335777034783194 -0.053168024450414124 -0.018573855921713747 0.0066959012995907678 0.030789823250470499 -0.018616146016305707 -0.033791822709417822 -0.0020230786513259704 0.012457507376605913 -0.0048188948829855248 0.034505177251530669 0.026958397434615214 0.00041168851483870916 -0.0009859542357803586 -0.0262622319094616 -0.03888065347850813 0.0067609279104191931 0.012448413316860365 -0.0027127051761848629 0.0066379413151718752 0.014427736129253977 0.024407559984122723 -0.010253965360648749 -0.0045343179622365504
leaf_weight=2022.1375719606876 1745.3646670281887 1165.492641672492 3774.3339812755585 2824.8515550345182 2059.1593434214592 4081.5090665817261 3847.9048295021057 69.061954498291016 1012.8235141932964 2247.8122782111168 2291.0410662293434 3191.741278424859 3073.9691918641329 967.4355378895998 2405.3232970535755 2071.3438405245543 924.96646696329117 1147.218659222126 1832.6820141375065 3661.2180267870426 3282.175326898694 1186.9038698673248 2468.5242313444614 546.83987860381603 1366.2608612626791 2661.3586994558573 4517.3376933038235 1466.600228458643 5726.2820180356503 2322.135262876749
leaf_count=9210 7121 6607 20331 11629 8803 17387 15679 294 4270 9365 10938 13514 14513 3959 10186 8375 4078 5555 7483 14853 15299 6186 9914 2454 5609 10910 18768 6215 23378 9357
internal_value=5.72093e-06 -0.00834851 0.0174789 -0.019486 0.0101099 -0.0165958 0.00320623 -0.00375005 0.00174739 0.00963434 0.036051 -0.00950638 -0.0247463 0.0138337 0.0160113 0.00578973 0.0203201 0.0198774 -0.00808001 -0.00620537 -0.0209703 -0.0470534 0.00147756 0.0272556 -0.00946511 0.00199923 0.0169655 0.0169839 -0.0107654 -0.00991811
internal_weight=71961.8 48684.8 23277 24790 16664.8 22437.6 23894.8 11475.9 8978.11 12418.9 6612.21 11999.9 10437.7 8012.14 7044.7 6599.03 4796.89 7686.69 7628.03 8808.2 7363.68 2352.4 4539.87 2837.88 2379.08 4406.72 5664.56 3871.92 5795.34 5146.99
internal_count=312240 208013 104227 109345 70504 96552 98668 46834 36971 51834 33723 49353 47199 33803 29844 27092 20479 33533 31155 35839 32686 12793 18289 13392 9879 18031 24323 16401 23672 20986
cat_boundaries=0 1
cat_threshold=7168
is_linear=0
shrinkage=0.05


Tree=20
num_leaves=31
num_cat=5
split_feature=0 29 0 0 11 29 29 13 23 29 11 14 2 23 4 3 2 2 13 18 13 29 1 14 4 11 17 18 18 1
split_gain=3841.68 2800.87 913.112 782.742 601.705 432.734 336.642 257.484 208.919 118.877 102.62 101.106 90.5297 97.7573 87.9989 136.839 93.497 82.6846 76.2046 73.9549 68.3806 68.1378 62.9353 61.8912 61.2476 64.6022 59.4049 56.668 54.4545 51.3406
threshold=1.5000000000000002 4.7500000000000009 4.5000000000000009 4.5000000000000009 5.4050000000000011 2.2500000000000004 2.7500000000000004 11.920000000000002 4.0500000000000007 4.2500000000000009 2.4150000000000005 4.9350000000000014 0 3.1055555555555561 1.5000000000000002 2.5000000000000004 1 2 40.080000000000005 51.065000000000005 1.0000000180025095e-35 1.7500000000000002 3 4.5650000000000004 1.0000000180025095e-35 6.8050000000000006 33.135000000000012 53.165000000000006 58.980000000000011 4
decision_type=2 2 2 2 2 2 2 2 10 2 2 2 1 8 2 2 1 1 2 2 2 2 1 2 2 2 2 2 2 1
left_child=4 2 5 8 9 14 12 -5 19 -1 -10 26 -4 24 15 -2 -17 -12 -9 -3 -8 -6 28 -19 25 -14 -7 -13 -22 -11
right_child=1 3 6 7 21 11 20 18 10 29 17 27 13 -15 -16 16 -18 23 -20 -21 22 -23 -24 -25 -26 -27 -28 -29 -30 -31
leaf_value=0.021929857345678913 0.011968422245144739 -0.011107175268601192 -0.01026712568546149 -0.051018787628826778 0.045693140528863585 -0.0071881926084514814 -0.057510582485716111 -0.033110256595098975 -0.042035521690772827 -0.0028035135252628325 0.0010967545326452139 0.0029160295460466121 0.0070552093436426697 -0.0050801470260103641 0.00079938615453570413 0.0041786863138665517 0.026046213042509009 -0.023742738912830758 -0.022494697218206666 -0.00045410100825654101 -0.011660034815910221 0.034466455546869341 -0.018075634268278178 -0.010792562530456981 -0.0058910274629844694 0.024011777534338936 0.0026206113197892091 0.011792408566592612 0.0050466873938745938 0.012622061865433657
leaf_weight=2624.7601512074471 6346.2912121266127 3347.6765097379684 1553.1020608246326 1463.3717266768217 2152.5698904395103 3124.8907614946365 90.743575602769852 3436.3131410330534 454.49022442102432 927.12399400770664 556.20740500092506 4780.5809003561735 2438.3091323524714 2231.2043612152338 944.33193384110928 576.99708361923695 3965.9597891122103 2869.855097591877 3327.7412625104189 3173.5112487673759 2944.0942942798138 3631.8424992263317 4095.7888528704643 1359.7432441562414 649.70236329734325 729.84155705571175 3050.3449968248606 2882.0737800002098 584.59118297696114 1278.8204235881567
leaf_count=12183 26906 13781 6272 8537 12025 12610 472 16430 2372 3839 2351 19312 9900 9042 3929 2443 17658 12247 15434 12983 12440 18790 17289 5624 2638 3015 12299 11657 2465 5297
internal_value=5.67068e-06 -0.00482683 0.00265646 -0.0201719 0.0277656 0.00842102 -0.00700477 -0.0320019 -0.0118966 0.0147392 -0.0193304 0.00241788 0.000462599 0.0032291 0.0154409 0.0167107 0.0233354 -0.0171742 -0.0278877 -0.0059229 -0.0143627 0.0386443 -0.0138492 -0.0195333 0.0080936 0.0109615 -0.002343 0.00625461 -0.00886713 0.00618344
internal_weight=71592.9 60977.8 40988.8 19988.9 10615.1 25671.5 15317.4 8227.43 11761.5 4830.7 5240.3 13837.9 7602.16 6049.06 11833.6 10889.2 4542.96 4785.81 6764.05 6521.19 7715.22 5784.41 7624.47 4229.6 3817.85 3168.15 6175.24 7662.65 3528.69 2205.94
internal_count=312240 260106 170347 89759 52134 106814 63533 40401 49358 21319 22594 55878 30867 24595 50936 47007 20101 20222 31864 26764 32666 30815 32194 17871 15553 12915 24909 30969 14905 9136
cat_boundaries=0 1 2 3 4 5
cat_threshold=7168 4096 2 3359070 150870
is_linear=0
shrinkage=0.05


Tree=21
num_leaves=31
num_cat=2
split_feature=0 29 26 29 13 29 0 0 0 29 29 17 0 2 14 11 4 11 18 0 11 29 11 4 3 2 0 11 26 14
split_gain=3527.78 2099.19 1097.72 542.986 525.835 459.642 292.641 292.452 229.522 145.185 139.393 94.6491 84.8459 81.9987 78.227 73.4922 83.0325 72.2841 71.0197 66.5389 66.0517 63.8834 58.4499 84.3767 56.3268 55.4399 55.1092 55.0428 52.0443 50.7641
threshold=2.5000000000000004 4.7500000000000009 0.44543650793650796 2.7500000000000004 11.920000000000002 3.7500000000000004 4.5000000000000009 4.5000000000000009 5.5000000000000009 2.7500000000000004 5.2500000000000009 37.975000000000001 1.5000000000000002 0 4.6350000000000007 5.6450000000000005 2.5000000000000004 4.9650000000000007 53.165000000000006 5.5000000000000009 6.7550000000000008 1.2500000000000002 5.9350000000000014 1.0000000180025095e-35 2.5000000000000004 1 5.5000000000000009 2.5750000000000006 0.14854215918045707 4.535000000000001
decision_type=2 2 10 2 2 2 2 2 2 2 2 2 2 1 2 2 2 2 2 2 2 2 2 2 2 1 2 2 8 2
left_child=2 3 5 8 -3 21 18 14 11 -4 12 13 -7 -2 -6 -15 20 26 -5 -8 -17 -1 -10 25 -11 -24 -9 -12 -29 -14
right_child=1 4 9 6 7 10 19 17 22 24 27 -13 29 15 -16 16 -18 -19 -20 -21 -22 -23 23 -25 -26 -27 -28 28 -30 -31
leaf_value=0.026094409185093228 -0.0046136888494762033 -0.047662789009285583 0.040346808901195463 -0.0038025161189184069 -0.016898477161725361 0.01387805660738211 -0.0093606763621217164 -0.025367511499578072 -0.013358220022936095 0.020593617190390132 -0.041631386021818366 0.01740566677657078 -0.0041719032226727451 0.00072872664694738441 -0.0066613107710827985 0.010992336582514119 -0.0081631799422982581 -0.018933174396626368 0.0053794101958607446 -0.018686103524581044 0.024792930094909797 0.015663223613946876 -0.015462499386135321 -0.017504589165867415 0.036288503756202968 0.0077572360718308371 -0.036318069900129889 -0.013799755790590632 0.0014944713575208107 0.0064484693314316461
leaf_weight=1986.9101167917252 1242.6462063789368 1825.8961962610483 3616.2973832935095 5734.347560107708 4297.7735744416714 2042.5535925626755 4118.69689668715 2589.0126864016056 1181.43487380445 1971.3289985656738 120.6144555658102 3143.5733621120453 2068.3017607629299 1856.4990126937628 3298.2009228020906 3746.9634322971106 454.33388620615005 2036.7023587226868 3328.2987240999937 3571.5759257227182 1128.0383618623018 5617.7333800345659 290.00810958445072 546.57691740989685 805.14268259704113 1823.5959191471338 2065.5522562563419 1243.9575830698013 1006.1228266656399 2467.4982129186392
leaf_count=9210 5156 10724 20331 23144 18287 8803 16949 11858 4809 9330 540 13258 8375 7672 13547 15872 1852 9477 13433 15717 4938 24323 1180 2226 4062 7385 10529 5197 4142 9914
internal_value=5.67784e-06 -0.00766575 0.0161465 -0.000286695 -0.0223965 0.00935045 -0.00651787 -0.0191675 0.00648588 0.0337444 0.00167006 0.0100013 0.00541617 0.00723974 -0.0124535 0.00928306 0.0122804 -0.0267894 -0.000430411 -0.0136917 0.0141857 0.0183886 -0.00410367 6.44949e-06 0.0251449 0.0045348 -0.030227 -0.00872488 -0.00696095 0.00160563
internal_weight=71226.2 48279.7 22946.5 32166.6 16113.1 16553.7 16752.9 14287.2 15413.7 6392.77 8949.05 11572.1 6578.35 8428.48 7595.97 7185.83 5329.34 6691.27 9062.65 7690.27 4875 7604.64 3841.62 2660.18 2776.47 2113.6 4654.56 2370.69 2250.08 4535.8
internal_count=312240 208013 104227 133591 74422 70504 69243 63698 64348 33723 36971 48748 27092 35490 31834 30334 22662 31864 36577 32666 20810 33533 15600 10791 13392 8565 22387 9879 9339 18289
cat_boundaries=0 1 2
cat_threshold=6144 6144
is_linear=0
shrinkage=0.05


Tree=22
num_leaves=31
num_cat=4
split_feature=0 29 26 29 11 0 13 11 4 2 0 28 13 11 23 3 4 2 23 0 0 29 0 17 2 17 23 17 1 18
split_gain=3233.15 1578.75 1420.56 742.51 510.815 226.807 203.166 199.062 185.503 202.344 162.194 141.316 136.389 122.994 115.582 102.123 89.3083 79.3974 76.5768 73.4984 67.4326 65.981 64.076 62.9075 62.0334 61.0294 57.9144 55.7661 54.3543 53.469
threshold=3.5000000000000004 3.7500000000000004 0.44543650793650796 3.2500000000000004 2.2250000000000005 5.5000000000000009 25.945000000000004 5.6450000000000005 1.5000000000000002 0 1.5000000000000002 1544.8032061189353 40.810000000000009 6.8150000000000004 3.7321428571428577 1.5000000000000002 2.5000000000000004 1 4.9500000000000011 5.5000000000000009 1.5000000000000002 5.2500000000000009 5.5000000000000009 32.010000000000012 2 40.920000000000009 5.0500000000000007 36.495000000000012 3 47.945000000000007
decision_type=2 2 10 2 2 2 2 2 2 1 2 2 2 2 10 2 2 1 8 2 2 2 2 2 1 2 8 2 1 2
left_child=2 7 3 15 -3 12 26 18 9 22 28 -4 23 19 -12 -1 17 -17 27 -11 -13 -7 -9 -6 -16 -14 -5 -2 -8 -26
right_child=1 4 11 6 5 21 10 8 -10 13 14 20 25 -15 24 16 -18 -19 -20 -21 -22 -23 -24 -25 29 -27 -28 -29 -30 -31
leaf_value=0.0083207762788936237 -0.0096230523575521268 -0.048144251615124825 0.022459108008696826 -0.01378822016849738 -0.026706193252683749 -0.023604734336792253 0.0019165541449257225 5.2609462442718691e-05 -0.012674712901268795 0.011744154913439366 0.0027818322851144456 0.039210839675860157 -0.012080531214725142 0.024529315879510454 0.007937256420639931 0.013814467894258362 0.0012913704648616117 0.023761891153022935 -0.032521294377866113 -8.2977577672495615e-05 0.008972423888664113 -0.036289975949330047 -0.016039248278420244 -0.01570997043912593 -0.015422715865645543 0.00057689047995940527 -0.037653390892268337 0.0009014901549320184 0.017387126276038292 -0.004824119823092549
leaf_weight=4457.1020737141371 3760.0434814095497 1580.1822440177202 2425.2581079006195 1229.577692002058 2363.9941023439169 3233.3409556150436 895.93396291136742 2088.589393183589 1478.6353664696217 3843.5037223547697 5722.8942670971155 3815.1797172427177 5346.4657943844795 1334.0062708258629 586.13682182133198 3959.6876884549856 771.88338619470596 4356.4194558113813 288.22457580268383 1995.6284610331059 193.73307380080223 1500.9426325112581 878.95641839504242 2891.4942212849855 2033.6266075968742 1158.7304299622774 320.4691906273365 1891.9697353988886 1598.3256646543741 2868.5578084141016
leaf_count=19104 15352 9675 11952 5207 10621 15520 3843 8506 6013 15932 23055 21556 22457 5654 2385 17312 3247 19400 1196 8141 855 7854 3627 12867 8323 4849 1421 7728 6890 11698
internal_value=5.34918e-06 -0.0106141 0.0107454 0.00600009 -0.0209872 -0.0183856 -0.00156471 6.35115e-05 0.00386995 0.00628236 0.000375758 0.0319861 -0.0146657 0.0108164 -0.00218982 0.0145202 0.0175606 0.0190706 -0.00738202 0.00770202 0.0377496 -0.0276264 -0.0046978 -0.0206562 -0.00737395 -0.00982594 -0.0187223 -0.00610004 0.0119075 -0.00920208
internal_weight=70869.5 35634.7 35234.8 28800.6 18075.2 16495 15255.5 17559.6 11619.3 10140.7 13705.5 6434.17 11760.7 7173.14 11211.2 13545.1 9087.99 8316.11 5940.24 5839.13 4008.91 4734.28 2967.55 5255.49 5488.32 6505.2 1550.05 5652.01 2494.26 4902.18
internal_count=312240 155992 156248 121885 83843 74168 62822 72149 47873 41860 56194 34363 50794 29727 45461 59063 39959 36712 24276 24073 22411 23374 12133 23488 22406 27306 6628 23080 10733 20021
cat_boundaries=0 1 2 3 4
cat_threshold=7168 7216 2 150806
is_linear=0
shrinkage=0.05


Tree=23
num_leaves=31
num_cat=4
split_feature=0 29 0 0 3 29 29 23 23 32 17 4 3 13 29 18 11 2 14 2 13 29 1 2 3 4 14 18 29 17
split_gain=2976.29 2139.76 697.126 640.003 519.645 333.313 246.601 239.328 174.283 103.087 85.1645 75.1631 110.461 74.5774 74.5569 73.5663 69.5158 68.5882 65.7933 62.8771 62.3694 58.9734 58.2323 52.8784 52.4715 65.3381 47.8683 47.0968 46.9861 45.5908
threshold=1.5000000000000002 4.7500000000000009 4.5000000000000009 4.5000000000000009 1.5000000000000002 2.2500000000000004 2.7500000000000004 4.9500000000000011 4.2928571428571436 0.21288725646758225 36.085000000000008 2.5000000000000004 2.5000000000000004 7.7500000000000009 1.2500000000000002 51.065000000000005 4.8650000000000011 0 5.1550000000000011 1 1.0000000180025095e-35 1.7500000000000002 2 3 2.5000000000000004 1.5000000000000002 4.6550000000000011 58.980000000000011 2.7500000000000004 32.815000000000005
decision_type=2 2 2 2 2 2 2 10 10 10 2 2 2 2 2 2 2 1 2 1 2 2 1 1 2 2 2 2 2 2
left_child=4 2 5 8 9 14 11 18 15 -1 16 12 -4 -10 19 -3 -7 -14 -5 -2 -8 -6 27 -15 -21 -26 -25 -22 -11 -24
right_child=1 3 6 7 21 10 20 -9 13 28 -12 -13 17 23 -16 -17 -18 -19 -20 24 22 -23 29 26 25 -27 -28 -29 -30 -31
leaf_value=0.0033061319632028859 -0.0017664183217680882 -0.010750111608597958 -0.0040859544750750576 -0.02783782552274813 0.042118638895257257 -0.0069509938618615656 -0.054872479579371483 -0.046576316989769266 -0.043359029656880793 0.032606474548559999 0.0073877596785979814 -0.017459934765713846 -0.014677780694976354 -0.00069352516572393312 0.0098869490028087904 -0.0010378186541329538 0.0023630934616546617 0.010789657965799219 -0.016707094246822447 0.013080960949607111 -0.0095610051108928357 0.031385980332995299 -0.021071063670866738 -0.02317314443035122 0.026450948827326154 0.00475289046848415 -0.0091869463141492202 0.0067255438828318003 0.015584920441149251 -0.010843509328020945
leaf_weight=1827.6891458332539 384.66338407993317 4057.1270465403795 3840.1901986896992 4486.9914469718933 1979.1532386392355 3041.5264601558447 85.900647535920143 1528.2230191379786 292.27588526904583 491.36909861862659 4904.4877096861601 556.90754885971546 283.47835063934326 443.74364151060581 6320.2645342051983 3753.6029365360737 5868.6313372701406 2900.1473659873009 1885.5090185105801 1972.9205653071404 2658.0683992505074 3622.7291374951601 2122.0363991558552 2278.8329352140427 2613.2077019363642 400.06390835344791 836.27456490695477 532.87563432753086 2317.9447749853134 2239.5998162925243
leaf_count=7771 1663 16844 15534 22151 11808 12295 472 9293 1663 2642 19845 2267 1146 1911 26786 15437 23738 11920 8957 8677 11335 19425 9065 10015 12122 1688 3488 2257 10488 9537
internal_value=5.55594e-06 -0.0042274 0.00230122 -0.0178185 0.0249296 0.00735448 -0.00616752 -0.028806 -0.0103747 0.0125489 0.0020963 0.000221281 0.0016232 -0.0190796 0.0135677 -0.00608267 -0.000816316 0.00850976 -0.0245444 0.0178992 -0.012508 0.0351778 -0.0120262 -0.0170856 0.019381 0.0235702 -0.0193563 -0.00681984 0.0185621 -0.0157833
internal_weight=70526.4 60287.6 40725 19562.6 10238.9 25505.8 15219.2 7900.72 11661.9 4637 13814.6 7580.72 7023.82 3851.13 11691.1 7810.73 8910.16 3183.63 6372.5 5370.86 7638.48 5601.88 7552.58 3558.85 4986.19 3013.27 3115.11 3190.94 2809.31 4361.64
internal_count=312240 260106 170347 89759 52134 106814 63533 40401 49358 20901 55878 30867 28600 17077 50936 32281 36033 13066 31108 24150 32666 31233 32194 15414 22487 13810 13503 13592 13130 18602
cat_boundaries=0 1 2 3 4
cat_threshold=4096 4096 2310494 2
is_linear=0
shrinkage=0.05


Tree=24
num_leaves=31
num_cat=2
split_feature=0 29 26 13 29 29 0 0 0 0 11 28 14 25 27 22 3 0 18 13 14 11 4 18 2 23 26 18 1 11
split_gain=2723.83 1616.06 879.554 462.027 404.961 393.186 232.296 217.022 181.232 112.524 116.619 93.7462 86.5515 86.0634 76.84 67.9086 65.319 64.5589 59.0333 58.7606 58.7516 55.5169 55.251 54.0284 51.7712 51.3927 48.6829 46.4563 44.463 42.6638
threshold=2.5000000000000004 4.7500000000000009 0.50471698113207564 11.920000000000002 2.7500000000000004 4.2500000000000009 4.5000000000000009 4.5000000000000009 5.5000000000000009 1.5000000000000002 5.705000000000001 1544.8032061189353 4.7350000000000012 0.58333333333333337 1.0000000180025095e-35 0.23611111111111113 1.5000000000000002 5.5000000000000009 48.395000000000003 1.0000000180025095e-35 5.0450000000000008 3.0150000000000001 1.5000000000000002 52.905000000000008 0 2.2678571428571432 0.28165064102564108 57.170000000000009 1 1.5450000000000002
decision_type=2 2 10 2 2 2 2 2 2 2 2 2 2 10 8 8 2 2 2 2 2 2 2 2 1 8 8 2 1 2
left_child=2 4 5 29 8 9 15 20 13 16 26 -4 21 14 -2 -5 -1 -8 -16 -9 -6 -7 24 -21 -12 -10 -11 -23 -25 -3
right_child=1 3 11 6 7 12 17 19 25 10 22 -13 -14 -15 18 -17 -18 -19 -20 23 -22 27 -24 28 -26 -27 -28 -29 -30 -31
leaf_value=0.017056973917457783 3.4270017551205845e-05 -0.053326220506585212 0.022635452755965985 -0.015110940338651485 -0.0047210480817549832 -0.025771131265562561 -0.019350351949146749 -0.053614112415410697 0.0091610107804572707 0.0077683159941047105 0.013059203637270717 0.037264308204233702 0.006390856627451454 0.018763006716705208 0.0043129615148491587 -0.0055396509344239316 0.03240515840304075 -0.029380259594165709 0.01375097048080268 -0.0147749834725159 0.0033473353639910369 -0.0073700201723982395 0.0035560906817262948 0.0027319886883330514 0.025196894940318161 -0.0064310729008856763 -0.007392711101796675 0.0070338677040013209 -0.010448395261961826 -0.037360886673250653
leaf_weight=1880.7032254934311 2903.4458551704884 765.43173564970493 1598.097742035985 4258.3940299898386 4279.5062588006258 331.1986042112112 3574.6748223602772 83.580227062106133 633.10735505819321 3644.9396192282438 1761.5029645860195 3479.7855068743229 2146.6626144647598 1794.1985943168402 2873.9897577464581 3281.1062289625406 1097.8815875053406 2910.7393079698086 3912.1153729408979 4668.0484544932842 4772.3082521110773 2635.9700163155794 633.21758134663105 961.14476045966148 1948.0899090021849 3198.0633692294359 619.48269759118557 710.72403271496296 1902.1202134639025 923.08779822289944
leaf_count=8922 12181 5038 8207 18246 17293 1459 16543 472 2578 14979 7630 20467 8882 7665 12233 13588 5911 15321 16669 19998 19284 10930 2641 4088 8695 13022 2566 2938 8108 5686
internal_value=5.40468e-06 -0.00675829 0.0143505 -0.0198886 -0.000306999 0.00901021 -0.0169138 -0.00570035 0.0055624 0.0143378 0.0114391 0.0326604 -0.00158714 0.00870403 0.00684142 -0.0109456 0.0227142 -0.0238519 0.00975387 -0.011921 -0.000467226 -0.00624362 0.0172064 -0.0114583 0.0195364 -0.00385446 0.00556591 -0.00431112 -0.00605094 -0.0445982
internal_weight=70183.3 47695.1 22488.3 15713.4 31981.6 17410.4 14024.9 16666.7 15314.9 11585.8 8607.23 5077.88 5824.56 11483.7 9689.55 7539.5 2978.58 6485.41 6786.11 7614.89 9051.81 3677.89 4342.81 7531.31 3709.59 3831.17 4264.42 3346.69 2863.26 1688.52
internal_count=312240 208013 104227 74422 133591 75553 63698 69243 64348 51344 36511 28674 24209 48748 41083 31834 14833 31864 28902 32666 36577 15327 18966 32194 16325 15600 17545 13868 12196 10724
cat_boundaries=0 1 2
cat_threshold=7202 2719822
is_linear=0
shrinkage=0.05


Tree=25
num_leaves=31
num_cat=5
split_feature=0 29 0 0 11 3 11 11 2 12 2 4 3 4 1 13 23 17 13 29 23 11 18 26 23 1 2 11 18 23
split_gain=2498.69 1778.28 578.506 551.983 465.165 285.048 230.713 203.655 154.242 153.133 145.094 128.037 130.624 118.598 84.7293 73.9957 73.8575 71.6059 70.608 63.0909 60.6258 58.9686 58.6919 50.6565 49.1248 49.0649 48.5133 41.5741 41.3434 39.1969
threshold=1.5000000000000002 4.7500000000000009 4.5000000000000009 4.5000000000000009 5.4150000000000009 1.5000000000000002 2.0250000000000004 5.6450000000000005 0 18.485000000000003 1 1.5000000000000002 2.5000000000000004 1.5000000000000002 2 37.895000000000003 5.1833333333333345 29.295000000000005 1.0000000180025095e-35 1.7500000000000002 3.9500000000000006 6.7550000000000008 53.865000000000009 0.80196078431372564 3.1180555555555558 3 4 6.705000000000001 55.795000000000009 3.7321428571428577
decision_type=2 2 2 2 2 2 2 2 1 2 1 2 2 2 1 2 10 2 2 2 8 2 2 8 10 1 1 2 2 10
left_child=4 2 5 9 14 17 -5 18 28 16 -7 12 24 21 -1 -8 26 -2 -4 -6 -16 -10 -11 -19 -12 -20 -3 -17 -9 -21
right_child=1 3 7 6 19 10 15 8 13 22 11 -13 -14 -15 20 27 -18 23 25 29 -22 -23 -24 -25 -26 -27 -28 -29 -30 -31
leaf_value=0.00046313293268299816 -0.0058797384624636757 0.0014285809388182736 -0.053676951702654366 -0.048491557526566906 0.040630032991540665 0.0041414777902377201 -0.029084972968122597 -0.011712347537079081 0.0051534250307282946 -0.0086528161098129858 0.016810048522674908 0.00075963163813097642 0.024577233745333108 -0.01313317224194397 0.021469139944065366 -0.01977919023291877 -0.037322692335271787 0.0046280179148388365 -0.016494486653841105 0.031459721777906624 0.0081973292060261212 0.019174197885903826 0.00042551125121944211 -0.0088583015181750643 0.0071924702995724999 -0.0076475223665674399 -0.017483715684314654 0.0036162469131760834 0.0003388066717799628 0.015941804141714574
leaf_weight=1233.1373435854912 3262.4455206096172 390.57722561061382 101.40085956454277 1052.6012893468142 1919.0522434860468 5113.8682549893856 3013.206697165966 2637.3670497089624 3257.4422037303448 5167.1993818879128 2629.2082135528326 1448.1546825021505 3336.2437770664692 754.81432469189167 2010.5235571116209 3423.1352363079786 429.94782826304436 6153.429629534483 2880.2634068131447 2852.7532264441252 1504.2824501395226 974.20376934111118 2716.2314894199371 785.12815688550472 2682.2354728281498 3582.3007739037275 2897.7441163808107 201.04162365198135 974.70947761833668 474.6400086581707
leaf_count=5521 13331 1706 555 7153 11999 21479 15620 10933 13378 21379 11221 5954 15233 3145 9443 16664 2323 25154 12241 16102 6524 4081 11146 3222 11220 15172 12804 964 4028 2545
internal_value=5.41429e-06 -0.00385831 0.00208392 -0.0163557 0.0231486 0.00669584 -0.026744 -0.00564515 -0.0005822 -0.00946997 0.0110328 0.0145049 0.0168235 0.00511431 0.0118095 -0.0232952 -0.0178343 0.000229483 -0.0122774 0.0334102 0.0157442 0.00838127 -0.00552488 0.00310198 0.0119533 -0.0116278 -0.0152862 -0.0184814 -0.00843702 0.0292461
internal_weight=69859.3 59864.9 40573.2 19291.7 9994.39 25410.7 7689.98 15162.5 8598.54 11601.7 15209.7 10095.8 8647.69 4986.46 4747.94 6637.38 3718.27 10201 6563.97 5246.45 3514.81 4231.65 7883.43 6938.56 5311.44 6462.56 3288.32 3624.18 3612.08 3327.39
internal_count=312240 260106 170347 89759 52134 106814 40401 63533 35565 49358 65107 43628 37674 20604 21488 33248 16833 41707 27968 30646 15967 17459 32525 28376 22441 27413 14510 17628 14961 18647
cat_boundaries=0 1 2 3 4 5
cat_threshold=7682 7168 19478 30685856 2
is_linear=0
shrinkage=0.05


Tree=26
num_leaves=31
num_cat=2
split_feature=0 29 26 29 23 0 29 29 0 29 0 0 28 11 4 2 25 18 0 29 11 17 11 32 11 1 18 11 14 16
split_gain=2291.22 1128.14 1033 550.399 429.88 196.558 170.023 145.981 112.123 112.065 110.821 98.7749 90.9985 83.5825 81.9954 73.8749 65.917 62.5235 61.3982 60.8671 59.8531 59.0363 56.4979 50.8359 49.5151 46.0062 44.5977 36.331 35.3568 35.0202
threshold=3.5000000000000004 3.7500000000000004 0.50471698113207564 3.2500000000000004 5.1339285714285721 5.5000000000000009 5.2500000000000009 1.2500000000000002 1.5000000000000002 5.2500000000000009 1.5000000000000002 5.5000000000000009 1549.7071275502055 5.7350000000000012 1.5000000000000002 0 1.0000000180025095e-35 52.57500000000001 5.5000000000000009 5.2500000000000009 2.6950000000000007 37.975000000000001 6.6850000000000014 0.53065699964196222 6.5150000000000006 1 60.685000000000009 2.4150000000000005 4.9150000000000009 57.705000000000005
decision_type=2 2 10 2 10 2 2 2 2 2 2 2 2 2 2 1 8 2 2 2 2 2 2 8 2 1 2 2 2 2
left_child=2 7 3 8 5 9 10 18 -1 17 25 21 -4 23 15 -15 -12 -3 29 -7 -8 -9 -11 -10 -17 -5 28 -13 -22 -2
right_child=1 4 12 6 -6 19 20 11 13 22 16 27 -14 14 -16 24 -18 -19 -20 -21 26 -23 -24 -25 -26 -27 -28 -29 -30 -31
leaf_value=0.024628457851049057 0.0040475572096013322 -0.012571773368992414 0.020967258570458131 0.018898504104207167 -0.044113867199154555 -0.020493778617968757 -0.03353952561452541 -0.0027261338370261085 0.0075216284183071041 -0.0210960093176326 -0.0032240581724943132 -0.052257723680145321 0.035175561262901396 0.0089612134425293959 0.00052902062205586521 0.016659286917924489 0.0058036474674426118 -0.0036731180279607209 -0.00035203936612110648 -0.032919360877052536 -0.013583905822022062 0.0067967760705410375 0.019487140624602606 -0.011653792225098056 0.028242438875144601 0.004911000476034013 0.0062598301952420422 -0.0094685556479164063 -0.0024544736580964588 0.014290693738972064
leaf_weight=1754.3956656306982 1316.6370307654142 4980.6586878150702 1727.731547832489 1164.943676456809 1443.5253881365061 3135.9423375427723 246.3502202630043 6006.681958347559 4524.207764685154 3169.2877158671618 6158.4968998283148 50.308928251266479 3240.5768355429173 2205.996258944273 918.56739397346973 2811.3163099735975 3010.4104487746954 3269.8586907982826 2021.6904735714197 1437.2901763767004 2309.1711859405041 2232.3435378372669 88.144364535808563 374.22726196050644 1373.3238570094109 1224.7368787229061 472.95449523627758 3559.0491376370192 1032.7906393408775 2278.4030556231737
leaf_count=9448 5563 21436 9131 5173 9440 15621 1191 24367 18970 14954 24964 238 19827 9593 3865 12478 12135 13936 8196 8076 9772 9065 380 1577 6476 5409 1973 14936 4266 9784
internal_value=5.0827e-06 -0.00901355 0.00913847 0.00559535 -0.0179763 -0.0156301 -0.000852754 -2.02092e-05 0.0128091 -0.0121453 0.00223942 -0.00316755 0.0302346 0.0111105 0.0144974 0.0165052 -0.000260008 -0.00904504 0.00661905 -0.0243989 -0.00965324 -0.000145925 -0.0199979 0.00605668 0.0204119 0.0118294 -0.00811077 -0.010065 -0.0101445 0.0105393
internal_weight=69540 34989.8 34550.2 29581.9 17524.7 16081.2 15619.9 17465.1 13962 11507.9 11558.6 11848.4 4968.31 12207.6 7309.2 6390.64 9168.91 8250.52 5616.73 4573.23 4061.27 8239.03 3257.43 4898.44 4184.64 2389.68 3814.92 3609.36 3341.96 3595.04
internal_count=312240 155992 156248 127290 83843 74403 64883 72149 62407 50706 47681 48606 28958 52959 32412 28547 37099 35372 23543 23697 17202 33432 15334 20547 18954 10582 16011 15174 14038 15347
cat_boundaries=0 1 2
cat_threshold=7168 30257824
is_linear=0
shrinkage=0.05


Tree=27
num_leaves=31
num_cat=4
split_feature=0 11 11 11 0 29 29 0 0 26 17 29 29 0 17 2 0 30 29 18 2 23 0 23 2 1 25 3 4 11
split_gain=2100.68 1243.44 715.982 478.292 391.106 299.423 201.561 171.561 130.565 120.659 104.411 98.7334 88.266 83.2018 75.1633 66.5027 59.4729 56.1947 55.5782 52.8721 51.4092 50.0799 47.3988 47.3901 46.2034 44.7876 44.6646 44.136 42.6649 64.2585
threshold=2.5000000000000004 4.9250000000000007 5.0050000000000008 2.4150000000000005 1.5000000000000002 2.7500000000000004 5.2500000000000009 5.5000000000000009 5.5000000000000009 0.2022727272727273 33.035000000000004 2.7500000000000004 5.2500000000000009 5.5000000000000009 37.975000000000001 0 5.5000000000000009 -0.14976923076923074 1.7500000000000002 53.255000000000003 1 5.1833333333333345 4.5000000000000009 3.2361111111111116 2 3 1.0000000180025095e-35 2.5000000000000004 1.5000000000000002 6.7150000000000007
decision_type=2 2 2 2 2 2 2 2 2 10 2 2 2 2 2 1 2 10 2 2 1 8 2 10 1 1 10 2 2 2
left_child=2 3 9 21 11 8 10 17 14 12 16 -4 20 -8 15 -3 -5 -7 -6 -19 -1 -2 26 -17 -10 -11 -12 -13 29 -26
right_child=1 5 4 6 18 7 13 -9 24 25 22 27 -14 -15 -16 23 -18 19 -20 -21 -22 -23 -24 -25 28 -27 -28 -29 -30 -31
leaf_value=0.0099470469492562736 -0.027433081064095505 -0.0049168124942157452 0.034623582051536886 -0.012476869590472223 0.020067814849464922 0.012100804654415829 -0.019038622345656078 -0.014716051798233522 -0.013906887144359351 0.001197468885306161 -0.0050731377820112398 0.017638267896545861 -0.012990967798787648 -0.03544488265120229 0.015229427409876331 0.010518711752861641 -0.025470865141071022 -0.0052664518047117713 0.0096989301835193036 0.001858529604300192 -0.0023435928099724414 -0.046639178927137398 -0.01056843251629604 0.0011536767907548769 -0.002319628708415798 0.014911440994161407 0.0079784996615318276 0.03136944924898976 -0.018965262733984134 0.015870381044732051
leaf_weight=1156.4827759563923 465.46545271575451 1219.8956681489944 3503.9793063998222 4692.1322977542877 1671.6604297459126 690.31854784488678 3595.3003078848124 3248.8150875270367 717.36408238112926 923.0095688700676 2339.727954685688 1871.6916082799435 1533.0690724998713 984.3537974357605 2893.7937988042831 4638.2234228700399 1084.0351356565952 6960.0830492824316 5695.52031673491 4159.9918468445539 3135.6605331599712 1253.2910328805447 2505.2399954944849 1905.955285936594 1992.5610506385565 1721.4407347887754 910.62085293233395 851.43282978236675 264.15162217617035 641.93457739055157
leaf_count=4833 2891 5086 22172 19869 7920 2853 16598 15279 2934 4058 9650 9632 6533 5614 12434 20035 5297 28646 23752 17085 12962 8627 11481 8086 8093 7665 3736 4700 1090 2629
internal_value=5.12619e-06 -0.0059522 0.0127393 -0.0163653 0.0198488 0.000377441 -0.0136906 -0.00454073 0.0055662 0.00132832 -0.0101663 0.0290733 -0.00269263 -0.022565 0.00835164 0.00578818 -0.0149155 -0.00174169 0.0120517 -0.00260101 0.000985734 -0.0414379 -0.00540011 0.00777931 -0.00264361 0.0101857 -0.00141658 0.0219316 0.000191168 0.00211264
internal_weight=69227.2 47163.3 22063.9 17830.2 13594.3 29333.1 16111.4 15059.2 14273.9 8469.66 11531.8 6227.1 5825.21 4579.65 10657.9 7764.07 5776.17 11810.4 7367.18 11120.1 4292.14 1718.76 5755.59 6544.18 3616.01 2644.45 3250.35 2723.12 2898.65 2634.5
internal_count=312240 208013 104227 83763 68176 124250 72245 63863 60387 36051 50033 36504 24328 22212 45641 33207 25166 48584 31672 45731 17795 11518 24867 28121 14746 11723 13386 14332 11812 10722
cat_boundaries=0 1 2 3 4
cat_threshold=6144 6 7168 20246
is_linear=0
shrinkage=0.05


Tree=28
num_leaves=31
num_cat=2
split_feature=0 11 12 0 3 0 29 27 29 29 25 15 17 4 3 2 4 11 23 1 29 17 18 0 0 18 24 18 17 23
split_gain=1917.55 1389.38 550.193 461.128 395.026 264.907 197.889 182.224 126.848 100.961 87.5447 79.1513 71.9754 68.5077 72.4659 66.4675 65.9126 102.475 63.4301 58.7433 55.0923 52.7955 48.5811 46.4316 45.9897 42.1616 41.0212 39.416 36.7059 36.2987
threshold=1.5000000000000002 4.8850000000000007 5.1800000000000006 4.5000000000000009 1.5000000000000002 4.5000000000000009 2.7500000000000004 1.0000000180025095e-35 5.2500000000000009 5.2500000000000009 0.58333333333333337 27.605000000000004 35.255000000000003 1.5000000000000002 2.5000000000000004 0 1.5000000000000002 6.2350000000000012 5.3166666666666673 1 1.7500000000000002 40.920000000000009 49.755000000000003 3.5000000000000004 5.5000000000000009 56.010000000000012 0.19316666666666674 48.745000000000012 39.685000000000009 5.1055555555555561
decision_type=2 2 2 2 2 2 2 8 2 2 8 2 2 2 2 1 2 2 8 1 2 2 2 2 2 2 8 2 2 8
left_child=4 2 18 6 11 8 13 24 12 22 16 19 26 14 27 -16 17 -9 -2 29 -6 23 -7 -8 -5 -10 -4 -3 -17 -1
right_child=1 3 5 7 20 9 21 10 25 -11 -12 -13 -14 -15 15 28 -18 -19 -20 -21 -22 -23 -24 -25 -26 -27 -28 -29 -30 -31
leaf_value=-0.0013258460441600691 -0.028938750120571212 0.0045152440345837186 -0.0046148333598126099 -0.0076409377300504502 0.037309535490427197 -0.020208334093301826 0.0033349892567586161 -0.00463954167022744 -0.018278460142581575 -0.028080613784509895 0.012254937076652274 0.018557571517192298 0.0016767496288115644 -0.0011675004624320364 0.0016635067678154401 0.017682764609228841 -0.013301136191709828 0.0087647815203094996 -0.047204669599002158 0.01107069372177266 0.02640822964487486 0.009487082809885453 -0.010127207725703519 -0.003837912450777475 -0.016885125136284294 -0.0055795480744664739 -0.013961899781128521 0.013012086507156332 0.02972921211817969 -0.038905981639973532
leaf_weight=1168.2405694723129 864.69803017377853 2486.6213704496622 4182.0835373997688 2967.9802052527666 1770.1655376106501 2264.4454187303782 6939.3689702749252 4335.3040968924761 2532.4748614579439 2078.9868912547827 1218.4500562548637 1669.6955679357052 3707.8554809689522 936.43386740982533 569.17420601844788 2968.7737210392952 1133.9226055443287 2124.5900945365429 1055.3667774349451 1623.5172159075737 3356.6783368736506 2231.6374587118626 2530.5622739493847 3343.0128726661205 2461.0857784301043 880.99967566132545 1631.8247760236263 3025.6492840200663 803.49648463726044 67.996041521430016
leaf_count=5210 5275 10756 17275 12433 11808 10525 28167 18434 11234 11151 5097 8043 15220 3928 2443 13881 5000 8851 7413 7360 19425 9059 11659 13566 11168 3854 6760 13176 3781 288
internal_value=4.96415e-06 -0.00336097 -0.0134234 0.00246259 0.0206667 -0.0109463 0.0067943 -0.00462573 -0.00673132 -0.018878 -0.000186409 0.00990745 -0.00376672 0.0117562 0.0129844 0.0178159 -0.00218266 -0.000231003 -0.0389786 0.00485699 0.0301722 0.00251592 -0.014888 0.00100293 -0.0118315 -0.0150009 -0.00723833 0.00917911 0.0201951 -0.00336562
internal_weight=68931.1 59274.8 21729.3 37545.5 9656.29 19809.2 23304.2 14241.3 12935.2 6873.99 8812.27 4529.45 9521.76 10790.1 9853.72 4341.44 7593.82 6459.89 1920.06 2859.75 5126.84 12514 4795.01 10282.4 5429.07 3413.47 5813.91 5512.27 3772.27 1236.24
internal_count=312240 260106 100366 159740 52134 87678 98757 60983 54343 33335 37382 20901 39255 47965 44037 20105 32285 27285 12688 12858 31233 50792 22184 41733 23601 15088 24035 23932 17662 5498
cat_boundaries=0 1 2
cat_threshold=4096 151326
is_linear=0
shrinkage=0.05


Tree=29
num_leaves=31
num_cat=3
split_feature=0 29 26 29 11 3 2 4 14 0 11 0 23 28 18 0 23 16 3 4 2 2 0 12 26 0 17 11 18 18
split_gain=1758.64 909.985 818.178 432.394 285.31 217.705 167.46 145.325 141.66 110.27 107.032 88.7701 86.4708 83.2606 81.7456 80.0641 76.9315 72.2362 66.1163 63.8279 65.3915 56.8578 54.1009 46.5882 45.2046 43.612 38.6621 37.7603 37.3243 37.1912
threshold=3.5000000000000004 4.7500000000000009 0.50471698113207564 3.2500000000000004 2.0250000000000004 1.5000000000000002 0 1.5000000000000002 4.535000000000001 5.5000000000000009 6.7250000000000005 1.5000000000000002 4.1055555555555561 1544.8032061189353 48.285000000000004 1.5000000000000002 4.9500000000000011 52.020000000000003 1.5000000000000002 1.5000000000000002 1 2 5.5000000000000009 5.1800000000000006 0.43804824561403516 5.5000000000000009 36.085000000000008 6.5150000000000006 46.435000000000009 50.985000000000007
decision_type=2 2 10 2 2 2 1 2 2 2 2 2 8 2 2 2 8 2 2 2 1 1 2 2 8 2 2 2 2 2
left_child=2 5 3 11 -3 16 25 10 12 17 14 -1 -5 -4 -8 -10 22 29 24 20 27 -14 26 -23 -13 -7 -2 -20 -17 -6
right_child=1 4 13 8 9 6 7 -9 15 -11 -12 18 21 -15 -16 28 -18 -19 19 -21 -22 23 -24 -25 -26 -27 -28 -29 -30 -31
leaf_value=0.02211822250872289 -0.0078742825989628739 -0.043781404846460543 0.017793651077687725 -0.00072549721912823755 -0.020421198412299845 -0.0032542108571808077 -0.0015282529583971441 -0.0094924551151741518 0.014770541448471355 -0.025338760004260455 0.019127556351197981 0.0063970399614674441 0.0045305105252580555 0.031966581285908353 0.0095129025118123565 -0.0039508450359037146 -0.028753639936347344 -0.0051210640701572297 0.016095810908677788 -9.1258156170147492e-05 0.0096989220046812038 -0.036691279470223361 -0.013978090247859934 -0.012192707657140468 -0.010439025458260164 -0.01390350526986911 0.00051777553900227526 0.028389806123312197 0.0042596343541798191 -0.012187189001950051
leaf_weight=1693.9833502024412 3936.3145114928484 1100.4541266411543 1533.9563615769148 4258.0317485332489 2952.6526252180338 3151.7606998831034 2893.6219659596682 1457.2418358623981 1415.8763942569494 2844.7530302703381 1627.3635588884354 3246.6566106975079 489.76628091931343 3193.6811237186193 3985.1410954892635 2039.6032517254353 445.47003129124641 1825.2728115022182 2409.5023558884859 918.27163676917553 4232.9907290488482 208.31756728887558 2286.34917794168 2835.2483494281769 454.51048499345779 1383.3797588050365 2107.0704261511564 843.1358018219471 4307.4809770137072 2560.7232009470463
leaf_count=9448 16205 8310 8283 17649 14004 12893 12039 6036 6457 16080 7037 13597 2066 20675 16607 8272 2077 7988 10735 3873 18760 992 10188 12030 1906 5980 8609 4088 17417 11939
internal_value=4.91986e-06 -0.00794309 0.00806407 0.004955 -0.0195956 -0.00229357 0.00146859 0.00509184 -0.000760842 -0.016982 0.00759636 0.0113979 -0.00552378 0.027368 0.00486833 0.00401952 -0.00850947 -0.0137426 0.0098977 0.01235 0.0138762 -0.0113062 -0.00742682 -0.0138241 0.00432954 -0.00648832 -0.00494833 0.0192235 0.00162124 -0.0165969
internal_weight=68638.6 34557.6 34081 29353.4 11283.9 23273.7 14498.5 9963.37 15554.3 10183.4 8506.13 13799.1 7791.36 4727.64 6878.76 7762.96 8775.2 7338.65 12105.1 8403.9 7485.63 3533.33 8329.73 3043.57 3701.17 4535.14 6043.38 3252.64 6347.08 5513.38
internal_count=312240 155992 156248 127290 58321 97671 60592 41719 64883 50011 35683 62407 32737 28958 28646 32146 37079 33931 52959 37456 33583 15088 35002 13022 15503 18873 24814 14823 25689 25943
cat_boundaries=0 1 2 3
cat_threshold=7168 462 2
is_linear=0
shrinkage=0.05


Tree=30
num_leaves=31
num_cat=5
split_feature=0 29 3 13 0 3 2 0 4 23 3 0 14 2 0 18 26 0 2 29 17 1 2 26 23 23 11 6 0 23
split_gain=1616.57 980.053 572.178 348.324 286.724 250.065 187.474 157.712 154.02 149.168 128.354 106.139 75.8723 75.696 63.8927 62.5001 59.0625 58.7245 58.4591 53.48 51.4135 50.8831 48.6025 48.2489 46.0891 44.1846 43.8347 40.8343 38.95 38.5732
threshold=2.5000000000000004 4.7500000000000009 1.5000000000000002 11.920000000000002 1.5000000000000002 1.5000000000000002 0 5.5000000000000009 1.5000000000000002 3.9500000000000006 2.5000000000000004 5.5000000000000009 5.3250000000000011 1 4.5000000000000009 46.885000000000012 0.28165064102564108 1.5000000000000002 2 1.7500000000000002 29.135000000000002 3 4 0.26138716356107666 5.5634920634920642 4.1180555555555562 1.5450000000000002 39.500000000000007 5.5000000000000009 3.6125000000000003
decision_type=2 2 2 2 2 2 1 2 2 8 2 2 2 1 2 2 8 2 1 2 2 1 1 10 8 10 2 2 2 10
left_child=2 5 9 26 19 11 14 12 10 17 15 20 18 -11 -7 29 -12 21 -5 -4 -2 -1 -6 -15 -13 27 -3 -20 -17 -8
right_child=1 3 4 7 22 6 8 -9 -10 13 16 24 -14 23 -16 28 -18 -19 25 -21 -22 -23 -24 -25 -26 -27 -28 -29 -30 -31
leaf_value=0.0021590257038159376 -0.0089196490191790125 -0.048897647995516699 0.035527982768283048 0.0011249202955179941 0.0057485276995187335 0.00081614613962798118 0.0011226078578089489 -0.024091745031300463 -0.0064679035656220732 0.0046380726132408904 0.012343366121640262 -0.013556316459906563 -0.0033860067089331505 -0.011975418509237133 -0.0093599242966084916 0.010643502926315048 0.026433079712735025 0.0043044859086188427 -0.0064241600967210981 0.024580618392476401 -0.0010773059113321827 0.018327480480870097 0.015393799045526558 0.0033711648098100192 -0.044381536099950943 -0.018987607712860285 -0.03136185395243133 -0.015999783620068986 -0.0010256546721155962 -0.014464740291079237
leaf_weight=673.30870765447617 3036.9488364756107 636.81403480470181 1695.5810290426016 678.42683382332325 2095.4441692382097 3318.8698989599943 1923.9631612598896 2697.4247105270624 1921.5037918537855 1775.1633083224297 3898.1036892980337 2321.6347956508398 2738.2547772228718 2243.2343100458384 2881.9959531128407 3191.3631236255169 919.16932654380798 3739.5784722268581 2261.8621803671122 3261.5460912138224 6701.784373998642 1878.894760325551 3649.327227294445 663.68582473695278 127.94506092369556 2999.5773613899946 809.24665707349777 2192.6071955114603 921.6137592792511 500.05909702181816
leaf_count=3229 12504 5038 11808 3070 8967 13848 8046 15321 7970 7586 17030 10425 11649 9454 12120 13367 4128 15415 10007 19425 27532 9222 16205 2916 671 13950 5686 9701 3863 2087
internal_value=4.80873e-06 -0.00523491 0.0112886 -0.0157563 0.0195148 -0.000246122 0.00326885 -0.01327 0.00661856 0.00326634 0.00883904 -0.00586296 -0.0105847 -0.0034913 -0.00390712 0.00427546 0.0150318 0.00829509 -0.0130086 0.0283252 -0.00352288 0.0141423 0.0119124 -0.00844256 -0.0151664 -0.0142773 -0.0390842 -0.0111375 0.00802874 -0.00209295
internal_weight=68354.9 46679.2 21675.8 15014.2 10701.9 31665 19476.6 13568.2 13275.8 10973.9 11354.3 12188.3 10870.7 4682.08 6200.87 6537 4817.27 6291.78 8132.47 4957.13 9738.73 2552.2 5744.77 2906.92 2449.58 7454.05 1446.06 4454.47 4112.98 2424.02
internal_count=312240 208013 104227 74422 56405 133591 82459 63698 56491 47822 48521 51132 48377 19956 25968 27363 21158 27866 36728 31233 40036 12451 25172 12370 11096 33658 10724 19708 17230 10133
cat_boundaries=0 1 2 3 4 5
cat_threshold=7168 134 2 50198 6178
is_linear=0
shrinkage=0.05


Tree=31
num_leaves=31
num_cat=3
split_feature=26 29 26 0 11 11 29 0 4 14 29 29 2 17 23 13 17 1 24 18 27 4 14 11 0 25 0 1 11 18
split_gain=1474.91 878.786 448.841 362.995 274.918 251.456 199.558 99.176 87.0668 83.9906 83.8791 82.9991 73.726 70.6028 66.8467 57.1713 53.2103 50.3786 47.506 46.961 44.203 44.0421 63.6042 42.2301 43.8254 41.8941 41.7849 48.4116 41.2284 40.6535
threshold=0.16843971631205676 5.2500000000000009 0.50471698113207564 4.5000000000000009 2.2250000000000005 5.495000000000001 3.2500000000000004 4.5000000000000009 1.5000000000000002 4.5650000000000004 2.7500000000000004 2.7500000000000004 0 39.015000000000008 1.6833333333333336 1.905 33.035000000000004 1 0.19316666666666674 49.755000000000003 1.0000000180025095e-35 1.5000000000000002 6.1750000000000007 7.0850000000000009 1.5000000000000002 1.0000000180025095e-35 1.5000000000000002 2 6.705000000000001 49.415000000000006
decision_type=10 2 10 2 2 2 2 2 2 2 2 2 1 2 10 2 2 1 8 2 10 2 2 2 2 8 2 1 2 2
left_child=1 3 8 5 -3 9 13 19 11 18 -4 12 -2 20 -7 -8 -17 -18 -1 -6 -5 22 -16 24 -14 -22 27 -13 -9 -11
right_child=2 4 10 6 7 14 15 28 -10 29 -12 26 23 -15 21 16 17 -19 -20 -21 25 -23 -24 -25 -26 -27 -28 -29 -30 -31
leaf_value=-0.0027314402993176435 0.0038911086891449524 -0.042889724828631771 0.03091147621508375 -0.010517999654690406 -0.016610859917382658 0.030510011676188966 -0.046599136661715473 -0.024099787195755722 -0.0031356460907041384 -0.0017173727007721643 0.017225003673533013 0.0023418935819180648 0.029001495528723109 0.0048817482907621878 0.0056990500551699083 -0.017526218702497702 -0.00087227456716872445 -0.013335881287409701 -0.011459303276495976 -0.0063620856071667613 -0.0069514313129641521 -0.00090645643668188231 0.015021674155994228 0.032212853965032366 0.013086149005283288 0.0020011772154138944 0.0020724154987631824 0.015735217192649024 0.018270936182954316 0.0059979082707532936
leaf_weight=5625.4628105759621 1533.6926724910736 1078.7572012171149 2754.9963013529778 2438.1797841489315 2128.7644584923983 347.40110398828983 129.13778351992369 2748.525914400816 1707.1472583860159 3171.9963933080435 1885.7004622370005 1202.3977611511946 498.57002571225166 2391.5546391159296 4440.6576508879662 3336.0937183797359 1307.3867781758308 2164.8545708581805 2156.8715351074934 2353.3731611669064 2551.3835640400648 1164.5242065340281 3111.5396133065224 403.56090161204338 3266.3911374658346 2678.729863345623 4182.9615109711885 1568.6580111533403 58.637118458747864 3697.8476283103228
leaf_count=23456 6913 8312 18864 10098 9466 1583 1020 15097 7129 13128 10351 5504 3032 9877 19098 16147 6253 10337 9083 10265 10598 4788 13830 1931 14832 11087 17265 7315 294 15287
internal_value=4.9527e-06 -0.00457423 0.0118316 -0.00154108 -0.0193316 0.00245577 -0.00711786 -0.0158452 0.00746384 -0.00159362 0.0253501 0.00889356 0.013365 -0.00261882 0.00900161 -0.0136418 -0.0130167 -0.00868394 -0.00515036 -0.0112297 -0.00495807 0.0081444 0.00954001 0.0168011 0.0151937 -0.00236613 0.005227 0.00998891 -0.0232147 0.00243555
internal_weight=68085.8 49081.7 19004.1 40713.6 8368.06 23716.3 16997.3 7289.3 14363.4 14652.2 4640.7 12656.2 5702.21 10059.8 9064.12 6937.47 6808.34 3472.24 7782.33 4482.14 7668.29 8716.72 7552.2 4168.52 3764.96 5230.11 6954.02 2771.06 2807.16 6869.84
internal_count=312240 219104 93136 175670 43434 100253 75417 35122 63921 60954 29215 56792 26708 41660 39299 33757 32737 16590 32539 19731 31783 37716 32928 19795 17864 21685 30084 12819 15391 28415
cat_boundaries=0 1 2 3
cat_threshold=7168 2163326 2248022
is_linear=0
shrinkage=0.05


Tree=32
num_leaves=31
num_cat=6
split_feature=0 29 3 13 0 3 2 0 4 23 3 0 25 2 2 11 0 18 17 1 26 17 18 2 23 32 11 0 30 1
split_gain=1366.29 822.386 492.704 315.831 252.712 211.284 164.071 148.791 134.007 128.679 117.675 92.3054 73.2287 71.1469 56.7546 59.795 54.0364 53.1535 53.0649 50.4538 48.1837 44.8245 44.7853 43.6054 42.3246 41.8313 39.341 38.1517 37.2549 36.7827
threshold=2.5000000000000004 4.7500000000000009 1.5000000000000002 7.7500000000000009 1.5000000000000002 1.5000000000000002 0 5.5000000000000009 1.0000000180025095e-35 3.9500000000000006 2.5000000000000004 5.5000000000000009 1.0000000180025095e-35 1 2 5.0050000000000008 5.5000000000000009 52.390000000000008 36.32500000000001 3 0.36474501108647456 29.135000000000002 52.815000000000005 4 5.5634920634920642 0.13099343185550086 4.4850000000000012 5.5000000000000009 0.13425780141843971 5
decision_type=2 2 2 2 2 2 1 2 2 8 2 2 8 1 1 2 2 2 2 1 8 2 2 1 8 10 2 2 8 1
left_child=2 5 9 -3 19 11 16 12 10 18 17 21 14 -11 -5 -16 -7 -8 26 -4 -17 -2 -12 29 -13 -15 -1 -10 -23 -6
right_child=1 3 4 7 23 6 8 -9 27 13 22 24 -14 25 15 20 -18 -19 -20 -21 -22 28 -24 -25 -26 -27 -28 -29 -30 -31
leaf_value=-0.0030753976178387807 -0.0082960387934378176 -0.040482614917848492 0.031780077895862992 0.0013001492098010904 0.012491536001700027 -0.0012549614461181879 0.00049835752223846184 -0.022930096471099046 -6.0387296516950041e-05 0.011356007698513105 0.011174090418578968 -0.01261362366088728 -0.0032705457425140833 -0.014343060987729465 -0.016260271732585638 -0.0091327426005408299 -0.012500706998190126 0.01013814846098219 0.013867944193052172 0.020991596107330174 0.014156472724713194 0.0001565377011531645 0.021707634242559417 0.014373327080961432 -0.042548148048943218 -0.0027643306884755376 0.0075925504977666274 -0.013265206837188181 -0.013324444853605647 -0.00081355971893303522
leaf_weight=1256.593598857522 3032.6524013727903 1087.2726399227977 2457.0013172030449 696.39889189600945 943.1442569643259 4815.6996088474989 3687.2668568342924 2731.7705552503467 2121.8032759726048 697.90617810189724 2756.3158660531044 2305.6809301674366 3026.4525676742196 1066.1024985313416 5534.2327937483788 1470.0637108981609 1372.673928886652 2335.9249454438686 2236.4086164087057 2345.4972421079874 261.61455792188644 6137.8508698344231 1591.8593920916319 3624.3706206828356 124.4572249352932 2907.1378923207521 2767.6832020282745 737.00024996697903 559.17203341424465 1146.6209101676941
leaf_count=5356 12504 8786 16026 3191 4049 19988 15445 16029 8836 2986 12163 10425 13300 4597 25755 6253 5980 9822 9953 15207 1108 25220 7076 16205 671 12373 12557 3149 2312 4918
internal_value=4.71305e-06 -0.00482053 0.0104402 -0.0145427 0.0181665 -0.000261585 0.00297483 -0.0124871 0.00611546 0.00300729 0.00876204 -0.00542996 -0.00989102 -0.00327296 -0.0124074 -0.0137042 -0.00374339 0.00423688 0.00769303 0.026621 -0.00561431 -0.00325282 0.0150304 0.0110609 -0.0141467 -0.0058564 0.00426145 -0.00346459 -0.000969065 0.00522213
internal_weight=67834.6 46386.2 21448.5 14807.8 10516.6 31578.4 19418.5 13720.5 13230.2 10931.8 10371.4 12159.8 10988.8 4671.15 7962.31 7265.91 6188.37 6023.19 6260.69 4802.5 1731.68 9729.68 4348.18 5714.14 2430.14 3973.24 4024.28 2858.8 6697.02 2089.77
internal_count=312240 208013 104227 74422 56405 133591 82459 65636 56491 47822 44506 51132 49607 19956 36307 33116 25968 25267 27866 31233 7361 40036 19239 25172 11096 16970 17913 11985 27532 8967
cat_boundaries=0 1 2 3 4 5 6
cat_threshold=7168 2 2 30385024 6178 5573560
is_linear=0
shrinkage=0.05


Tree=33
num_leaves=31
num_cat=4
split_feature=0 13 26 29 29 23 13 0 29 17 29 18 0 17 26 2 29 1 4 11 18 14 11 23 4 28 17 2 1 14
split_gain=1264.01 674.275 592.459 318.011 235.56 212.079 113.868 91.8892 76.8401 73.9442 73.5047 73.1825 66.8503 63.9 57.7179 55.6883 54.9959 52.623 50.9009 60.4707 46.5722 44.602 42.324 39.8742 39.8435 42.135 38.6873 37.6528 37.0972 35.7368
threshold=3.5000000000000004 37.895000000000003 0.50471698113207564 3.2500000000000004 2.7500000000000004 5.1833333333333345 25.945000000000004 5.5000000000000009 2.7500000000000004 38.785000000000004 5.2500000000000009 54.885000000000012 1.5000000000000002 40.920000000000009 0.21320346320346323 0 1.7500000000000002 1 1.5000000000000002 6.7250000000000005 46.885000000000012 5.0450000000000008 1.5450000000000002 5.0500000000000007 1.0000000180025095e-35 1628.5790640441394 36.495000000000012 2 3 6.495000000000001
decision_type=2 2 10 2 2 8 2 2 2 2 2 2 2 2 8 1 2 1 2 2 2 2 2 8 2 2 2 1 1 2
left_child=2 5 3 12 9 10 23 13 -4 15 26 14 -1 21 17 -3 -14 -8 19 29 -18 -6 -7 -5 25 -11 -2 -28 -9 -17
right_child=1 4 8 6 7 22 11 28 -10 24 -12 -13 16 -15 -16 18 20 -19 -20 -21 -22 -23 -24 -25 -26 -27 27 -29 -30 -31
leaf_value=0.019373274323434983 -0.015333862029453428 -0.009975614123790201 0.029389305479118 -0.0096193522470810339 -0.010320253530667789 -0.047485284193079819 0.00056205883385173608 -0.020269513634867939 0.016034268477443932 0.0091851698404759371 -0.02290348961679535 0.0062841105861099512 0.014046461292137234 0.0034932948432849936 0.0039097869283682895 -0.0015598552470937122 0.0015828455622545379 -0.0084345407334146163 -0.012245502849202394 0.012760438562721847 0.0092229809005291621 -0.0032999586910596964 -0.029842068982212921 -0.030004748841172452 -0.0024341231864597685 0.026629006708025635 0.014181944147663059 -0.0084182402081303155 -0.010082420478959651 0.0081055009431088964
leaf_weight=1628.585275426507 2348.9247339963913 1162.3614258766174 2615.9436109811068 1204.4654137045145 4058.4216692596674 629.97709386050701 3025.328187122941 1308.0864838063717 1830.8760794252157 1751.5123252421618 2400.4236355721951 4238.3164074867964 3322.6334997415543 1982.27766276896 3204.6487521827221 4110.4980884194374 3111.4130649864674 3510.1714074462652 594.39556610584259 1286.6029867529869 5557.2322596311569 5112.675333738327 738.25546450912952 299.53465364873409 549.160644069314 431.45161512494087 216.51905875653028 1000.0101156681776 3113.468825250864 1246.3295570760965
leaf_count=9448 11090 4765 18684 5244 17483 5289 12425 6523 10274 7318 13433 17601 16032 8318 13756 16964 13193 14429 2425 5611 23734 21393 4947 1428 2266 1869 977 4651 15435 5235
internal_value=5.12739e-06 -0.00678285 0.00689269 0.00429541 -0.00309524 -0.0202113 -0.000606821 -0.0070652 0.0238907 0.00245902 -0.0161395 0.000799698 0.00986804 -0.0046471 -0.00158678 0.000135028 0.0085771 -0.004282 0.00177009 0.00302674 0.00648073 -0.0064066 -0.0379656 -0.0136793 0.00960437 0.0126329 -0.0115857 -0.00434846 -0.0131648 0.000688905
internal_weight=67590.5 34041.4 33549.1 29102.3 26707.2 7334.11 15482.5 15574.9 4446.82 11132.3 5965.88 13978.5 13619.9 11153.4 9740.15 8400.19 11991.3 6535.5 7237.83 6643.43 8668.65 9171.1 1368.23 1504 2732.12 2182.96 3565.45 1216.53 4421.56 5356.83
internal_count=312240 155992 156248 127290 115605 40387 64883 69152 28958 46453 30151 58211 62407 47194 40610 35000 52959 26854 30235 27810 36927 38876 10236 6672 11453 9187 16718 5628 21958 22199
cat_boundaries=0 1 2 3 4
cat_threshold=6144 31331340 2 21375104
is_linear=0
shrinkage=0.05


Tree=34
num_leaves=31
num_cat=7
split_feature=0 11 12 0 11 29 29 2 0 25 0 1 25 23 29 17 2 1 17 4 11 18 18 18 25 2 2 25 1 18
split_gain=1158.44 854.542 390.114 286.882 278.691 174.266 135.067 121.747 98.5054 73.5591 72.5107 65.0092 64.6518 60.0845 55.6339 55.5536 46.9076 44.2818 43.6436 41.3722 72.8791 41.1596 39.0076 38.681 38.3566 41.5747 36.2994 36.2377 35.0757 32.9277
threshold=1.5000000000000002 4.8850000000000007 5.1800000000000006 4.5000000000000009 5.4150000000000009 5.2500000000000009 1.2500000000000002 0 4.5000000000000009 0.58333333333333337 5.5000000000000009 1 1.0000000180025095e-35 5.5277777777777786 1.7500000000000002 32.655000000000008 2 3 37.975000000000001 1.0000000180025095e-35 6.0550000000000006 46.885000000000012 49.755000000000003 56.125000000000007 1.0000000180025095e-35 4 5 0.58333333333333337 6 52.105000000000011
decision_type=2 2 2 2 2 2 2 1 2 8 2 1 8 8 2 2 1 1 2 2 2 2 2 2 10 1 1 10 1 2
left_child=4 2 13 6 11 8 16 -5 15 19 23 -1 29 -2 -6 26 -3 -16 -13 20 -9 -14 -10 -7 25 -17 -4 -18 -24 -8
right_child=1 3 5 7 14 10 12 9 22 -11 -12 18 21 -15 17 24 27 -19 -20 -21 -22 -23 28 -25 -26 -27 -28 -29 -30 -31
leaf_value=-0.0033402859329387442 -0.026225805263889054 -0.0043018814241458378 -0.0007758294330405031 -0.0093223732941278472 0.03294379241081264 -0.016543249380225042 -0.0018683362180644623 -0.0040428565792854938 -0.016529647726380856 0.01203513691945232 -0.02970698500159303 0.007745835710397996 0.0016599280123644755 -0.045634539090892198 0.011791786238637181 0.0098764952707773978 0.012026572744669685 0.025508456275607667 0.020237498709147171 -0.0085915174909661721 0.0076980611385854799 0.0089586199274689013 0.00066379338184581439 -0.0058630106396840749 0.0080266909918276091 -0.0042849585483957717 -0.010138625298838258 0.023565835350337155 -0.011775928888989083 0.0041727107684644046
leaf_weight=1004.8692246824503 1033.5278173536062 376.49779383838177 1622.6532661765814 5643.4480315893888 1589.718966498971 3292.7717377021909 5668.2221136838198 3513.1896825581789 2191.0084790661931 1129.9465520232916 853.62718968838453 2619.0990747511387 2901.8942955732346 649.25219824910164 919.89232821762562 617.40269574522972 3767.5352426618338 2006.3661834001541 953.89487452805042 1667.6788634508848 2118.871758505702 5777.0616104453802 885.13976636528969 1141.7141148224473 1356.5689058452845 2980.5494265854359 2898.8608646392822 830.31310166418552 1587.0170673802495 3746.6676554232836
leaf_count=4605 7280 1655 6747 24999 11999 15544 23450 15027 10525 4750 5407 12347 12085 5408 5825 2546 17900 12822 4536 7348 8859 24128 4153 5288 5570 12310 12082 3990 7506 15549
internal_value=4.4902e-06 -0.00258655 -0.0106194 0.00197907 0.0166016 -0.0086189 0.00541134 -0.00364698 -0.00572284 0.000163401 -0.0163623 0.00790797 0.0034053 -0.0337141 0.0254144 -0.00279522 0.0127082 0.021324 0.0110499 -0.00167403 0.000374265 0.00651823 -0.0116721 -0.0137935 0.000862025 -0.00183934 -0.0068027 0.0140798 -0.00736692 0.000535706
internal_weight=67345.3 58251.4 21110.1 37141.3 9093.84 19427.3 23068.2 14073.1 14139.2 8429.69 5288.11 4577.86 18093.8 1682.78 4515.98 9476.04 4974.35 2926.26 3572.99 7299.74 5632.06 8678.96 4663.17 4434.49 4954.52 3597.95 4521.51 4597.85 2472.16 9414.89
internal_count=312240 260106 100366 159740 52134 87678 98757 60983 61439 35984 26239 21488 75212 12688 30646 39255 23545 18647 16883 31234 23886 36213 22184 20832 20426 14856 18829 21890 11659 38999
cat_boundaries=0 1 2 3 4 5 6 7
cat_threshold=7680 18454 4096 10502238 2 14 2105950
is_linear=0
shrinkage=0.05


Tree=35
num_leaves=31
num_cat=7
split_feature=0 13 11 0 29 23 11 0 0 29 25 2 29 23 17 2 1 22 0 1 11 25 23 23 18 17 1 28 1 1
split_gain=1059.12 574.224 506.676 363.851 198.446 194.029 104.855 86.833 79.205 68.2231 67.5605 64.58 63.7831 56.7356 55.9845 50.2581 50.1628 47.9693 47.9397 42.4743 41.6075 40.4532 39.3207 38.0231 37.8536 35.193 34.8605 35.7588 34.1573 31.758
threshold=3.5000000000000004 37.895000000000003 5.1650000000000009 1.5000000000000002 2.7500000000000004 5.1833333333333345 3.6750000000000003 1.5000000000000002 5.5000000000000009 1.7500000000000002 0.58333333333333337 0 5.2500000000000009 3.1180555555555558 40.920000000000009 1 2 0.23611111111111113 5.5000000000000009 3 1.5450000000000002 1.0000000180025095e-35 5.0500000000000007 2.8166666666666669 45.840000000000011 36.725000000000001 4 1482.6532913750057 5 6
decision_type=2 2 2 2 2 8 2 2 2 2 8 1 2 10 2 1 1 10 2 1 2 8 8 10 2 2 1 2 1 1
left_child=2 5 6 9 10 12 22 16 14 -4 18 13 26 -5 21 -9 -8 -17 -3 -11 -7 -6 -1 -21 -13 -25 -2 -28 -10 -26
right_child=1 4 3 11 8 20 7 15 28 19 -12 24 -14 -15 -16 17 -18 -19 -20 23 -22 -23 -24 25 29 -27 27 -29 -30 -31
leaf_value=-0.0077131871562722268 -0.017945468876654214 0.0029819924908653208 0.031728903491311626 0.016766435308137487 -0.0086315558386987484 -0.046014342191574104 -0.007424601980247034 0.0082206228561723538 -0.019051908173734561 0.030148092692840169 0.010715019965527019 -0.00066326916384365877 -0.021288199146888617 0.0067022368171904614 0.0033645470043664667 -0.0062525502312683742 0.010539865454580683 0.0014136926195701749 -0.0047281099272641885 0.025200467352003788 -0.02808256846718207 -0.0018492934818215125 -0.025751460318538796 0.0078184395970311397 0.010904743685399051 0.022219485902780112 -0.0049490160757143338 -0.023563462278625116 -0.0092328161731870789 0.0031306712747486837
leaf_weight=1771.9932683706284 1120.4350607767701 6165.1819364577532 1606.7034732401371 2737.5213343650103 5469.9702852666378 591.27159228920937 444.63605797290802 1205.9910348206758 1291.2670129686594 735.62423495948315 1947.7803319394588 2410.5360585451126 2347.4480830654502 2866.8687596768141 1981.578119084239 4373.6995770782232 2871.1470141708851 3825.0402231961489 2995.7794042378664 839.89549201726913 714.29322881251574 3676.1853711158037 364.21016430854797 1314.4261775761843 2549.4922244697809 626.41400356590748 2124.9929606989026 293.65552397072315 3088.2657656520605 2755.9578266143799
leaf_count=7684 5302 25927 12329 12591 23410 5289 2004 4992 6523 4648 8212 10389 13433 12361 8318 18140 13399 15688 12314 5497 4947 15466 1726 8065 11001 3835 10096 1320 15435 11899
internal_value=4.3374e-06 -0.00622968 0.00633345 0.0118689 -0.00284236 -0.0187652 -0.000538369 0.00118299 -0.0064965 0.023193 0.00225864 0.0075136 -0.0148976 0.0115975 -0.00425474 -0.00126991 0.00814028 -0.00267268 0.000460667 0.0192928 -0.0362036 -0.00590551 -0.0107886 0.0162542 0.00452642 0.0124664 -0.0106588 -0.00717937 -0.0121925 0.0068929
internal_weight=67108.3 33808.1 33300.2 18443.4 26616 7192.1 14856.7 12720.5 15507.3 5123.06 11108.7 13320.4 5886.53 5604.39 11127.7 9404.73 3315.78 8198.74 9160.96 3516.36 1305.56 9146.16 2136.2 2780.74 7715.99 1940.84 3539.08 2418.65 4379.53 5305.45
internal_count=312240 155992 156248 92615 115605 40387 63633 54223 69152 34374 46453 58241 30151 24952 47194 38820 15403 33828 38241 22045 10236 38876 9410 17397 33289 11900 16718 11416 21958 22900
cat_boundaries=0 1 2 3 4 5 6 7
cat_threshold=462 2 16390 17572352 9999552 21375104 32779340
is_linear=0
shrinkage=0.05


Tree=36
num_leaves=31
num_cat=5
split_feature=0 29 3 13 0 14 0 0 4 2 29 3 14 25 25 2 18 1 14 17 2 28 23 13 6 4 11 1 29 11
split_gain=967.096 602.785 369.874 256.859 190.608 157.838 119.183 119.18 103.957 100.337 100.103 73.753 64.952 60.4078 57.6439 50.8434 49.5644 48.8913 46.0338 37.9862 37.6341 37.1477 35.643 35.2375 34.8576 34.4106 40.9406 33.7069 32.6011 32.4304
threshold=2.5000000000000004 4.7500000000000009 1.5000000000000002 7.7500000000000009 1.5000000000000002 5.8850000000000007 5.5000000000000009 5.5000000000000009 1.5000000000000002 0 5.2500000000000009 2.5000000000000004 4.535000000000001 1.0000000180025095e-35 1.0000000180025095e-35 1 52.57500000000001 2 4.5650000000000004 36.380000000000003 3 1508.8153893822762 4.4722222222222232 1.0000000180025095e-35 51.500000000000007 1.5000000000000002 6.4450000000000012 4 1.7500000000000002 7.0250000000000012
decision_type=2 2 2 2 2 2 2 2 2 1 2 2 2 10 8 1 2 1 2 2 1 2 8 2 2 2 2 1 2 2
left_child=2 5 10 -3 17 7 14 13 9 -7 12 16 22 24 15 -5 -11 -4 -17 -14 27 -13 -1 -9 -2 26 -22 -6 -19 -23
right_child=1 3 4 6 20 8 -8 23 -10 11 -12 21 19 -15 -16 18 -18 28 -20 -21 25 29 -24 -25 -26 -27 -28 -29 -30 -31
leaf_value=0.0027523447577865708 -0.0022880357959634808 -0.037282754194640062 0.015062182589844526 0.0023372501204008676 0.011174649203067849 -0.0028842298425855225 -0.020290671720322673 -0.04964552702724203 -0.0060582080036096358 -0.00042348408105708017 -0.0073372169723669506 0.037957752991331556 0.0058727125530259466 0.0027642612087147556 -0.0025267187849953355 -0.015332450950088944 0.010757290499175612 0.034143578505932907 -0.0072040534608633347 0.015886038564378011 0.011340679989884089 0.010320050180410198 -0.0087205692149911612 -0.010226271302148551 -0.010733230002810347 0.0021032059216061923 0.024457134586646889 -0.0015878201918365813 0.023351308381895926 0.021794237130588808
leaf_weight=3694.8206301629543 7017.988474547863 976.36435230821371 1364.4928018376231 689.70040985196829 936.47209456562996 2417.3572556227446 2622.1869300529361 57.52463860809803 2109.9495110362768 2513.8776843845844 2102.4824588894844 148.60763642191887 2789.6162990033627 6096.311009272933 3007.0223016440868 4156.2696822211146 1636.4613555669785 1047.2647273018956 2998.4417303651571 1434.001368150115 2129.7922162115574 3242.3385047316551 828.82195219397545 3920.8418723344803 1479.4215777814388 626.39614249765873 825.51827213168144 1141.6304306983948 2108.8171188235283 760.19490666687489
leaf_count=16157 29165 8786 9312 3191 4049 10176 16029 411 8792 10587 9033 628 12610 25490 13300 19930 6906 8275 13186 6509 9488 14368 3513 17465 6113 2604 4113 4918 13646 3490
internal_value=4.23935e-06 -0.00406769 0.00888206 -0.0125188 0.0157275 -0.000178674 -0.0107243 -0.00312491 0.00408655 0.0060835 0.0024589 0.00868787 0.00481349 -0.00103364 -0.00841264 -0.0106689 0.00398505 0.0233828 -0.0119093 0.00927243 0.00961313 0.0134107 0.000650277 -0.0107962 -0.00375837 0.0127128 0.0150045 0.00418941 0.0268474 0.0124993
internal_weight=66881 45850.9 21030.1 14450 10180.4 31400.9 13473.6 18572.1 12828.8 10718.8 10849.7 8301.48 8747.26 14593.7 10851.4 7844.41 4150.34 4520.57 7154.71 4223.62 5659.81 4151.14 4523.64 3978.37 8497.41 3581.71 2955.31 2078.1 3156.08 4002.53
internal_count=312240 208013 104227 74422 56405 133591 65636 78644 54947 46155 47822 35979 38789 60768 49607 36307 17493 31233 33116 19119 25172 18486 19670 17876 35278 16205 13601 8967 21921 17858
cat_boundaries=0 1 2 3 4 5
cat_threshold=6144 2 17534 6178 5573560
is_linear=0
shrinkage=0.05


Tree=37
num_leaves=31
num_cat=8
split_feature=0 29 14 29 11 0 0 14 29 13 27 0 17 4 18 25 25 17 1 2 24 1 2 1 25 11 1 18 2 1
split_gain=891.45 675.896 302.846 229.816 212.772 158.003 146.957 86.2375 78.3855 76.1753 70.2945 69.3323 62.8172 57.9494 51.4935 51.0108 45.8827 44.1236 42.7322 41.1705 41.1303 40.7631 40.5047 39.3994 37.9725 36.5728 33.0564 33.0241 30.4972 30.3596
threshold=1.5000000000000002 5.2500000000000009 5.0450000000000008 2.7500000000000004 2.2250000000000005 4.5000000000000009 4.5000000000000009 4.8850000000000007 1.7500000000000002 1.0000000180025095e-35 1.0000000180025095e-35 4.5000000000000009 33.265000000000008 1.0000000180025095e-35 51.975000000000001 1.0000000180025095e-35 1.0000000180025095e-35 41.195000000000007 0 1 0.19316666666666674 2 3 4 1.0000000180025095e-35 6.705000000000001 5 52.735000000000007 6 7
decision_type=2 2 2 2 2 2 2 2 2 2 8 2 2 2 2 8 8 2 1 1 8 1 1 1 10 2 1 2 1 1
left_child=3 2 6 21 -3 8 12 23 22 -8 -7 17 20 15 -11 -12 -10 29 -9 -18 26 -1 -4 -5 28 -13 -2 -17 -14 -6
right_child=1 4 5 7 11 10 9 18 16 14 13 25 24 -15 -16 27 19 -19 -20 -21 -22 -23 -24 -25 -26 -27 -28 -29 -30 -31
leaf_value=0.017891639635045451 0.0019290394212377654 -0.038444946132172315 -0.0046120580980950803 -0.0073549734069188501 -0.0051435060366185614 -0.0068085658393485533 -0.047858224318139152 0.021678890424449579 0.0015365525875479403 -0.013259960483741954 -0.0013001768580705739 -0.019965594749973201 0.006384838675232006 -0.0070136823848491771 -0.0046311733505340711 0.0041880823877198346 0.013918685644258364 0.0020549483365936219 0.0088105836185403928 0.0049431095223312635 -0.012007922718958685 0.030264408503236469 0.013609189167167244 0.006128152751852931 0.0070599332113949033 0.017344469900632209 -0.0061197442333111168 0.01505005716475518 -0.0032670288594174855 -0.014493382249173703
leaf_weight=1215.6600653752685 2164.0164278149605 901.91455761343241 331.89930455386639 696.32096250355244 1400.5953834652901 3949.107748568058 133.18879576027393 1334.1168932765722 7092.24805380404 4183.171173773706 2486.1025218218565 2650.9070351347327 1079.8615196794271 1541.5083541125059 2947.0779414027929 1791.950424566865 1739.0497150570154 757.92496280372143 1339.3721776902676 4917.7339749485254 1582.6146904155612 1929.2399239763618 3819.73001781106 2334.8461018055677 2310.8646978437901 67.350814893841743 3091.3926911428571 1148.1124728918076 3278.6819403022528 2449.6372307389975
leaf_count=8962 9094 8225 1459 3143 6293 17297 1116 7498 29467 19634 10704 15390 4511 6701 13630 7595 7380 3312 7280 20540 6683 14456 18486 10795 9698 341 13000 4864 13698 10988
internal_value=4.27764e-06 -0.00225776 -5.55971e-05 0.0147828 -0.0155292 0.00326175 -0.00465807 0.00880024 0.00615302 -0.0103933 -0.00147917 -0.0127081 -0.00157402 0.0015414 -0.00969351 0.0039718 0.00433488 -0.00897243 0.0153461 0.00731627 -0.00494147 0.0256348 0.0121742 0.00302676 0.00187857 -0.0190412 -0.00281348 0.00842975 -0.000868554 -0.0111432
internal_weight=66666.2 57816.6 49588.3 8849.56 8228.33 28817.4 20770.9 5704.66 17900.7 7263.44 10916.8 7326.42 13507.4 6967.67 7130.25 5426.17 13749 4608.16 2673.49 6656.78 6838.02 3144.9 4151.63 3031.17 6669.41 2718.26 5255.41 2940.06 4358.54 3850.23
internal_count=312240 260106 215557 52134 44549 124493 91064 28716 77332 34380 47161 36324 56684 29864 33264 23163 57387 20593 14778 27920 28777 23418 19945 13938 27907 15731 22094 12459 18209 17281
cat_boundaries=0 1 2 3 4 5 6 7 8
cat_threshold=21869472 452 54462 4096 18694 5404228 258 13026316
is_linear=0
shrinkage=0.05


Tree=38
num_leaves=31
num_cat=7
split_feature=0 13 11 0 23 29 25 11 0 29 27 2 0 2 23 1 0 1 2 23 29 11 1 17 1 18 23 18 18 4
split_gain=819.565 460.774 397.623 288.947 169.684 156.669 87.9913 86.2254 65.8973 61.8048 59.0592 55.2324 52.3287 52.2016 48.3725 47.0233 46.544 43.4771 43.3869 41.0852 40.889 40.17 39.3206 35.883 35.3885 34.57 34.5259 33.8228 32.4046 31.8389
threshold=3.5000000000000004 37.895000000000003 5.1650000000000009 1.5000000000000002 5.1833333333333345 3.7500000000000004 0.58333333333333337 3.6750000000000003 1.5000000000000002 1.7500000000000002 1.0000000180025095e-35 0 5.5000000000000009 1 3.3166666666666669 2 5.5000000000000009 3 4 3.8166666666666669 5.2500000000000009 1.5450000000000002 5 32.735000000000007 6 49.585000000000008 5.0500000000000007 51.565000000000005 51.255000000000003 1.5000000000000002
decision_type=2 2 2 2 8 2 8 2 2 2 10 1 2 1 10 1 2 1 1 8 2 2 1 2 1 2 8 2 2 2
left_child=2 4 7 9 13 6 10 26 17 -4 24 14 27 -2 29 -7 -17 -9 -10 -20 -15 -6 -11 -24 -3 -13 -1 -12 -19 -5
right_child=1 5 3 11 21 15 -8 8 18 22 12 25 -14 20 -16 16 -18 28 19 -21 -22 -23 23 -25 -26 -27 -28 -29 -30 -31
leaf_value=-0.0069338545100243905 -0.0049111458480847643 -0.013844929002335608 0.029315736891555828 0.016325961047710513 -0.044012218783196139 -0.0016977963273727297 0.0091107280776582256 -0.0051335943908918519 0.0077685503678752536 0.027821968827054164 0.00055864711170267674 0.00035722966024207947 -0.00410264055591228 -0.011867957729361922 0.0046919022081885718 -0.0070650436894724306 -0.016010550355980344 0.0049709136948427402 0.0010255342939964518 -0.0060671358521088353 -0.021653197528877316 -0.025762857804252082 0.008098987798988962 0.019661806576620627 -0.0033038730434663422 0.0070802416161721343 -0.023953278559607102 0.0078733016062441132 0.015994150908862702 0.0029273889416199291
leaf_weight=1763.9181247800589 1428.5169143378735 1043.6999794691801 1514.1526631340384 2870.2521598935127 540.4903576746583 2650.0579258948565 2515.6994393914938 587.85524351894855 1204.5786717236042 703.32058669626713 3627.5259530842304 3568.351588755846 3172.2598378360271 2480.9622320756316 2165.2229910045862 5326.6379150897264 2000.0995148271322 1500.3090164959431 4275.3478973507881 3908.1890313625336 1873.9898449257016 682.06916781514883 1252.810532733798 1444.7138891518116 3353.4468505382538 4119.5971896201372 358.55776001513004 2800.4193543791771 1199.8999149054289 524.39137002825737
leaf_count=7684 7205 4331 12329 13447 5289 12314 10610 2651 4992 4648 15162 15426 13304 11942 9308 23232 10979 7066 17545 16283 11004 4947 8050 9347 13912 17863 1726 11761 5686 2197
internal_value=4.70856e-06 -0.00550334 0.00560206 0.0105591 -0.0169064 -0.00248746 0.000501389 -0.00048185 0.00107987 0.0209129 -0.00104594 0.0067178 0.0011521 -0.0133288 0.0105126 -0.00743444 -0.00949409 0.00717144 -0.00105362 -0.00235881 -0.0160418 -0.0338309 0.0171717 0.0142389 -0.00584488 0.00395462 -0.00980901 0.00374537 0.00983293 0.0142562
internal_weight=66457.3 33495.9 32961.5 18162.8 7006.03 26489.8 16513.1 14798.7 12676.2 4915 13997.4 13247.8 9600.21 5783.47 5559.87 9976.8 7326.74 3288.06 9388.12 8183.54 4354.95 1222.56 3400.85 2697.52 4397.15 7687.95 2122.48 6427.95 2700.21 3394.64
internal_count=312240 155992 156248 92615 40387 115605 69080 63633 54223 34374 58470 58241 40227 30151 24952 46525 34211 15403 38820 33828 22946 10236 22045 17397 18243 33289 9410 26923 12752 15644
cat_boundaries=0 1 2 3 4 5 6 7
cat_threshold=462 6 81982 16406 2 17572352 29921280
is_linear=0
shrinkage=0.05


Tree=39
num_leaves=31
num_cat=6
split_feature=29 0 0 0 11 29 3 14 11 4 2 26 17 1 2 13 1 11 29 24 17 23 26 17 17 2 11 2 14 28
split_gain=752.359 604.984 291.78 181.979 139.769 103.198 98.7096 80.9058 73.3537 64.0862 69.5213 63.7819 61.492 49.7407 48.2572 45.545 43.6382 43.2674 39.3782 38.4301 37.758 37.7445 37.4859 37.1765 35.4344 34.8996 32.5099 32.1189 31.6645 30.6808
threshold=4.7500000000000009 1.5000000000000002 4.5000000000000009 4.5000000000000009 1.8550000000000002 1.2500000000000002 2.5000000000000004 4.5650000000000004 5.7750000000000012 1.0000000180025095e-35 0 0.10582306830907055 36.085000000000008 1 2 37.155000000000008 3 6.8250000000000011 2.7500000000000004 0.21050000000000005 40.920000000000009 4.6458333333333348 0.30860805860805868 32.010000000000012 39.795000000000009 4 6.705000000000001 5 4.535000000000001 1616.3986688162624
decision_type=2 2 2 2 2 2 2 2 2 2 1 10 2 1 1 2 1 2 2 10 2 10 8 2 2 1 2 1 2 2
left_child=1 6 7 5 -4 24 13 11 16 10 -10 14 19 -1 -2 -6 -5 -12 -15 27 22 -16 -9 -18 25 -3 -17 -7 -29 -27
right_child=2 3 4 8 15 12 -8 20 9 -11 17 -13 -14 18 21 26 23 -19 -20 -21 -22 -23 -24 -25 -26 29 -28 28 -30 -31
leaf_value=-0.00058358155459493205 0.003528135565755465 -0.0085050627705864513 -0.039286431623165863 -0.0018981634805700883 -0.019331713437046046 -0.0021093142046898191 0.027189761702683203 -0.0038322153103058977 -0.007261777142959446 -0.0079696991635607728 0.0032973864792216791 -0.00027605450862198657 0.0060535306397033438 0.02253172716486105 -0.0094718611760960872 -0.011707782368799302 -0.015160246396100719 0.0155308276917605 0.01181721170052194 -0.010309929224025401 0.0088889951984837019 -0.020009935137915325 0.0062471650510907599 -0.0057808118443208288 0.018397471180876857 0.0059409169201977818 0.0095313781602273506 -0.0015904194539309931 0.005514934986800701 0.015408734171514588
leaf_weight=540.32135029882193 568.79818784445524 287.88353504240513 616.58192158490419 2789.5372353196144 2565.7566956430674 5041.2514144182205 2005.7619215473533 3793.6246317923069 1333.1007828712463 1815.5331784784794 3709.9143957942724 2281.5366579145193 6980.5526921898127 1368.6353240832686 3664.1934332475066 3251.9169816672802 1914.0086131095886 897.66099704802036 2296.3101676702499 811.03063967823982 1089.411898240447 1106.2441356554627 1218.8036742061377 2357.9923298880458 1064.1947928667068 2310.371695458889 190.73691935837269 2364.028374388814 4656.4702231734991 1358.9898669421673
leaf_count=3145 2613 1263 6357 12178 15699 20896 15505 15862 5644 7684 15384 9768 29184 9953 16147 17381 8491 3856 12341 3341 4639 5880 5639 10296 5168 11043 964 9716 19527 6676
internal_value=4.55326e-06 0.00355203 -0.00799844 0.0012814 -0.0166156 0.00389439 0.0180628 -0.00383823 -0.00310506 0.000251655 0.00276419 -0.00727359 0.00227473 0.0137096 -0.0102637 -0.0142892 -0.00679199 0.00566844 0.0157754 0.000225591 0.000452299 -0.0118907 -0.00138135 -0.00995982 0.010298 0.00811992 -0.010531 0.000933999 0.00311789 0.00942175
internal_weight=66251.2 45903.5 20347.6 39692.5 6624.99 24874.8 6211.03 13722.6 14817.7 7756.21 5940.68 7620.77 19853.3 4205.27 5339.24 6008.41 7061.54 4607.58 3664.95 12872.8 6101.84 4770.44 5012.43 4272 5021.44 3957.25 3442.65 12061.8 7020.5 3669.36
internal_count=312240 211291 100949 170347 40401 106814 40944 60548 63533 32568 24884 34408 82664 25439 24640 34044 30965 19240 22294 53480 26140 22027 21501 18787 24150 18982 18345 50139 29243 17719
cat_boundaries=0 1 2 3 4 5 6
cat_threshold=6144 16390 2 2310478 4096 7216
is_linear=0
shrinkage=0.05


Tree=40
num_leaves=31
num_cat=6
split_feature=0 29 3 11 23 0 4 2 0 23 32 2 0 17 25 1 23 25 11 11 17 29 4 2 11 0 1 14 1 27
split_gain=688.653 446.865 277.406 199.331 156.847 138.163 106.695 123.292 96.2588 80.348 76.2602 67.9497 59.6949 56.1356 46.6425 45.5472 40.036 39.6427 39.3736 38.8943 35.2082 34.5114 33.7456 35.8616 34.5286 32.2321 31.5307 31.3859 31.1458 30.7172
threshold=2.5000000000000004 5.2500000000000009 1.5000000000000002 5.6450000000000005 5.3166666666666673 1.5000000000000002 1.5000000000000002 0 5.5000000000000009 3.7071428571428577 0.54241285577230591 1 5.5000000000000009 31.685000000000006 0.58333333333333337 2 4.5277777777777786 1.0000000180025095e-35 6.6750000000000007 7.4150000000000009 42.605000000000011 1.7500000000000002 1.5000000000000002 3 6.4450000000000012 4.5000000000000009 4 6.785000000000001 5 1.0000000180025095e-35
decision_type=2 2 2 2 10 2 2 1 2 8 8 1 2 2 10 1 8 10 2 2 2 2 2 1 2 2 1 2 1 8
left_child=2 3 9 8 12 15 7 19 13 -1 14 -11 18 29 20 -4 -10 -15 -3 25 27 -17 23 26 -25 -5 -7 -9 -13 -2
right_child=1 4 5 6 -6 22 -8 10 16 11 -12 28 -14 17 -16 21 -18 -19 -20 -21 -22 -23 -24 24 -26 -27 -28 -29 -30 -31
leaf_value=0.0067938229810351001 -0.010899997999724626 -0.01113587625744613 0.010365632970646155 0.001019990948091768 -0.038924450567703758 0.013439275445150015 -0.0061312264668825318 0.00093091927418925571 -0.0098846330067640376 0.0040505955794622028 0.017433878515319686 -0.012338191886241582 -0.022588146294318909 -0.0029461547644462705 0.015022686613757811 0.030530382960660636 -0.025064180907343983 0.0038650565194298069 0.016197369649985763 0.025021758656380202 0.013302522849222646 0.019674608419972667 -0.00018695254065365151 0.0098874297303821884 0.021314908547590324 -0.0067459144016772448 -0.0025223360124062995 0.009926180236082445 -0.0024462110547184847 -0.0040110719667062894
leaf_weight=4850.0786028206348 2535.9912573769689 4510.5557232499123 951.0976599380374 2892.3325939774513 645.08242419362068 471.35592921078205 3070.0967569351196 5004.0249280333519 3482.6098048612475 2655.6301721781492 1599.4590722471476 1397.4414163529873 1265.1577650308609 6201.5083031058311 1111.7327213138342 1088.8366156369448 496.28461441397667 3258.8553167805076 135.71812574565411 130.85535787045956 891.05425794422626 2234.6906548365951 939.21114048361778 2429.6540413796902 908.08426637947559 2483.2643817663193 862.3383876234293 1202.8108991384506 1870.2371085882187 4470.9296089708805
leaf_count=22174 10945 22429 6765 12159 6248 2028 13026 21487 17248 11525 7221 6032 8764 26544 4881 9323 3185 13644 574 561 3885 15145 3915 10904 4619 10758 3706 5337 8091 19117
internal_value=4.25819e-06 -0.00344021 0.00757197 -0.00140163 -0.015514 0.0136206 0.00237609 0.00408144 -0.00479864 0.00202195 0.00743826 -0.00188532 -0.0129593 -0.00311226 0.0054999 0.0203928 -0.011778 -0.000599865 -0.0103375 -0.00190838 0.00400836 0.0231614 0.00846105 0.0101998 0.0129576 -0.00256748 0.00317687 0.00267409 -0.00670131 -0.00650436
internal_weight=66047 45388.3 20658.7 38831.8 6556.51 9885.27 18385.6 15315.5 20446.2 10773.4 9809.08 5923.31 5911.43 16467.3 8209.62 4274.62 3978.89 9460.36 4646.27 5506.45 7097.89 3323.53 5610.64 4671.43 3337.74 5375.6 1333.69 6206.84 3267.68 7006.92
internal_count=312240 208013 104227 169998 38015 56405 79315 66289 90683 47822 42811 25648 31767 70250 35590 31233 20433 40188 23003 23478 30709 24468 25172 21257 15523 22917 5734 26824 14123 30062
cat_boundaries=0 1 2 3 4 5 6
cat_threshold=7168 646 16508 6144 5571480 2198470
is_linear=0
shrinkage=0.05


Tree=41
num_leaves=31
num_cat=8
split_feature=29 0 0 11 0 14 7 0 4 3 14 18 2 1 29 17 1 2 17 1 18 29 6 1 24 23 27 26 1 1
split_gain=633.768 414.23 338.177 165.976 119.447 102.695 83.9608 79.6564 68.2068 92.7832 61.9636 61.6632 58.1734 53.6675 49.9842 47.464 47.0681 43.1168 39.6193 37.9623 36.8773 34.2609 33.5133 31.8969 30.9466 30.7127 30.2182 30.1254 28.5872 26.95
threshold=3.2500000000000004 1.5000000000000002 4.5000000000000009 1.8550000000000002 5.5000000000000009 4.535000000000001 53.350000000000001 1.5000000000000002 2.5000000000000004 2.5000000000000004 4.8950000000000005 52.905000000000008 0 1 5.2500000000000009 34.155000000000008 2 3 39.015000000000008 4 52.035000000000004 2.2500000000000004 50.500000000000007 5 0.16816666666666671 5.2928571428571436 1.0000000180025095e-35 0.057417582417582429 6 7
decision_type=2 2 2 2 2 2 2 2 2 2 2 2 1 1 2 2 1 1 2 1 2 2 2 1 8 10 8 10 1 1
left_child=1 13 5 -4 6 11 8 17 9 15 20 14 -11 -1 -2 24 -12 -7 -6 -19 -5 -15 23 -9 -3 -16 -8 -13 -22 -26
right_child=2 4 3 10 18 7 26 22 -10 12 16 27 -14 21 25 -17 -18 19 -20 -21 28 -23 -24 -25 29 -27 -28 -29 -30 -31
leaf_value=0.010750270972294662 -0.0050431165839581382 0.003931031508528398 -0.037448873742105079 -0.017753194445517411 -0.0063968499107954508 0.022847364106876388 -0.0075452183867397637 0.0055819439198350751 -0.0047523813108259734 0.00019376067608194633 -9.031455250735267e-05 -0.0043504214009160358 0.013890215824011185 0.026538992985108298 -0.012615933548093709 0.0075549983023467694 -0.011037798346482221 0.016843341532820549 0.0035618649658217165 0.00035601664383457817 -0.016043003297217407 0.01526871305598774 -0.0059456788032120102 -0.0011875214900547767 0.0023390006173293256 -0.035660360147259727 0.0010053091388967283 0.0042561034461843375 -0.0046660790092510696 -0.0078999601193606005
leaf_weight=1439.6420792043209 4638.8201243281364 3868.6052858531475 627.63093604147434 3242.2428842410445 4163.9309297353029 532.04543462395668 1535.2762905210257 2788.9065266400576 1445.3094825446606 932.43016448616982 1788.9631356224418 2086.9476886615157 4868.1415032595396 2039.8797666728497 1960.520060941577 5122.9403443485498 2182.0870916545391 536.24630230665207 1313.8318612426519 979.99842174351215 959.73298065364361 1007.3158255070448 1983.1899065077305 4595.7734561860561 1198.2182596921921 156.09782990813255 3160.2270301580429 1982.743024289608 1349.1270465329289 1371.5598216801882
leaf_count=10178 19848 16370 6749 18147 17693 2946 6507 11439 5999 3931 8905 9368 22916 16347 9184 21803 10911 2770 5531 4839 5296 6161 8195 18871 5013 1074 13643 8483 7379 5744
internal_value=4.19661e-06 0.00482958 -0.00498152 -0.0125443 0.00264082 -0.00153026 0.00419052 0.00177817 0.00568376 0.00655252 -0.0109028 -0.00501932 0.0117128 0.0189668 -0.00794832 0.00396349 -0.00613397 0.0107101 -0.00400827 0.0062592 -0.0143142 0.0227387 -0.000174802 0.00137499 0.00110577 -0.0143154 -0.00179043 -0.000157344 -0.00948486 -0.00314745
internal_weight=65858.4 33467.3 32391.1 10149.8 28980.5 22241.3 23502.7 11416.2 18807.2 17361.9 9522.15 10825.1 5800.57 4486.84 6755.44 11561.3 3971.05 2048.29 5477.76 1516.24 5551.1 3047.2 9367.87 7384.68 6438.38 2116.62 4695.5 4069.69 2308.86 2569.78
internal_count=312240 157836 154404 57387 125150 97017 101926 49060 81776 75777 50638 47957 26847 32686 30106 48930 19816 10555 23224 7609 30822 22508 38505 30310 27127 10258 20150 17851 12675 10757
cat_boundaries=0 1 2 3 4 5 6 7 8
cat_threshold=4096 20670 10699326 6658 17642144 4674608 26154624 6060418
is_linear=0
shrinkage=0.05


Tree=42
num_leaves=31
num_cat=10
split_feature=0 13 23 0 11 25 11 2 2 14 29 27 4 14 14 2 28 16 1 12 2 17 1 1 1 0 17 1 1 6
split_gain=590.355 340.954 295.05 235.537 144.926 116.531 74.7402 69.277 61.0797 53.5588 53.317 50.6601 49.7348 61.9665 49.1363 45.6775 43.5426 41.4105 41.2833 40.5738 40.0821 38.0307 36.7775 35.2968 34.47 33.4974 32.6769 32.5402 32.3954 32.0711
threshold=3.5000000000000004 37.895000000000003 3.7321428571428577 1.5000000000000002 1.6950000000000001 1.0000000180025095e-35 5.4150000000000009 0 1 6.2250000000000005 5.2500000000000009 1.0000000180025095e-35 1.0000000180025095e-35 5.9050000000000011 4.7950000000000008 2 1482.6532913750057 35.310000000000009 3 4.1150000000000011 4 31.915000000000003 5 6 7 5.5000000000000009 34.955000000000005 8 9 19.500000000000004
decision_type=2 2 10 2 2 8 2 1 1 2 2 10 2 2 2 1 2 2 1 2 1 2 1 1 1 2 2 1 1 2
left_child=2 4 3 6 17 11 24 23 -4 15 16 26 13 -9 19 22 18 -2 -6 -10 -11 28 -5 -7 -1 -12 -3 -8 -15 -20
right_child=1 5 8 9 10 7 27 12 14 20 25 -13 -14 21 -16 -17 -18 -19 29 -21 -22 -23 -24 -25 -26 -27 -28 -29 -30 -31
leaf_value=-0.00082956863141771622 -0.039071855076585081 -0.012818662675870576 0.0066658878995758467 0.005679660989120267 -0.014603092463339183 -0.0094206962575365347 0.026629563448509492 0.001668616298953754 -0.032280740426229526 0.015667014319620049 -0.014231735383380635 -0.0030825240423688577 -0.0038948629236347839 0.01384017651374498 0.0012144836942204803 0.0056430467196130329 -0.022130022950921813 0.052013088542860957 0.044635506540725511 -0.0056167385889782078 0.0060961597514503155 0.016218592580419671 -0.0043428573175605242 -0.00029779539810741179 0.013539449118518929 -0.026970654215868684 -0.0044034916330029459 0.016571021455680478 -0.0022375633585439369 -0.0031329229981291369
leaf_weight=598.30503186583519 630.51382153481245 2925.0746914148331 1761.3459823131561 1361.4686754494905 1004.9680233001709 1709.6498986333609 1664.0571285560727 3953.1172870695591 146.35977103561163 1694.3617788553238 1760.1904579177499 8465.8219009339809 1656.4526919573545 541.2517437338829 3495.2903642877936 6919.3035936057568 503.64849835634232 12.730311147868631 35.732846654951572 5660.4641210064292 3200.7795536667109 1668.1593650579453 2743.7797372788191 2778.6009389162064 1408.1496079862118 730.08601593971252 1904.827968865633 1908.1279131174088 725.05250978469849 2109.3734122589231
leaf_count=2977 6757 13228 7757 5748 4965 7544 13077 17022 767 7978 10223 37251 7129 2333 15801 29860 2319 74 206 24551 14277 7234 11593 12220 7364 5535 8519 14498 3125 10308
internal_value=4.3019e-06 -0.00469637 0.00478487 0.00819921 -0.0146887 -0.0021204 0.0170402 0.00123952 -0.00184982 0.00510112 -0.0123246 -0.00541374 0.00387939 0.00575472 -0.0034657 0.00316862 -0.00847929 -0.0372692 -0.00629675 -0.0062888 0.00945339 0.0112593 -0.00101325 -0.00378608 0.00931809 -0.0179665 -0.00949987 0.0213776 0.00472611 -0.00232636
internal_weight=65677 33115.3 32561.8 21498.3 6787.24 26328 5578.64 13032.3 11063.5 15919.7 6144 13295.7 8544.03 6887.58 9302.11 11024.6 3653.72 643.244 3150.07 5806.82 4895.14 2934.46 4105.25 4488.25 2006.45 2490.28 4829.9 3572.19 1266.3 2145.11
internal_count=312240 155992 156248 107372 40387 115605 37916 56607 48876 69456 33556 58998 36843 29714 41119 47201 17798 6831 15479 25318 22255 12692 17341 19764 10341 15758 21747 27575 5458 10514
cat_boundaries=0 1 2 3 4 5 6 7 8 9 10
cat_threshold=7168 4098 7184 9999552 468 30672968 22813952 1098774 23044736 2198956
is_linear=0
shrinkage=0.05


Tree=43
num_leaves=31
num_cat=9
split_feature=3 0 12 0 4 2 11 29 18 18 2 23 0 32 1 1 1 17 11 23 6 14 1 3 3 1 28 1 0 2
split_gain=540.738 352.071 309.339 227.637 117.021 147.978 84.7571 82.2014 74.2993 66.1569 59.0634 59.0097 56.8364 54.1458 44.9196 43.701 42.2491 37.6715 36.3501 36.2876 33.1438 33.0388 32.0951 30.3491 29.6055 29.4318 27.9143 28.8725 26.5019 25.9371
threshold=1.5000000000000002 1.5000000000000002 5.1800000000000006 3.5000000000000004 1.5000000000000002 0 6.745000000000001 5.2500000000000009 56.725000000000001 52.735000000000007 1 5.5277777777777786 4.5000000000000009 0.20049019607843141 2 3 4 40.675000000000004 7.4750000000000005 2.8166666666666669 45.500000000000007 5.9750000000000005 5 2.5000000000000004 2.5000000000000004 6 1528.3856570047044 7 5.5000000000000009 8
decision_type=2 2 2 2 2 1 2 2 2 2 1 8 2 10 1 1 1 2 2 10 2 2 1 2 2 1 2 1 2 1
left_child=2 16 11 8 5 12 9 15 10 19 -4 -1 23 29 -15 -5 -2 -6 25 -7 28 -11 -10 -3 -18 -14 -8 -28 -17 -12
right_child=1 4 3 7 17 6 26 -9 22 21 13 -13 18 14 -16 20 24 -19 -20 -21 -22 -23 -24 -25 -26 -27 27 -29 -30 -31
leaf_value=-0.019366629436171012 0.023446637793174865 -0.0015440472986702597 0.0076428017817435911 -0.0020321549479163608 -0.0071913395087497226 0.0077260656053401988 0.034284822274166175 -0.014917888742057373 0.0015893933903135555 0.006461755025030407 -0.0037669016132286025 -0.040228496461633456 -0.0016627766066866158 0.0053989700935972188 -0.0027462999787460727 -0.0038125682475869311 0.0070441869841569487 0.0034726599851611912 0.042730253661398737 0.00032706796764621956 -0.012876738787145826 0.015046599598124098 0.010797737553673846 0.005890205268310118 0.019060515686182694 -0.011411997303568693 0.0029748843562879932 0.01758560907176384 -0.012041826813974664 -0.012191915628410436
leaf_weight=970.40902674198151 2064.9349585548043 2854.2260159701109 1656.4620206952095 4627.0949803739786 3475.9859467297792 2451.8975215703249 194.48932807147503 3169.4191004261374 1708.4137961864471 2460.6468891352415 2225.7894606739283 520.92855571955442 1446.7597599625587 2550.3221429660916 4984.5707880333066 3851.8278431072831 1019.3126517608762 1087.1785089224577 37.248841002583504 5112.181093916297 2542.6179961264133 2058.1130341738462 2149.6768978312612 2644.9819620549679 1031.1120130419731 1688.8062452971935 450.45817665755749 1589.3861360549927 1311.4630006179214 1577.8983248472214
leaf_count=7556 16026 11910 7233 20812 14908 10834 869 18082 7436 10681 9605 5447 6495 11195 21736 16703 7092 4635 153 22176 11553 9194 9385 11502 8115 7601 2151 7639 6703 6813
internal_value=4.64871e-06 0.00470084 -0.00438918 -0.00336296 0.00266332 0.00411508 0.00723431 -0.00773574 0.00065936 0.00558505 -0.00114956 -0.0266537 -0.0010418 -0.00243863 1.4136e-05 -0.00589002 0.018342 -0.00465063 -0.00637207 0.00272545 -0.00819325 0.0103718 0.00675227 0.00203164 0.0130234 -0.00695538 0.0161856 0.0144599 -0.00590278 -0.00730384
internal_weight=65514.6 31667.7 33846.9 32355.6 27552.4 22989.2 14317.2 15502.4 16853.1 12082.8 12995 1491.34 8672.02 11338.6 7534.89 12333 4115.36 4563.16 3172.81 7564.08 7705.91 4518.76 3858.09 5499.21 2050.42 3135.57 2234.33 2039.84 5163.29 3803.69
internal_count=312240 151981 160259 147256 120748 101205 63544 73853 73403 52885 56582 13003 37661 49349 32931 55771 31233 19543 14249 33010 34959 19875 16821 23412 15207 14096 10659 9790 23406 16418
cat_boundaries=0 1 2 3 4 5 6 7 8 9
cat_threshold=7168 2 30289920 2179870 30385024 114070 2288782 1200130 908
is_linear=0
shrinkage=0.05


Tree=44
num_leaves=31
num_cat=6
split_feature=29 0 11 26 0 25 3 0 7 18 18 17 2 14 17 1 23 4 24 2 25 23 1 28 1 14 4 1 18 15
split_gain=500.317 410.964 217.614 134.304 133.211 99.5478 77.784 61.1372 58.8698 55.4758 49.1576 45.4662 44.9929 43.7557 42.6946 40.6947 40.0982 39.9593 37.3121 32.4452 33.8136 32.2739 28.0483 36.2225 27.7722 26.3303 26.6107 25.7601 24.9739 24.2499
threshold=4.7500000000000009 1.5000000000000002 2.2250000000000005 0.060915275200989494 5.5000000000000009 1.0000000180025095e-35 2.5000000000000004 5.5000000000000009 53.350000000000001 52.105000000000011 50.565000000000005 45.755000000000003 0 6.4050000000000011 34.385000000000012 1 2.6125000000000003 2.5000000000000004 0.16050000000000006 2 1.0000000180025095e-35 4.8166666666666673 3 1303.6838670528043 4 6.0050000000000008 1.5000000000000002 5 49.32500000000001 18.795000000000005
decision_type=2 2 2 8 2 8 2 2 2 2 2 2 1 2 2 1 8 2 8 1 10 8 1 2 1 2 2 1 2 2
left_child=1 6 21 7 5 9 14 11 12 18 -5 19 -7 -14 15 -1 24 -15 -3 -4 29 -2 -18 -24 -6 -11 -27 -8 -9 -21
right_child=2 4 3 10 16 8 27 28 -10 25 -12 -13 13 17 -16 -17 22 -19 -20 20 -22 -23 23 -25 -26 26 -28 -29 -30 -31
leaf_value=-0.0025685206291055037 -0.0040177645809135144 0.00066847415795334686 0.002207746178234066 -0.0047815472590528527 0.0082051710514929599 0.0024391223864141131 0.014953000833215147 -0.023762836077312863 -0.00099910288787157593 0.001302028563541792 0.0023265748353938995 0.0058144276731058181 0.0065450857165066743 0.01761996035035273 0.017196605272074141 0.011506310938195425 -0.01439296230074057 0.0019111719811980084 -0.0054357045656593462 -0.015534307282107107 -0.0032574997566996141 -0.033012225752247465 0.14233337371026208 -0.0055746878261608915 -0.0044140850602848612 0.01173318124185945 -0.0021828044020171188 0.028172478794022317 -0.012380157407493717 -0.0083351521848204768
leaf_weight=769.636977866292 108.093575283885 4657.4636812359095 614.16782792657614 4981.3779386803508 800.21521743386984 4136.7602474242449 664.27667783200741 891.6278363019228 3035.1438669115305 4687.1804356053472 4753.2522738575935 579.14241334050894 6141.8180738911033 1978.4316784590483 1754.69279820472 1535.7911965027452 1108.3287759125233 508.97700384259224 5412.9213586822152 2356.5345522984862 1465.5354503691196 856.11483522504568 4.1434628367424002 4189.9907908737659 935.15111145377159 1405.7482793182135 454.63464097678661 1192.138790152967 1048.5783271789551 2322.6504294872284
leaf_count=4611 832 19853 2834 22610 3390 17577 5434 5892 13012 19637 21258 2671 26537 9382 11057 9771 5038 2110 22773 11636 6675 9086 27 18909 3953 6265 1884 10071 6813 10642
internal_value=4.70052e-06 0.00290761 -0.0065886 -0.00541341 0.00106496 0.00241858 0.0151961 -0.00971785 0.00525996 -0.000283145 -0.00131077 -0.00763084 0.00674807 0.00880071 0.0113195 0.00684638 -0.00517038 0.0144056 -0.00261258 -0.00878292 -0.00986897 -0.0297618 -0.00732946 -0.00541565 0.00142677 0.0032996 0.00833244 0.0236745 -0.0176111 -0.0119608
internal_weight=65350.5 45373.4 19977.1 19012.9 39456.9 32419.1 5916.54 9278.24 15801.1 16617.9 9734.63 7338.03 12766 8629.23 4060.12 2305.43 7037.83 2487.41 10070.4 6758.89 6144.72 964.208 5302.46 4194.13 1735.37 6547.56 1860.38 1856.42 1940.21 4679.18
internal_count=312240 211291 100949 91031 170347 139030 40944 47163 68618 70412 43868 34458 55606 38029 25439 14382 31317 11492 42626 31787 28953 9918 23974 18936 7343 27786 8149 15505 12705 22278
cat_boundaries=0 1 2 3 4 5 6
cat_threshold=7168 50462 2 29624320 9546212 4347964
is_linear=0
shrinkage=0.05


Tree=45
num_leaves=31
num_cat=6
split_feature=0 29 29 14 23 0 23 27 4 13 18 2 11 0 6 26 26 6 12 1 0 1 11 17 1 0 11 18 1 1
split_gain=469.065 306.911 201.279 142.875 127.866 82.788 82.242 68.2686 67.0895 66.769 62.6335 58.4879 54.8378 46.6127 43.113 42.8096 39.6692 37.1474 36.4192 35.9539 33.6016 40.6833 33.1268 27.6598 27.2952 26.9852 26.7103 26.2218 25.3704 25.1224
threshold=2.5000000000000004 5.2500000000000009 2.2500000000000004 5.0050000000000008 5.3166666666666673 1.5000000000000002 3.7321428571428577 1.0000000180025095e-35 1.0000000180025095e-35 1.0000000180025095e-35 50.415000000000006 0 6.2550000000000008 5.5000000000000009 36.500000000000007 0.084039548022598873 0.27386363636363642 34.500000000000007 46.350000000000009 1 1.5000000000000002 2 6.6750000000000007 45.020000000000003 3 5.5000000000000009 5.7350000000000012 51.255000000000003 4 5
decision_type=2 2 2 2 10 2 10 8 2 2 2 1 2 2 2 10 8 2 2 1 2 1 2 2 1 2 2 2 1 1
left_child=2 3 5 9 13 19 20 17 12 -2 14 27 -9 22 -11 18 -14 -5 29 -1 21 -4 23 28 -7 -19 -15 -8 -3 -12
right_child=1 4 6 7 -6 24 11 8 -10 10 15 -13 16 26 -16 -17 -18 25 -20 -21 -22 -23 -24 -25 -26 -27 -28 -29 -30 -31
leaf_value=0.012660406747568357 -0.040947383828209422 -0.0041502110845565527 0.01708651057228085 0.0035618159355629685 -0.03562722021379891 0.0030230467492425245 -0.00063566614292078286 0.002767984158472233 -0.0030446613630319766 -0.0035922239982866043 -0.010715093451888653 -0.0064986202334602035 0.007523866200830856 -0.022398717447669719 -0.010915070416437708 0.0044620535548171138 0.020026951348359131 -0.0024303679834592803 0.018529272059309196 0.024705227295034451 0.0038176241903603043 0.0050932123613633288 0.015816702074455801 0.0030829483934280851 0.012018419647924779 -0.010516222712466557 0.00030888371995547385 0.0081320473912744919 -0.013046381305560038 -0.0025050728090040609
leaf_weight=1106.8806264176965 126.93938800692558 1157.1535119339824 1332.109170421958 2139.0183679312468 570.71580304950476 1381.1753746569157 1992.3916584551334 7311.7530011087656 3075.4795386195183 3683.2417754009366 1228.7753977626562 2890.5188727229834 2993.7213654220104 1049.2793267443776 4424.3739527240396 2281.6891950294375 804.97423572838306 5191.4638274759054 177.4036777317524 1694.5173181369901 4592.7116424441338 1556.8880741149187 135.78011395037174 411.87398010492325 2253.8760915100574 1287.8057199120522 147.73523297905922 1490.8810289353132 2854.5229959413409 3850.016860216856
leaf_count=8957 1209 5892 7788 9233 6248 6641 8740 31321 13195 16750 5562 12719 13447 7845 19735 9676 3760 21886 763 14449 18873 8689 574 2024 10841 6046 919 6530 14513 17415
internal_value=4.80357e-06 -0.0028462 0.00631375 -0.00117213 -0.0130532 0.01362 0.00291969 0.00135849 0.00349082 -0.00483097 -0.00453794 -0.00125388 0.00529991 -0.010815 -0.00758834 -0.00125699 0.0101734 -0.00215138 -0.0037396 0.0200795 0.00647522 0.0107001 -0.00850963 -0.00925632 0.00864191 -0.0040375 -0.0195962 0.00310809 -0.0105232 -0.00451746
internal_weight=65195.7 44903.7 20291.9 38576.7 6327.06 6436.45 13855.5 22804.2 14185.9 15772.4 15645.5 6373.79 11110.4 5756.35 8107.62 7537.89 3798.7 8618.29 5256.2 2801.4 7481.71 2889 4559.33 4423.55 3635.05 6479.27 1197.01 3483.27 4011.68 5078.79
internal_count=312240 208013 104227 169998 38015 40888 63339 98888 61723 71110 69901 27989 48528 31767 36485 33416 17207 37165 23740 23406 35350 16477 23003 22429 17482 27932 8764 15270 20405 22977
cat_boundaries=0 1 2 3 4 5 6
cat_threshold=4998 54462 21934752 2315554 14827532 9375744
is_linear=0
shrinkage=0.05


Tree=46
num_leaves=31
num_cat=4
split_feature=14 0 12 26 0 0 25 2 2 18 23 17 4 11 7 27 23 29 1 27 23 14 6 1 18 17 6 25 17 7
split_gain=433.555 302.511 264.1 167.13 93.9767 74.2298 70.4885 63.2815 57.456 56.1971 53.1434 47.0847 43.3732 42.448 38.7954 38.5824 36.4532 34.9281 34.7775 32.3714 31.7911 31.0185 30.6393 37.1231 27.3142 27.2389 26.4314 25.7305 24.9782 24.6628
threshold=5.0050000000000008 1.5000000000000002 3.1500000000000004 0.088562091503267992 5.5000000000000009 5.5000000000000009 1.0000000180025095e-35 0 1 50.415000000000006 3.0500000000000003 29.295000000000005 2.5000000000000004 6.2150000000000007 54.550000000000004 1.0000000180025095e-35 5.7071428571428582 5.2500000000000009 2 1.0000000180025095e-35 4.1180555555555562 6.4050000000000011 51.500000000000007 3 48.105000000000011 46.965000000000011 38.500000000000007 0.58333333333333337 36.085000000000008 58.45000000000001
decision_type=2 2 2 10 2 2 8 1 1 2 10 2 2 2 2 10 8 2 1 8 8 2 2 1 2 2 2 8 2 2
left_child=2 10 16 5 6 8 15 28 -4 22 -2 -10 14 20 21 -3 -1 -7 -12 -6 25 -9 -5 -24 -20 26 -13 -21 -8 -22
right_child=1 4 3 9 19 17 7 12 11 -11 18 13 -14 -15 -16 -17 -18 -19 24 27 29 -23 23 -25 -26 -27 -28 -29 -30 -31
leaf_value=-0.023370158068331814 0.02200213694011809 -0.0030128478510123425 0.00088012296295996025 -0.00049620421135952925 -0.0091359169561057406 -0.010344275471083901 -0.00052248587700465937 0.0091102910578121192 -0.011303680875694961 0.0052468976638944866 0.018165837561231954 9.8775698324667517e-05 -0.0013156806234504122 0.016730051682344076 -0.0014476671929734184 0.0027674587732468962 -0.044290385375951237 -0.022436734019713751 -0.0020421955810580122 -0.0029135490569063946 -0.0085855719766919653 0.016927545845275806 -0.022177273509897431 -0.00064477720811395708 0.011778866580690994 0.008819109017845007 -0.0075591272248662703 0.0086485990424353953 0.0061814819875723841 -0.034617259786364069
leaf_weight=761.11255414038897 1989.7220420837402 4643.0736688226461 3345.3811448886991 4617.4701837077737 1917.7952965423465 2699.5701227113605 3639.8910537660122 3587.5865420475602 3607.6421318054199 5100.6865499839187 1005.4968195185065 2163.0648962929845 877.89871297776699 230.74743120372295 606.0611642152071 7632.3653773292899 286.65469507128 766.76319120079279 612.20951337367296 3105.9341444820166 2493.0377413108945 1963.4780372828245 378.74691020697355 425.18696969002485 859.12872556596994 464.99179226160049 2351.9640095829964 569.39808139204979 2247.2692455947399 94.433160237967968
leaf_count=7177 16189 19748 14776 21245 9338 13775 15574 15772 16489 23405 6853 9430 3649 1029 2653 32998 3284 5731 3921 14035 11817 9370 1712 1930 5540 2010 10249 2441 9642 458
internal_value=4.83629e-06 0.00375697 -0.0044363 -0.00353736 0.001993 -0.00643512 0.00329442 0.00587192 -0.00488796 0.00147971 0.0159171 -0.00657476 0.00906859 -0.00439549 0.0105639 0.00058111 -0.0290936 -0.0130192 0.0110289 -0.00387004 -0.00503965 0.0118753 -0.00206462 -0.011073 0.00598736 -0.00270367 -0.00389037 -0.00112229 0.00203312 -0.00953563
internal_weight=65044.8 35257.3 29787.5 28739.7 30790.8 18217.6 25197.6 12922.2 14751.3 10522.1 4466.56 11405.9 7035.02 7798.24 6157.13 12275.4 1047.77 3466.33 2476.84 5593.13 7567.49 5551.06 5421.4 803.934 1471.34 4980.02 4515.03 3675.33 5887.16 2587.47
internal_count=312240 167723 144517 134056 135220 85764 109406 56660 66258 48292 32503 51482 31444 34993 27795 52746 10461 19506 16314 25814 33964 25142 24887 3642 9461 21689 19679 16476 25216 12275
cat_boundaries=0 1 2 3 4
cat_threshold=7200 6 22913792 6603618
is_linear=0
shrinkage=0.05


Tree=47
num_leaves=31
num_cat=8
split_feature=0 29 29 0 14 13 23 17 18 0 2 4 11 11 7 2 1 24 10 1 27 1 1 1 18 1 4 11 24 18
split_gain=406.266 233.192 211.468 116.956 99.9068 96.7197 93.5789 51.609 51.2064 47.5039 46.3963 40.654 40.2613 37.6187 36.5609 37.4148 36.4785 35.7483 34.2539 34 32.9394 32.6529 31.7585 29.2863 29.1135 27.5754 26.618 39.3585 26.3597 25.6465
threshold=3.5000000000000004 5.2500000000000009 2.2500000000000004 1.5000000000000002 5.4450000000000012 5.9850000000000003 3.7888888888888892 38.785000000000004 50.415000000000006 1.5000000000000002 0 1.5000000000000002 6.6850000000000014 7.0050000000000008 52.850000000000001 1 2 0.1889444444444445 0.21500000000000002 3 1.0000000180025095e-35 4 5 6 51.065000000000005 7 1.0000000180025095e-35 7.0250000000000012 0.19183333333333338 46.435000000000009
decision_type=2 2 2 2 2 2 10 2 2 2 1 2 2 2 2 1 1 10 8 1 8 1 1 1 2 1 2 2 8 2
left_child=2 4 3 19 8 -3 9 11 18 16 -8 13 24 20 15 22 -4 -12 21 -1 -6 -2 -5 29 -7 -10 27 -9 -18 -11
right_child=1 5 6 14 7 12 10 26 25 23 17 -13 -14 -15 -16 -17 28 -19 -20 -21 -22 -23 -24 -25 -26 -27 -28 -29 -30 -31
leaf_value=0.01161361595333078 -0.0038354036866088087 -0.034504199381329058 0.016396095281439829 -0.0075182140210547548 -0.0046556626757978349 -0.016516207431062194 0.0024210065119005843 0.0069098556440256049 -0.0065497477396075868 -9.8484655595843754e-05 -0.0021833258924348667 -0.0087850061825509081 0.01667823173562202 0.011120855539675246 0.00074901524102376628 0.011342043213398427 0.0078819340042134214 -0.010033615008746402 -0.025373869512028691 0.023425301662840049 0.0018910255258277053 -0.010642405441780814 0.0077156103310271453 -0.00036973445027818565 -0.0080077968809621411 0.00016822546540954422 -0.0011844399026710545 0.029583702672195136 -0.0082764649568946094 0.0077314884820045482
leaf_weight=1086.8790278360248 3478.9784418791533 523.25912203639746 1201.6360645294189 549.03257784247398 3139.5848772525787 2156.0247637555003 3336.4488581046462 2338.1107868775725 2258.286933645606 1544.4832442253828 4288.4391847103834 1416.9499339163303 121.37261648476124 741.04590210318565 1894.9832791388035 3919.9228379428387 1413.7110818475485 2191.1495278924704 273.36891059577465 1646.1221815273166 4951.7945513427258 3644.6660514399409 873.64935390651226 4679.2117335945368 1883.8997579589486 4684.3680158630013 913.09923742711544 208.45797196030617 307.25209663808346 3238.9569205492735
leaf_count=8957 15849 6508 7118 2527 13583 12958 14454 10072 10277 6319 18684 6115 576 3290 8926 19004 8085 9587 1770 14449 21235 16682 4041 19202 10971 21256 3905 945 1594 13301
internal_value=4.52639e-06 -0.00391722 0.0039947 0.0100437 -0.00219253 -0.0142437 0.0012781 0.000859413 -0.00511026 0.00416802 -0.00236821 -0.000922957 -0.0116961 0.00033832 0.00671601 0.00883246 0.00973993 -0.00483054 -0.00800492 0.0188562 -0.000649194 -0.00733839 0.00182523 0.0024471 -0.0125486 -0.00202617 0.00613974 0.0087659 0.00496823 0.00519248
internal_weight=64905.1 32733.3 32171.9 9970.59 28048.7 4684.56 22201.3 13709 14339.7 12385.3 9816.04 10249.4 4161.3 8832.43 7237.59 5342.6 2922.6 6479.59 7397.01 2733 8091.38 7123.64 1422.68 9462.65 4039.92 6942.65 3459.67 2546.57 1720.96 4783.44
internal_count=312240 155992 156248 57904 124979 31013 98344 59145 65834 55619 42725 44223 24505 38108 34498 25572 16797 28271 34301 23406 34818 32531 6568 38822 23929 31533 14922 11017 9679 19620
cat_boundaries=0 1 2 3 4 5 6 7 8
cat_threshold=4614 7168 21901984 54462 10711326 185404 31218760 14555136
is_linear=0
shrinkage=0.05


Tree=48
num_leaves=31
num_cat=10
split_feature=3 0 23 0 4 2 11 14 18 2 3 17 2 1 18 2 1 23 11 17 0 26 29 6 26 1 1 1 1 7
split_gain=369.339 235.299 232.256 148.158 93.6902 111.257 84.8956 59.0046 57.7449 55.7804 48.5921 44.9448 42.3435 38.3078 37.8554 37.1743 36.88 31.8926 31.8919 31.6356 31.2828 30.1629 29.8418 29.6715 28.9362 29.2039 27.481 26.7497 26.3132 25.5579
threshold=1.5000000000000002 1.5000000000000002 4.9500000000000011 3.5000000000000004 1.5000000000000002 0 1.5450000000000002 6.455000000000001 56.725000000000001 1 2.5000000000000004 32.105000000000011 2 3 52.735000000000007 4 5 4.0500000000000007 3.3850000000000002 40.675000000000004 5.5000000000000009 0.17192118226600989 1.7500000000000002 30.500000000000004 0.35805860805860812 6 7 8 9 50.45000000000001
decision_type=2 2 8 2 2 1 2 2 2 1 2 2 1 1 2 1 1 10 2 2 2 8 2 2 8 1 1 1 1 2
left_child=2 16 3 8 5 10 -4 14 12 29 20 23 -1 -14 21 -12 -2 -13 -8 -6 -3 -7 -18 -11 25 -9 -22 -23 -17 -5
right_child=1 4 6 9 19 7 18 24 -10 11 15 17 13 -15 -16 28 22 -19 -20 -21 26 27 -24 -25 -26 -27 -28 -29 -30 -31
leaf_value=0.0069653387964363159 0.0062309730048409661 -0.0013407290605377607 -0.037741573289201386 -0.01080313046199346 -0.0066123624136823506 -0.00080838704987104884 -0.020645720090438986 0.0051010995451933328 0.0063932967873637355 -0.0054388621996417129 -0.0016146117590040351 -0.0027952060068984277 0.0016586853557935427 -0.0043754579674706679 0.0087671066542826647 0.00029750146011106029 0.025411269637319097 -0.010705203854729874 -0.0085102873864390631 0.0031696165756218381 0.002502347644711491 0.015219867762347409 0.01470787315516793 -0.013781881444844194 0.022995076089794803 0.014557104145263339 -0.014620143014609231 0.0024654059091738165 0.010999588538939793 0.0015505710967989223
leaf_weight=1549.8534404709935 892.2109267488122 4696.7915832698345 446.4891591668129 492.07002082467079 3464.1696066707373 3521.2088900059462 963.66236156970263 1558.0904315859079 3688.1392868533731 1534.554466843605 1928.2137717157602 4724.2969395518303 4521.5640282407403 6269.516165189445 3191.4081199914217 859.44366484880447 953.95177633315325 1745.0113972350955 1235.4986008107662 1085.5455111861229 317.13387571275234 644.71873992681503 2052.007187448442 3487.9675390720367 511.23137356340885 1798.0287746340036 911.95213153958321 1141.0509700030088 1770.8563416302204 2806.7202272638679
leaf_count=6808 6765 19827 5559 2321 14908 15195 7337 7208 16180 7860 8285 21944 19848 27335 14145 3837 9323 9225 5747 4635 1520 2933 15145 17035 2406 8355 4418 5145 7931 13060
internal_value=4.70807e-06 0.00390913 -0.00364685 -0.00242644 0.0022739 0.00357854 -0.0178637 0.00678828 0.000903668 -0.00603538 -0.00021342 -0.00767731 -0.000736931 -0.0018479 0.00446384 0.0036674 0.015403 -0.00492882 -0.013828 -0.00427842 -0.00319912 0.00187603 0.0180446 -0.0112328 0.0119137 0.0102257 -0.0103007 0.0071692 0.00751708 -0.000291308
internal_weight=64763.4 31298 33465.3 30819.7 27399.8 22850.1 2645.65 12365.7 16029.1 14790.6 10484.4 11491.8 12340.9 10791.1 8498.39 4558.51 3898.17 6469.31 2199.16 4549.72 5925.88 5306.98 3005.96 5022.52 3867.35 3356.12 1229.09 1785.77 2630.3 3298.79
internal_count=312240 151981 160259 141616 120748 101205 18643 55387 70171 71445 45818 56064 53991 47183 37418 20053 31233 31169 13084 19543 25765 23273 24468 24895 17969 15563 5938 8078 11768 15381
cat_boundaries=0 1 2 3 4 5 6 7 8 9 10
cat_threshold=7680 6 2 30290952 4096 16508 17707606 2671620 5791948 21090306
is_linear=0
shrinkage=0.05


Tree=49
num_leaves=31
num_cat=3
split_feature=0 13 11 25 23 26 2 24 27 25 15 4 6 0 24 11 3 23 6 17 17 12 1 0 26 15 18 1 17 8
split_gain=344.727 231.022 150.692 120.513 100.639 74.0745 60.2875 56.6405 56.129 49.7692 43.5004 38.5761 36.0544 35.1018 37.7545 31.4718 30.4636 35.7357 30.3592 27.053 27.0509 30.088 26.4729 26.4187 25.3874 25.1627 25.8393 24.9071 24.8935 23.6926
threshold=2.5000000000000004 29.895000000000003 5.495000000000001 1.0000000180025095e-35 5.4365079365079376 0.60749299719887961 0 0.18707142857142861 1.0000000180025095e-35 0.58333333333333337 23.830000000000002 1.5000000000000002 51.500000000000007 5.5000000000000009 0.19414285714285717 6.3150000000000004 2.5000000000000004 3.7888888888888892 30.500000000000004 38.685000000000009 36.565000000000005 5.1800000000000006 1 5.5000000000000009 0.1327044025157233 40.605000000000011 51.655000000000008 2 36.380000000000003 1.0000000180025095e-35
decision_type=2 2 2 8 8 8 1 8 10 8 2 2 2 2 10 2 2 10 2 2 2 2 1 2 10 2 2 1 2 2
left_child=2 4 7 8 -2 11 15 10 18 23 -1 19 13 14 -10 -5 17 -7 -3 22 21 -9 -4 -8 -12 26 -20 -26 -11 -15
right_child=1 3 5 6 -6 16 9 20 12 28 24 -13 -14 29 -16 -17 -18 -19 25 -21 -22 -23 -24 -25 27 -27 -28 -29 -30 -31
leaf_value=0.00025053307641748171 -0.010284348649306425 -0.0011984863931540474 0.012766985280325839 -0.0050338834330555249 -0.031791570414259104 0.013504478466503413 0.0035127061098461248 -0.039460306252796479 0.0020771826835222023 0.0060729838728926927 0.0034982412230831761 -0.0020584333783561482 -0.0076912467229062441 -0.0032679063344177189 -0.0066108452439205198 0.0022425799751247884 0.020924649862587394 -0.01538087726080534 -0.014089174878290981 0.01545661747325705 0.00275777550164649 -0.0056887068212214719 0.0038572128019219859 -0.0027085061233112924 0.018346415287307023 -0.0038412662730546222 -0.0063515685384789621 0.0068392742406318168 0.016228308947930963 -0.014740621117160849
leaf_weight=3844.8281678333879 3622.7962486818433 1688.2187561988831 1252.3140851333737 3932.3854091018438 640.01527018100023 985.59348801523447 7478.3061905354261 67.869170010089874 7669.9882761538029 1589.1532338261604 1818.2166256532073 957.01625706255436 2231.9740234464407 1807.1591604426503 1494.0231980681419 2388.650350138545 1787.7852422818542 120.12506511807442 2539.2392233237624 1196.3412073552608 1122.9525370150805 2335.059761852026 2549.7209947481751 2211.0163628011942 818.92832382768393 1839.6232115328312 1876.1939580142498 1191.7148278579116 972.87511573731899 599.22270423173904
leaf_count=17015 21514 7696 6701 17662 7081 7318 32586 333 33197 7016 7719 4255 10028 8887 6514 10228 14762 753 11734 6447 5020 10360 13485 10063 4182 8038 8508 5877 4331 2930
internal_value=4.81549e-06 -0.00244402 0.00545017 -0.00127365 -0.0135134 0.0103269 0.00168428 0.00159701 -0.00379995 0.00372875 0.00400727 0.0071382 -0.00187287 -0.000750478 0.00066076 -0.00228058 0.0168899 0.0103664 -0.00714848 0.00889903 -0.00364866 -0.00664256 0.00683564 0.00209308 0.00777967 -0.00875436 -0.0108013 0.0116514 0.00992925 -0.00612477
internal_weight=64629.3 44580.8 20048.5 40318 4262.81 8848.9 18572.4 11199.6 21745.6 12251.4 7673.69 5955.39 13802.4 11570.4 9164.01 6321.04 2893.5 1105.72 7943.28 4998.38 3525.88 2402.93 3802.04 9689.32 3828.86 6255.06 4415.43 2010.64 2562.03 2406.38
internal_count=312240 208013 104227 179418 28595 53721 81886 50506 97532 53996 34793 30888 61556 51528 39711 27890 22833 8071 35976 26633 15713 10693 20186 42649 17778 28280 20242 10059 11347 11817
cat_boundaries=0 1 2 3
cat_threshold=7168 22035072 31338528
is_linear=0
shrinkage=0.05


Tree=50
num_leaves=31
num_cat=6
split_feature=29 0 11 14 3 0 0 26 7 13 1 18 18 25 6 17 4 11 2 1 2 18 17 18 24 1 1 4 11 10
split_gain=322.699 269.74 130.831 124.008 76.367 72.2037 59.259 55.7009 51.3241 47.1276 46.7152 46.659 36.5806 36.2219 35.0198 32.2868 30.8156 39.9379 37.6844 30.4186 29.9997 27.9691 26.9548 26.0098 25.2489 27.1407 23.8404 22.6617 28.2591 22.259
threshold=5.2500000000000009 1.5000000000000002 2.2250000000000005 5.0450000000000008 2.5000000000000004 5.5000000000000009 4.5000000000000009 0.060915275200989494 53.650000000000013 1.0000000180025095e-35 0 52.955000000000005 51.255000000000003 0.41666666666666669 25.500000000000004 33.265000000000008 2.5000000000000004 6.3350000000000009 1 2 3 45.720000000000006 34.155000000000008 45.470000000000006 0.19292857142857148 4 5 1.0000000180025095e-35 7.1250000000000009 0.20500000000000004
decision_type=2 2 2 2 2 2 2 8 2 2 1 2 2 10 2 2 2 2 1 1 1 2 2 2 8 1 1 2 2 10
left_child=1 4 -2 6 10 8 13 22 11 -8 -1 16 20 15 -11 24 17 -5 -19 -16 -12 -9 -4 -7 25 -3 -6 28 -25 -14
right_child=2 3 7 5 26 23 9 21 -10 14 12 -13 29 -15 19 -17 -18 18 -20 -21 -22 -23 -24 27 -26 -27 -28 -29 -30 -31
leaf_value=0.016901176513627224 -0.029831947182900831 0.0014827211186139262 -0.014914841187813777 0.0012853088799706883 0.011881074836977949 -0.0085450672481796313 -0.040806890155944596 -0.0093903573034550217 -0.0018087692756437882 0.0015438604415701992 0.0089491645466465621 0.0075793526954250068 0.011414836568140112 0.0091621469698170126 -0.00051890261096918704 0.00095446935999808679 -0.005037888452092975 -0.00085424286632683586 0.011043335276937313 -0.0096281866689588436 -0.0030837273836042361 -2.131554677723282e-05 -0.0068112219048684572 0.0001286504696274323 -0.0096625899469613835 -0.0060055096630206748 0.024113565072711257 -0.0079856795066378088 0.022016493965065238 -0.015085887449146938
leaf_weight=1040.2563830837607 692.65062592178583 2374.715025164187 2234.898382499814 7248.093133226037 748.58797310292721 1547.1872114017606 99.421014055609703 1134.4925346374512 3922.7443502545357 1221.9928299635649 761.91309282183647 7405.749598197639 1802.7925260737538 830.2092393040657 1161.4804725646973 6180.452634550631 1210.8187855184078 915.3924412727356 2474.2267160415649 4525.5863007009029 1565.600106023252 2674.3632148057222 1897.3495619371533 2662.5017703250051 1552.5391663238406 2454.5183387026191 1081.8204715251923 847.03219547867775 156.11242991685867 82.880164064466953
leaf_count=6532 8328 10053 12580 30860 6447 7001 1116 5368 16856 6298 4724 32486 10851 3579 5461 26024 5025 3982 11754 21505 8861 12415 10341 11941 6639 10389 9842 3921 667 394
internal_value=4.95925e-06 0.00139508 -0.00899143 7.13483e-05 0.0105124 0.00220818 -0.00290225 -0.00717365 0.00340402 -0.00662738 0.00744809 0.00446605 0.00506194 -0.000952838 -0.00613553 -0.00162131 0.00252012 0.0033804 0.00786036 -0.00778562 0.000880449 -0.00281195 -0.011194 -0.00310874 -0.00411584 -0.00233263 0.0193075 -0.000814194 0.00134094 0.0102501
internal_weight=64508.4 55874.6 8633.75 48790.8 7083.85 28389.9 20400.9 7941.1 23177 7008.48 5253.44 19254.3 4213.19 13392.4 6909.06 12562.2 11848.5 10637.7 3389.62 5687.07 2327.51 3808.86 4132.25 5212.83 6381.77 4829.23 1830.41 3665.65 2818.61 1885.67
internal_count=312240 263208 49032 215557 47651 124493 91064 40704 100963 34380 31362 84107 24830 56684 33264 53105 51621 46596 15736 26966 13585 17783 22921 23530 27081 20442 16289 16529 12608 11245
cat_boundaries=0 1 2 3 4 5 6
cat_threshold=21766144 4128 16714 6914 5406278 4348028
is_linear=0
shrinkage=0.05


Tree=51
num_leaves=31
num_cat=8
split_feature=14 0 12 26 0 2 18 23 18 25 2 1 11 23 0 1 1 4 14 6 1 13 10 29 18 2 11 6 17 1
split_gain=295.662 205.851 190.594 117.991 68.7197 60.089 46.4639 43.9727 43.8256 41.4123 49.1087 38.4968 37.1128 35.0478 33.0088 29.9606 28.1611 27.825 27.3688 26.6309 33.3338 26.1898 25.8174 25.5098 25.0437 24.6771 24.511 23.7404 21.7534 21.3167
threshold=5.0050000000000008 1.5000000000000002 3.1500000000000004 0.088562091503267992 4.5000000000000009 0 46.885000000000012 3.0500000000000003 50.415000000000006 1.0000000180025095e-35 1 2 6.2250000000000005 5.7321428571428585 3.5000000000000004 3 4 1.0000000180025095e-35 6.9250000000000007 51.500000000000007 5 29.895000000000003 0.19500000000000003 3.7500000000000004 45.195000000000007 6 6.955000000000001 45.500000000000007 36.32500000000001 7
decision_type=2 2 2 10 2 1 2 10 2 8 1 1 2 8 2 1 1 2 2 2 1 2 8 2 2 1 2 2 2 1
left_child=2 7 13 5 9 27 -7 -2 19 23 17 24 14 -1 21 -9 -16 26 25 -5 -21 -8 -17 -3 -6 -13 -11 -4 -12 -23
right_child=1 4 3 8 11 6 12 15 -10 10 28 18 -14 -15 16 22 -18 -19 -20 20 -22 29 -24 -25 -26 -27 -28 -29 -30 -31
leaf_value=-0.019943918843479989 0.019130627574923249 0.0034131732547597869 0.0027991608930521749 -0.0003925428647249098 -0.0036248477715215312 -0.010811812672123401 -0.0096352636954717564 0.017765075270085362 0.0046158337817548654 0.012296245395686649 0.0012751341127272438 -0.0010502053734544074 0.011667177690689073 -0.041728856408123349 -0.0031085417050171543 0.0067458015573503873 -0.010771506795347026 0.0023296611113246286 0.002467824117627374 0.00075611690852286364 -0.01967667036953916 0.0067722242124263242 -0.021115415285438813 -0.0018522961232285647 0.0038636978405196063 -0.0084810731095027042 0.031235543190177711 -0.0052288424305841456 0.0071888906034023696 -0.002551850989182293
leaf_weight=707.08107306808233 1875.7627218961716 5380.3356776982546 2624.1756257340312 4594.6306140869856 1568.9847418367863 5003.3110385537148 792.02122263610363 677.22256418317556 5068.827076382935 2109.1067576408386 4256.5981922894716 1769.0361287966371 329.57374569773674 249.86576350033283 1935.043940089643 1635.0567250326276 3265.449240013957 682.29144170880318 1264.5251573622227 377.69454482197762 422.95111790299416 933.0261847525835 87.603133141994476 4018.0800452902913 3870.970919020474 3082.5896959453821 185.89050804078579 1418.7997944653034 2450.1307588070631 1742.410313539207
leaf_count=7202 16189 23925 12300 21245 7023 24316 3570 4859 23405 9725 18652 7804 1466 3259 9816 10977 16552 2924 5554 1722 1920 3929 478 16511 17258 13988 1037 6465 10819 7350
internal_value=5.1246e-06 0.00311789 -0.00368333 -0.00294655 0.00168368 -0.00539617 -0.00694422 0.0133952 0.00127745 0.00352643 0.00582108 -0.00135922 -0.00480126 -0.0256321 -0.00542742 0.00891233 -0.0079469 0.0111573 -0.00407698 -0.00185894 -0.0102741 -0.00164871 0.00529821 0.00116204 0.00170074 -0.00579122 0.0138303 -1.80585e-05 0.00343046 0.000715582
internal_weight=64379 34914.2 29464.9 28507.9 30638.5 18043.8 14000.8 4275.65 10464.1 19082.4 9684.02 11556.1 8997.52 956.947 8667.95 2399.88 5200.49 2977.29 6116.15 5395.28 800.646 3467.46 1722.66 9398.42 5439.96 4851.63 2295 4042.98 6706.73 2675.44
internal_count=312240 167723 144517 134056 135220 85764 66999 32503 48292 83593 43157 51627 42683 10461 41217 16314 26368 13686 27346 24887 3642 14849 11455 40436 24281 21792 10762 18765 29471 11279
cat_boundaries=0 1 2 3 4 5 6 7 8
cat_threshold=6 454 246254 17638144 25082 26426516 158 25034756
is_linear=0
shrinkage=0.05


Tree=52
num_leaves=31
num_cat=6
split_feature=29 0 23 25 29 17 26 18 0 6 1 6 1 26 24 1 27 26 0 16 1 11 0 20 18 7 24 1 13 1
split_gain=277.687 231.779 116.797 92.3214 91.9946 55.0644 51.4235 50.9497 44.4104 46.5345 38.7543 38.2819 35.4284 34.1263 33.6536 32.5611 31.3168 31.2802 30.8865 29.7413 28.3845 27.8773 28.0857 26.2777 25.4195 25.2422 23.2865 23.189 22.8977 22.7377
threshold=5.2500000000000009 2.5000000000000004 5.3166666666666673 1.0000000180025095e-35 1.2500000000000002 36.235000000000007 0.060915275200989494 58.980000000000011 5.5000000000000009 48.500000000000007 0 38.500000000000007 1 0.64126753749395271 0.19414285714285717 2 1.0000000180025095e-35 0.42365967365967372 5.5000000000000009 41.70000000000001 3 7.6850000000000014 4.5000000000000009 30.320000000000004 52.905000000000008 50.95000000000001 0.16612500000000005 4 1.0000000180025095e-35 5
decision_type=2 2 10 8 2 2 8 2 2 2 1 2 1 10 10 1 10 10 2 2 1 2 2 2 2 2 10 1 2 1
left_child=1 4 6 8 13 10 18 11 9 14 19 15 -7 -1 16 -5 -3 -14 20 -6 25 22 -13 -21 -8 -2 -12 -18 -10 -26
right_child=2 3 -4 7 5 12 24 -9 28 -11 26 21 17 -15 -16 -17 27 -19 -20 23 -22 -23 -24 -25 29 -27 -28 -29 -30 -31
leaf_value=0.010856995697439226 -0.016940840670548848 -0.0030482842565200704 -0.030507234059375735 -0.00079746008232479146 0.00034682558218724252 0.003784118849888986 -0.0058586040360481132 0.0074596215896467234 -0.038947251023203233 -0.0067540202300151106 0.0021956475855537173 0.00066488316679836354 0.0096159123351769182 0.02300152151443096 -0.0062838034801832371 0.0061475304795158767 0.0061958037398631999 0.022254103514421114 -0.018696774412809244 0.024430015365217939 -0.011944162464757812 0.025163413767209208 -0.0054590157768241374 0.0071281764241929715 -0.0046865292725489184 0.0011420709308111218 -0.0048175889906910546 0.00023596219908107171 -0.0073522106016399138 0.0078486814940972299
leaf_weight=2049.9473642706871 238.90916226804256 3698.5463282689452 557.39685670658946 2936.9273688644171 1781.4514361172915 2149.7019606381655 2316.4806971773505 3216.5463897362351 58.165663298219442 3915.4711520671844 2643.68665997684 3887.0153651833534 2249.0692606493831 805.84590056538582 2101.779255002737 3962.9327116906643 2753.6688049659133 625.8367125838995 925.70393923670053 238.79619237780571 2058.6681031137705 93.659501656889915 3612.1521667987108 2709.2677092775702 620.35718163102865 1004.0390103012323 2143.0916331633925 4000.3136653602123 4063.9786341637373 843.55241397023201
leaf_count=12718 1346 15908 6601 12875 8161 10763 11017 14102 726 16861 13263 16820 10060 8242 9391 17416 11906 4449 7326 1264 10765 415 15995 14251 2884 5196 10039 17348 20235 3897
internal_value=4.7225e-06 0.00129361 -0.00837675 -0.000880168 0.00607947 0.00446814 -0.0068363 0.00176689 -0.00315666 -0.001995 0.00223237 0.000503432 0.00870254 0.0142839 -0.000510738 0.00319915 0.000650102 0.0123242 -0.0106254 0.00543595 -0.00836231 -0.00194626 -0.00228484 0.00852964 -0.00259927 -0.00231505 -0.000942285 0.00267537 -0.00779803 0.00255827
internal_weight=64263 55697.9 8565.11 38301.2 17396.7 14540.9 8007.71 17709.2 20591.9 16469.8 9516.29 14492.7 5024.61 2855.79 12554.3 6899.86 10452.5 2874.91 4227.32 4729.52 3301.62 7592.83 7499.17 2948.06 3780.39 1242.95 4786.78 6753.98 4122.14 1463.91
internal_count=312240 263208 49032 169998 93210 72250 42431 77623 92375 71414 46978 63521 25272 20960 54553 30291 45162 14509 24633 23676 17307 33230 32815 15515 17798 6542 23302 29254 20961 6781
cat_boundaries=0 1 2 3 4 5 6
cat_threshold=31341184 2185926 22484048 6733964 2321422 17507986
is_linear=0
shrinkage=0.05


Tree=53
num_leaves=31
num_cat=6
split_feature=23 0 23 2 2 7 0 0 3 25 1 17 18 1 6 18 0 11 7 7 7 17 1 11 1 17 24 30 4 13
split_gain=257.691 207.181 133.996 92.6366 75.2573 70.3732 59.3102 48.2457 43.2508 42.182 41.2534 40.8785 35.0075 32.9445 32.3567 31.9907 31.6315 27.7454 27.5115 27.9185 27.4098 26.5455 25.1249 24.89 24.839 22.909 22.8126 22.5778 22.3276 26.5893
threshold=3.7321428571428577 1.5000000000000002 5.3166666666666673 0 1 52.650000000000013 4.5000000000000009 4.5000000000000009 2.5000000000000004 0.58333333333333337 2 28.335000000000004 47.380000000000003 3 49.500000000000007 49.415000000000006 3.5000000000000004 5.455000000000001 49.050000000000004 52.750000000000007 55.150000000000013 36.010000000000012 4 1.5450000000000002 5 40.040000000000006 0.19183333333333338 0.12186904761904761 1.5000000000000002 37.655000000000008
decision_type=10 2 10 1 1 2 2 2 2 10 1 2 2 1 2 2 2 2 2 2 2 2 1 2 1 2 8 8 2 2
left_child=1 8 4 7 15 9 11 14 13 16 -8 -6 -7 -1 21 -2 17 27 -12 -20 -13 -3 -9 -4 -19 -11 -15 -5 29 -18
right_child=2 3 23 5 6 12 10 22 -10 25 18 20 -14 26 -16 -17 28 24 19 -21 -22 -23 -24 -25 -26 -27 -28 -29 -30 -31
leaf_value=0.013488782541328063 -0.0027116924489388448 -0.0013061283978957909 -0.036068599616284829 0.0040715782420630894 -0.0084161224086139238 -0.0050979931718126582 -0.016542985721727063 -0.0018902814489202766 0.018266878020491675 0.0084906716531368189 -0.019602800749669306 -0.00046824108117689332 0.0014350368639413683 0.0063183911356651376 -0.0076431365865726386 0.0049317419663613034 -0.006709065648094527 0.0031156479118061406 0.00069493453276277045 -0.01066958643333466 -0.0096978966201128058 0.0053203189660311727 -0.0096036258126292757 -0.017680044096322834 0.01204832075794021 0.021354151331699975 -0.0084564608673396071 -0.010706575456797927 -0.0048068856248058983 0.0036088027954798334
leaf_weight=1662.8650155439973 2632.6738603711128 3985.798781581223 306.90714218840003 2357.0920641422272 3108.8221298977733 3246.0629015639424 1724.2659084424376 1709.3350774198771 1676.3525142818689 1524.8308442384005 343.89903517067432 6579.838622957468 5567.7297172322869 1440.2747115418315 1230.9007471501827 2851.8696262910962 686.89480277895927 1175.7991344481707 1208.0527659282088 977.86183358728886 916.44416626542807 2434.5013019144535 2829.3534171953797 459.59912173449993 2442.074542209506 447.75851708650589 319.14847130328417 290.28211289644241 1150.582827180624 6863.7286173701286
leaf_count=11332 12504 16941 4597 9821 14126 14322 9761 8011 15501 6903 2018 29584 24546 9266 5203 13419 3521 5522 6834 5359 4116 10387 13447 3819 11491 2068 1817 1219 4996 29789
internal_value=4.49237e-06 0.00222381 -0.00452045 0.000952169 -0.00374721 0.0026514 -0.00559264 -0.0026377 0.011687 0.00453781 -0.010584 -0.0035957 -0.000971036 0.00846401 -0.000217166 0.00126047 0.00363197 0.00634086 -0.00643167 -0.00438895 -0.0015966 0.00120654 -0.00672399 -0.0250428 0.00918714 0.0114106 0.00361776 0.00245117 0.00168146 0.00267017
internal_weight=64151.6 43041.4 21110.2 37942.7 20343.7 25752.8 14859.2 12189.9 5098.64 16939 4254.08 10605.1 8813.79 3422.29 7651.2 5484.54 14966.5 6265.25 2529.81 2185.91 7496.28 6420.3 4538.69 766.506 3617.87 1972.59 1759.42 2647.37 8701.21 7550.62
internal_count=312240 206103 106137 168187 97721 114198 71798 53989 37916 75330 23972 47826 38868 22415 32531 25923 66359 28053 14211 12193 33700 27328 21458 8416 17013 8971 11083 11040 38306 33310
cat_boundaries=0 1 2 3 4 5 6
cat_threshold=7168 4102 24908960 32385696 2113790 853346
is_linear=0
shrinkage=0.05


Tree=54
num_leaves=31
num_cat=5
split_feature=14 0 12 26 17 0 2 18 7 4 23 2 24 18 29 23 14 6 1 17 6 30 4 11 32 29 14 11 1 1
split_gain=242.266 161.526 155.122 96.0521 61.54 57.0133 48.2476 42.989 40.7491 45.6045 38.6057 37.294 38.5428 36.9705 35.5465 33.7432 32.1816 27.1786 30.0261 26.665 25.7396 26.5245 25.3144 28.5865 28.0322 23.9843 22.8938 21.9912 21.94 21.832
threshold=4.9350000000000014 1.5000000000000002 3.1500000000000004 0.04819976771196284 38.785000000000004 5.5000000000000009 0 50.415000000000006 54.250000000000007 1.5000000000000002 3.0500000000000003 1 0.21316666666666673 60.995000000000012 5.2500000000000009 5.7321428571428585 5.9750000000000005 51.500000000000007 2 38.085000000000008 26.500000000000004 0.075200000000000017 1.0000000180025095e-35 7.1250000000000009 0.45174591885118204 2.7500000000000004 6.5550000000000006 3.0150000000000001 3 4
decision_type=2 2 2 10 2 2 1 2 2 2 10 1 10 2 2 8 2 2 1 2 2 10 2 2 8 2 2 2 1 1
left_child=2 10 15 6 5 8 -4 17 9 11 -2 12 26 14 20 -1 -6 -5 -19 28 -8 -22 23 -18 -24 -9 -3 -13 -12 -7
right_child=1 4 3 7 16 29 13 25 -10 -11 19 27 -14 -15 -16 -17 22 18 -20 -21 21 -23 24 -25 -26 -27 -28 -29 -30 -31
leaf_value=-0.018185254814425254 0.017185303233332696 0.0053703875309358204 -0.00028199058657802896 -0.0011729065364199322 0.0017390178336440677 -0.011776049479264639 -0.00055181796433316965 0.0093638309937405049 -0.0047359553604666253 -0.0043830168510534612 -0.002048622718595058 0.10528141630953335 -0.010874904483287887 0.00079234736560014607 -0.013561590037217184 -0.040306991715396569 0.009394861964624926 -5.3416085942211062e-05 -0.017316724779367545 0.01655688575806142 -0.006806263290178533 -0.017291658477371113 0.012930095443431861 0.02783700936471549 -0.0021309904876926334 0.0016762057089465849 0.012783327113331428 0.0010037151533620649 0.008997016443354813 -0.0031078056466086659
leaf_weight=679.86566092073917 1857.5554587393999 4658.2644515484571 3171.6286219209433 5693.0811568051577 3505.8836974725127 925.23187348991632 1417.2470145151019 1267.3730447813869 2414.2764062508941 2282.4535732418299 739.02390833944082 5.0589504688978186 316.49680802226067 1241.654591858387 2455.0063334442675 230.93405079469085 2707.2545015662909 447.60180719941854 583.87078274041414 632.11832349002361 4904.2103105336428 687.71654569357634 454.51604017615318 227.80669067800045 964.64708882570267 5086.3598570525646 1341.4855295270681 8630.2799241393805 1137.0106335505843 3380.3977942764759
leaf_count=7198 16486 20363 14965 26203 15367 4372 6659 6491 10409 9537 4753 24 1363 5952 14294 3256 12235 2033 2647 4373 22481 3102 1978 1118 4158 22556 6437 37581 7985 15864
internal_value=4.26846e-06 0.00270311 -0.0034997 -0.00281398 0.00146552 0.00020583 -0.00571144 0.000260543 0.00134772 0.00219997 0.0117218 0.00320491 0.00612108 -0.00731284 -0.00838392 -0.0237942 0.00530448 -0.00252594 -0.00999381 0.00767542 -0.00657041 -0.0080958 0.00817528 0.0108263 0.00269263 0.00320965 0.00702785 0.00106357 0.00468286 -0.00500508
internal_weight=64046.3 36179.8 27866.5 26955.8 31814.1 23953.9 13877.5 13078.3 19648.3 17234 4365.71 14951.6 6316.25 10705.8 9464.18 910.8 7860.11 6724.55 1031.47 2508.15 7009.17 5591.93 4354.22 2935.06 1419.16 6353.73 5999.75 8635.34 1876.03 4305.63
internal_count=312240 174403 137837 127383 140806 105950 67453 59930 85714 75305 33597 65768 28163 52488 46536 10454 34856 30883 4680 17111 32242 25583 19489 13353 6136 29047 26800 37605 12738 20236
cat_boundaries=0 1 2 3 4 5
cat_threshold=6 486 26418328 2116732 21760000
is_linear=0
shrinkage=0.05


Tree=55
num_leaves=31
num_cat=10
split_feature=0 23 23 0 3 11 4 17 1 2 26 14 7 2 29 2 6 1 6 1 1 0 11 6 1 1 10 32 1 18
split_gain=224.626 140.317 124.334 82.5035 72.871 59.3621 59.1795 55.1055 44.5007 44.2611 41.6898 40.3324 37.3011 37.8016 35.793 33.2299 30.4692 30.2236 29.0307 29.87 28.5812 27.6663 26.4564 26.1118 25.6623 25.5589 25.4558 25.4538 23.3086 23.0476
threshold=3.5000000000000004 4.4365079365079376 3.6125000000000003 1.5000000000000002 2.5000000000000004 1.425 2.5000000000000004 32.010000000000012 0 1 0.28165064102564108 4.7550000000000008 52.45000000000001 2 1.7500000000000002 3 30.500000000000004 4 38.500000000000007 5 6 5.5000000000000009 3.0150000000000001 51.500000000000007 7 8 0.12500000000000003 0.51433710174717373 9 67.750000000000014
decision_type=2 10 8 2 2 2 2 2 1 1 8 2 2 1 2 1 2 1 2 1 1 2 2 2 1 1 10 8 1 2
left_child=2 4 3 14 7 -3 10 15 -7 -4 17 22 13 25 -1 -2 -17 -6 21 26 -16 24 -11 -24 -9 -5 -20 -8 -23 -30
right_child=1 5 9 12 6 8 27 18 -10 11 -12 -13 -14 -15 20 16 -18 -19 19 -21 -22 28 23 -25 -26 -27 -28 -29 29 -31
leaf_value=0.019153853568183984 -0.0011687660196119719 -0.035905846372840992 0.0068747814040417887 0.0084168794918442567 -0.0029355780106294967 -0.0040093708019263812 -0.0010853347799673983 -0.0027384430544118571 -0.016297028499846888 -0.016269001712614389 0.014321956364237163 0.00161483071801438 0.00046116407030819939 0.0080190938154622495 0.013901659302542843 -0.0022820329662873689 -0.010010868779319816 0.0055033556066512532 0.03824716266831512 -0.00052793025863779859 0.0045817080468808702 -0.010963515688607518 -0.0019012422535843556 -0.0099553207059511518 0.0063747084928969956 -0.0019786078338136989 -0.0079757960858034965 -0.012815422102935639 -0.00061398312182896978 0.033976608637215092
leaf_weight=1140.6072412803769 2375.3984699323773 255.19368771836162 1645.2429072111845 819.91037517786026 1522.5977425575256 1367.338645927608 1364.9721268713474 1065.3596245795488 1647.0620242469013 439.93469433486462 957.60002689063549 4776.1203536763787 5396.0311232060194 5920.8622184991837 1542.0045164525509 1702.0876106880605 5084.2440027445555 3463.4511427879333 30.127174526453018 3829.8189234435558 1824.6245148703456 673.45412397757173 4844.8776726573706 1270.1723271533847 2778.4203905239701 2048.6263169795275 2629.7541223391891 699.47032807767391 779.5043611228466 51.326712667942047
leaf_count=11764 10878 4015 7325 3564 6651 9036 6111 4658 10902 2296 4264 22151 23679 26895 10866 8152 23661 15200 134 17389 12211 3500 21091 5516 12145 8890 12039 2963 4027 267
internal_value=3.85314e-06 -0.00293151 0.00299559 0.00560588 -0.00182471 -0.0127509 0.00223347 -0.00337229 -0.0107907 -0.000764583 0.00476665 -0.00187821 0.00373345 0.00574239 0.0114989 -0.00628374 -0.00806051 0.00293149 -0.001119 -0.00336676 0.00890539 0.00160858 -0.00442618 -0.00357418 0.00385833 0.00101164 -0.00742434 -0.0050597 -0.00414001 0.00150483
internal_weight=63946.2 32277.2 31669 18692.7 29007.6 3269.59 8008.09 20999.5 3014.4 12976.3 5943.65 11331.1 14185.4 8789.4 4507.24 9161.73 6786.33 4986.05 11837.8 6489.7 3366.63 5348.07 6554.98 6115.05 3843.78 2868.54 2659.88 2064.44 1504.29 830.831
internal_count=312240 155992 156248 97869 132039 23953 35189 96850 19938 58379 26115 51054 63028 39349 34841 42691 31813 21851 54159 29562 23077 24597 28903 26607 16803 12454 12173 9074 7794 4294
cat_boundaries=0 1 2 3 4 5 6 7 8 9 10
cat_threshold=2220606 2 6160 262 22288386 30315040 21900000 18427968 5515528 13380044
is_linear=0
shrinkage=0.05


Tree=56
num_leaves=31
num_cat=8
split_feature=29 0 11 25 29 17 17 6 26 17 1 1 11 0 26 2 6 24 24 26 1 10 4 15 17 1 14 2 1 1
split_gain=212.086 172.369 95.128 74.6617 71.7812 45.2167 40.836 37.8837 37.6546 36.7852 32.9702 32.379 31.0842 28.4526 27.4819 27.0874 26.6936 26.7997 26.1837 26.1403 24.9212 24.3738 22.6679 24.0623 22.1255 22.6437 21.7688 25.285 21.665 21.5578
threshold=5.2500000000000009 2.5000000000000004 2.2250000000000005 1.0000000180025095e-35 1.2500000000000002 36.235000000000007 44.470000000000006 38.500000000000007 0.060915275200989494 33.645000000000003 0 1 7.6850000000000014 5.5000000000000009 0.64126753749395271 2 52.500000000000007 0.19316666666666674 0.17211111111111116 0.42365967365967372 3 0.16500000000000004 1.5000000000000002 47.645000000000003 44.010000000000012 4 5.9750000000000005 5 6 7
decision_type=2 2 2 8 2 2 2 2 8 2 1 1 2 2 10 1 2 10 10 10 1 8 2 2 2 1 2 1 1 1
left_child=1 4 -2 9 14 10 7 20 18 13 21 -7 15 16 -1 -9 17 28 -4 -13 -5 -6 23 -17 25 -20 27 29 -3 -11
right_child=2 3 8 6 5 11 -8 12 -10 26 -12 19 -14 -15 -16 22 -18 -19 24 -21 -22 -23 -24 -25 -26 -27 -28 -29 -30 -31
leaf_value=0.0095824752596574796 -0.026216792451251348 -0.0042010805205480155 -0.0050262824208093778 2.3514695078170841e-05 0.0084663534145353967 0.0030171202115971069 0.0086011679879043502 -0.004836843585045162 -0.0023006232725276982 0.0076785320405648675 -0.0010911888690007495 0.0087534143723165484 0.024881877010689835 -0.0098451633123714608 0.02072494588367392 -0.00016627750694526397 -0.010633901739691169 -0.0087485987692620532 -0.0065681809696527486 0.020462687184617964 0.0058666758211893518 0.0012601602649998894 -0.011924439523800449 0.0091890501706562329 0.0011031028342986986 -0.01871157329529265 0.0034753607943738374 -0.0039555598230610872 0.0016855325720475257 -0.0022597991036795873
leaf_weight=2014.1063056588173 620.73510283976793 2900.5160684622824 1927.2512191087008 3176.1057991907001 2317.2402469962835 2133.6284190788865 1881.7640340328217 3958.20672942698 3787.8357706293464 1043.2655614130199 4771.1988384276628 2236.5577515587211 110.04839617013931 2204.8954497128725 763.0242290943861 3031.7697869837284 1138.8118057847023 1375.543008197099 602.36769170314074 605.72887037694454 4297.8580280318856 2377.1829284280539 318.05796560645103 888.8222154378891 243.10310494154692 1266.2359040603042 2509.1658938676119 4845.319321308285 3368.9906777217984 1127.7967096343637
leaf_count=12718 8328 12604 10791 13963 12363 10763 8269 17274 17783 4694 23302 10060 491 11473 8242 13290 4959 6178 3490 4449 18935 11313 1362 4039 1335 7305 10964 21829 14604 5070
internal_value=3.71671e-06 0.00112909 -0.00737604 -0.000744012 0.0052821 0.00386641 0.00163896 0.000808764 -0.0058818 -0.00279573 0.00183792 0.0077252 -0.00151497 -0.00476701 0.0126439 -0.00186937 -0.00349231 -0.0024285 -0.00924032 0.0112094 0.00339147 0.00480701 0.000911031 0.00195463 -0.0130863 -0.0149323 -0.00052164 -0.00195103 -0.00104185 0.0025292
internal_weight=63843.1 55395.6 8447.53 38176.9 17218.7 14441.5 17662.6 15780.9 7826.79 20514.3 9465.62 4975.92 8306.91 10988.8 2777.13 8196.86 8783.86 7645.05 4038.96 2842.29 7473.96 4694.42 4238.65 3920.59 2111.71 1868.6 9525.55 7016.38 6269.51 2171.06
internal_count=312240 263208 49032 169998 93210 72250 77623 69354 40704 92375 46978 25272 36456 49818 20960 35965 38345 33386 22921 14509 32898 23676 18691 17329 12130 10795 42557 31593 27208 9764
cat_boundaries=0 1 2 3 4 5 6 7 8
cat_threshold=31341184 2185926 7216 22484048 442460 770 13402860 27411038
is_linear=0
shrinkage=0.05


Tree=57
num_leaves=31
num_cat=7
split_feature=14 0 11 26 27 4 26 3 30 0 18 6 6 10 18 17 29 7 17 2 1 14 19 1 24 1 23 1 2 1
split_gain=198.554 138.483 126.024 75.3423 60.5347 53.4615 46.8137 45.6846 42.9481 41.7961 37.0641 31.4174 30.6189 30.2344 30.6216 29.6448 28.7894 28.0623 27.9279 27.848 27.6483 26.6873 25.0597 25.0205 24.7917 24.0997 23.9859 23.6588 21.7279 22.1524
threshold=4.535000000000001 2.5000000000000004 1.5450000000000002 0.04819976771196284 1.0000000180025095e-35 1.0000000180025095e-35 0.60749299719887961 2.5000000000000004 -0.12429106858054229 5.5000000000000009 57.415000000000006 51.500000000000007 34.500000000000007 0.19500000000000003 58.835000000000008 38.685000000000009 5.2500000000000009 53.550000000000004 39.140000000000008 0 1 6.8650000000000011 9.1950000000000021 2 0.21050000000000005 3 4.2361111111111116 4 5 6
decision_type=2 2 2 10 8 2 10 2 10 2 2 2 2 8 2 2 2 2 2 1 1 2 2 1 8 1 10 1 1 1
left_child=2 6 -1 9 12 7 15 28 -9 11 26 13 -3 14 17 22 -11 19 -10 27 -8 25 -2 -12 -15 -14 -5 -4 29 -6
right_child=1 4 3 10 5 -7 20 8 18 16 23 -13 21 24 -16 -17 -18 -19 -20 -21 -22 -23 -24 -25 -26 -27 -28 -29 -30 -31
leaf_value=-0.032681286040246914 0.015139685372120638 0.0017253037909996712 -0.007616475611457247 -0.00033186338397182824 5.6759147843091871e-05 -0.0033454301451106335 -0.0012660761843025818 0.030025155357103425 0.0043597597201475947 -0.0085973055579675797 -0.00079874416581452714 -0.010838719456872226 -0.0090448921135789489 -0.0051562102086389408 0.006893486553617989 0.0096248469173105828 -0.020790379876915427 -0.0091684557739574127 0.014790565296307158 -0.0030525161822254968 0.015516604263976941 0.0020694194709742191 0.0028486418411821247 0.010423727190930026 -0.018693250287829841 -0.0030812673313134623 -0.0070919791384877889 0.012703492826298761 -0.00040416166196179364 0.0073121979287523037
leaf_weight=372.93486588075757 438.596116758883 2880.7135796099901 184.96898260712624 6306.8444952368736 1816.2162104547024 3771.0597159713507 290.95186397433281 209.06147289276123 2830.4749706685543 1746.8243654221296 850.10050141811371 1636.9953428804874 2840.919183164835 1114.1019576117396 914.88885556906462 2638.6572201028466 669.71756268292665 1361.6165765114129 829.85765601694584 2747.0352777913213 1784.0800096988678 1400.7767884731293 7613.1134854704142 1195.5106493234634 485.65416041016579 4268.6630363166332 1656.8844299092889 573.34159784764051 5806.9518496617675 2510.647779867053
leaf_count=5664 2194 12777 855 28991 7945 16527 2420 935 13040 9457 3892 7530 12739 5844 4208 13376 6061 6423 3929 13048 16428 6093 37860 5517 2694 19021 7637 2664 25508 10963
internal_value=3.32116e-06 0.00201617 -0.00386516 -0.00336403 0.000115158 0.00193874 0.00635945 0.00336176 0.00798351 -0.0061368 -0.000196285 -0.00457205 -0.0027303 -0.00318231 -0.00149909 0.00502545 -0.0119765 -0.00307673 0.0067246 -0.000710456 0.0132321 -0.0042385 0.00351816 0.00580702 -0.00926579 -0.00548133 -0.00173833 0.00771237 0.00159704 0.00427386
internal_weight=63748.2 41930.7 21817.4 21444.5 29165.3 17774.3 12765.4 14003.2 3869.39 11435.1 10009.3 9018.6 11391.1 7381.61 5781.85 10690.4 2416.54 4866.96 3660.33 3505.35 2075.03 8510.36 8051.71 2045.61 1599.76 7109.58 7963.73 758.311 10133.8 4326.86
internal_count=312240 201755 110485 104821 129477 78847 72278 62320 17904 58784 46037 43266 50630 35736 27198 53430 15518 22990 16969 16567 18848 37853 40054 9409 8538 31760 36628 3519 44416 18908
cat_boundaries=0 1 2 3 4 5 6 7
cat_threshold=514 16412 208534 29997568 2691616 1606 26515680
is_linear=0
shrinkage=0.05


Tree=58
num_leaves=31
num_cat=10
split_feature=29 0 0 17 24 7 4 11 23 26 1 3 2 3 2 30 1 1 6 17 0 1 1 11 32 2 1 13 1 6
split_gain=183.332 126.482 112.767 64.1221 58.7419 56.3567 55.8134 55.6392 53.9407 47.8496 39.3847 37.1866 37.0946 36.218 46.7949 36.7317 32.8531 32.7853 32.0332 31.1858 31.1843 22.9514 22.6741 22.5272 21.9743 23.2052 21.5833 21.567 21.001 22.6739
threshold=3.2500000000000004 5.5000000000000009 1.5000000000000002 44.470000000000006 0.1889444444444445 53.350000000000001 2.5000000000000004 7.4750000000000005 5.5277777777777786 0.21320346320346323 0 1.0000000180025095e-35 1 2.5000000000000004 2 0.13425780141843971 3 4 31.500000000000004 28.135000000000002 2.5000000000000004 5 6 4.9250000000000007 0.26328626444159181 7 8 65.655000000000015 9 58.500000000000007
decision_type=2 2 2 2 10 2 2 2 10 8 1 2 1 2 1 8 1 1 2 2 2 1 1 2 10 1 1 2 1 2
left_child=2 4 10 5 9 6 7 13 16 12 -1 -6 -2 15 -15 18 23 -14 -4 26 -20 -11 -5 -3 25 -25 -13 -17 -21 -30
right_child=1 8 3 22 11 -7 -8 -9 -10 21 -12 19 17 14 -16 27 -18 -19 20 28 -22 -23 -24 24 -26 -27 -28 -29 29 -31
leaf_value=0.0039825855258064456 0.0069877000308269576 -0.0093496102001679234 0.0057355478110460998 0.0030462293726579667 -0.016356976690539794 -0.0038844560458626098 -0.0071325462131312288 0.023731062535238795 -0.038157406765169453 0.0070128936753760546 0.014522197572177218 -0.0031670219535325284 7.026848555671323e-05 -0.0049951356888449962 0.0072574092386227806 -0.01077860987004072 -0.013926657793638178 -0.0048885731822652838 0.0058165147335713027 0.0017587697722668495 -0.0016695043277865876 0.00063711161588730014 0.012460953455094214 -0.0058349924303545547 -0.0013729500819683806 0.04188461044695653 -0.014622546187631136 0.02661995946631204 -0.0039892523206371258 -0.025634461619685731
leaf_weight=1433.4672197550535 1137.6945399232209 1058.6512788757682 3278.4534105882049 1071.0011762529612 700.16826412454247 5172.4599302709103 1562.3889246582985 309.30594167113304 174.14489041268826 2776.8859504126012 2428.4559018313885 722.79545804858208 6742.5913565829396 908.50923144817352 5308.4010692834854 837.86129704862833 2116.833798289299 6590.3338212519884 1761.806095123291 2017.5150768086314 6612.4031699299812 2879.0072570852935 1665.0091474950314 44.985370054841042 637.47309868037701 54.372106045484543 1007.8922315388918 40.408757537603378 2479.0134651139379 127.19600285589695
leaf_count=11459 5142 7629 14061 4731 5018 22357 6580 1495 2951 13071 21227 3351 30297 3858 24976 3614 14046 29634 7918 9122 27964 13530 7419 264 3581 303 4646 177 11243 576
internal_value=3.2169e-06 -0.00272779 0.00263959 0.00155411 -0.00149475 0.000782043 0.00195265 0.00269749 -0.0109294 -0.000118611 0.010658 -0.00542083 -0.00164278 0.00235047 0.00547052 0.000802539 -0.0097174 -0.00238266 0.00154573 -0.00421582 -9.45599e-05 0.00378097 0.00883227 -0.0046513 0.00203594 0.0239072 -0.00994111 -0.00905792 -0.0020728 -0.00502636
internal_weight=63657.5 31267.6 32389.9 28528 27181.1 25792 20619.5 19057.1 4086.46 20126.5 3861.92 7054.58 14470.6 18747.8 6216.91 12530.9 3912.32 13332.9 11652.7 6354.41 8374.21 5655.89 2736.01 1795.48 736.831 99.3575 1730.69 878.27 4623.72 2606.21
internal_count=312240 154404 157836 125150 125630 113000 90643 84063 28774 91674 32686 33956 65073 82568 28834 53734 25823 59931 49943 28938 35882 26601 12150 11777 4148 567 7997 3791 20941 11819
cat_boundaries=0 1 2 3 4 5 6 7 8 9 10
cat_threshold=86206 2 4096 8507966 15619086 6137072 23356168 7040 13840536 21373644
is_linear=0
shrinkage=0.05


Tree=59
num_leaves=31
num_cat=5
split_feature=23 0 11 2 18 26 2 7 0 23 4 11 28 14 1 1 25 4 17 7 24 18 18 7 7 30 1 17 28 10
split_gain=172.533 135.291 82.4767 61.9366 58.1466 54.2366 52.4164 48.0498 39.5832 37.6176 32.2271 32.159 33.6021 30.7999 29.1941 25.5112 24.7662 23.8091 22.736 22.42 22.153 21.4707 20.7507 19.918 19.9063 19.8647 19.741 19.5142 32.7167 19.2373
threshold=4.0500000000000007 2.5000000000000004 1.5450000000000002 0 58.980000000000011 0.68042553191489374 1 54.250000000000007 5.5000000000000009 3.3541666666666674 1.0000000180025095e-35 4.4450000000000012 1482.6532913750057 5.4450000000000012 2 3 0.58333333333333337 1.5000000000000002 28.335000000000004 50.250000000000007 0.12683333333333338 52.905000000000008 52.735000000000007 48.750000000000007 59.050000000000004 -0.076174844720496973 4 33.265000000000008 1582.1296607117708 0.17500000000000002
decision_type=10 2 2 1 2 10 1 2 2 8 2 2 2 2 1 1 8 2 2 2 8 2 2 2 2 8 1 2 2 8
left_child=1 5 -2 19 6 11 13 9 18 10 21 12 -1 -3 -13 -7 -6 20 26 -4 -16 25 -22 -10 -20 -8 -5 28 -17 -11
right_child=2 4 3 8 16 15 7 -9 23 29 -12 14 -14 -15 17 27 -18 -19 24 -21 22 -23 -24 -25 -26 -27 -28 -29 -30 -31
leaf_value=0.0016113710063439556 -0.030057105904500805 -0.008177289153686226 -0.0076936648539220644 -0.0037871723143596131 0.0027982013545165309 0.021852019059891998 0.016293759334723344 -0.0060883540983533626 -0.030659724102883402 0.00027452613758790248 -0.0026562815524954759 0.0086006341049139155 -0.014589001794908891 -0.0020881133092421505 0.012118631167329048 -0.016934700669857236 0.012059165899457457 -0.0059017424871010077 -0.0032115658248955299 0.003307354515281843 0.0008688142563336934 0.0089795531768343869 0.0070342460510295721 -0.012418378163090452 -0.023702965379040895 0.0023578666670976967 -0.013026287536062492 0.015642241370533539 0.012591770782577217 -0.0048823330436511339
leaf_weight=1850.6762766987085 323.21209431439638 3520.7405730932951 557.78950886800885 995.76563401147723 5250.797992631793 643.77539477497339 267.7434313595295 2744.7885034196079 176.63280770927668 5093.1601941213012 1970.4352277740836 4335.0084653049707 387.01281975209713 5063.209482729435 793.83969365805387 162.36346615105867 836.99162102118134 628.24518413841724 5731.7472030855715 2729.2762319147587 3590.7844091281295 1992.6621599942446 2201.3971861228347 979.557073879987 121.02115885168314 5690.6778985261917 1468.1834613122046 428.36600168794394 222.22736681997776 2804.2025325112045
leaf_count=8004 5326 16493 2885 4838 23311 6345 1195 12278 1342 22588 8531 23259 1720 22171 4396 1316 3759 3005 27467 13353 18751 8931 11814 6984 598 25194 7203 3966 2221 12996
internal_value=3.4226e-06 0.00132962 -0.00511346 -0.00448163 -0.000372947 0.00526505 -0.00130121 6.97738e-05 -0.00652972 0.0010184 0.00306804 0.0042956 -0.00119052 -0.00458028 0.00535854 0.0144402 0.00407146 0.00339376 -0.00533151 0.0014362 0.00428561 0.00448664 0.00321207 -0.0152051 -0.00363528 0.00298408 -0.00936068 0.00820124 0.000126522 -0.00155658
internal_weight=63562.3 50479.1 13083.2 12760 35235.4 15243.7 29147.6 20563.7 9472.91 17818.9 9921.52 13787 2237.69 8583.95 11549.3 1456.73 6087.79 7214.27 8316.72 3287.07 6586.02 7951.08 5792.18 1156.19 5852.77 5958.42 2463.95 812.957 384.591 7897.36
internal_count=312240 242244 69996 64670 157447 84797 130377 91713 48432 79435 43851 70949 9724 38664 61225 13848 27070 37966 40106 16238 34961 35320 30565 8326 28065 26389 12041 7503 3537 35584
cat_boundaries=0 1 2 3 4 5
cat_threshold=6 7168 30182016 24945024 12796958
is_linear=0
shrinkage=0.05


Tree=60
num_leaves=31
num_cat=7
split_feature=14 11 0 26 2 25 0 18 6 4 3 1 28 1 10 18 7 23 23 2 27 10 6 29 1 17 19 1 14 1
split_gain=162.342 108.178 103.589 71.4788 47.5119 57.859 45.9275 41.1582 36.8058 33.6371 42.4096 33.0905 32.8864 31.4984 27.6885 26.4569 25.5774 25.3416 24.7487 22.6837 22.5969 22.271 21.5133 21.2607 22.0191 21.8079 21.6948 23.1558 21.2025 20.0951
threshold=5.0050000000000008 1.6950000000000001 1.5000000000000002 1.0000000180025095e-35 0 0.58333333333333337 5.5000000000000009 50.415000000000006 51.500000000000007 1.5000000000000002 2.5000000000000004 1 1528.3856570047044 2 0.19500000000000003 58.835000000000008 53.550000000000004 3.0500000000000003 4.5634920634920642 3 1.0000000180025095e-35 0.17500000000000002 36.500000000000007 2.7500000000000004 4 47.505000000000003 30.675000000000004 5 7.4050000000000011 6
decision_type=2 2 2 10 1 8 2 2 2 2 2 1 2 1 8 2 2 10 10 1 10 8 2 2 1 2 2 1 2 1
left_child=1 21 13 6 28 9 8 18 14 10 20 -8 -12 -2 15 16 -3 -15 22 -20 -6 -1 -5 24 -9 26 29 -28 -4 -25
right_child=2 3 4 7 5 -7 11 23 -10 -11 12 -13 -14 17 -16 -17 -18 -19 19 -21 -22 -23 -24 25 -26 -27 27 -29 -30 -31
leaf_value=0.031398359813763647 -0.0020432000544140165 0.00017033036361235204 -0.0033242878120604198 0.0013508063521260908 -0.0023023792125662721 0.0093522551413348313 -0.0052364547390124456 0.014398639105563863 -0.0097716379238155515 -0.0032574922626638185 0.017923874484678293 -0.016231862271372081 0.0049115213523222637 0.016386127339981009 -0.0079167040534031743 0.006873553742156837 -0.007542268683425943 0.0078372022947717779 0.0077428660538554801 -0.014395344439018954 0.0022357194832355607 -0.0290534445947777 -0.0041016114146394658 0.00134137119735123 0.0020940100160862381 0.0093125496823020931 0.0062695576976610368 -0.0015662037369046937 0.0058437368402588985 -0.0093308937389314471
leaf_weight=15.78385993093252 492.69832776486874 3859.1903241761029 6060.0568596422672 3246.4872586727142 3886.0848071575165 2645.8034463226795 1393.2355896271765 680.3989731669426 1924.4784580096602 3149.7122674137354 550.75899980962276 1400.8276886641979 4101.8364978283644 1525.0716238245368 1613.0491805821657 1002.3844211101532 1490.000090174377 2008.5299346074462 135.49333392083645 687.53696840628982 9326.3478163480759 438.6798311881721 4086.1546325311065 818.33243468776345 795.09398218989372 732.86899036169052 1840.0972063019872 1919.6708936542273 703.87797398865223 949.23584092780948
leaf_count=169 3555 17979 26672 15032 17057 12089 8561 3444 8843 13615 2468 8738 19625 14524 8290 4567 6973 14424 640 3446 40636 6814 18761 3666 4100 3279 8276 8654 3058 4285
internal_value=3.37115e-06 -0.00275118 0.00232442 -0.00236625 0.00132702 0.00238296 -0.00516546 -0.000132149 -0.00356615 0.00150664 0.00234659 -0.0108259 0.00645188 0.0098612 -0.00206673 -0.000581069 -0.00197799 0.0114943 -0.00261035 -0.0108316 0.000900959 -0.0269539 -0.00168758 0.0024806 0.00787986 0.00120803 0.000133447 0.00228127 -0.00236673 -0.00443515
internal_weight=63479.8 29029 34450.8 28574.5 30424.5 23660.5 12683.2 15891.4 9889.1 21014.7 17865 2794.06 4652.6 4026.3 7964.62 6351.57 5349.19 3533.6 8155.67 823.03 13212.4 454.464 7332.64 7735.7 1475.49 6260.21 5527.34 3759.77 6763.93 1767.57
internal_count=312240 144517 167723 137534 135220 105490 63951 73583 46652 93401 79786 17299 22093 32503 37809 29519 24952 28948 37879 4086 57693 6983 33793 35704 7544 28160 24881 16930 29730 7951
cat_boundaries=0 1 2 3 4 5 6 7
cat_threshold=6144 3263290 16404 2 17831914 29107278 19123816
is_linear=0
shrinkage=0.05


Tree=61
num_leaves=31
num_cat=8
split_feature=29 0 7 23 25 1 23 17 0 1 2 7 2 24 1 18 14 26 17 24 1 10 27 21 2 1 8 6 11 17
split_gain=152.865 119.054 77.3413 75.5233 62.0241 49.551 41.0047 39.1623 34.8604 33.8917 33.4346 32.4199 30.9259 28.6654 28.3516 28.1584 27.4308 24.8654 26.8099 24.4024 22.0741 21.3459 20.4915 20.3926 20.2122 21.0256 20.1582 19.8329 19.9453 19.4573
threshold=5.2500000000000009 1.5000000000000002 53.550000000000004 5.3166666666666673 1.0000000180025095e-35 0 2.8452380952380958 44.470000000000006 4.5000000000000009 1 2 50.95000000000001 3 0.19414285714285717 4 50.895000000000003 5.9050000000000011 0.21320346320346323 35.010000000000012 0.16050000000000006 5 0.17500000000000002 1.0000000180025095e-35 0.5634920634920636 6 7 1.5000000000000002 29.500000000000004 7.6850000000000014 45.020000000000003
decision_type=2 2 2 10 8 1 8 2 2 1 1 2 1 8 1 2 2 8 2 8 1 8 8 10 1 1 2 2 2 2
left_child=1 5 4 11 12 21 -7 8 24 23 -8 -2 13 -3 19 -12 26 18 -16 -13 -4 -1 -22 -10 25 -6 -14 -11 -29 -24
right_child=3 2 20 -5 7 6 10 -9 9 27 15 14 16 -15 17 -17 -18 -19 -20 -21 22 -23 29 -25 -26 -27 -28 28 -30 -31
leaf_value=0.021837919816814599 -0.012207067122824143 0.0040937088616379777 -0.0077636125398409077 -0.025546540455739061 -0.0098195767898092562 0.013305878608708353 0.014410744731168462 0.0099371838318050541 -0.0052519302074083979 0.010280007843349372 -0.002447417333728363 0.0069646907210938044 -0.0033745922492807341 -0.0043043749699446651 -0.012243914654603984 0.0061248748261833203 0.0011488759013101408 0.0010665446484493782 -0.0029394871087072196 -0.0033514914823892512 -0.0059810234681715903 0.0057318538774460241 -0.0013889928864081504 0.016242922140182969 0.0051086035888788664 0.0033710335510259864 -0.038012804155900352 0.00034800374979010142 0.033985223069255062 0.010387147993234147
leaf_weight=747.96699739247561 1342.3770819790661 4625.8734034188092 2666.5643292590976 480.85908241569996 478.10772570967674 1258.3861010819674 557.66865654289722 1937.7763966880739 2831.6626856178045 724.05463046580553 2129.95155338943 933.36927132681012 9861.6055692508817 1302.1220415942371 1831.3631533831358 1741.0217131450772 4604.3651619777083 909.69498367235065 1341.1921734549105 1485.6850074678659 2570.8174500204623 283.76696906238794 4107.007340438664 114.81706048548222 8709.0766949355602 784.96711950004101 42.18261905759573 2563.0873195081949 44.840707376599312 383.52079680562019
leaf_count=6193 7717 20578 11865 6601 2006 11776 3896 8659 12619 3265 13087 4870 44330 6057 10244 11009 20341 4376 7159 8065 11387 1690 18213 495 39033 3302 200 11320 195 1692
internal_value=3.01987e-06 0.000957598 9.10071e-05 -0.00631202 0.00109457 0.00719413 0.00533175 0.00321841 0.00241724 -0.000501326 0.00307796 -0.00513284 -0.000795667 0.00224523 -0.00367217 0.00140446 -0.00203831 -0.00620569 -0.00831048 0.000626321 -0.00389363 0.017241 -0.00241779 -0.0043994 0.00425476 -0.00165988 -0.00352212 0.0029501 0.000926362 -0.000383233
internal_weight=63395.8 55071.2 48352.4 8324.54 38624.5 6718.76 5687.03 18188.4 16250.6 6278.46 4428.64 7843.68 20436.1 5928 6501.3 3870.97 14508.2 4082.25 3172.56 2419.05 9727.91 1031.73 7061.35 2946.48 9972.15 1263.07 9903.79 3331.98 2607.93 4490.53
internal_count=312240 263208 215557 49032 172400 47651 39768 80894 72235 27894 27992 42431 91506 26635 34714 24096 64871 21779 17403 12935 43157 7883 31292 13114 44341 5308 44530 14780 11515 19905
cat_boundaries=0 1 2 3 4 5 6 7 8
cat_threshold=17571840 23008784 4098 262 15908876 26517632 4096 10539206
is_linear=0
shrinkage=0.05


Tree=62
num_leaves=31
num_cat=13
split_feature=0 29 23 0 23 24 1 2 7 2 1 0 1 17 1 19 1 1 2 25 1 7 2 1 4 14 7 18 1 17
split_gain=145.24 97.1196 84.4603 54.0551 52.7973 51.5675 43.3825 35.6087 31.3008 31.4154 31.0355 30.8049 34.4898 29.6378 29.5065 26.5124 26.5984 26.2821 26.1954 23.5252 28.873 23.5118 22.8275 24.2351 22.2836 24.1485 22.198 21.8089 21.7687 21.5649
threshold=4.5000000000000009 2.2500000000000004 4.2361111111111116 1.5000000000000002 5.7321428571428585 0.1889444444444445 0 1 52.850000000000001 2 3 1.5000000000000002 4 28.755000000000006 5 25.915000000000003 6 7 8 1.0000000180025095e-35 9 55.45000000000001 10 11 2.5000000000000004 6.535000000000001 49.250000000000007 53.830000000000005 12 42.890000000000008
decision_type=2 2 8 2 10 10 1 1 2 1 1 2 1 2 1 2 1 1 1 10 1 2 1 1 2 2 2 2 1 2
left_child=1 3 6 14 10 11 18 27 9 28 26 12 -3 22 -1 -10 -17 -13 21 -15 -21 -2 23 -7 25 -11 -4 -8 -5 -20
right_child=2 5 4 8 -6 13 7 -9 15 24 -12 17 -14 19 -16 16 -18 -19 29 20 -22 -23 -24 -25 -26 -27 -28 -29 -30 -31
leaf_value=0.005786806304545972 0.0044000719654870542 0.010909028158285467 -0.019257744047733505 -0.0038849215071473488 -0.040329281888846116 -0.013816691754851066 -0.0038885871377473628 -0.0076443241783530477 0.0099596556727384079 0.0065691061466567058 -0.012522363942758939 -0.0016506467678600091 0.0013916486314856096 -0.0034201343387218631 0.017111832426080532 -0.010379642391278761 0.00081002655487130096 0.0021003428193357549 -0.0035015968561823148 0.014020981557823551 -0.0020904237389385585 -0.011556774008654862 -0.012278377600971113 0.005550505899144199 -0.0032286990897074925 0.014802423980622323 0.0028804344445927553 0.0038214224319214982 0.0050118975448550538 0.0064484583876251323
leaf_weight=1091.1688835173845 3717.4198378175497 1588.1664257273078 136.91026387363672 1241.0743743628263 146.00023122504354 236.31757510080934 2607.6667598336935 4533.5928006023169 479.86471970379353 3540.5459709912539 2246.4439095109701 8605.581382907927 2381.1319483295083 3841.5936957709491 1296.4788837432861 786.28239549696445 1596.8553110659122 10188.006694894284 3980.8831867426634 474.27254240214825 652.7775711491704 246.13613501936197 1402.5145819671452 459.82693602144718 431.5431491881609 1189.9076166898012 654.73357700929046 1414.8446244969964 1517.6897419393063 630.84257430583239
leaf_count=10135 16954 9266 1027 5743 2708 1070 12032 21732 2214 16743 15735 36508 13021 17492 13271 3634 7398 43145 18770 2075 2859 1180 6448 2080 1832 6333 4422 6447 7039 2927
internal_value=2.93581e-06 0.00164891 -0.00348109 0.00522487 -0.0109591 6.99595e-05 -0.0020912 -0.00460724 0.00371767 0.0053372 -0.00954768 0.00122832 0.00523066 -0.00366097 0.0120321 -0.000762921 -0.002922 0.000383004 0.000424085 -0.00155662 0.00479525 0.00340058 -0.00864309 -0.00112656 0.00763311 0.00864013 -0.000936408 -0.00117381 0.00100994 -0.00213589
internal_weight=63317.1 43001.6 20315.5 13171.4 3184.09 29830.2 17131.4 8556.1 10783.8 7920.76 3038.09 22762.9 3969.3 7067.3 2387.65 2863 2383.14 18793.6 8575.28 4968.64 1127.05 3963.56 2098.66 696.145 5162 4730.45 791.644 4022.51 2758.76 4611.73
internal_count=312240 208306 103934 74342 23892 133964 80042 40211 50936 37690 21184 101940 22287 32024 23406 13246 11032 79653 39831 22426 4934 18134 9598 3150 24908 23076 5449 18479 12782 21697
cat_boundaries=0 1 2 3 4 5 6 7 8 9 10 11 12 13
cat_threshold=2180606 190 7176 43022 18722976 185534 2158696 25275330 498 29649792 4614 2123878 2740348
is_linear=0
shrinkage=0.05


Tree=63
num_leaves=31
num_cat=8
split_feature=14 11 0 26 18 0 6 2 4 11 18 17 6 28 1 1 11 2 26 24 2 17 1 23 1 14 16 14 1 6
split_gain=136.207 91.7847 89.9917 52.1887 44.0033 40.8059 37.3704 36.6189 36.7821 43.4257 36.4954 33.5862 30.9467 29.9107 26.6006 26.2933 25.5244 23.431 21.178 21.1423 22.1528 21.0984 24.132 20.9463 20.7166 20.6545 19.6881 19.4714 24.5289 19.4616
threshold=4.535000000000001 1.5450000000000002 2.5000000000000004 1.0000000180025095e-35 46.07500000000001 5.5000000000000009 32.500000000000007 0 1.0000000180025095e-35 6.285000000000001 57.415000000000006 40.920000000000009 52.500000000000007 1509.518593590092 1 2 5.6050000000000013 3 0.64126753749395271 0.20950000000000005 4 34.955000000000005 5 4.2361111111111116 6 7.205000000000001 16.755000000000006 6.7350000000000012 7 24.500000000000004
decision_type=2 2 2 10 2 2 2 1 2 2 2 2 2 2 1 1 2 1 10 8 1 2 1 10 1 2 2 2 1 2
left_child=1 -1 11 5 6 12 -4 -6 9 14 23 15 16 -11 17 18 19 -9 -2 20 -3 -7 -23 29 -18 -17 -12 -8 -29 -5
right_child=2 3 4 10 7 21 27 8 -10 13 26 -13 -14 -15 -16 25 24 -19 -20 -21 -22 22 -24 -25 -26 -27 -28 28 -30 -31
leaf_value=-0.029345440581875888 0.0056561793228538659 0.0043607699965439693 0.0033939819380827945 0.0057814946140432805 -0.0027123216640401165 -0.015758010751732353 -0.0056687810595400226 0.0093551959927177311 -0.0018650283429013576 0.037948807407848006 0.010400356851905811 0.010857436761826648 -0.011459344421003216 0.0084716911296421667 -0.00051082731309039578 0.0010309821471298243 -0.0033607639826562655 0.0021611662820723815 0.015864448131045959 -0.0093701602765197522 -0.0036839115011254187 0.0040432273352158819 -0.012890176851988181 -0.0064872005540276244 0.018266792205310012 0.011030196430155422 0.001155848961391501 0.00762941113562258 -0.0052909467527208071 -0.0017503843546993342
leaf_weight=330.99730114638805 3607.242381580174 1093.9934251122177 1971.7155271172523 996.67251091450453 4133.3037307560444 1262.3544717058539 5791.5108509361744 1796.3135068118572 3596.9483451992273 88.944474458694458 984.75674198567867 2176.0269351229072 1126.6741931065917 2652.7173418998718 4484.120183095336 5629.2373052462935 194.43686304241419 3086.5062033906579 591.35624676197767 1169.8757358454168 3817.7351003959775 370.6611580774188 470.97195798903704 2001.3430975265801 248.29635102301836 568.61029627174139 1387.3114666938782 684.17508628964424 770.55133675038815 6148.7232520952821
leaf_count=5664 18744 5188 8789 4618 18379 8526 25926 7876 15776 389 4736 12859 5260 12454 19793 31043 869 13618 5914 6094 18694 2384 3057 9696 1116 3718 6259 3060 3417 28324
internal_value=2.81087e-06 -0.00321839 0.00167456 -0.00281189 0.000145376 -0.00550296 -0.00270912 0.00147169 0.00257291 0.00389336 -0.00053288 0.00520871 -0.00380714 0.00942798 0.0022734 0.0040264 -0.0024857 0.00482145 0.00707712 -0.0033295 -0.00189073 -0.0116697 -0.0055377 -0.00196611 0.00910522 0.0019452 0.00499368 -0.00436979 0.000801726 -0.000699803
internal_weight=63234.1 21604.8 41629.3 21273.8 29056.8 9755 9217.95 19838.9 15705.6 12108.6 11518.8 12572.5 7651.01 2741.66 9366.94 10396.4 6524.34 4882.82 4198.6 6081.6 4911.73 2103.99 841.633 9146.74 442.733 6197.85 2372.07 7246.24 1454.73 7145.4
internal_count=312240 110485 201755 104821 129477 51188 41192 88285 69906 54130 53633 72278 37221 12843 41287 59419 31961 21494 24658 29976 23882 13967 5441 42638 1985 34761 10995 32403 6477 32942
cat_boundaries=0 1 2 3 4 5 6 7 8
cat_threshold=6144 3294942 31208064 326 514 18926904 22004240 32089472
is_linear=0
shrinkage=0.05


Tree=64
num_leaves=31
num_cat=7
split_feature=29 0 23 29 1 1 25 11 0 0 18 17 18 6 2 1 1 24 7 10 4 11 7 3 32 6 1 7 1 18
split_gain=126.191 97.2483 64.1988 51.6367 51.4526 39.0342 34.88 30.9814 29.7436 29.5503 27.2379 26.4898 26.2202 24.0124 22.9343 21.9869 21.3105 21.2454 20.2667 20.1123 19.8781 24.1386 19.8323 19.7981 26.8747 19.0546 18.9969 18.7704 18.6196 18.3913
threshold=5.2500000000000009 3.5000000000000004 5.3166666666666673 1.2500000000000002 0 1 0.58333333333333337 6.8850000000000007 5.5000000000000009 1.5000000000000002 48.285000000000004 33.135000000000012 60.265000000000008 47.500000000000007 2 3 4 0.16683333333333339 53.750000000000007 0.21500000000000002 1.0000000180025095e-35 7.4750000000000005 53.250000000000007 2.5000000000000004 0.50081433224755711 51.500000000000007 5 53.750000000000007 6 57.925000000000004
decision_type=2 2 10 2 1 1 10 2 2 2 2 2 2 2 1 1 1 10 2 8 2 2 2 2 10 2 1 2 1 2
left_child=1 3 7 9 18 27 10 8 12 26 13 17 25 19 23 -14 -10 -7 -3 -6 21 -12 -13 -11 -25 -2 -1 -5 -26 -16
right_child=2 4 -4 5 6 11 -8 -9 16 14 20 22 15 -15 29 -17 -18 -19 -20 -21 -22 -23 -24 24 28 -27 -28 -29 -30 -31
leaf_value=0.0052111438040805197 -0.0037650724630824703 -0.0031966510857794534 -0.023910969160607535 0.0058404634809817481 -0.00071875944938758728 0.00077084431091672902 0.0066580066958975255 0.019318112177081886 -0.0049348619787337204 -0.0091835967232728553 0.0020473303302199178 0.004155173179111557 -0.0068867487946636264 -0.0083128631874703866 0.0066977281534534878 0.0091338566237034128 -0.019622681310248139 -0.0047030918174295775 -0.0094221461596392976 -0.020415991931664889 -0.0038600205017966225 0.036466220901832956 -0.0017969757042503615 0.015005214947975029 -0.013155814469416206 -0.011180592893219756 0.019306864247746025 -9.1500722422304014e-05 0.0056084039749011959 0.019555559018358898
leaf_weight=380.81201381236315 4624.8312588371336 7752.2296990789473 459.94973895698786 7002.7737952247262 4982.6861636228859 3926.4269940555096 1940.6073422729969 132.12161377072334 483.28146385774016 384.64951565861702 8043.6869814731181 5326.5170142427087 314.02166346460581 1562.6104960143566 1488.4323374181986 631.54404533281922 550.1974975168705 3231.3735846802592 1572.4715635888278 133.05692251399159 1583.6370005756617 51.264524221420288 1898.205528229475 355.93358714878559 228.98389935493469 1065.9359627068043 775.05733574181795 1647.2681687325239 288.12146256864071 342.01510456204414
leaf_count=4020 23382 35070 6601 33686 22482 18769 8521 623 4018 1879 36365 25568 1518 7171 7965 3030 4654 14672 7224 952 6952 242 8823 1874 1173 5206 8757 7648 1494 1901
internal_value=2.732e-06 0.000869731 -0.00575833 0.00298743 -0.00122147 0.00205359 0.000319956 -0.00468817 -0.00510171 0.00805544 -0.000431803 0.000455152 -0.00387297 -0.00288808 0.00550292 0.00383719 -0.0129919 -0.00170035 -0.00424194 -0.00123107 0.00126306 0.0022653 0.00259132 0.000265327 0.00443144 -0.00515407 0.014875 0.00470537 -0.0028467 0.00905074
internal_weight=63160.7 54898.8 8261.88 27276.6 27622.3 23032.6 18297.5 7801.93 7669.81 4244.01 16356.9 14382.5 6636.33 6678.35 3088.14 945.566 1033.48 7157.8 9324.7 5115.74 9678.59 8094.95 7224.72 1257.69 873.039 5690.77 1155.87 8650.04 517.105 1830.45
internal_count=312240 263208 49032 138229 124979 109166 82685 42431 41808 29063 74164 67832 33136 30605 16286 4548 8672 33441 42294 23434 43559 36607 34391 6420 4541 28588 12777 41334 2667 9866
cat_boundaries=0 1 2 3 4 5 6 7
cat_threshold=31330304 31331328 7264 9058064 8507710 154156 4313198
is_linear=0
shrinkage=0.05


Tree=65
num_leaves=31
num_cat=7
split_feature=14 11 0 26 27 4 0 30 11 18 18 1 6 18 1 6 11 4 1 10 11 2 0 20 7 1 1 10 17 1
split_gain=118.462 82.1098 75.8695 45.2933 41.089 40.0408 35.8829 32.8735 32.4544 31.788 30.9102 29.0688 27.5905 27.3526 26.4281 25.2445 23.1273 22.8355 22.3345 26.1083 20.8133 25.6449 20.3954 19.9038 19.6818 20.2614 19.479 19.4645 19.1301 21.9577
threshold=4.535000000000001 1.5450000000000002 2.5000000000000004 1.0000000180025095e-35 1.0000000180025095e-35 1.0000000180025095e-35 5.5000000000000009 -0.1637282051282051 5.0450000000000008 57.415000000000006 50.645000000000003 0 52.500000000000007 47.945000000000007 1 34.500000000000007 6.3750000000000009 1.0000000180025095e-35 2 0.13500000000000004 6.285000000000001 3 1.5000000000000002 40.550000000000004 55.550000000000004 4 5 0.19500000000000003 34.955000000000005 6
decision_type=2 2 2 10 8 2 2 10 2 2 2 1 2 2 1 2 2 2 1 10 2 1 2 2 2 1 1 8 2 1
left_child=1 -1 10 6 15 7 12 8 -6 -5 11 23 16 24 -12 -4 27 22 19 -17 21 -15 -16 -2 25 -9 -11 -3 -8 -30
right_child=2 3 4 9 5 -7 28 13 -10 26 14 -13 -14 20 17 18 -18 -19 -20 -21 -22 -23 -24 -25 -26 -27 -28 -29 29 -31
leaf_value=-0.028199706073147503 0.019088370401297655 -0.0012164760430699254 0.0018621398353602806 -0.0018440352992553279 -0.0042931037756694674 -0.002914174703929579 -0.014883682711014635 0.0048728072460116857 0.022889879003753534 0.0098441250931014922 0.0021391165735252732 0.00036373277499286607 -0.01079689468590333 0.0080523745034308172 0.016323842729098727 0.0061763090331727159 0.018663629386471987 0.0026341307066940641 -0.0014699381486636713 -0.0082479416345209982 0.0086216434450661142 0.00068968727983964953 0.0083217406598342977 0.0053989021906323967 -0.012022910024792364 -0.00174920659852623 0.00068413434881721728 -0.007766984879448758 0.0025510781445782474 -0.013564997629020274
leaf_weight=318.63397658988833 324.25037192553282 4907.651017639786 2870.1375729963183 9136.9823834858835 154.284004971385 3758.7455917149782 1246.4969050399959 1727.3316663652658 380.87056066095829 1015.7357940860093 1730.4413199871778 4722.5937176421285 1121.7496764063835 1641.2913837507367 1311.0106276571751 350.22757013142109 128.87576659023762 938.00813001394272 5108.6778005510569 3008.9454175457358 2060.4272062927485 4192.9595833644271 2028.0953561514616 1466.0204882025719 335.68204236030579 3437.8438239693642 1354.2330205701292 1474.8594549633563 445.82696978002787 390.95405863597989
leaf_count=5664 1945 23362 12777 42638 703 16527 8526 7734 1667 4722 9965 26576 5260 7188 10460 1544 602 5423 22770 13539 9732 18462 9270 8639 1508 15326 6273 7997 2859 2582
internal_value=2.54882e-06 -0.00300638 0.00156264 -0.00262814 0.00015939 0.00166544 -0.00514181 0.0029011 0.0150531 -0.000505619 0.00481594 0.00242992 -0.00355442 0.00241563 0.00740265 -0.00219034 -0.00230672 0.00950496 -0.00356391 -0.00672405 0.00430161 0.00277594 0.0114636 0.00783455 -0.000291079 0.000471367 0.0046544 -0.00273016 -0.010958 -0.00511017
internal_weight=63089.8 21542 41547.8 21223.4 29027.4 17689.4 9716.41 13930.7 535.155 11507 12520.4 6512.86 7633.14 13395.5 6007.56 11338 6511.39 4277.11 8467.85 3359.17 7894.68 5834.25 3339.11 1790.27 5500.86 5165.18 2369.97 6382.51 2083.28 836.781
internal_count=312240 110485 201755 104821 129477 78847 51188 62320 2370 53633 72278 37160 37221 59950 35118 50630 31961 25153 37853 15083 35382 25650 19730 10584 24568 23060 10995 31359 13967 5441
cat_boundaries=0 1 2 3 4 5 6 7
cat_threshold=30155264 2122822 29997568 1602 14763268 24432712 18927418
is_linear=0
shrinkage=0.05


Tree=66
num_leaves=31
num_cat=9
split_feature=3 0 4 26 17 25 23 2 32 19 2 11 7 24 2 29 1 32 24 17 26 11 2 6 2 1 1 23 1 12
split_gain=111.696 98.9226 96.5039 84.5579 65.3042 48.6866 48.64 48.5488 38.7383 37.6509 36.6755 32.713 31.2512 28.8224 27.7282 26.1256 25.2771 24.9585 22.7544 22.0489 22.1994 21.347 20.9822 20.2505 20.1854 20.8954 19.4806 18.9658 17.4928 17.3858
threshold=2.5000000000000004 5.5000000000000009 1.5000000000000002 0.52679425837320581 28.135000000000002 1.0000000180025095e-35 4.6125000000000007 0 0.46041384714010974 1.0000000180025095e-35 1 7.4150000000000009 58.250000000000007 0.21050000000000005 2 5.2500000000000009 3 0.4754500160720026 0.17050000000000007 38.785000000000004 0.10102040816326532 2.4150000000000005 4 50.500000000000007 5 6 7 5.7071428571428582 8 34.660000000000004
decision_type=2 2 2 8 2 10 8 1 8 2 1 2 2 10 1 2 1 8 8 2 10 2 1 2 1 1 1 10 1 2
left_child=1 4 3 10 9 7 16 -6 29 -1 17 19 18 15 26 24 -3 -2 -9 -12 -21 -20 -18 -10 25 -11 -7 -8 -22 -4
right_child=2 6 8 -5 5 14 27 12 23 13 11 -13 -14 -15 -16 -17 22 -19 21 20 28 -23 -24 -25 -26 -27 -28 -29 -30 -31
leaf_value=0.0042901584066662958 0.0049713446253724274 -0.011945566073594229 0.026675067368091693 0.015360622992569573 0.0063408864148792937 -0.003801767324294829 -0.01568796871294896 0.0006744549935243548 -0.0050868084164454562 0.0048801305024549985 0.003501718187379774 0.023066203137187283 -0.01770813157100774 -0.013054018427788772 0.0056714758758948745 -0.010360518032656498 0.0012135812613524042 -0.0072004639495330432 -0.017673633367263793 0.0030278254392401417 0.0071875085753832267 -0.0025574683341564254 -0.0059140500649496226 -0.025100204458978859 -0.0045986150826764407 -0.0035797613899164549 0.0032957335892212659 -0.040171042856167266 0.021662803534959394 0.0025680608849271026
leaf_weight=1361.7644150741398 702.77263426780701 1131.4610707312822 78.728944212198257 2088.217182405293 2265.0251131094992 1631.6330393999815 707.08978291228414 8506.667041156441 2649.3309228718281 1457.8751902095973 4994.8826903253794 263.83698877692223 289.90452573075891 910.48453649878502 6593.5645872503519 1272.0384493730962 1522.3080156520009 1051.0196386650205 240.3772180005908 613.66129337251186 417.05150700360537 8232.1271625384688 3204.6727781817317 132.72844169288874 4844.3775280639529 1442.3000999204814 2342.169261995703 89.064003594219685 491.65814538300037 1495.0931552201509
leaf_count=6419 3119 6166 378 16578 10615 7371 6955 40102 12483 6738 23798 1371 1400 4572 30776 6866 7830 4571 2598 2792 2156 37901 17202 627 22150 6625 10589 1868 2545 7079
internal_value=2.47777e-06 -0.00117283 0.00377228 0.00634216 -0.000263118 0.00095313 -0.00683109 -0.000525869 -0.00249515 -0.00350622 0.00413563 0.00579748 -0.00142936 -0.0045757 0.0036871 -0.00371957 -0.00525525 -0.00230985 -0.00115226 0.00510729 0.0103751 -0.00298634 -0.0036209 -0.00604162 -0.0026288 0.000675057 0.00037929 -0.0184268 0.0153369 0.00377399
internal_weight=63023.9 48044.9 14979 10623.1 41390.3 30101.5 6654.6 19534.1 4355.88 11288.8 8534.88 6781.09 17269.1 9927.08 10567.4 9016.59 5858.44 1753.79 16979.2 6517.25 1522.37 8472.5 4726.98 2782.06 7744.55 2900.18 3973.8 796.154 908.71 1573.82
internal_count=312240 234743 77497 56930 194722 141352 40021 92616 20567 53370 40352 32662 82001 46951 48736 42379 31198 7690 80601 31291 7493 40499 25032 13110 35513 13363 17960 8823 4701 7457
cat_boundaries=0 1 2 3 4 5 6 7 8 9
cat_threshold=2 4096 7184 4989056 166 390 15947394 12130052 29720846
is_linear=0
shrinkage=0.05


Tree=67
num_leaves=31
num_cat=8
split_feature=14 0 26 2 23 17 29 2 4 11 12 2 0 1 17 7 10 7 1 18 23 4 1 6 23 1 18 26 1 14
split_gain=105.206 93.2676 50.0312 47.1838 56.4084 42.1076 40.2125 27.5991 26.9695 27.6512 26.5135 24.2922 22.6349 22.3139 21.9322 21.7591 24.4445 22.4208 22.0852 21.7945 20.9007 20.0595 20.0166 19.5448 19.1221 18.8995 24.8658 21.7376 18.7837 18.3831
threshold=5.8850000000000007 5.5000000000000009 0.60749299719887961 0 3.8819444444444451 41.035000000000004 5.2500000000000009 1 1.0000000180025095e-35 5.7350000000000012 3.1500000000000004 2 1.5000000000000002 3 45.020000000000003 52.850000000000001 0.17500000000000002 57.350000000000001 4 53.545000000000009 5.4142857142857155 1.5000000000000002 5 35.500000000000007 3.6125000000000003 6 48.105000000000011 0.74037037037037046 7 5.7550000000000008
decision_type=2 2 8 1 8 2 2 1 2 2 2 1 2 1 2 2 8 2 1 2 10 2 1 2 10 1 2 10 1 2
left_child=1 3 5 12 15 7 13 24 9 -4 -6 25 22 -3 -14 19 17 18 -17 21 -8 28 -1 -9 -2 26 -12 -27 -5 -19
right_child=2 6 8 4 10 -7 20 23 -10 -11 11 -13 14 -15 -16 16 -18 29 -20 -21 -22 -23 -24 -25 -26 27 -28 -29 -30 -31
leaf_value=-0.001042502750185704 0.0054067044706603709 -0.010882652613691243 0.0004455455838393305 0.0038835452646626707 -0.016728367449510305 0.007266196481193251 -0.013360514101673649 0.0029475025425007247 0.00076747888941644906 0.01428587909278582 -0.0098534404404332573 -0.0061259570365591312 0.0020847924200497569 -0.0032054764317286546 0.017098386137943785 -0.002942442917427659 -0.0066346502592147458 -0.012411473306263625 0.0040274567765508067 0.004236616068710934 -0.034092068453395803 -0.012413496348562918 0.02086469366120117 -0.0022293984945795089 -0.0021589726639955373 0.00083623087687241743 -0.00056888804544804185 -0.065410052757855691 -0.0010714027720025369 -0.09219180450168861
leaf_weight=153.60540869832039 3904.4520170837641 1306.9190175570548 448.79154343903065 2861.5549326017499 382.57593980431557 3033.2525109872222 914.32069712504745 2494.7584360837936 771.73317138850689 1842.2487994432449 1273.5169108733535 4744.1673492155969 3052.7020621187985 3479.405803527683 264.31167186051607 2084.6427514851093 1901.4295882210135 229.94148398190737 2476.1951486766338 5092.900046184659 140.21701477840543 307.48629283905029 353.66786298155785 6772.8112206161022 1062.4438194036484 4202.4505572579801 1662.6098342202604 12.419673651456831 5720.4726734980941 7.4545749276876441
leaf_count=910 18553 7031 2406 13448 4368 14219 8244 11445 5304 14219 6011 22216 13664 18065 1185 9631 8584 1053 11462 23927 2866 1415 2129 31195 4842 19444 7689 75 26604 36
internal_value=2.50693e-06 -0.00140911 0.0029621 -0.000477118 -0.00108739 0.00191749 -0.00727852 0.000777721 0.00885158 0.0115747 -0.00377237 -0.00335568 0.00477294 -0.00533118 0.00328113 0.000505996 -0.00183693 6.42973e-05 0.000844072 0.00162861 -0.0161171 0.000134449 0.0146218 -0.000834916 0.00378076 -0.00150712 -0.00458037 0.00063951 0.000584031 -0.0149167
internal_weight=62955.5 42625 20330.5 36784.1 32959.8 17267.7 5840.86 14234.5 3062.77 2291.04 12277.7 11895.2 3824.29 4786.32 3317.01 20682.1 6699.66 4798.23 4560.84 13982.4 1054.54 8889.51 507.273 9267.57 4966.9 7151 2936.13 4214.87 8582.03 237.396
internal_count=312240 210057 102183 173851 155963 80254 36206 66035 21929 16625 59803 55435 17888 25096 14849 96160 30766 22182 21093 65394 11110 41467 3039 42640 23395 33219 13700 19519 40052 1089
cat_boundaries=0 1 2 3 4 5 6 7 8
cat_threshold=2 482 5004 13379712 367292 673050 1350624 13789312
is_linear=0
shrinkage=0.05


Tree=68
num_leaves=31
num_cat=9
split_feature=0 14 23 2 1 4 23 8 25 26 6 24 10 28 1 2 11 1 17 6 24 27 16 1 24 1 2 18 1 4
split_gain=99.7872 72.1813 62.4479 47.2069 44.2244 41.9836 39.3594 34.2381 33.0012 32.749 30.4044 27.2767 25.9601 25.2667 24.7403 24.0839 23.9095 23.8704 22.9619 22.7488 21.4628 20.8661 20.0859 19.6374 19.1205 19.0392 18.8467 18.2468 18.0043 17.7022
threshold=4.5000000000000009 6.035000000000001 5.7071428571428582 0 1 1.5000000000000002 3.5857142857142863 1.0000000180025095e-35 1.0000000180025095e-35 0.55662393162393176 38.500000000000007 0.14211111111111116 0.17500000000000002 1448.6031341372766 2 3 5.7350000000000012 4 42.775000000000013 23.500000000000004 0.17267857142857149 1.0000000180025095e-35 40.925000000000004 5 0.11050000000000003 6 7 52.640000000000008 8 1.0000000180025095e-35
decision_type=2 2 10 1 1 2 8 2 10 8 2 8 8 2 1 1 2 1 2 2 10 8 2 1 10 1 1 2 1 2
left_child=1 3 4 7 13 9 14 12 11 15 -10 19 21 -2 -5 -3 23 -9 22 -6 -17 -1 -13 29 -18 -20 -12 -15 -22 -11
right_child=2 5 -4 6 8 -7 -8 17 10 16 26 18 -14 27 -16 20 24 -19 25 -21 28 -23 -24 -25 -26 -27 -28 -29 -30 -31
leaf_value=0.00068914914020983941 -0.014154386979350559 0.0021078712554164435 -0.037673207517183081 0.0047208874180401771 0.023428803054600232 -0.00099080235689086998 -0.00497927035887793 -0.0092418347757724367 0.0052921418118912298 -0.0081496953389240175 0.0038134497575313766 -0.0094087519765678196 0.00032983135181602693 -0.007404805260637754 -0.0014501480242488267 0.01037793519682354 0.029035325565133448 0.0010586827103953164 -0.0099962549656038967 0.00066119598827007098 -0.0074741849820263873 0.0061799769074245029 -0.0032637609476786201 0.010140076851653433 0.012537514107224848 0.0079346464734775732 -0.004260027875480848 -0.0012448066868485912 0.007092416489874769 -0.063607243094058893
leaf_weight=2435.8559993170202 876.39415019750595 3976.2368651628494 128.28722233697772 2270.160051099956 117.57259203121066 2526.8826490417123 6267.7033962085843 1063.2441430017352 2912.8330332376063 128.87063635140657 1050.4027580097318 2414.2630668058991 6225.0944316983223 3020.3866786621511 5636.0464650392532 2394.6735015660524 200.74086428433657 1184.0714281015098 191.53424530476332 1641.561950109899 349.10892334580421 5972.8777484968305 2960.4884122386575 195.97290032356977 1403.7283088043332 557.36354123428464 2269.6927258595824 1997.0247209742665 509.02959859371185 16.198173969984055
leaf_count=11335 6447 18473 2733 10851 886 12082 28580 5037 13386 711 4731 15739 28700 14248 26620 12384 1418 5632 1069 7812 1703 28523 14148 1172 12501 3009 10482 9244 2502 82
internal_value=2.37314e-06 0.00136918 -0.00289962 0.000108122 -0.00267668 0.00471596 -0.00201861 0.00189386 -0.00115413 0.00628774 0.00156385 -0.00330471 0.00277741 -0.00631052 0.000325918 0.00473802 0.0120461 -0.00385108 -0.00488112 0.00218288 0.00792227 0.00458938 -0.006024 2.34676e-05 0.0146016 0.0033212 -0.00170711 -0.00495301 0.00116197 -0.0134171
internal_weight=62894.3 42756.5 20137.8 31055.1 20009.5 11701.4 14173.9 16881.1 14115.7 9174.56 6232.93 7882.78 14633.8 5893.81 7906.21 7229.05 1945.51 2247.32 6123.65 1759.13 3252.81 8408.73 5374.75 341.042 1604.47 748.898 3320.1 5017.41 858.139 145.069
internal_count=312240 208306 103934 145278 101201 63028 66051 79227 71262 50946 28599 42663 68558 29939 37471 35062 15884 10669 33965 8698 16589 39858 29887 1965 13919 4078 15213 23492 4205 793
cat_boundaries=0 1 2 3 4 5 6 7 8 9
cat_threshold=910 22811136 21766216 7688 19472758 1249870 8537344 840 17328996
is_linear=0
shrinkage=0.05


Tree=69
num_leaves=31
num_cat=7
split_feature=0 29 23 1 26 24 1 2 11 7 17 1 23 7 11 17 25 1 17 28 24 32 7 4 31 17 2 6 1 6
split_gain=92.5444 58.1482 52.1562 43.2343 37.6013 36.2661 28.7886 28.2075 26.9018 26.5489 27.3102 25.9974 23.4328 23.3548 19.8095 19.596 19.529 18.979 18.9009 23.1827 18.3183 18.0739 17.9716 17.8301 20.8644 20.0855 17.5522 17.5476 17.5438 17.2428
threshold=3.5000000000000004 5.2500000000000009 3.6125000000000003 0 0.68042553191489374 0.17267857142857149 1 2 6.6950000000000012 55.95000000000001 43.765000000000008 3 5.3166666666666673 53.750000000000007 3.0150000000000001 45.020000000000003 0.58333333333333337 4 32.885000000000012 1577.4777355816705 0.14585714285714288 0.48607231533209189 53.750000000000007 2.5000000000000004 26.500000000000004 29.945000000000004 5 57.500000000000007 6 54.500000000000007
decision_type=2 2 8 1 10 10 1 1 2 2 2 1 8 2 2 2 10 1 2 2 10 10 2 2 2 2 1 2 1 2
left_child=2 3 4 13 6 8 15 17 11 10 16 -3 -7 20 -9 29 26 -4 19 -6 -2 -10 23 24 25 -8 -5 -24 -16 -1
right_child=1 5 7 9 18 12 22 14 21 -11 -12 -13 -14 -15 28 -17 -18 -19 -20 -21 -22 -23 27 -25 -26 -27 -28 -29 -30 -31
leaf_value=0.00054007413091729402 0.00051092995671513011 0.0014469948058002462 -0.0014587987709237045 0.001352132580060816 -0.0080125229823343139 -0.010166653775955624 -0.0056327854454635345 -0.011837078123553717 0.030637074583009877 -0.0089437052508355968 0.0066055824998831024 -0.0098138374873338336 -0.026629357643236498 -0.0088648791348669587 0.0021067277885335671 0.0088076060032130001 0.0055077523927325525 0.0097287875060891402 0.017838933534795171 0.01298188885388352 -0.0042540666526400765 -0.024185872451872537 0.00086875018200862058 -0.0016411798970221347 0.0079749521247362756 0.0054017963782562713 -0.0023304231162091199 -0.030191112817447491 -0.0022893192742046171 -0.0088524099862592968
leaf_weight=5875.6515090987086 3156.5531562045217 1037.8655571378767 599.27385633438826 6568.4801709055901 205.48112712800503 1802.4188445433974 601.13963883370161 436.44607625156641 89.959973677992821 713.95394960045815 1862.3938122466207 1003.5274275429547 245.6074330098927 1747.8722257502377 3234.4684794694185 659.94479003548622 1533.4476244077086 1029.6724596694112 662.05452290922403 365.16921399533749 5586.8585307709873 18.050276249647141 1578.110969312489 748.21745575219393 5662.9832395687699 1313.4307372495532 6359.1197386868298 46.822863779962063 7553.6952816843987 532.96156540513039
leaf_count=29215 14084 7008 2693 30039 1796 12174 3046 2351 426 3324 8306 6870 4446 8074 14637 3351 6744 4632 6909 4057 25607 89 7690 3402 28900 6723 28801 216 34066 2564
internal_value=2.26212e-06 -0.00189779 0.00194023 -0.00106194 0.00365838 -0.00737969 0.00304761 -0.000499535 -0.00284302 0.000493617 0.000906689 -0.0041297 -0.0121409 -0.00358516 -0.00139273 0.000602923 0.000172746 0.00562919 0.0120909 0.00542217 -0.0025338 0.0214753 0.0047788 0.00572234 0.00644942 0.00193714 -0.000460083 -2.62473e-05 -0.000971481 -0.000241036
internal_weight=62831.6 31726.1 31105.5 27528.7 18252 4197.43 17019.3 12853.6 2149.4 17037.4 16323.4 2041.39 2048.03 10491.3 11224.6 7068.56 14461 1628.95 1232.7 570.65 8743.41 108.01 9950.7 8325.77 7577.55 1914.57 12927.6 1624.93 10788.2 6408.61
internal_count=312240 155992 156248 124979 97869 31013 85107 58379 14393 77214 73890 13878 16620 47765 51054 35130 65584 7325 12762 5853 39691 515 49977 42071 38669 9769 58840 7906 48703 31779
cat_boundaries=0 1 2 3 4 5 6 7
cat_threshold=31363072 2212662 2 14927932 18950426 374 21921800
is_linear=0
shrinkage=0.05


Tree=70
num_leaves=31
num_cat=9
split_feature=25 0 24 0 23 2 6 7 29 1 17 7 18 0 4 11 1 7 17 24 1 2 1 18 30 1 4 1 11 1
split_gain=88.3369 59.7517 44.189 40.7794 35.3754 34.3044 34.4412 29.2513 26.7277 27.363 26.8015 25.0987 26.2037 24.6995 24.3532 24.0986 23.6491 21.2896 21.2723 21.0352 20.9336 20.8598 20.3669 19.6871 19.1855 18.417 21.6042 18.2803 18.1109 16.5671
threshold=1.0000000180025095e-35 5.5000000000000009 0.17050000000000007 1.5000000000000002 5.5277777777777786 0 38.500000000000007 52.550000000000004 5.2500000000000009 1 36.660000000000004 56.150000000000013 50.565000000000005 1.5000000000000002 2.5000000000000004 4.6850000000000014 2 53.350000000000001 47.505000000000003 0.16894444444444451 3 4 5 47.380000000000003 -0.139797619047619 6 1.5000000000000002 7 7.0250000000000012 8
decision_type=8 2 10 2 10 1 2 2 2 1 2 2 2 2 2 2 1 2 2 8 1 1 1 2 8 1 2 1 2 1
left_child=1 2 11 19 22 6 -5 14 9 -4 -11 12 21 16 28 -8 -14 -17 24 25 -13 -1 -3 -9 -10 26 -2 -25 -7 -30
right_child=3 4 8 5 -6 7 15 23 18 10 -12 20 13 -15 -16 17 -18 -19 -20 -21 -22 -23 -24 27 -26 -27 -28 -29 29 -31
leaf_value=0.0021350185979982523 0.0080418800674411182 -0.0099888833686246764 -0.0047121390397727638 0.0024832384927121905 -0.031318393493377651 0.0052221275538721782 -0.013265709113944658 -0.0040809489159132559 0.01310552420100853 -0.001823925702192799 0.0051218010338465233 0.00094330888530177515 0.017392231903980409 0.0021559615748646685 -0.002833469580075115 -0.00040462157281736854 0.0035026284156887328 -0.0083560159366256864 0.0094217248965610487 0.0017828298791811763 -0.014971664308525624 -0.0027338761925869144 -0.0032737592270044844 0.0070717946275558781 -0.0090902075640555812 0.016299825089682508 -0.023567810229508546 -0.00061642824295107357 0.025289996082964474 0.0063342034969675279
leaf_weight=3929.6585599072278 632.79219073057175 1900.6952808760107 4613.0196085870266 4673.6746113784611 141.97681801021099 7356.5820323452353 555.12252862006426 1768.6055379360914 101.11685582995415 4500.4330635368824 2008.8218424618244 389.98911682888865 555.06488405913115 6773.708414055407 900.40756426751614 3622.6706624776125 707.98513503372669 1096.6622070148587 181.33142411708832 798.87759254127741 437.09581918641925 4972.7613042518497 2847.277242153883 1286.7070031166077 2619.3376892693341 922.04124756902456 59.104043863713741 1917.8117888234556 213.35763062536716 286.54426176846027
leaf_count=19055 5315 11366 21411 20964 3033 33496 2739 7962 476 20746 9279 1847 4125 30155 3868 16053 4847 4843 989 5658 2058 24297 16544 5807 15139 8421 513 8632 1123 1479
internal_value=2.12617e-06 -0.00157981 -0.000788343 0.00222611 -0.00672527 0.00159511 -0.000641464 0.00321375 -0.00288651 -0.00177158 0.000319106 0.000867879 0.00128314 0.0033529 0.00495528 -0.00341147 0.00977204 -0.00225234 -0.00715996 0.00841849 -0.00763701 -0.000585347 -0.00598987 0.000153646 -0.00826521 0.0117031 0.00526557 0.00249076 0.00584792 0.0150571
internal_weight=62771.2 36680.3 31790.3 26091 4889.95 23678.1 9948.13 13730 14024.1 11122.3 6509.25 17766.3 16939.2 8036.76 8756.89 5274.46 1263.05 4719.33 2901.79 2412.82 827.085 8902.42 4747.97 4973.12 2720.45 1613.94 691.896 3204.52 7856.48 499.902
internal_count=312240 185367 154424 126873 30943 106966 44599 62367 68040 51436 30025 86384 82479 39127 39966 23635 8972 20896 16604 19907 3905 43352 27910 22401 15615 14249 5828 14439 36098 2602
cat_boundaries=0 1 2 3 4 5 6 7 8 9
cat_threshold=7184 11573668 29107872 4150568 406 32254592 10503774 30949484 31500676
is_linear=0
shrinkage=0.05


Tree=71
num_leaves=31
num_cat=12
split_feature=14 11 0 6 2 25 23 6 8 17 18 1 18 1 1 2 1 1 20 1 2 18 0 1 6 0 1 32 2 14
split_gain=82.6476 61.9345 54.2376 35.3739 35.1553 38.3737 31.9919 29.7254 26.6016 25.8587 24.5978 23.7553 23.351 26.0529 22.7945 22.5066 26.435 22.3417 21.5718 21.0669 20.2342 19.4858 19.3011 20.5706 17.9388 17.6401 26.4131 17.405 22.1039 17.2225
threshold=4.535000000000001 1.425 2.5000000000000004 48.500000000000007 0 0.58333333333333337 4.4722222222222232 24.500000000000004 1.0000000180025095e-35 40.920000000000009 55.795000000000009 1 46.07500000000001 2 3 4 5 6 31.845000000000002 7 8 51.975000000000001 5.5000000000000009 9 30.500000000000004 3.5000000000000004 10 0.24249924992499253 11 5.4450000000000012
decision_type=2 2 2 2 1 8 8 2 2 2 2 1 2 1 1 1 1 1 2 1 1 2 2 1 2 2 1 8 1 2
left_child=1 -1 8 6 29 12 7 27 9 15 11 20 24 -14 -7 16 -2 -12 -17 -20 -8 25 -9 -24 -6 26 -5 -3 -29 -4
right_child=2 3 4 21 5 14 10 22 -10 -11 17 -13 13 -15 -16 18 -18 -19 19 -21 -22 -23 23 -25 -26 -27 -28 28 -30 -31
leaf_value=-0.028819876878906549 0.0022864038732656033 0.0092057904120389344 -0.0079269761315718026 -0.016115015903913399 0.0037259802665909978 0.001263771298588485 -0.011225485611408872 -0.0003562093314245057 -0.00172504318135846 0.010360432161592459 -0.0067212894973972606 -0.011407635661356275 -0.0014849218276279919 0.0030565706995612347 0.01109639772231453 0.012971614174995717 0.012039166566737071 0.0097082802612573522 0.0049712409860639623 -0.0012591254207457705 0.004825080515399283 -0.0023746484469691805 -0.017206866635181086 -0.0029752706060413503 -0.0032883572275805469 -0.013274228699851193 -0.0012247056867896627 -0.0068770687354712092 0.0066743964419278719 -0.001740489128384398
leaf_weight=221.5520352832973 1306.5794416964054 1215.5812278687954 1501.9352206513286 397.147724583745 1091.2219457998872 1035.9999234825373 297.82283190637827 9286.8334621414542 1705.3602417185903 1858.3341168016195 381.05086170881987 1661.8478928171098 4843.2555983886123 9047.3281724825501 1393.6162549704313 426.57357088476419 1515.9978711307049 430.80466596409678 2295.1996011659503 3292.9860035926104 532.84343511238694 2102.452197574079 341.39862287044525 967.2694991081953 5534.682615801692 1213.4237586557865 1133.2694804221392 527.72547886520624 673.54609690606594 4482.4641971588135
leaf_count=4388 7564 6163 7018 1770 4882 4678 1898 42552 9825 11223 2358 10799 21614 40381 6315 2478 9169 2757 13387 18632 3391 9908 1969 5381 24856 6512 5056 2432 3151 19733
internal_value=2.38768e-06 -0.00252101 0.00130797 -0.00224569 0.000122121 0.00101239 -0.00113163 -1.59463e-05 0.00407446 0.00499915 -0.00552509 -0.00798713 0.000309191 0.00147421 0.00695459 0.00387177 0.00754859 0.00203372 0.00213024 0.00130648 -0.000994684 -0.00599659 -0.0011573 -0.00684216 -0.00213316 -0.00877187 -0.00520209 0.00498775 0.000719473 -0.00328765
internal_weight=62716.1 21384.6 41331.5 21163 28930.5 22946.1 16316.7 13012.4 12401 10695.7 3304.37 2492.51 20516.5 13890.6 2429.62 8837.34 2822.58 811.856 6014.76 5588.19 830.666 4846.29 10595.5 1308.67 6625.9 2743.84 1530.42 2416.85 1201.27 5984.4
internal_count=312240 110485 201755 106097 129477 102726 82851 61648 72278 62453 21203 16088 91733 61995 10993 51230 16733 5115 34497 32019 5289 23246 49902 7350 29738 13338 6826 11746 5583 26751
cat_boundaries=0 1 2 3 4 5 6 7 8 9 10 11 12
cat_threshold=6144 17024006 21860608 18232872 2434 9618494 25891978 30811680 5196 29753348 17907970 690
is_linear=0
shrinkage=0.05


Tree=72
num_leaves=31
num_cat=10
split_feature=3 4 0 26 17 2 25 23 32 19 2 28 7 1 1 26 24 32 2 1 1 12 4 6 1 6 30 18 2 2
split_gain=79.5832 80.515 67.6357 61.2123 52.0158 38.0721 41.0575 36.4588 35.8834 33.2184 28.8633 31.3485 25.82 25.3489 23.8892 24.607 23.636 23.4129 22.3189 21.8916 20.0251 19.8091 19.0823 19.739 21.3934 19.0147 18.4892 18.3739 18.2997 18.0736
threshold=2.5000000000000004 2.5000000000000004 5.5000000000000009 0.52679425837320581 28.135000000000002 0 1.0000000180025095e-35 5.5277777777777786 0.51433710174717373 1.0000000180025095e-35 1 1663.9487253986329 58.250000000000007 2 3 1.0000000180025095e-35 0.21050000000000005 0.4754500160720026 4 5 6 35.495000000000005 1.5000000000000002 56.500000000000007 7 56.500000000000007 0.15291666666666673 67.355000000000004 8 9
decision_type=2 2 2 8 2 1 10 8 10 2 1 2 2 1 1 10 10 8 1 1 1 2 2 2 1 2 8 2 1 1
left_child=2 3 4 10 9 -6 12 14 21 -1 17 -12 22 -13 15 -4 19 -2 -16 -11 26 -3 23 27 -25 -17 -8 -7 -21 -5
right_child=1 8 7 29 5 6 20 -9 -10 16 11 13 -14 -15 18 25 -18 -19 -20 28 -22 -23 -24 24 -26 -27 -28 -29 -30 -31
leaf_value=0.004194779902894955 0.0049017674876319448 0.021174159158106758 -0.01357514572667369 0.0056572341974491869 0.0062432878532601684 -0.00068968338139778148 0.0010466121395178221 -0.024062684644611129 -0.010326825895801783 -0.0068300424061450956 0.0039043875314730483 -0.00098269610988305656 -0.016080940513937939 0.020551597004945549 0.004445159609639174 -0.0028967492353316488 -0.011858916102601265 -0.0067655900552807905 -0.004652685366351216 -0.0051255371260684893 0.0048568085802778048 -0.00069954610581620671 -0.014217380871045283 -0.00032353400478258155 -0.013672947678282161 0.037754529653569575 -0.014130995759394359 0.0068269116379654276 0.00057235656509492506 0.016069703608844351
leaf_weight=1356.6349121071398 716.41963587701321 107.67137483507395 1276.6560707837343 630.80698323249817 2935.9206595942378 14588.313869893551 4197.5943133383989 259.83941945433617 1158.1653307974339 3025.9250005818903 6322.5803752169013 192.13368932157755 287.2561399564147 516.86227183043957 815.77098499238491 448.87334099039435 903.19134724885225 1075.4479709640145 3726.6111130863428 2270.9699314460158 5441.6229783706367 2674.6844793707132 267.29418151825666 618.74507520347834 583.88261354714632 30.735737659037113 210.72849683463573 860.99762134253979 3687.6466639712453 1477.9622807875276
leaf_count=6419 3184 516 7831 5146 13851 69725 19333 3840 5454 14245 30320 959 1400 2643 4626 2347 4572 4680 21220 10652 25198 12641 1221 2851 2709 157 969 4095 17482 11954
internal_value=2.01439e-06 0.00319616 -0.000991928 0.00540485 -0.000241816 0.000845505 0.000257384 -0.00570828 -0.00293144 -0.00314205 0.00357578 0.00501522 -0.0012162 0.0149919 -0.0049511 -0.0098913 -0.0041487 -0.00208912 -0.00301262 -0.00337361 0.00283179 0.000146921 -0.000963822 -0.000751078 -0.00692113 -0.000291613 0.000320359 -0.00027078 -0.00160419 0.013058
internal_weight=62667.9 14872.7 47795.2 10932.2 41236.7 29992.4 27056.4 6558.49 3940.52 11244.4 8823.44 7031.58 17206.5 708.996 6298.65 1756.27 9887.73 1791.87 4542.38 8984.54 9849.95 2782.36 16919.2 16651.9 1202.63 479.609 4408.32 15449.3 5958.62 2108.77
internal_count=312240 77497 234743 58886 194722 141352 127501 40021 18611 53370 41786 33922 82001 3602 36181 10335 46951 7864 25846 42379 45500 13157 80601 79380 5560 2504 20302 73820 28134 17100
cat_boundaries=0 1 2 3 4 5 6 7 8 9 10
cat_threshold=2 4096 1595394 13377728 6 535284 3790360 21702236 6752 4608
is_linear=0
shrinkage=0.05


Tree=73
num_leaves=31
num_cat=8
split_feature=3 23 4 26 2 18 26 3 11 32 11 2 1 28 12 11 1 2 0 1 6 11 17 1 29 32 24 14 20 1
split_gain=74.3591 64.9818 64.4272 67.8728 56.7355 41.0489 33.819 27.7634 26.9768 26.5677 26.1875 23.1679 22.8126 21.8201 22.995 21.6334 20.2984 20.129 20.0804 19.709 19.4461 20.449 18.1938 25.8284 18.0224 20.5522 17.5337 17.3361 17.9005 17.2178
threshold=1.5000000000000002 5.1339285714285721 1.5000000000000002 0.60749299719887961 0 51.655000000000008 0.040408163265306128 2.5000000000000004 7.1050000000000013 0.51433710174717373 6.7150000000000007 1 2 1608.1507311993571 44.535000000000004 1.425 3 4 1.5000000000000002 5 41.500000000000007 3.8450000000000002 34.005000000000003 6 1.7500000000000002 0.43927934741505054 0.13050000000000006 6.495000000000001 51.635000000000012 7
decision_type=2 8 2 8 1 2 10 2 2 8 2 1 1 2 2 2 1 1 2 1 2 2 2 1 2 8 10 2 2 1
left_child=1 4 3 5 18 11 20 26 17 10 12 -2 -4 -13 -15 -3 -10 -7 -1 -12 -6 -22 24 -24 -8 29 -5 28 -11 -26
right_child=2 15 9 7 6 8 22 -9 16 27 19 13 -14 14 -16 -17 -18 -19 -20 -21 21 -23 23 -25 25 -27 -28 -29 -30 -31
leaf_value=0.014951968831787073 -0.0037432322000959038 -0.026796818832787284 -0.011065705515316385 0.012886636841476749 -0.0020317910334465799 0.0081786689428750697 0.012043772093306704 0.01339674956512704 -0.0071284211399100118 -0.02788497010661058 0.010022974558258776 -9.5108205551549792e-05 0.00014481535685702076 0.019204001145886218 0.0036467013693259769 -0.0093029543262430625 0.020686540070474962 0.0023664560368746221 0.0032450977038709691 -0.0011091884606319522 -0.012422294965480876 -0.0045872457103879015 0.0061886869927179405 -0.00055364176900496876 0.00068753284575188143 -0.020824162040715046 0.0018241430213055247 -0.0053931583011727381 -0.008127273648728962 -0.0042659488580333521
leaf_weight=408.88948159664869 3265.1615359634161 202.67052073776722 842.5817796587944 485.92882508784533 7127.2403524257243 1912.6654603928328 223.8515285179019 1849.7825464829803 78.644774548709393 207.81575188040733 682.33776707202196 7270.9745001122355 979.11117284744978 277.85229981690645 1636.4345303028822 1380.3505575396121 375.18536429852247 6762.9041350483894 3516.2524337731302 935.69362336397171 1000.4052884578705 4970.0354153737426 2131.6168645918369 4219.4256719350815 3265.7563280686736 147.65455523133278 1362.5083623826504 1060.0599590241909 255.68411090970039 3781.6780427694321
leaf_count=2201 14820 4241 4017 2838 36261 9448 1154 14947 396 973 3234 34087 4622 1337 8083 10016 1938 31731 15904 4403 5368 23821 9696 19053 14799 684 8901 5013 1193 17061
internal_value=2.14175e-06 -0.00166311 0.00178493 0.00280756 -0.00115522 0.00173501 -0.00197549 0.00906611 0.00428165 -0.00342331 -0.000988698 -0.000132345 -0.0051003 0.00115407 0.00590479 -0.0115427 0.0161652 0.00366 0.00445328 0.00364043 -0.00379511 -0.00590008 -0.000246149 0.00171818 -0.00192773 -0.0023624 0.00473232 -0.00891991 -0.0169859 -0.0019756
internal_weight=62617.2 32375.8 30241.3 25278 30792.8 21579.8 26867.7 3698.22 9129.4 4963.28 3439.72 12450.4 1821.69 9185.26 1914.29 1583.02 453.83 8675.57 3925.14 1618.03 13097.7 5970.44 13770 6351.04 7418.94 7195.09 1848.44 1523.56 463.5 7047.43
internal_count=312240 160259 151981 128526 146002 101840 127897 26686 43513 23455 16276 58327 8639 43507 9420 14257 2334 41179 18105 7637 65450 29189 62447 28749 33698 32544 11739 7179 2166 31860
cat_boundaries=0 1 2 3 4 5 6 7 8
cat_threshold=2 6144 29960454 544770 390 29961486 31981672 14121984
is_linear=0
shrinkage=0.05


Tree=74
num_leaves=31
num_cat=11
split_feature=0 24 6 0 11 17 1 7 14 4 27 23 1 2 6 1 32 14 7 1 1 1 4 11 1 32 16 1 1 1
split_gain=72.5261 65.6506 45.4904 44.9139 41.4809 34.3871 34.1205 28.3557 27.2926 28.69 30.9413 26.7078 25.1686 22.4431 22.011 22.1615 21.4217 20.9948 20.0704 19.6131 19.1499 18.6652 18.4409 25.5772 24.2055 23.1211 19.986 18.1583 17.9715 17.7581
threshold=5.5000000000000009 0.17267857142857149 51.500000000000007 1.5000000000000002 3.9350000000000005 32.010000000000012 0 54.250000000000007 6.8650000000000011 1.5000000000000002 1.0000000180025095e-35 5.7071428571428582 1 2 63.500000000000007 3 0.51035913578480485 4.6350000000000007 56.350000000000001 4 5 6 1.0000000180025095e-35 7.0250000000000012 7 0.46325606513791967 67.195000000000007 8 9 10
decision_type=2 10 2 2 2 2 1 2 2 2 8 8 1 1 2 1 10 2 2 1 1 1 2 2 1 10 2 1 1 1
left_child=1 2 3 6 11 19 -1 -7 9 10 -5 29 -9 -8 15 -6 17 -4 -12 -3 -19 -11 23 26 -25 -24 -10 -18 -28 -2
right_child=4 5 16 8 14 7 13 12 22 21 18 -13 -14 -15 -16 -17 27 20 -20 -21 -22 -23 25 24 -26 -27 28 -29 -30 -31
leaf_value=0.014434764816507184 -0.0027774338300439096 -0.0014844599870156956 -0.0066154148988923391 -0.00057319514174817828 -0.0087078178520242355 0.0013914176542661769 0.0099662563983655642 -0.018877122392226709 0.021607062890949064 0.00069780130300321958 0.0038073155395333259 -0.037091807768411748 -0.0027999522351740153 0.00074680716425116545 0.044817962542395645 -0.0018642785914713249 0.004292170808965848 -0.007408885596830281 -0.0070964322076464796 -0.0063217563447983656 0.0028496521803631639 -0.0094907961708959616 0.0086524884425402595 0.0033705275902627223 0.026338707096848366 -0.0032508955808635762 -0.0040254578845750318 -0.026583754193361987 0.0074230651315319836 -0.017238498608624597
leaf_weight=1256.9933713003993 401.02571235224605 4003.6887473762035 1520.7704453766346 8198.3741402812302 1429.9630158990622 8760.0487449355423 1098.954727999866 289.67330519109964 180.24248091876507 841.42406977713108 11587.855822965503 109.21873806789517 1362.2872346974909 1649.7036153525114 24.061916716396809 6747.0263961479068 70.36608549952507 565.07876338064671 437.98231815546751 4435.8390822522342 2169.4801634028554 962.08196246623993 702.56965093314648 193.66605162620544 327.65483631193638 972.83142349123955 481.79605069756508 152.1288992613554 1148.9069674313068 479.18937420845032
leaf_count=10372 3832 19445 6990 36412 7301 42257 9345 1375 853 3529 52516 2230 6423 11527 123 33603 400 2692 1976 21469 10304 4041 2968 993 1698 4147 2263 828 5419 4909
internal_value=2.25186e-06 0.000708707 0.00200465 0.00270542 -0.00410023 -0.00166427 0.0076343 0.000258315 0.00194709 0.00125658 0.00179543 -0.0137711 -0.00575032 0.00445565 -0.00293347 -0.00307398 -0.00269674 -0.00190595 0.0034102 -0.00403621 0.00071312 -0.00478607 0.00574242 0.00861707 0.0183761 0.00174072 0.00580771 -0.0178209 0.0040614 -0.0108774
internal_weight=62560.9 53370.4 34518.9 30041 9190.49 18851.5 4005.65 10412 26035.4 22027.7 20224.2 989.434 1651.96 2748.66 8201.05 8176.99 4477.82 4255.33 12025.8 8439.53 2734.56 1803.51 4007.67 2332.27 521.321 1675.4 1810.95 222.495 1630.7 880.215
internal_count=312240 260242 169273 148059 51998 90969 31244 50055 116815 98474 90904 10971 7798 20872 41027 40904 21214 19986 54492 40914 12996 7570 18341 11226 2691 7115 8535 1228 7682 8741
cat_boundaries=0 1 2 3 4 5 6 7 8 9 10 11
cat_threshold=27009312 1118464 6306 21364736 13070728 8526080 6965450 186490 13959816 2560006 16962094
is_linear=0
shrinkage=0.05


Tree=75
num_leaves=31
num_cat=10
split_feature=0 1 14 15 1 23 10 1 12 2 2 6 7 2 23 18 32 25 23 24 7 1 2 6 14 1 0 1 17 26
split_gain=67.6066 42.6427 40.3165 38.278 37.1464 31.8264 30.0892 29.1789 26.5113 25.3138 24.6191 22.0925 20.2911 23.1109 19.4862 19.4643 18.3485 19.8014 17.8696 17.7334 17.1243 18.84 17.0323 16.8072 16.1461 15.8929 15.5396 19.5165 15.3365 16.5763
threshold=3.5000000000000004 0 6.0550000000000006 23.045000000000005 1 4.6125000000000007 0.19500000000000003 2 5.1800000000000006 3 4 48.500000000000007 54.350000000000001 5 2.3875000000000006 55.295000000000009 0.52327665249645761 1.0000000180025095e-35 2.9500000000000006 0.15950000000000006 54.150000000000013 6 7 34.500000000000007 7.0050000000000008 8 5.5000000000000009 9 41.195000000000007 0.64126753749395271
decision_type=2 1 2 2 1 10 8 1 2 1 1 2 2 1 10 2 8 10 8 10 2 1 1 2 2 1 2 1 2 10
left_child=2 5 4 6 8 22 11 28 -1 -6 20 -3 16 -14 -12 -9 17 -10 -11 25 -5 -22 -2 -24 -25 -15 -16 -28 29 -4
right_child=1 3 7 10 9 -7 -8 15 12 18 14 -13 13 19 26 -17 -18 -19 -20 -21 21 -23 23 24 -26 -27 27 -29 -30 -31
leaf_value=-0.020184137006353464 -0.0014567987463065175 -0.00027916376825643988 0.0052000490925939525 0.0048360588872424322 -0.004493976928986297 -0.016010092189729326 -0.010258280241800494 -7.5734926278449047e-05 0.0027497143580881996 0.0070356498215208372 0.0053596912054881532 -0.0075563210935516382 0.0044972728072069923 0.013132153192468705 -2.0451660144510756e-05 0.0070813221017966416 -0.0036121653503463132 0.0078161492469259169 -0.0005454219733006878 -0.012888346757292621 -0.017118206922859553 0.00097683613383443943 -0.0014059478595687181 -0.0094416089598819107 0.001407286827853295 -0.0072458589314416599 0.001389972515538242 -0.0080124736905401867 0.015480605948307292 0.016301191113027819
leaf_weight=125.86911585181952 4220.8853202052414 4653.2419923096895 2616.2631256505847 4686.1594139151275 4209.4520149379969 563.12129785493016 1316.2885918840766 3243.139021396637 5727.3346168026328 883.35893283784389 1216.3617532625794 1344.2299412712455 730.8554280102253 151.08724609017372 5847.6691787913442 1343.5053886324167 767.3521455898881 2907.6338952407241 6474.7877144962549 572.63628063350916 172.3096581324935 682.91212886571884 1406.8657665401697 2623.3500193282962 394.53376512229443 225.96465267986059 844.89585500955582 1588.6006833389401 584.32194648683071 385.86931525170803
leaf_count=717 19578 24237 13511 21013 19875 5359 11078 18516 26923 4923 5310 6924 3350 721 25484 7946 4017 14245 29921 2623 791 3128 6697 12364 1748 1054 4231 8050 3636 4270
internal_value=1.88522e-06 -0.00162642 0.00166239 -0.00044545 0.000581359 -0.00448765 -0.00341265 0.00467493 0.0026313 -0.00140604 0.00099727 -0.00191021 0.00289279 -0.00216766 -0.000549116 0.00201629 0.00379728 0.00445572 0.000364205 -0.00726765 0.00364208 -0.00285768 -0.00374235 -0.00590595 -0.00802331 0.00107586 -0.00141768 -0.00477521 0.00804695 0.0066269
internal_weight=62510.9 31561.4 30949.4 22352.7 22776.3 9208.76 7313.76 8173.1 11208.7 11567.6 15038.9 5997.47 11082.9 1680.54 9497.53 4586.64 9402.32 8634.97 7358.15 949.688 5541.38 855.222 8645.63 4424.75 3017.88 377.052 8281.17 2433.5 3586.45 3002.13
internal_count=312240 155992 156248 110246 108369 45746 42239 47879 53650 54719 68007 31161 52933 7748 43075 26462 45185 41168 34844 4398 24932 3919 40387 20809 14112 1775 37765 12281 21417 17781
cat_boundaries=0 1 2 3 4 5 6 7 8 9 10
cat_threshold=31199232 31354952 33295504 7216 454 4366 41104 670 1843264 115724
is_linear=0
shrinkage=0.05


Tree=76
num_leaves=31
num_cat=8
split_feature=25 8 0 27 17 1 6 3 1 31 4 23 2 11 7 6 14 26 32 1 26 1 2 18 7 30 6 10 1 1
split_gain=64.1142 48.2567 42.6605 37.4118 33.1365 32.8671 31.4005 29.3121 28.0969 26.9896 26.3112 26.0898 25.1567 24.3339 24.2254 23.1626 22.1612 20.3034 20.1338 18.7166 18.1479 17.9261 17.629 17.4571 17.3921 16.9817 16.7272 16.612 17.4603 16.5669
threshold=1.0000000180025095e-35 1.0000000180025095e-35 1.5000000000000002 1.0000000180025095e-35 45.020000000000003 0 39.500000000000007 1.0000000180025095e-35 1 46.500000000000007 2.5000000000000004 4.9500000000000011 2 7.4750000000000005 53.250000000000007 48.500000000000007 7.6150000000000011 0.67607313195548502 0.49917491749174919 3 0.16843971631205676 4 5 59.485000000000007 50.050000000000004 -0.10303693693693691 20.500000000000004 0.13500000000000004 6 7
decision_type=8 2 2 10 2 1 2 2 1 2 2 10 1 2 2 2 2 10 10 1 10 1 1 2 2 8 2 10 1 1
left_child=1 2 5 22 6 -1 10 9 26 -5 13 29 -7 17 16 25 18 19 20 -2 -8 -16 -4 -20 -14 -10 -9 -6 -29 -3
right_child=4 11 3 7 27 12 14 8 15 -11 -12 -13 24 -15 21 -17 -18 -19 23 -21 -22 -23 -24 -25 -26 -27 -28 28 -30 -31
leaf_value=-0.00099020236236055446 0.00040061185283634803 -0.0083847559758624089 -0.010225677747436896 -0.013740959692455227 0.017552402406697549 0.017130277108462509 -0.00013822600831794426 0.034968236991663036 0.011251014815840694 0.0029340896311523465 -0.004351389442750592 -0.018195088614360554 -0.0065325779082089329 0.024314476809323467 -0.0094089575531363587 -0.0051466655754967977 0.011585992837527303 0.015869790909156335 -0.0071530399929322546 0.0047262222492029573 0.0061688123248627384 -0.0014461752308344432 -0.0030788726442086776 0.012449791201334708 0.0069791305430725401 -0.00010429429716227286 0.0031671599681751018 8.9848460122387427e-05 0.0092485894751870839 -0.0025324555425247125
leaf_weight=1884.1877100840211 3968.9397769011557 1913.3984993323684 953.70042284578085 694.29641310125589 343.25671043992043 552.58318371325731 4746.2279268205166 41.646512661129236 345.52955243736506 373.04443046823144 1094.3612889945507 383.3765573464334 278.16691944748163 142.31134873628616 1121.8048630580306 2494.7761750593781 451.02435754239559 322.43489705771208 1230.7809992730618 6798.1299289353192 1501.3295147269964 1916.3320693075657 8780.4135544411838 125.11838369816542 1656.0019379630685 6987.4971289597452 5817.8126283846796 856.18207561224699 1343.1860157698393 3341.3643540479243
leaf_count=11315 18733 9424 5089 6093 1770 3809 21495 218 1578 2981 5063 3832 1711 854 5340 11512 2393 3547 6442 32244 8398 9127 42098 672 10813 32033 26480 4181 6614 16381
internal_value=1.6343e-06 -0.00134944 -0.000572322 -0.00132749 0.00190104 0.00400415 0.00131244 0.000104778 0.00065029 -0.00791289 0.00304928 -0.00560291 0.00776109 0.00377036 -0.000617538 -0.000984059 0.000817533 0.00350671 0.000178766 0.00313648 0.0013774 -0.00442209 -0.00379275 -0.00534415 0.00501001 0.000430764 0.00338741 0.0073223 0.00572568 -0.00468421
internal_weight=62459.2 36497.8 30859.7 26488.7 25961.4 4370.94 23418.8 16754.6 15687.3 1067.34 12326.2 5638.14 2486.75 11231.8 11092.6 9827.8 8054.48 11089.5 7603.46 10767.1 6247.56 3038.14 9734.11 1355.9 1934.17 7333.03 5859.46 2542.62 2199.37 5254.76
internal_count=312240 185367 155730 128082 126873 27648 114308 80895 71821 9074 60441 29637 16333 55378 53867 45123 39400 54524 37007 50977 29893 14467 47187 7114 12524 33611 26698 12565 10795 25805
cat_boundaries=0 1 2 3 4 5 6 7 8
cat_threshold=4377630 2770458 4226 20255768 702538 96 12856136 7954690
is_linear=0
shrinkage=0.05


Tree=77
num_leaves=31
num_cat=13
split_feature=0 8 3 2 23 4 7 7 1 28 18 23 2 30 1 23 1 32 6 1 28 1 1 13 1 18 1 1 1 1
split_gain=61.1896 50.442 50.0052 46.5062 45.6462 44.4433 37.9756 41.8426 34.9525 31.1256 26.8401 26.1541 24.9442 21.4208 20.9165 20.1834 22.5682 19.9105 19.0155 24.2809 18.7078 18.9679 18.6704 19.9678 17.9942 17.6904 19.9971 17.3265 16.2906 15.9336
threshold=4.5000000000000009 1.0000000180025095e-35 2.5000000000000004 0 5.7321428571428585 1.5000000000000002 49.45000000000001 52.650000000000013 1 1513.9491124573121 46.170000000000009 3.9500000000000006 2 -0.14976923076923074 3 3.8660714285714293 4 0.3579246411483254 54.500000000000007 5 1576.3022777161359 6 7 59.685000000000009 8 66.585000000000022 9 10 11 12
decision_type=2 2 2 1 10 2 2 2 1 2 2 10 1 8 1 10 1 8 2 1 2 1 1 2 1 2 1 1 1 1
left_child=1 2 3 20 6 9 15 8 -8 -4 13 25 22 -10 -13 16 -2 -7 -3 -20 21 -1 -11 -24 -17 29 -27 -9 -19 -5
right_child=4 18 5 11 -6 17 7 27 10 12 -12 14 -14 -15 -16 24 -18 28 19 -21 -22 -23 23 -25 -26 26 -28 -29 -30 -31
leaf_value=0.0006133673458787026 0.0018729259918645867 -0.0023930914963679419 0.023068378828557459 0.0019917895455275661 -0.03473046178929879 0.018140302937021322 -0.0029724615615560855 -0.0079466810278211973 0.044150827372563643 0.0086654190705326394 0.0052471408350803599 -0.00036448802001883636 0.01014031228348654 -0.0021310945835843059 -0.0065283851448783058 -0.0060084019871982875 -0.0097996048580774216 -0.0064749262430691921 0.00092857459062279572 -0.021788815457380394 0.015077958747762696 0.0057033008624916594 0.012810508441173596 -0.0025754920200129414 -0.021873131974592938 -0.0024622427856180905 0.013229302498079598 -0.002568945341290698 0.0020073469262245364 -0.0013426786733266331
leaf_weight=3221.3144989870489 717.75754180178046 5307.2099966742098 311.79350513219833 6617.385386377573 107.80047181621194 137.68356328457594 3981.0871714130044 2209.1488332338631 25.298358708620071 963.9571109265089 4328.7377071902156 2798.2135809101164 2710.8219889774919 2125.3539560288191 2712.7729353643954 363.68403749912977 969.63096171244979 939.67604449391365 203.71330549567938 283.36016783863306 367.35027772933245 4262.8439574986696 250.49237791448832 1333.2038923576474 399.64902094379067 321.15714319050312 546.0750996619463 4720.5385422259569 1394.69190710783 7788.3733928948641
leaf_count=14935 3377 26178 1645 30946 2708 639 19910 11538 125 5671 21302 12911 17586 10775 12681 2641 4551 4505 954 1318 2217 19957 1355 7821 2853 1504 2571 24154 6737 36175
internal_value=1.56435e-06 0.00107444 0.00175932 0.000780921 -0.00228266 0.00524299 -0.00210636 -0.00128519 0.000711034 0.00771912 0.00297426 -0.000458216 0.00680901 -0.00158668 -0.00341116 -0.00793338 -0.00488148 -0.000336464 -0.00326083 -0.0127158 0.0040565 0.00352094 0.00321194 -0.000141006 -0.0146798 0.000607002 0.0075425 -0.00429851 -0.00142624 0.000189483
internal_weight=62420.8 42472.1 36677.8 28635.5 19948.7 8042.32 19840.9 17390.2 10460.5 5570.27 6479.39 20784 5258.48 2150.65 5510.99 2450.72 1687.39 2472.05 5794.28 487.073 7851.51 7484.16 2547.65 1583.7 763.333 15273 867.232 6929.69 2334.37 14405.8
internal_count=312240 208306 179856 133897 103934 45959 101226 87804 52112 34078 32202 96788 32433 10900 25592 13422 7928 11881 28450 2272 37109 34892 14847 9176 5494 71196 4075 35692 11242 67121
cat_boundaries=0 1 2 3 4 5 6 7 8 9 10 11 12 13
cat_threshold=386 22943232 5640 22660634 1884558 21313176 171850 30674496 19336508 7414918 30703760 11601904 21914832
is_linear=0
shrinkage=0.05


Tree=78
num_leaves=31
num_cat=8
split_feature=29 7 17 23 7 0 1 4 3 2 25 11 6 0 27 30 6 1 26 1 17 4 29 1 1 6 1 1 24 32
split_gain=58.4035 48.6455 43.9127 34.2297 27.8428 27.6602 26.0276 24.9684 32.3558 31.924 22.8884 22.4279 22.2799 24.896 20.7441 20.0681 19.6622 19.0798 19.0758 18.401 18.3685 18.8267 18.3472 18.2219 17.8566 17.4942 21.709 17.1911 16.668 20.4699
threshold=5.2500000000000009 52.850000000000001 36.010000000000012 5.354166666666667 50.95000000000001 1.5000000000000002 0 1.5000000000000002 2.5000000000000004 1 0.58333333333333337 6.9150000000000009 30.500000000000004 4.5000000000000009 1.0000000180025095e-35 0.0032714285714285506 55.500000000000007 2 0.61167800453514753 3 44.470000000000006 1.0000000180025095e-35 2.2500000000000004 4 5 41.500000000000007 6 7 0.2010555555555556 0.27852622061482829
decision_type=2 2 2 10 2 2 1 2 2 1 8 2 2 2 8 8 2 1 8 1 2 2 2 1 1 2 1 1 8 10
left_child=1 2 7 4 27 -4 11 8 12 18 -7 -6 22 19 15 25 20 -18 -10 -14 21 -16 24 -22 -1 -3 -27 -2 29 -24
right_child=3 14 5 -5 6 10 -8 -9 9 -11 -12 -13 13 -15 16 -17 17 -19 -20 -21 23 -23 28 -25 -26 26 -28 -29 -30 -31
leaf_value=0.013345092535388185 -0.0023409561236629327 0.0031375987069468488 0.010160235932191612 -0.018911802307831807 0.00077167162955492342 0.0022356656712179926 -0.0050614832352650508 -0.0051135946261348575 -0.0027132299845026644 0.0075730495167473239 0.0088517363970553788 0.033382943680043214 0.0024926567697563136 -0.004911669877043375 0.00032342486770484515 -0.0066683195915403226 0.0029128315956246406 -0.013830155880939299 0.010453993834019052 -0.0022027988644845206 -0.0013030387031304034 -0.0072554416930395967 0.0063292949316078794 0.012735891985097265 0.0018754838986944249 -0.011071554848492388 0.0010284364164254386 -0.014314449553828238 -0.0066331804113225357 -0.0020298507334961953
leaf_weight=657.15386468172073 495.86562428250909 1378.2458800300956 1549.1612284705043 365.98962051607668 3114.7828416824341 10487.926715079695 3211.253204356879 1950.7254900708795 1687.6131096035242 2999.2094805538654 1493.3769631832838 53.630028702318668 4033.88993986696 3587.2339597567916 8268.6829623319209 3229.3721162974834 259.62020207941532 486.84095203876495 328.62825667858124 4300.7931700944901 401.05640014261007 909.55585214868188 1508.4541929587722 543.38644029945135 716.21543136239052 691.55947407335043 789.43896003812551 812.74630666896701 640.398542791605 1423.5033009201288
leaf_count=3219 2908 6624 12405 6277 17147 47145 17554 9182 7997 16684 6903 257 18916 16904 39439 15300 1208 2249 2641 19868 1926 4301 7323 2609 3472 3274 3752 4889 3434 6433
internal_value=1.11444e-06 0.000590236 0.00159823 -0.00397222 -0.00326104 0.00387321 -0.00189828 0.000306727 0.000789911 0.00431576 0.00306031 0.0013195 -0.00025847 -0.00142889 -0.00163076 -0.00396729 -0.000321894 -0.00815318 -0.000564298 7.0095e-05 0.000255596 -0.000427635 0.00256288 0.00689533 0.00747449 -0.000916606 -0.00468953 -0.00990467 0.000674645 0.00227082
internal_weight=62376.3 54322 37364.3 8054.27 7688.28 13530.5 6379.67 23833.8 21883.1 5015.45 11981.3 3168.41 16867.6 11921.9 16957.8 6088.62 10869.1 746.461 2016.24 8334.68 10122.7 9178.24 4945.73 944.443 1373.37 2859.24 1481 1308.61 3572.36 2931.96
internal_count=312240 263208 182526 49032 42755 66453 34958 116073 106891 27322 54048 17404 79569 55688 80682 28950 51732 3457 10638 38784 48275 43740 23881 4535 6691 13650 7026 7797 17190 13756
cat_boundaries=0 1 2 3 4 5 6 7 8
cat_threshold=16173196 4124 5899404 22838416 7615366 21391690 3904112 12702768
is_linear=0
shrinkage=0.05


Tree=79
num_leaves=31
num_cat=8
split_feature=24 0 17 7 1 2 14 1 1 7 1 4 12 11 4 14 17 12 31 0 6 18 1 13 4 3 1 1 26 7
split_gain=56.6243 45.9162 42.9089 37.527 32.0182 30.5502 27.0312 25.6675 20.4609 20.4004 20.3514 19.2114 17.8653 19.5995 20.0571 17.7714 17.6804 17.0325 17.0306 19.4752 16.8689 19.8908 18.1325 16.719 16.4743 31.8815 25.7035 18.0613 17.6856 16.666
threshold=0.16894444444444451 1.5000000000000002 32.010000000000012 53.550000000000004 0 1 7.205000000000001 2 3 53.250000000000007 4 1.5000000000000002 46.180000000000007 7.6850000000000014 2.5000000000000004 3.6750000000000003 45.020000000000003 4.1150000000000011 12.500000000000002 4.5000000000000009 30.500000000000004 47.945000000000007 5 22.750000000000004 1.0000000180025095e-35 1.5000000000000002 6 7 0.29478609625668456 50.250000000000007
decision_type=10 2 2 2 1 1 2 1 1 2 1 2 2 2 2 2 2 2 2 2 2 2 1 2 2 2 1 1 8 2
left_child=1 4 10 5 16 24 20 11 -5 -6 -2 15 -8 14 -14 -4 -1 -12 -9 -20 23 -22 -23 -7 25 27 -27 -3 29 -29
right_child=2 3 7 8 9 6 12 18 -10 -11 17 -13 13 -15 -16 -17 -18 -19 19 -21 21 22 -24 -25 -26 26 -28 28 -30 -31
leaf_value=0.010245304351963148 -0.0071807136748958493 -0.0028602752658234407 -0.0018792024145336374 -3.1313528982329026e-05 0.0053561308169566991 -0.0099120405764427377 0.012245372925396835 -0.0085634812464970896 -0.0055611377216290732 -0.0045339470669183935 -0.01808156710578503 -0.012933298339482639 0.0044851230945628521 0.017652343630058669 -0.0092812036722570296 0.004036356846834086 0.028575323793911808 -0.0022419598649565885 0.00071413130249680734 -0.005695355474362113 -0.0038212838844093227 0.0041986414509269394 -0.0012183892737021569 0.0030496704808480805 -0.00016695441954734215 0.0031352570685962526 0.013594836799710509 -0.0038011326421499483 -0.0054605947942802683 0.0084499447477431894
leaf_weight=1357.6714387945831 3773.9374556541443 1164.7682590819895 1690.2120116855949 3398.9875893834978 2078.7478932887316 264.28536903299391 693.84210446476936 918.60606016591191 3293.7112744636834 695.98329739272594 173.9802928455174 206.03919034451246 844.05370910465717 184.35326883196831 385.40406720340252 5101.9814364314079 145.67004111409187 6928.4682216458023 3926.4600292257965 1697.5313637126237 4756.4837024435401 2133.963581494987 5518.6379736810923 4242.1618062779307 1802.3553567826748 980.78104926645756 1537.4163157939911 330.26654383726418 363.53724045678973 1740.8839083090425
leaf_count=11081 19256 5584 9834 15629 16287 2354 3112 4744 15240 4653 2534 982 3966 829 1650 24313 1298 33689 18786 9549 21521 9634 24850 19254 7979 4642 7353 1755 1731 8151
internal_value=9.90532e-07 0.00121038 -0.0018769 0.000589834 0.00608938 0.0014222 0.000334506 1.61723e-06 -0.00276109 0.00286509 -0.00421561 0.00210501 0.00567422 0.00244936 0.000169726 0.00256429 0.011942 -0.00262627 -0.00224804 -0.00122049 -0.000330618 -0.00128214 0.000296069 0.00228952 0.00402925 0.00527211 0.0095875 0.00225303 0.00469175 0.00649638
internal_weight=62331.2 37914 24417.2 33635.9 4278.07 26943.2 19023.2 13540.8 6692.7 2774.73 10876.4 6998.23 2107.65 1413.81 1229.46 6792.19 1503.34 7102.45 6542.6 5623.99 16915.5 12409.1 7652.6 4506.45 7920.01 6117.65 2518.2 3599.46 2434.69 2071.15
internal_count=312240 188553 123687 155234 33319 124365 87170 68208 30869 20940 55479 35129 9557 6445 5616 34147 12379 36223 33079 28335 77613 56005 34484 21608 37195 29216 11995 17221 11637 9906
cat_boundaries=0 1 2 3 4 5 6 7 8
cat_threshold=18686368 390 25693822 8082212 19401332 231564 4523384 301768
is_linear=0
shrinkage=0.05


Tree=80
num_leaves=31
num_cat=10
split_feature=0 6 17 24 11 1 0 1 23 23 2 14 6 17 1 1 1 12 2 1 0 17 32 18 1 26 23 11 1 13
split_gain=55.2749 48.355 45.5439 45.4736 32.3106 29.1358 27.4931 24.1038 24.0006 23.4168 22.0771 22.9775 20.0049 19.2423 23.3328 22.5583 18.838 18.0977 17.9289 17.3954 17.2735 18.0987 16.8118 16.7873 16.3902 26.1147 16.2838 15.5139 23.5537 22.1759
threshold=5.5000000000000009 53.500000000000007 46.175000000000004 0.16894444444444451 3.9350000000000005 0 1.5000000000000002 1 5.7071428571428582 5.1339285714285721 2 5.9250000000000007 63.500000000000007 32.010000000000012 3 4 5 48.520000000000003 6 7 2.5000000000000004 29.135000000000002 0.4909419100754841 48.285000000000004 8 1.0000000180025095e-35 2.7888888888888892 6.495000000000001 9 62.545000000000009
decision_type=2 2 2 10 2 1 2 1 8 10 1 2 2 2 1 1 1 2 1 1 2 2 10 2 1 10 8 2 1 2
left_child=1 2 3 6 8 17 7 -1 24 13 11 19 16 15 -15 26 -6 -3 -9 -8 -7 -22 -13 -18 -2 -26 -5 -12 -29 -30
right_child=4 5 -4 9 12 20 10 18 -10 -11 27 22 -14 14 -16 -17 23 -19 -20 -21 21 -23 -24 -25 25 -27 -28 28 29 -31
leaf_value=0.010726447693792074 -0.001793138524718509 -0.0068356582327467851 0.0066576063728525439 0.0046120890991858078 -0.007244016722341106 0.0044975616241742329 0.0046998737784352323 0.0081278927799088643 -0.035373316608781402 -0.012431462788204929 -0.00083932586373100494 0.0094446805524548393 0.042719454742891717 0.0032802693432133346 -0.0019149563384386883 -0.00079259013772575411 -0.0045417807437661889 -0.027566355495450119 -0.0014248061236245243 -0.00077693476366050946 -0.011712776058099124 -0.00036222308288902426 0.001415408592701937 0.00068846678588864397 -0.020661830144794436 0.014805980322133601 -0.0076430322336400848 -0.00138278450363439 0.021272086505004988 0.0046586065640140586
leaf_weight=1549.9247409924865 394.66125213727355 2463.9566364735365 3454.9713263474405 303.14021129161119 1778.2791676148772 1115.6899963915348 2477.2713721357286 812.491530187428 100.62462878599763 461.40235966444016 10666.180620219558 2038.8357307761908 24.306646376848221 4219.5067119076848 4410.7597590647638 5168.3380638435483 2578.8202523589134 109.97678723186255 1217.309945255518 3474.7490038387477 481.86664763838053 1295.1203899085522 958.37763205915689 3787.3356008455157 405.47336214035749 59.516510065644979 2561.0360300466418 1796.9868742376566 224.60417805612087 1900.2776778042316
leaf_count=12872 3832 11455 17213 1516 9061 5542 11204 7011 2230 4334 47016 9297 123 19955 20952 24555 13105 575 8417 15668 2212 5784 4780 18738 4374 535 12082 8099 990 8713
internal_value=1.04532e-06 0.000618247 0.00112876 0.000696987 -0.00359322 -0.00383595 0.00197084 0.00605323 -0.012269 -0.00132023 0.00134996 0.00330331 -0.00257334 -0.00101255 0.000626673 -0.00277376 -0.00270851 -0.00769154 0.00242006 0.00150914 -0.000377319 -0.00344016 0.00687727 -0.00142797 -0.00956462 -0.0157827 -0.00632389 0.000149292 0.00283838 0.00638464
internal_weight=62291.8 53162.8 47696.2 44241.2 9129.02 5466.61 27117 3579.73 960.276 17124.2 23537.3 8949.23 8168.74 16662.8 8630.27 8032.51 8144.44 2573.93 2029.8 5952.02 2892.68 1776.99 2997.21 6366.16 859.651 464.99 2864.18 14588 3921.87 2124.88
internal_count=312240 260242 234674 217461 51998 25568 134067 28300 10971 83394 105767 40949 41027 79060 40907 38153 40904 12030 15428 26872 13538 7996 14077 31843 8741 4909 13598 64818 17802 9703
cat_boundaries=0 1 2 3 4 5 6 7 8 9 10
cat_threshold=11725090 27044256 454 659194 2624124 23461888 6306 15294726 16962094 1241986
is_linear=0
shrinkage=0.05


Tree=81
num_leaves=31
num_cat=11
split_feature=25 8 2 3 7 4 11 29 32 0 1 8 11 2 1 0 31 1 1 24 1 1 2 17 27 18 2 1 30 7
split_gain=50.978 39.7243 35.5773 33.3061 26.578 27.2688 41.6447 26.431 25.9925 25.7341 27.4191 24.5471 22.1578 19.876 21.1683 19.0506 18.8529 26.1803 18.8904 18.3689 17.2634 17.1869 17.1403 16.3288 16.1147 16.024 17.1222 19.8103 19.7243 15.7477
threshold=1.0000000180025095e-35 1.0000000180025095e-35 0 2.5000000000000004 54.350000000000001 2.5000000000000004 6.8350000000000009 5.2500000000000009 0.38640890981528436 3.5000000000000004 1 1.5000000000000002 1.8550000000000002 2 3 1.5000000000000002 27.500000000000004 4 5 0.18414285714285716 6 7 8 45.020000000000003 1.0000000180025095e-35 51.165000000000006 9 10 0.002764844842046366 57.350000000000001
decision_type=8 2 1 2 2 2 2 2 10 2 1 2 2 1 1 2 2 1 1 10 1 1 1 2 8 2 1 1 10 2
left_child=1 2 15 7 5 6 9 25 20 16 -11 29 -9 14 -8 -1 18 22 -2 -16 -5 -14 -18 -17 -12 26 27 28 -4 -3
right_child=4 11 3 8 -6 -7 13 12 -10 10 24 -13 21 -15 19 23 17 -19 -20 -21 -22 -23 -24 -25 -26 -27 -28 -29 -30 -31
leaf_value=0.014696021437595568 -0.0083022647988736497 -0.004116031159882092 0.005308918250582377 0.021545073115345627 -0.0028499757263157439 -0.0033934510308893428 -0.010083833446163717 -0.022300064408208239 0.0013365114628514441 0.0031247605050122229 -0.0052324295710199607 -0.024048365671972716 -0.0080451571183434243 0.013155256148773477 0.0091955607048949343 0.0019309460465611703 0.012566366102619337 0.0023135898702209587 0.0025097852645460167 -0.028488047544335222 0.0042820791320926236 -0.0016093369568651818 0.0049329603754123515 0.016054886734052493 0.00025333494005168826 0.00061420957292782909 -0.00098670554141839823 -0.0087115256375318514 -0.0069200081105934494 -0.023462653110309178
leaf_weight=395.94395077973604 502.09728194028139 5344.0170013345778 672.39826119877398 272.05560510605574 2858.4927439466119 1950.8919534832239 211.25632186979055 184.89630098454654 3938.4918914400041 4596.4929569102824 2356.2491058893502 165.40958770364523 1942.304723367095 1309.1272254325449 744.34692428261042 2688.2076607104391 1513.2488554008305 3285.6099183000624 1903.7769432850182 33.807086393237114 333.65540198981762 2250.6253981404006 1514.117762837559 221.49740940518677 3099.9833212085068 8172.5855245962739 7168.6817058511078 1861.8381513804197 647.02797175571322 107.29532319493592
leaf_count=2575 2533 28145 3193 1374 13651 9076 1166 3898 20989 20776 10908 892 10947 7517 4221 12974 8062 17305 9727 191 1665 12650 7853 1073 13887 38546 33964 8867 3015 600
internal_value=1.04264e-06 -0.00120602 -0.000499761 -0.00109029 0.00169725 0.00226188 0.00278551 -0.0018666 0.00281948 0.00200766 0.000283566 -0.0050726 -0.00536063 0.00913796 0.00365263 0.00439302 0.00399553 0.00543085 0.000229273 0.00746249 0.0124622 -0.00461365 0.00877738 0.00300611 -0.0021118 -0.00104078 -0.0023476 -0.00539419 -0.000682799 -0.00449682
internal_weight=62246.4 36366.9 30750.2 27444.6 25879.5 23021 21070.1 22900.4 4544.2 18771.6 10052.7 5616.72 4377.83 2298.54 989.41 3305.65 8718.85 6312.98 2405.87 778.154 605.711 4192.93 3027.37 2909.71 5456.23 18522.5 10349.9 3181.26 1319.43 5451.31
internal_count=312240 185367 155730 139108 126873 113222 104146 115080 24028 91051 45571 29637 27495 13095 5578 16622 45480 33220 12260 4412 3039 23597 15915 14047 24795 87585 49039 15075 6208 28745
cat_boundaries=0 1 2 3 4 5 6 7 8 9 10 11
cat_threshold=2 2156974 4140 200722 30947386 1054730 9976502 21509602 3298 5216 1857050
is_linear=0
shrinkage=0.05


Tree=82
num_leaves=31
num_cat=8
split_feature=0 6 7 7 4 29 11 2 11 13 2 23 1 24 14 32 12 30 6 11 17 1 18 1 1 1 16 18 1 26
split_gain=49.1663 43.4799 39.275 43.2844 42.3598 38.0473 33.8536 29.6996 28.6475 27.2709 27.6969 22.6997 22.3804 21.2961 20.5563 24.9215 18.6936 18.4902 17.9979 17.9748 17.3883 17.173 17.0579 16.8407 16.6277 16.5929 16.1287 15.3752 15.3097 27.7164
threshold=5.5000000000000009 51.500000000000007 53.550000000000004 50.550000000000004 1.0000000180025095e-35 2.2500000000000004 6.455000000000001 0 3.9350000000000005 62.32500000000001 1 5.7071428571428582 2 0.19211111111111115 4.7950000000000008 0.51035913578480485 11.795000000000002 -0.10303693693693691 63.500000000000007 1.6950000000000001 50.115000000000002 3 50.645000000000003 4 5 6 75.065000000000012 48.010000000000012 7 1.0000000180025095e-35
decision_type=2 2 2 2 2 2 2 1 2 2 1 8 1 10 2 10 2 8 2 2 2 1 2 1 1 1 2 2 1 10
left_child=1 2 3 5 6 12 7 -5 11 -8 -11 28 -1 22 -3 -16 -10 -7 23 -4 -19 -17 -9 -18 -12 -24 -15 -25 29 -2
right_child=8 14 19 4 -6 17 9 13 16 10 24 -13 -14 26 15 21 18 20 -20 -21 -22 -23 25 27 -26 -27 -28 -29 -30 -31
leaf_value=-0.0013372707254347607 -0.023701636897505953 -0.0056122254513655415 -0.037937181742951222 0.0092011504947789938 -0.0016014029620856998 0.0095882057351989822 0.024842562342823591 0.001439049973710158 0.053866648177187663 0.0003573894177692928 0.0050288670845662293 -0.034526809261026456 0.008869798368360847 -0.0010193821511181905 0.00039258722580673606 0.00223802006731919 -0.0069689493846820556 -0.0049364362729600866 0.040146960010624323 -0.0015320020783617212 0.011005154061665811 -0.024432903681872425 0.0074708134319586509 -0.0045211445755912053 0.013178022576576699 0.0025409105261969024 -0.024776506533349625 0.00051815349787653865 -0.003464330634084579 0.019001926603203011
leaf_weight=998.94142847880721 280.1989708095789 3592.7172666862607 34.027714498341084 1670.4698483422399 4483.721033167094 248.78271474689245 223.77336551994085 7961.4656121172011 14.715465784072874 1150.4352700002491 1144.9835054650903 97.069914830848575 1153.4067047350109 2928.8798624798656 4225.7004249319434 96.968224138021469 1769.2077696844935 4860.3806683719158 24.619553573429585 9486.7927074842155 177.29361849650741 166.46986758708954 3198.1686327159405 2490.8550779670477 1498.7407818436623 3725.8085342720151 73.227789305150509 3858.154818944633 527.06668690592051 43.957859370857477
leaf_count=5425 3073 16663 597 8140 21325 1137 1345 38091 91 6518 6906 2230 6186 14353 19956 553 9039 23427 123 45034 855 897 15496 12686 9103 17881 354 19088 5279 389
internal_value=1.23972e-06 0.000583333 0.00118954 0.00195436 0.00285332 -0.00143659 0.00370053 0.00284176 -0.00339326 0.00788075 0.00688037 -0.0116187 0.00416752 0.00224148 -0.00279347 -0.000537591 -0.00243707 -0.00371826 -0.00253882 -0.00166212 -0.0043754 -0.0154582 0.00301751 -0.00266827 0.00968091 0.00483248 -0.00159887 -0.00145658 -0.00900641 -0.0173747
internal_weight=62207 53101.2 45019.3 35498.5 28059.7 7438.81 23576 19558 9105.85 4017.93 3794.16 948.293 2152.35 17887.6 8081.86 4489.14 8157.55 5286.46 8142.84 9520.82 5037.67 263.438 14885.4 8118.22 2643.72 6923.98 3002.11 6349.01 851.224 324.157
internal_count=312240 260242 222173 176542 139512 37030 118187 94315 51998 23872 22527 10971 11611 86175 38069 21406 41027 25419 40936 45631 24282 1450 71468 40813 16009 33377 14707 31774 8741 3462
cat_boundaries=0 1 2 3 4 5 6 7 8
cat_threshold=2 4128 3651664 23667080 23461888 22597670 30710050 6104272
is_linear=0
shrinkage=0.05


Tree=83
num_leaves=31
num_cat=7
split_feature=14 0 7 6 4 24 2 28 1 23 6 1 19 17 20 4 28 1 6 12 11 1 18 6 2 14 30 23 17 1
split_gain=47.1559 47.0091 35.7864 30.2867 30.0664 27.3362 24.7378 22.5446 22.15 21.9906 21.4402 21.3418 19.6669 18.9438 23.0031 24.769 27.2278 19.2735 18.2047 21.7295 18.4466 18.1594 18.4483 17.3363 16.8651 16.8538 16.7268 16.6314 15.7799 18.6329
threshold=6.8650000000000011 5.5000000000000009 54.250000000000007 53.500000000000007 1.5000000000000002 0.19105555555555562 0 1597.7984366466251 1 4.5277777777777786 25.500000000000004 2 13.015000000000002 39.235000000000007 54.265000000000008 1.5000000000000002 1667.9611281043854 3 47.500000000000007 45.385000000000012 6.9050000000000011 4 62.32500000000001 63.500000000000007 5 3.2950000000000004 -0.10303693693693691 4.5277777777777786 44.470000000000006 6
decision_type=2 2 2 2 2 10 1 2 1 10 2 1 2 2 2 2 2 1 2 2 2 1 2 2 1 2 8 10 2 1
left_child=1 2 3 4 5 6 -1 24 -3 10 -10 -5 -2 14 15 16 -14 -16 19 -17 -21 -7 25 -12 -8 -23 27 -26 -4 -30
right_child=12 8 28 11 -6 21 7 -9 9 -11 23 -13 13 -15 17 18 -18 -19 -20 20 -22 22 -24 -25 26 -27 -28 -29 29 -31
leaf_value=0.00050969652449929005 0.015581995587447307 -0.0011851642244890197 -0.003859116867507493 -0.0072556419657014946 -0.0044462380044264531 -0.0043298769160970653 0.0072424932544738327 0.010179052817297996 0.0050986536371387505 -0.018101551935707658 -0.0069723787268032456 -0.00027739060666285778 0.00051400118904869633 0.0079580614638904718 0.013628488560822239 0.0085576695080590622 0.019405021318503642 0.0023256626961710184 -0.024150074047405129 -0.023649299089568369 -0.0041329585027801664 -0.0063462604877489717 0.012889567586637741 0.047902546509658861 0.0077014970869463684 0.0020910267713098148 0.0019113938867225415 0.03476433414269451 0.015403265561965069 -0.0020982402326106104
leaf_weight=11692.498431071639 340.5809558853507 3609.2910992372781 6600.1411212664098 1860.2994971498847 2226.5354403182864 2880.1588560082018 2013.1874876916409 1188.8857644833624 430.5104220174253 374.97846656292677 3407.5855095498264 2659.424558095634 2250.7267769053578 1625.9658223390579 607.14569171890616 230.08763444423676 208.40100408345461 1006.8314617536962 137.65804325789213 166.76262833178043 441.95405494421721 797.4810624551028 300.63723503425717 14.453956842422484 455.27265304327011 2295.726646669209 11632.183257386088 64.85778234153986 229.50627892836928 415.66785885021091
leaf_count=56818 1825 20864 31321 8653 10355 14216 9736 7190 2569 4976 17798 12411 11981 8700 3201 1099 1262 5133 649 786 2089 4683 1497 78 2140 10649 56209 301 1093 1958
internal_value=1.2519e-06 -0.00048993 0.000104189 0.000688947 0.00117912 0.00155502 0.00224477 0.00356339 -0.00407675 -0.00652722 -0.0054176 -0.00316628 0.00386212 0.00326418 0.00175275 -0.000560292 0.00211494 0.00667641 -0.0072976 -0.00453191 -0.00947961 -0.00141848 0.00106188 -0.0067406 0.00301067 -8.4248e-05 0.00230176 0.0110761 -0.00312957 0.00433375
internal_weight=62165.4 55149.3 47312.5 40067.1 35547.4 33320.9 27046.9 15354.4 7836.82 4227.53 3852.55 4519.72 7016.11 6675.53 5049.57 3435.59 2459.13 1613.98 976.462 838.804 608.717 6274 3393.84 3422.04 14165.5 3093.21 12152.3 520.13 7245.32 645.174
internal_count=312240 275515 229230 194858 173794 163439 132394 75576 46285 25421 20445 21064 36725 34900 26200 17866 13243 8334 4623 3974 2875 31045 16829 17876 68386 15332 58650 2441 34372 3051
cat_boundaries=0 1 2 3 4 5 6 7
cat_threshold=7248 1167934 3209506 29983616 19567970 2 19558448
is_linear=0
shrinkage=0.05


Tree=84
num_leaves=31
num_cat=9
split_feature=8 0 17 14 1 2 11 6 23 11 4 1 17 7 6 18 20 2 1 2 1 28 15 2 11 31 10 14 1 30
split_gain=45.8096 47.1832 38.5629 37.8109 35.8176 33.5055 31.3643 33.9417 23.0718 23.0236 24.7344 21.8532 21.6505 21.5616 18.8693 21.3508 27.4793 18.0297 17.136 16.9347 18.0478 17.137 16.23 16.0221 15.637 15.3034 15.2259 15.0788 18.099 15.2272
threshold=1.0000000180025095e-35 1.5000000000000002 44.470000000000006 4.5650000000000004 0 1 1.425 48.500000000000007 4.9500000000000011 7.6850000000000014 1.5000000000000002 2 37.975000000000001 57.550000000000004 30.500000000000004 47.945000000000007 15.955000000000002 3 4 5 6 1667.9611281043854 22.165000000000003 7 6.785000000000001 56.500000000000007 0.20500000000000004 6.495000000000001 8 -0.008458300550747434
decision_type=2 2 2 2 1 1 2 2 10 2 2 1 2 2 2 2 2 1 1 1 1 2 2 1 2 2 10 2 1 8
left_child=1 4 3 6 -1 -5 22 -8 13 10 14 -11 17 -2 -7 16 -16 -6 23 20 -18 -21 -3 -4 -19 -15 -9 -17 29 -29
right_child=8 2 18 5 12 9 7 26 -10 11 -12 -13 -14 25 15 27 19 24 -20 21 -22 -23 -24 -25 -26 -27 -28 28 -30 -31
leaf_value=-0.0034538324339189056 -0.0024969502525260369 -0.029628630484905591 0.011628349610136418 -0.002762604655213414 0.0098810209987935053 0.0056393290483162306 -0.00096570429235489632 -0.0058191124929720846 -0.015423126799745016 0.035458494150601101 -0.0033209547675164988 0.0022904863843877994 0.011747904850766289 -0.015310344060033544 0.009801255092047002 0.001868905029513458 -0.00313499755687778 0.0013525585104560908 0.0011435448976074983 -0.0040039897668825873 0.0055338605649802881 0.020137970088421591 0.077287066190191156 0.0033650022929736685 0.017529594523033324 -0.061918847643737888 -0.019493775452911671 -0.007951137398824212 0.010869028088801044 0.0066016473310323027
leaf_weight=1132.9268575832248 8493.9028740413487 129.38466597534716 1124.0998981986195 5779.8872447684407 1081.4478136599064 2958.4715011939406 11032.421366166323 3143.9046669714153 376.19722130149603 86.881224937736988 2499.5453979745507 118.01063173264265 1370.8728503063321 80.507275871932507 569.22523979097605 7181.5023481585085 1072.3873181566596 2618.5280664749444 2195.0506745632738 4116.8242977038026 1342.1304506883025 74.843610540032387 3.6496867015957823 1273.5151217840612 158.4184521175921 22.543044671416283 217.65162221342325 298.64540617913008 1125.6181195452809 451.49633863568306
leaf_count=7131 41669 3056 5323 25804 9002 13502 55413 15203 3874 420 10844 559 10490 397 2577 32122 4865 16670 10351 18614 6049 384 22 5851 1794 113 1150 1426 5414 2151
internal_value=1.3725e-06 0.000559183 9.91448e-06 -0.000463583 0.00459916 0.000620719 -0.00252929 -0.00230594 -0.00330312 0.0015144 0.00135751 0.0181973 0.00633833 -0.00277276 0.00196686 0.00129754 -0.000739774 0.00443276 0.00436093 -0.00164805 0.00168661 -0.00356442 -0.0266955 0.0072714 0.00226726 -0.0255063 -0.00670451 0.00291155 0.0069034 0.000797284
internal_weight=62130.5 53157.3 46795.1 42202.5 6362.19 27675.5 14527 14394 8973.15 21895.6 21690.7 204.892 5229.27 8596.95 19191.1 16232.7 7175.41 3858.39 4592.67 6606.19 2414.52 4191.67 133.034 2397.62 2776.95 103.05 3361.56 9057.26 1875.76 750.142
internal_count=312240 266187 221100 199575 45087 124731 74844 71766 46053 98927 97948 979 37956 42179 87104 73602 32489 27466 21525 29912 10914 18998 3078 11174 18464 510 16353 41113 8991 3577
cat_boundaries=0 1 2 3 4 5 6 7 8 9
cat_threshold=16406 6144 32704864 6402 20008054 390 25475184 474 17118738
is_linear=0
shrinkage=0.05


Tree=85
num_leaves=31
num_cat=12
split_feature=18 7 0 23 1 19 7 7 10 6 1 1 2 1 6 1 11 30 0 2 17 17 29 1 1 1 6 2 30 1
split_gain=42.0652 32.0668 29.6787 29.3261 29.2894 27.0855 23.4695 35.8893 22.231 22.6361 32.481 21.8043 18.0474 18.4559 17.9987 22.9872 17.8249 18.0215 17.8215 17.7891 17.3995 17.3986 17.2334 18.9759 17.409 16.7639 18.3777 16.2537 16.0246 21.376
threshold=47.945000000000007 56.350000000000001 2.5000000000000004 4.9500000000000011 0 21.545000000000005 51.45000000000001 52.45000000000001 0.16500000000000004 34.500000000000007 1 2 3 4 34.500000000000007 5 4.6250000000000009 0.094070370370370401 5.5000000000000009 6 32.010000000000012 50.115000000000002 5.2500000000000009 7 8 9 55.500000000000007 10 -0.1315921052631579 11
decision_type=2 2 2 10 1 2 2 2 8 2 1 1 1 1 2 1 2 8 2 1 2 2 2 1 1 1 2 1 10 1
left_child=3 2 4 5 -2 18 21 14 9 10 -7 16 13 -3 27 -16 17 -10 -1 -11 -13 22 23 -4 -24 -9 -27 -8 29 -21
right_child=1 12 6 -5 -6 8 7 25 11 19 -12 20 -14 -15 15 -17 -18 -19 -20 28 -22 -23 24 -25 -26 26 -28 -29 -30 -31
leaf_value=0.0043578301513440693 0.0063400157695190727 0.0087901718753662737 0.0025781722618805443 -0.01139630428805345 0.001138792725846576 -0.0064896367734561811 0.0110734275502558 0.0012330645206517878 -0.0092795396654290832 0.0027745058303612221 0.0056186915425814358 -0.0029335719103629962 -0.013026351377900276 -0.0073371070397682085 -0.0020707393134035612 0.0037995291791976965 -0.0038877557516991505 -0.028527713875337698 -0.0060922394144803556 -0.018751129644053548 0.0049929996338445685 0.0089650839608705606 -0.019019852779185695 -0.004666454746753701 -0.0030373833314463901 -0.0021342297592871133 -0.013471696273901497 0.0036761442829779732 -0.0037796092912809592 0.014075910589515692
leaf_weight=2864.9264785386622 4967.9755975529552 275.53998514823616 1377.5846771616489 742.29882741346955 5966.1211206614971 696.81794604659081 1114.1559843756258 4345.3670101687312 1357.2350851520896 1578.936583083123 2576.3460075967014 5145.5107834003866 587.94436277262866 459.26213777437806 2568.7033388502896 4724.3594804480672 2147.4193932488561 133.57309709116817 475.73516221717 53.24485656619072 799.95293348282576 301.05502612143755 320.72519454918802 2597.5408676937222 380.36353388801217 4909.0879665613174 385.50512835383415 2300.822134418413 5687.7975940741599 246.32367058098316
leaf_count=13909 28081 1366 6345 7026 32888 3453 5712 20611 6917 7919 12806 24919 2937 2269 11683 21492 10197 698 2563 251 3829 1500 2512 11848 2849 23226 1813 11351 28094 1176
internal_value=1.91013e-06 0.00105284 0.00133179 -0.00160977 0.00350884 -0.00130408 0.000391863 0.00114466 -0.00198679 -0.000435646 0.00303831 -0.00374117 -0.00659394 -0.00125279 0.00313705 0.00173432 -0.00678513 -0.0110041 0.00286966 -0.00193847 -0.00186393 -0.00268573 -0.00343581 -0.00216107 -0.0106635 -0.00106848 -0.00295414 0.00613274 -0.00318066 0.00808522
internal_weight=62088.2 37582.1 36259.4 24506.1 10934.1 23763.8 25325.3 20348 20423.2 10839.5 3273.16 9583.69 1322.75 734.802 10708 7293.06 3638.23 1490.81 3340.66 7566.3 5945.46 4977.27 4676.21 3975.13 701.089 9639.96 5294.59 3414.98 5987.37 299.569
internal_count=312240 188483 181911 123757 60969 116731 120942 95888 100259 53699 16259 46560 6572 3635 50238 33175 17812 7615 16472 37440 28748 25054 23554 18193 5361 45650 25039 17063 29521 1427
cat_boundaries=0 1 2 3 4 5 6 7 8 9 10 11 12
cat_threshold=30839336 19005592 17349216 1678 2867528 13521152 386 16924846 24715660 24667212 674 3146118
is_linear=0
shrinkage=0.05


Tree=86
num_leaves=31
num_cat=11
split_feature=8 0 27 1 2 17 14 8 7 1 24 2 2 3 6 10 11 1 7 1 1 11 18 1 14 18 14 32 1 1
split_gain=41.4942 41.4434 36.4166 33.2402 28.124 23.2038 22.8016 21.2027 21.1442 24.3529 20.7929 20.4634 20.1856 20.0293 19.9436 19.153 18.9639 18.7643 18.5773 17.6622 17.5399 17.1945 16.6764 16.1651 18.3514 15.4154 15.3205 22.2542 19.1461 18.9292
threshold=1.0000000180025095e-35 1.5000000000000002 1.0000000180025095e-35 0 1 48.085000000000008 5.8650000000000011 1.5000000000000002 55.750000000000007 2 0.10707142857142858 3 4 1.0000000180025095e-35 39.500000000000007 0.18500000000000003 7.3650000000000011 5 57.550000000000004 6 7 6.1450000000000005 58.350000000000001 8 6.6950000000000012 57.315000000000005 4.5650000000000004 0.46041384714010974 9 10
decision_type=2 2 8 1 1 2 2 2 2 1 8 1 1 2 2 8 2 1 2 1 1 2 2 1 2 2 2 10 1 1
left_child=1 3 6 -1 5 13 14 18 12 -10 -8 -5 -6 -4 -3 17 22 -13 -2 -12 -16 -9 26 -15 -25 -19 -14 28 -28 -29
right_child=7 2 4 11 8 -7 10 21 9 -11 19 15 16 23 20 -17 -18 25 -20 -21 -22 -23 -24 24 -26 -27 27 29 -30 -31
leaf_value=-0.0011058977160023859 -0.0024856828270001631 -0.00097104066496793299 -0.0067441091418372059 0.015323269223826095 -0.0055768664080378888 0.012355896947444989 0.014366566092059142 -0.027268288599664799 0.0053812107026499998 -0.012744703553119123 -0.0046579380390782878 0.013626419448590119 -0.002783665642669424 0.0062349997575902975 -0.011028133126128605 -0.0019072862175620771 0.013047935098944294 0.0025899216707434523 -0.02285465284210042 0.0017414744051656536 -0.003790284055928024 0.0023302339269438304 0.0041289499897920346 0.00080589205585673547 0.0074528164632501866 0.012799193828762975 -0.00058243413321881928 0.0030067362387999888 0.0053266975139928197 -0.0075478842987917452
leaf_weight=1954.3578499481082 8622.1349568329751 6096.2690456528217 563.01932987384498 596.60256488621235 1362.0262859389186 623.58328586257994 269.07513403892517 158.95879508182406 255.61921714805067 642.93987777456641 1426.7281310856342 805.15947821363807 4061.1158193349838 2751.8339710459113 1008.8486890718341 731.48074427619576 307.85520411282778 1784.8398455418646 113.41235513240099 4311.0759919732809 5000.1358433887362 70.975689277052879 2584.3350153490901 6927.3382693305612 1221.5154989734292 466.35766036435962 2528.7842824831605 662.2260774821043 2988.2708726748824 1162.6950249969959
leaf_count=12801 44198 30461 4409 5401 6094 2985 1195 864 1240 3146 6359 6491 21180 12549 4817 3858 1448 12895 633 19210 23327 358 12110 31674 5821 3641 11184 3133 13300 5458
internal_value=1.64547e-06 0.000532925 1.85699e-05 0.00432683 0.0011282 0.00296052 -0.00173624 -0.00314462 -0.000211221 -0.00767025 0.000782193 0.00673562 0.000216711 0.00245203 -0.00298594 0.00534624 0.000772073 0.00709973 -0.00275013 0.000145152 -0.00503011 -0.0181319 0.00050244 0.00292701 0.00180006 0.00468407 -0.000319452 0.00104359 0.0026268 -0.00374272
internal_weight=62059.6 53094.1 46755.3 6338.8 28643.2 12087.3 18112.1 8965.48 16555.9 898.559 6006.88 4384.44 15657.3 11463.7 12105.3 3787.84 14295.3 3056.36 8735.55 5737.8 6008.98 229.934 13987.4 10900.7 8148.85 2251.2 11403.1 7341.98 5517.06 1824.92
internal_count=312240 266187 221100 45087 135731 57438 85369 46053 78293 4386 26764 32286 73907 54453 58605 26885 67813 23027 44831 25569 28144 1222 66365 50044 37495 16536 54255 33075 24484 8591
cat_boundaries=0 1 2 3 4 5 6 7 8 9 10 11
cat_threshold=149534 1986 754212 4098 6144 25960448 16887872 37408 180238 19499130 4770956
is_linear=0
shrinkage=0.05


Tree=87
num_leaves=31
num_cat=10
split_feature=25 2 29 23 6 2 11 30 18 8 18 1 1 18 4 11 32 1 1 1 7 7 1 15 19 28 1 1 23 21
split_gain=40.5002 29.479 29.1658 27.5181 22.583 29.7975 19.3078 19.1799 18.9954 17.7588 17.4214 23.3013 17.2097 17.1229 16.0343 17.6112 16.7482 19.5228 16.0301 15.9405 15.6245 15.0694 18.6616 14.7409 17.2333 14.6381 16.2388 14.6229 19.2557 18.3727
threshold=1.0000000180025095e-35 0 5.2500000000000009 5.4365079365079376 38.500000000000007 1 4.6850000000000014 0.048002044221944089 46.885000000000012 1.5000000000000002 61.125000000000007 2 3 61.955000000000005 2.5000000000000004 6.7750000000000012 0.46585098156601568 4 5 6 59.95000000000001 53.350000000000001 7 48.725000000000001 60.305000000000007 1379.1490065637179 8 9 3.2678571428571432 0.31666666666666671
decision_type=8 1 2 10 2 1 2 10 2 2 2 1 1 2 2 2 8 1 1 1 2 2 1 2 2 2 1 1 8 10
left_child=1 13 9 10 14 6 12 -5 -7 20 25 -12 -6 -1 15 18 -17 -18 -2 -15 27 -8 -23 -10 -25 -4 -27 -3 -29 -30
right_child=4 2 3 7 5 8 21 -9 23 -11 11 -13 -14 19 -16 16 17 -19 -20 -21 -22 22 -24 24 -26 26 -28 28 29 -31
leaf_value=0.0020243272651745319 0.00043325310931590256 -0.0019895370885455385 -0.011433316656519315 -0.02316838421677556 -0.001192624020476198 -0.00133524537965851 -0.00016493245037215693 0.14292447906327491 0.0024628241883678298 -0.020124599708219205 0.014987131903119025 -0.0044930794193544779 -0.018539150186248566 -0.0058592958840632675 -0.0026416188579371745 0.026126237154465284 0.014743789225561507 0.0024001222558696772 0.0045970365272460538 0.01931811057558867 -0.021692202687731019 -0.014494702218631562 -0.0015348975440414331 0.0095916667070474262 -0.047072016934343992 -0.012295684096547188 -0.0026805058863879458 0.0029939812367068843 -0.00078598560210996573 -0.03712380984852319
leaf_weight=3493.5363807342947 3970.6932186149061 12320.700962642208 777.77313068509102 225.77818320132792 262.02812030166388 2667.8053585290909 3937.5245799534023 1.7516232877969731 4143.3547232039273 119.3917842656374 255.5514548048377 357.97945531457663 329.56957873702049 81.565593974664807 1110.7012375891209 126.13407601043582 510.33412099629641 868.88444383814931 5556.7840619198978 261.68924576789141 89.174333818256855 448.75503197312355 727.97750030457973 1114.5947088859975 13.581818386912344 497.25271456688643 3452.5750248134136 4672.7637988217175 9594.0635066162795 34.911920920014381
leaf_count=17822 19259 59816 6130 4545 1306 12977 19524 23 19864 590 1389 1966 1646 407 5147 683 2996 4948 27016 1347 436 2144 3474 5826 63 2721 18752 23499 45754 170
internal_value=1.65938e-06 -0.00107619 -0.00156685 -0.00486025 0.00151617 0.000120354 -0.00263328 -0.0218897 0.00210001 -0.000883909 -0.0041348 0.00379197 -0.0111896 0.00306335 0.00308459 0.00366106 0.00868669 0.00709179 0.00286701 0.0137274 -0.00079791 -0.00164866 -0.00661343 0.0038425 0.00890951 -0.00516351 -0.0039289 -0.000727923 0.000360076 -0.000917736
internal_weight=62025.2 36236.5 32399.7 5568.66 25788.7 13645.2 5705.85 227.53 7939.34 26831 5341.13 613.531 591.598 3836.79 12143.5 11032.8 1505.35 1379.22 9527.48 343.255 26711.6 5114.26 1176.73 5271.53 1128.18 4727.6 3949.83 26622.4 14301.7 9628.98
internal_count=312240 185367 165791 35526 126873 66824 28094 4568 38730 130265 30958 3355 2952 19576 60049 54902 8627 7944 46275 1754 129675 25142 5618 25753 5889 27603 21473 129239 69423 45924
cat_boundaries=0 1 2 3 4 5 6 7 8 9 10
cat_threshold=2 7184 19957868 32854056 10822592 22349144 525706 714826 16785410 16042276
is_linear=0
shrinkage=0.05


Tree=88
num_leaves=31
num_cat=7
split_feature=0 1 7 7 1 6 27 23 6 1 25 14 4 3 2 32 26 1 24 7 18 7 32 27 19 23 1 10 10 2
split_gain=38.6852 34.4049 29.1151 30.0416 28.956 23.9218 23.9721 22.4195 21.0134 21.6178 20.4668 20.069 20.0022 21.9503 23.3888 19.5426 18.5858 18.4319 17.9554 17.6666 20.1662 18.2707 16.8926 17.0139 16.2037 16.0873 15.8571 21.3534 15.8213 15.2206
threshold=3.5000000000000004 0 49.95000000000001 53.750000000000007 1 38.500000000000007 1.5000000000000002 4.4142857142857155 54.500000000000007 2 0.58333333333333337 7.5050000000000008 1.5000000000000002 2.5000000000000004 3 0.38795458827963075 0.51754926108374399 4 0.18683333333333338 53.250000000000007 41.190000000000005 51.650000000000013 0.53915047084752565 9.5000000000000018 34.255000000000003 3.8660714285714293 5 0.16500000000000004 0.17500000000000002 6
decision_type=2 1 2 2 1 2 8 8 2 1 10 2 2 2 1 10 8 1 8 2 2 2 8 8 2 10 1 10 8 1
left_child=4 10 25 5 24 17 26 -5 11 -10 -2 12 13 14 -6 -15 -11 -4 -19 20 21 -16 -14 -24 28 -3 -7 -28 -1 -17
right_child=1 2 3 7 8 6 -8 -9 9 16 -12 -13 22 15 19 29 -18 18 -20 -21 -22 -23 23 -25 -26 -27 27 -29 -30 -31
leaf_value=0.003658541022797487 9.6104621277663931e-05 -0.0049456686962551996 0.0048827690325561612 -0.0044704685831061883 0.0027444811966007799 0.000299544267359419 0.0057149280074487224 -0.016546786213936023 -0.012076715478838783 0.0013449974947960519 0.0068724865392026857 0.0087368797946695432 -0.0031275976509776496 0.016104431275230875 -0.014534634867135524 -0.00076631079512805799 -0.014818396818921366 0.0008682598312533239 -0.0086486221168252907 -0.0047705939206845937 0.0013312491888177536 -0.0016242333164052641 -0.016313010351651693 -0.097908117591097799 0.0060645467834237118 -0.013608498789554621 -0.0021971723806689749 -0.0092803875444427333 -0.0024241794041873189 0.0069637245510061289
leaf_weight=3450.3492072150111 11696.132873890921 1722.0457689315081 2455.7640575300902 2796.2010511755943 5371.4186545163393 1677.7048131003976 738.58362977951765 445.56331588514149 639.7485029399395 1206.3730185925961 1231.6172596663237 761.79124322906137 1061.5302152112126 341.71899298578501 398.52522175014019 1194.1365157738328 208.60408449172974 2877.2288672383875 598.7529927380383 2738.186216108501 5409.7137780413032 877.32546242326498 191.34805738925934 6.6094286218285552 3930.5412372723222 778.06990720704198 2313.6795555874705 1969.9525192528963 1548.9232137277722 1358.7297474518418
leaf_count=18611 58617 7901 12751 13383 25843 7815 3425 3228 2987 5425 5530 4672 5232 2026 1879 7453 1251 13978 3735 12626 25727 4134 999 36 20380 5519 10492 9618 7291 9676
internal_value=1.45899e-06 -0.00123538 -0.00262503 -0.00183655 0.00126271 -0.000734617 -0.00278197 -0.00613029 0.000278026 -0.00453366 0.000741112 0.00077975 0.00045986 0.00089332 0.000114274 0.00487528 -0.00103062 0.00157787 -0.000768853 -0.00138635 -2.35175e-06 -0.00565693 -0.00562818 -0.0190373 0.00365839 -0.00764166 -0.0038347 -0.00544189 0.00177393 0.00337218
internal_weight=61996.9 31301.3 18373.5 15873.4 30695.6 12631.7 6699.92 3241.76 21765.8 2054.73 12927.8 19711 18949.2 17689.8 14795.2 2894.59 1414.98 5931.75 3475.98 9423.75 6685.56 1275.85 1259.49 197.957 8929.81 2500.12 5961.34 4283.63 4999.27 2552.87
internal_count=312240 155992 91845 78425 156248 61814 31350 16611 109966 9663 64147 100303 95631 89364 70209 19155 6676 30464 17713 44366 31740 6013 6267 1035 46282 13420 27925 20110 25902 17129
cat_boundaries=0 1 2 3 4 5 6 7
cat_threshold=2179518 31326208 18722 646 8563200 1057856 5132
is_linear=0
shrinkage=0.05


Tree=89
num_leaves=31
num_cat=10
split_feature=0 24 7 17 1 10 11 6 4 11 28 1 23 32 1 2 1 27 1 12 14 32 29 12 2 1 1 17 6 1
split_gain=37.1632 32.828 29.693 28.9394 23.9974 21.8564 21.6191 21.197 24.0727 27.8522 34.2962 21.0103 20.6988 19.8097 18.9381 18.3108 19.8507 17.7951 19.9816 17.512 25.7013 17.4939 17.0572 16.8382 16.0652 17.4025 15.8154 15.7906 15.4259 17.7147
threshold=5.5000000000000009 0.16050000000000006 52.45000000000001 28.335000000000004 0 0.21500000000000002 3.9350000000000005 51.500000000000007 1.5000000000000002 6.5050000000000008 1511.6898793450525 1 5.7071428571428582 0.51035913578480485 2 3 4 1.0000000180025095e-35 5 53.355000000000011 7.4750000000000005 0.481557067271353 5.2500000000000009 11.795000000000002 6 7 8 46.440000000000005 23.500000000000004 9
decision_type=2 10 2 2 1 8 2 2 2 2 2 1 8 8 1 1 1 10 1 2 2 8 2 2 1 1 1 2 2 1
left_child=1 7 3 4 -3 27 12 8 9 14 -11 -7 28 26 21 16 -12 -4 -19 20 -10 -1 -6 -8 25 -25 -9 -5 -2 -30
right_child=6 2 17 5 22 11 23 13 19 10 15 -13 -14 -15 -16 -17 -18 18 -20 -21 -22 -23 -24 24 -26 -27 -28 -29 29 -31
leaf_value=0.0051987642715483999 0.00033336178206341295 -0.01001125484878411 -0.0052652691441656936 0.001948446117414485 0.00065049035903066803 -0.018963576268363751 0.050727009586535865 -0.0085554175616281772 -0.0022618499169870629 0.03038801586813757 0.007270203442151066 0.00052370207711972805 -0.032911425573023782 -0.012068557192775364 0.00065402784553741521 0.0082273942538647355 -0.0061996207699768699 -0.0043112781809417008 0.0010732906436025937 -0.008458661593592794 0.010183245874150133 -0.002285283300619187 -0.009542310619400942 -0.0091076813522080798 -0.00024693958695723331 -0.0019400693519940398 0.0012490267312227068 0.0086141678154624032 -0.026241037141497916 -0.0058513967337307515
leaf_weight=5557.6814407482743 345.72001462429762 900.14362381212413 4187.2796967644244 9442.0700983200222 2818.4509804733098 224.49147714115679 15.035765655338762 491.39018025994301 2031.0064485892653 148.59413356333971 524.33675287663937 344.69926287233829 90.572880296036601 428.32353892922401 9800.243109703064 2464.0660911053419 550.43833190202713 2927.3002400249243 4162.7853728290647 739.33865744620562 521.34912724047899 908.45651453733444 480.41281856782734 1385.796320296824 4524.5397287979722 2200.3772055804729 2281.2111332193017 980.75940903276205 166.27891152352095 320.17918233573437
leaf_count=26782 4546 4378 20075 45817 13433 1338 91 2369 9473 780 3038 2054 2230 2138 47308 15177 3113 14109 19796 3511 2482 4565 2883 7203 22465 11268 10840 4783 1551 2644
internal_value=1.40845e-06 0.000507768 -0.0007371 0.000705824 -0.00282509 0.00205465 -0.00295974 0.00175367 0.00227895 0.00293247 0.00685594 -0.00748614 -0.0102123 -0.00206099 0.00204306 0.00586784 0.000378172 -0.00268077 -0.00115442 -0.0016826 0.00028021 0.00414089 -0.000831365 -0.00213615 -0.00223415 -0.00472746 -0.000514974 0.00257567 -0.00774173 -0.0134806
internal_weight=61963.3 52914.8 26468.4 15191 4199.01 10992 9048.5 26446.4 23245.5 19953.8 3687.44 569.191 922.751 3200.92 16266.4 3538.84 1074.78 11277.4 7090.09 3291.69 2552.36 6466.14 3298.86 8125.75 8110.71 3586.17 2772.6 10422.8 832.178 486.458
internal_count=312240 260242 128666 74686 20694 53992 51998 131576 116229 100763 22108 3392 10971 15347 78655 21328 6151 53980 33905 15466 11955 31347 16316 41027 40936 18471 13209 50600 8741 4195
cat_boundaries=0 1 2 3 4 5 6 7 8 9 10
cat_threshold=165924 4075744 13265186 4608 23660402 10297762 6728 21368578 8399106 7158912
is_linear=0
shrinkage=0.05


Tree=90
num_leaves=31
num_cat=8
split_feature=8 0 27 1 17 7 1 2 14 4 14 24 7 23 2 11 11 6 13 0 1 1 10 17 6 6 1 1 31 7
split_gain=36.7659 36.3298 30.8901 29.9348 24.5793 24.4946 25.3299 21.7148 24.3192 21.309 18.5769 18.5614 18.5061 18.4827 18.1663 18.1369 17.7232 17.0523 18.0787 17.6438 26.8483 19.7449 16.6398 16.8931 16.4701 16.3266 19.0013 16.0047 21.8036 15.5589
threshold=1.0000000180025095e-35 1.5000000000000002 1.0000000180025095e-35 0 44.470000000000006 56.250000000000007 1 2 4.5650000000000004 1.0000000180025095e-35 5.8650000000000011 0.10707142857142858 49.150000000000013 5.1339285714285721 3 7.3950000000000005 1.425 24.500000000000004 1.0000000180025095e-35 4.5000000000000009 4 5 0.18500000000000003 37.975000000000001 51.500000000000007 44.500000000000007 6 7 82.500000000000014 57.550000000000004
decision_type=2 2 8 1 2 2 1 1 2 2 2 8 2 10 1 2 2 2 2 2 1 1 8 2 2 2 1 1 2 2
left_child=1 3 10 -1 5 7 -7 -4 16 12 17 -12 -10 29 -5 -14 -9 18 -3 21 -21 -19 23 -16 -18 -13 -27 -6 -29 -2
right_child=13 2 4 14 27 6 -8 8 9 -11 11 25 15 -15 22 -17 24 19 -20 20 -22 -23 -24 -25 -26 26 -28 28 -30 -31
leaf_value=-0.0010909675895227162 -0.0023653586310806267 -0.032068394410980201 -0.0056701574907920427 0.014510244650796204 0.0013270555283826763 -0.017015822304881172 -0.00078761438328042515 -0.024242760562520574 -0.0032491251802321767 -0.0012865186698718431 0.01352604250288867 0.0018745722685668917 0.0036895513376884684 -0.017260664373747802 0.004476346470831595 0.020404042305517272 0.00024038653495657035 0.0014908694736539194 0.0039836052802994333 -0.011758286666675666 -0.0028728957683066517 -0.0039243577604107377 -0.0017036423684884565 0.012960570363799814 -0.0058530813887121809 0.0036249348498605264 -0.0073732197661458936 0.012344609817580175 -0.0017068489144014738 -0.021397919349359834
leaf_weight=1952.9784524254501 8619.3078833259642 35.838112594559789 1197.2589043341577 588.4467101469636 1285.0328137073666 381.63938538171351 638.24057360552251 80.864562360569835 974.42066311836243 3108.8321853876114 268.46348641812801 3938.8087504208088 10902.262571647763 220.48555073514581 2243.4505231678486 164.75198022276163 7023.6762728858739 2676.5135632008314 1170.4837009590119 1348.7093129511923 2331.2170315086842 4515.6027239076793 731.78532434254885 794.49116346985102 1316.8466602116823 572.29690724611282 1219.8312753289938 1157.9569933321327 362.49792937934399 108.73456552997231
leaf_count=12801 42594 904 5363 5401 6084 1898 3128 2006 4431 13711 1195 17611 49629 2907 16638 920 35047 11623 6947 7326 12218 19587 3858 6389 6340 2538 5420 5511 1663 552
internal_value=7.14661e-07 0.000501375 1.99167e-05 0.00406184 0.0010427 0.000559193 -0.00703478 0.000871881 0.00120606 0.00240395 -0.00159786 0.000676368 0.00335675 -0.00296364 0.00635882 0.00393838 -0.000947539 -0.00272748 0.00291255 -0.00335328 -0.00616919 -0.00191249 0.00505138 0.00669516 -0.000721683 7.443e-05 -0.00388199 0.00548724 0.00893577 -0.00260247
internal_weight=61931.7 52983.2 46672 6311.15 28594.3 25788.8 1019.88 24768.9 23571.7 15150.3 18077.8 5999.4 12041.4 8948.53 4358.17 11067 8421.39 12078.4 1206.32 10872 3679.93 7192.12 3769.73 3037.94 8340.52 5730.94 1792.13 2805.49 1520.45 8728.04
internal_count=312240 266187 221100 45087 135731 122473 5026 117447 112084 68691 85369 26764 54980 46053 32286 50549 43393 58605 7851 50754 19544 31210 26885 23027 41387 25569 7958 13258 7174 43146
cat_boundaries=0 1 2 3 4 5 6 7 8
cat_threshold=149534 30681360 6144 4098 13414944 29628528 8651192 29798792
is_linear=0
shrinkage=0.05


Tree=91
num_leaves=31
num_cat=10
split_feature=18 4 3 20 7 26 2 19 29 1 6 1 7 28 1 7 20 1 1 14 11 14 31 4 11 2 1 14 1 2
split_gain=34.0709 29.1884 38.0821 27.5585 27.0685 24.0054 23.2373 26.0003 21.1746 22.3663 21.4618 20.6535 22.1719 18.8435 18.6973 15.8113 19.3477 16.8027 15.6262 15.2179 14.694 14.3912 17.2978 14.6475 18.0193 18.6126 20.2254 15.4274 16.938 15.1574
threshold=51.495000000000012 1.0000000180025095e-35 2.5000000000000004 1.0000000180025095e-35 53.650000000000013 0.14434523809523811 0 29.065000000000001 5.2500000000000009 1 36.500000000000007 2 49.95000000000001 1369.9772206130567 3 53.350000000000001 58.785000000000004 4 5 7.1250000000000009 6.8850000000000007 8.6150000000000002 56.500000000000007 2.5000000000000004 6.9150000000000009 6 7 6.8650000000000011 8 9
decision_type=2 2 2 2 2 8 1 2 2 1 2 1 2 2 1 2 2 1 1 2 2 2 2 2 2 1 1 2 1 1
left_child=3 2 6 -1 19 14 -2 11 10 20 15 -8 -13 -11 -4 -5 17 -17 -6 -3 -10 23 -23 24 29 26 -26 28 -27 -12
right_child=1 4 5 8 18 -7 7 -9 9 13 21 12 -14 -15 -16 16 -18 -19 -20 -21 -22 22 -24 -25 25 27 -28 -29 -30 -31
leaf_value=0.004475550095715086 0.0065967703959724042 -0.0023360528654279337 0.010879726076043376 0.0017184425485694305 -0.0042612154088858163 0.0099452050079494956 0.0018585834029320042 0.0017294833935830986 0.00022187484760892814 -0.017153839683747386 -0.0043868343699547145 -0.017871048391211557 -0.0037584375746943007 -0.0055537808060780701 -0.0012078792589114368 -0.014494936495395808 0.011541451882211321 -0.002353125023309225 -0.021383024118516059 0.0048548869410307864 0.042585203735413212 0.038388288806145518 -0.0064908654821130875 -0.0080479324424226634 0.01627472613152128 -0.010033858067897521 -0.015169652041209226 0.018206850309623719 0.013123123413026556 -0.0010580264993226504
leaf_weight=2119.9459550883621 1757.1831038109958 3522.618259401992 424.24326265603304 8834.8760208971798 304.46848604828119 2245.3386094458401 1553.6586710866541 12460.338638924062 1178.4369556251913 408.96129454486072 5024.216944064945 313.57263015396893 2474.818120252341 2432.0140661410987 1212.8512904122472 365.72470053471625 192.58442453108728 1234.725709317252 254.17008796520531 929.97015427798033 20.83094547688961 47.989832423627377 38.85339729860425 975.8471347168088 62.827756188809872 142.40390391647816 171.5006236769259 299.37647219374776 154.55508305504918 10732.336714304984
leaf_count=10743 8853 17114 1984 43599 1459 14469 7671 61493 7592 4314 24084 1686 12103 13757 5631 1760 922 5918 1227 4521 97 253 208 4602 367 801 969 1739 871 51433
internal_value=4.36709e-07 0.00131436 0.00208476 -0.00104699 -0.00213578 0.00658807 0.00114273 0.000568082 -0.00140925 -0.00479515 -0.000925485 -0.00276347 -0.00532639 -0.00719828 0.00198363 0.000849634 -0.00343128 -0.00523296 -0.0125104 -0.000834149 0.000949794 -0.00199437 0.0183095 -0.00209477 -0.00174454 0.00543292 -0.0064178 0.0100291 0.00212244 -0.00212292
internal_weight=61891.2 27453.2 22442 34438 5011.23 3882.43 18559.6 16802.4 32318.1 4040.24 28277.8 4342.05 2788.39 2840.98 1637.09 10627.9 1793.03 1600.45 558.639 4452.59 1199.27 17649.9 86.8432 17563.1 16587.2 830.664 234.328 596.335 296.959 15756.6
internal_count=312240 138211 113890 174029 24321 22084 91806 82953 163286 25760 137526 21460 13789 18071 7615 52199 8600 7678 2686 21635 7689 85327 461 84866 80264 4747 1336 3411 1672 75517
cat_boundaries=0 1 2 3 4 5 6 7 8 9 10
cat_threshold=2 8896516 17994536 8437932 13115664 29041096 4100 18876192 3371186 6192
is_linear=0
shrinkage=0.05


Tree=92
num_leaves=31
num_cat=5
split_feature=8 0 1 2 3 28 29 12 2 7 7 8 1 24 26 4 15 23 1 10 11 27 6 11 7 31 24 18 13 4
split_gain=33.3288 33.4964 34.1375 28.0062 29.8064 28.9712 24.6825 23.002 20.6841 19.5787 23.1119 17.6768 17.0997 16.8448 16.6715 16.2861 15.5979 15.5332 17.1954 18.5471 15.4787 15.4612 19.6403 15.2576 15.205 16.0942 14.3827 14.0459 14.7649 14.6332
threshold=1.0000000180025095e-35 4.5000000000000009 0 1 2.5000000000000004 1513.9491124573121 1.7500000000000002 43.935000000000009 2 51.250000000000007 52.250000000000007 1.5000000000000002 3 0.17050000000000007 0.74037037037037046 1.0000000180025095e-35 49.620000000000012 3.9500000000000006 4 0.20500000000000004 7.6450000000000005 1.0000000180025095e-35 23.500000000000004 6.1450000000000005 57.050000000000004 57.500000000000007 0.12100000000000002 67.355000000000004 9.8700000000000028 1.5000000000000002
decision_type=2 2 1 1 2 2 2 2 1 2 2 2 1 8 10 2 2 8 1 8 2 8 2 2 2 2 8 2 2 2
left_child=1 3 8 6 17 -6 13 12 26 -4 15 24 -7 -1 -9 -11 -8 -5 -19 -20 -10 22 -12 -13 27 -26 -3 28 -2 -30
right_child=11 2 9 4 5 7 16 14 20 10 21 23 -14 -15 -16 -17 -18 18 19 -21 -22 -23 -24 -25 25 -27 -28 -29 29 -31
leaf_value=0.013630904392711954 -0.018149645013258234 0.010321655329725394 -0.0075212336489310569 0.00044574191760747485 0.017485252740436809 0.0010678391992844807 0.0033703492756970441 6.5931969423608787e-05 0.0036592347018880819 0.0023097798148479852 0.016078142266838177 -0.025285698131361209 0.011920246461633255 -0.00022513074950318782 0.01152090161547741 -0.0061289173118981343 -0.0047379673781818904 0.00058238713347191979 -0.003726047430263172 -0.016329566023478202 0.0394629143544213 -0.0021171221353153921 -0.0089714832114963072 0.0026650857703353834 -0.0097612755291401985 -0.048413615849144859 -0.0038266809791576983 0.0081438428364407744 -0.0016309255974777182 -0.0093465957820448135
leaf_weight=928.95121966674924 149.12367762438953 199.86897940933704 1983.9974371809512 14875.634183313698 348.41997980326414 591.11444803699851 7250.0695790201426 4319.7328523136675 3689.0495085828006 3251.5559327658266 81.816163182258606 156.71792450360954 976.1472679041326 287.14659620448947 342.84236300364137 693.73683848232031 645.96735579520464 2451.5429191254079 3022.0233508907259 323.10869788751006 30.435990154743195 3064.1610055454075 1795.2624230198562 70.918871104717255 146.63088424131274 32.990617766976357 1773.5456664562225 318.35764791257679 7397.1747832633555 670.19064592570066
leaf_count=6422 2536 933 11396 69739 1786 3247 33610 23370 19245 16433 802 864 5366 1845 4185 3246 3237 11312 13988 1749 138 15801 9360 358 802 171 8977 1625 36520 3177
internal_value=2.38289e-07 0.000477252 -0.0013865 0.0013262 0.000522796 0.00345439 0.00372418 0.00266968 0.00174935 -0.00302756 -0.00202772 -0.00282309 0.00790998 0.0103592 0.000908224 0.000825927 0.00270702 -0.000409831 -0.00260543 -0.0049287 0.00394161 -0.00430619 -0.00787965 -0.0165778 -0.00246379 -0.0168605 -0.00238166 -0.0021608 -0.00256007 -0.0022719
internal_weight=61868.2 52926.1 16563.4 36362.7 27250.6 6578.26 9112.13 6229.84 5692.9 10870.5 8886.53 8942.11 1567.26 1216.1 4662.58 3945.29 7896.04 20672.3 5796.67 3345.13 3719.49 4941.24 1877.08 227.637 8714.47 179.622 1973.41 8534.85 8216.49 8067.37
internal_count=312240 266187 86331 179856 134742 37954 45114 36168 29293 57038 45642 46053 8613 8267 27555 19679 36847 96788 27049 15737 19383 25963 10162 1222 44831 973 9910 43858 42233 39697
cat_boundaries=0 1 2 3 4 5
cat_threshold=213326 386 6156 32543746 4834842
is_linear=0
shrinkage=0.05


Tree=93
num_leaves=31
num_cat=10
split_feature=25 30 7 29 2 27 1 8 4 11 1 2 6 7 11 7 1 7 18 1 6 32 18 1 1 24 1 24 12 1
split_gain=31.9926 26.7315 26.988 31.2704 24.1493 22.9883 19.8741 19.2108 19.0565 31.801 22.4015 22.3897 24.0104 18.92 18.7214 18.0268 18.1864 17.7924 17.0641 16.7948 16.3287 22.1753 18.1655 17.5063 16.2031 16.1024 20.269 15.3075 14.6805 17.1083
threshold=1.0000000180025095e-35 -0.10303693693693691 50.550000000000004 2.7500000000000004 0 2.5000000000000004 1 1.0000000180025095e-35 2.5000000000000004 7.0050000000000008 2 3 38.500000000000007 53.95000000000001 6.3150000000000004 52.45000000000001 4 52.550000000000004 44.07500000000001 5 55.500000000000007 0.25537696577243302 58.630000000000003 6 7 0.16050000000000006 8 0.22105555555555562 23.650000000000002 9
decision_type=8 8 2 2 1 10 1 2 2 2 1 1 2 2 2 2 1 2 2 1 2 8 2 1 1 8 1 10 2 1
left_child=1 5 3 6 20 13 14 15 9 11 -11 12 -2 -1 -3 16 -6 -13 24 -20 21 22 -4 -23 -19 -17 -27 -7 29 -14
right_child=8 2 4 -5 7 27 -8 -9 -10 10 -12 17 28 -15 -16 25 -18 18 19 -21 -22 23 -24 -25 -26 26 -28 -29 -30 -31
leaf_value=0.0054232523557526946 0.0021518027588678947 0.018222425162146758 0.0069224912052729126 -0.0064092579009506646 -0.0013275427578196923 0.025589577582120656 -0.0019049389849613435 -0.0044582733254757614 -0.0033167326032984808 0.016903696944872187 0.004029975395819051 0.004068675302215395 -0.021263385189620815 -0.0078557492562042943 -0.0062512073352337192 0.0001710944111810106 0.0028399706426310346 -0.011670966947469 -0.0017196667930237466 0.0049854727287928606 -0.0069042838405352072 -0.0078591249134203258 0.023156348273761673 0.0042362357098057919 -4.9661257010204512e-05 -0.0067873594150220347 -0.0010939341239688918 -0.029585756738028164 -0.0021544367091678178 -0.00072813422529283427
leaf_weight=1452.9824809730053 4233.9529838636518 298.87615045160055 1163.2796631027013 4408.5446893014014 4899.5625902935863 170.64519772306085 812.40068482607603 3770.4754967372864 2017.2133141756058 536.83371941745281 941.31114204972982 8015.9096023663878 215.84118830412626 328.9799195304513 105.8041783310473 4889.2829027008265 5602.1381493341178 498.77903287112713 1705.9672683551908 2047.1889079287648 331.96527241915464 435.49161138385534 202.28994284942746 900.80589837953448 741.11958205699921 2829.4059918820858 3508.9137967061251 13.570201389491556 4558.2058815583587 196.77106039226055
leaf_count=7053 20748 1523 6073 24187 24946 823 4189 19940 9413 3255 5476 39656 1103 1599 627 24340 28594 2412 8232 9860 1551 2130 1052 4524 3553 14402 17751 63 22175 990
internal_value=3.23083e-07 -0.000959113 -0.00128542 -0.00445058 -0.00066139 0.00471003 0.00264421 -0.00116325 0.00134849 0.0017457 0.00884708 0.00127316 -0.000614496 0.00297173 0.0115386 -0.000592028 0.00089706 0.00260728 0.000266354 0.00194641 0.00354892 0.00484639 0.00932731 0.000267316 -0.00481914 -0.00198484 -0.0036479 0.0215251 -0.00297196 -0.0120033
internal_weight=61834.5 36125.4 34159.2 5625.63 28533.6 1966.18 1217.08 25499.8 25709.1 23691.9 1478.14 22213.7 9204.77 1781.96 404.68 21729.3 10501.7 13009 4993.05 3753.16 3033.83 2701.87 1365.57 1336.3 1239.9 11227.6 6338.32 184.215 4970.82 412.612
internal_count=312240 185367 175829 30526 145303 9538 6339 129973 126873 117460 8731 108729 45016 8652 2150 110033 53540 63713 24057 18092 15330 13779 7125 6654 5965 56493 32153 886 24268 2093
cat_boundaries=0 1 2 3 4 5 6 7 8 9 10
cat_threshold=2 18743688 31728004 7184 19975588 19085970 8917564 11273080 10070820 1806288
is_linear=0
shrinkage=0.05


Tree=94
num_leaves=31
num_cat=9
split_feature=18 7 4 7 11 13 2 30 20 1 1 2 12 32 32 11 1 26 1 14 22 18 6 6 1 1 18 13 32 1
split_gain=31.3624 23.1896 23.8523 36.598 30.2556 31.3587 23.283 23.2583 23.0503 22.6981 21.089 19.6282 24.2151 18.8907 18.4086 24.5029 19.1459 18.0184 17.8772 17.7685 17.647 17.7748 17.0799 17.0686 18.5975 16.2569 21.7942 16.4515 19.8278 16.1114
threshold=47.945000000000007 56.350000000000001 1.0000000180025095e-35 50.350000000000001 6.2950000000000008 61.370000000000012 0 -0.139797619047619 1.0000000180025095e-35 1 2 3 18.780000000000005 0.47241679145934984 0.49257407543562975 6.705000000000001 4 0.16843971631205676 5 7.4450000000000012 0.61250000000000016 68.195000000000007 28.500000000000004 35.500000000000007 6 7 60.685000000000009 32.275000000000006 0.40917865917865925 8
decision_type=2 2 2 2 2 2 1 10 2 1 1 1 2 8 8 2 1 10 1 2 10 2 2 2 1 1 2 2 10 1
left_child=8 2 3 10 6 9 -5 -7 -1 -6 19 29 -13 17 15 16 22 -8 -17 20 21 -2 -4 24 -14 26 -3 -28 -29 -10
right_child=1 25 14 4 5 7 13 -9 11 -11 -12 12 23 -15 -16 18 -18 -19 -20 -21 -22 -23 -24 -25 -26 -27 27 28 -30 -31
leaf_value=0.0038294302008970329 -0.0087130813291404104 -0.016863070568548785 0.015677696539067133 0.0068073900793627871 -0.010778220030859589 0.022780161601133178 0.00073378409129594988 0.0042567789072456112 0.0032987467682682545 0.027056726101405588 0.00022202232688881205 -0.008947500217211829 0.0037906988624635341 -0.0038302885396444318 -0.0055373547047993721 0.00045968743284011425 -0.0045734142023886896 0.004573826232533636 0.014450316597551863 0.026337436066726744 -0.035699990065892022 0.013975204086496905 0.00053032372013045524 -0.0034820729769196607 -0.0026842930707506483 -0.00031453733975560076 -0.032957252079462165 0.021622950840527969 -0.033568799738903081 -0.0015040142238538544
leaf_weight=1943.4006342180073 1320.8264915812761 470.1425117701292 220.19343468733132 1962.5498441252857 45.593774702399969 176.8226881287992 13558.215356428176 4072.1017841212451 2725.3266037404537 252.22761030867696 2255.9194366298616 1489.5071011725813 2050.5787528008223 1763.6044999677688 2029.3954385854304 465.94779596477747 2195.2601434830576 3943.2765205055475 450.1219927482307 37.922049701213837 56.611234579235315 92.362386099994183 1202.0234841667116 8978.5839397795498 2391.4827644824982 700.0839680749923 23.478035861626267 101.56215639412403 19.377833023667336 4819.2182459440082
leaf_count=9858 7009 2343 1196 9747 250 953 64637 23052 14093 1444 11930 9594 10051 8866 9859 2217 10688 21142 2185 206 298 495 5737 43987 11657 3507 159 472 91 24517
internal_value=1.37897e-07 0.000909598 0.00114714 0.00175294 0.00242548 0.006127 0.00163266 0.00502765 -0.00139456 0.0218111 -0.00285278 -0.00184669 -0.0028972 0.0011014 -0.00157944 0.000192281 -0.0016575 0.00159899 0.00749691 -0.00740579 -0.00832678 -0.00723023 0.00285542 -0.00222786 0.000307233 -0.00561337 -0.011458 0.00534429 0.0127798 0.000232964
internal_weight=61813.7 37415.6 36101 29538 25774.4 4546.75 21227.6 4248.92 24398.1 297.821 3763.64 22454.7 14910.2 19265.1 6562.94 4533.55 3617.48 17501.5 916.07 1507.72 1469.8 1413.19 1422.22 13420.6 4442.06 1314.64 614.561 144.418 120.94 7544.54
internal_count=312240 188483 181911 150029 130091 25699 104392 24005 123757 1694 19938 113899 75289 94645 31882 22023 17621 85779 4402 8008 7802 7504 6933 65695 21708 6572 3065 722 563 38610
cat_boundaries=0 1 2 3 4 5 6 7 8 9
cat_threshold=2 12304 13463634 390 2388122 2282448 13465858 30423574 11076998
is_linear=0
shrinkage=0.05


Tree=95
num_leaves=31
num_cat=13
split_feature=0 6 17 24 1 30 20 1 12 11 23 2 0 1 12 6 2 12 1 1 31 6 1 2 16 1 12 1 2 1
split_gain=30.7819 27.9278 26.6496 24.2404 22.4898 18.9796 19.6768 19.0202 18.1907 18.0202 18.943 17.8397 16.076 17.0481 15.7058 15.3677 15.2574 15.1564 14.9445 14.7527 14.568 14.4762 16.6029 13.9744 13.8923 21.827 17.6914 15.3606 14.3807 13.8218
threshold=5.5000000000000009 53.500000000000007 46.175000000000004 0.17050000000000007 0 0.089310084033613443 33.225000000000001 1 47.57500000000001 3.9350000000000005 5.7071428571428582 2 1.5000000000000002 3 1.6000000000000003 63.500000000000007 4 11.795000000000002 5 6 29.500000000000004 23.500000000000004 7 8 51.625000000000007 9 16.465000000000003 10 11 12
decision_type=2 2 2 10 1 10 2 1 2 2 8 1 2 1 2 2 1 2 1 1 2 2 1 1 2 1 2 1 1 1
left_child=1 2 3 5 20 6 24 -7 -6 10 21 14 13 -8 -5 17 -15 -11 -13 -14 -3 29 -23 -10 25 28 -26 -28 -1 -2
right_child=9 4 -4 11 8 7 12 -9 23 15 -12 18 19 16 -16 -17 -18 -19 -20 -21 -22 22 -24 -25 26 -27 27 -29 -30 -31
leaf_value=0.0070572868096335922 0.011681957656156927 -0.0051449237541862439 0.0051012722824428525 -0.019316135149066632 -0.005142852808814549 0.002956014351991396 0.0090032513486449431 -0.0066491567765972264 -0.00041824893632436214 0.047529613643011552 -0.031677483728816569 -0.0054100143798217516 0.0026260694563791194 0.0082952723290972263 0.00080167154450922189 0.037225670693330729 -0.0015808662577497133 -0.0021674942686060543 -0.00091908101900967055 -0.00013081504521675268 0.002910449452905819 -0.025183095175995013 -0.0052965394200535903 -0.035000698289461923 0.092484855494261331 0.0064406501769913235 0.0014705793736277096 0.014692476009372402 -0.021287433889987169 -0.0079617215652749394
leaf_weight=63.446144921705127 151.1012568809092 813.88055580109358 3421.9188058339059 98.162835970520973 2679.520530924201 819.60961972549558 1333.9125135019422 1364.9500010237098 53.567948840558529 15.370951443910597 86.202610295265913 3149.4307143632323 7750.2183822691441 560.75425586104393 8296.4151296466589 24.953681401908398 1236.9844483584166 8061.2888031080365 4512.7741941642016 12956.502954233438 1808.3140046000481 161.94821716658771 317.30206105485559 81.778923586010933 6.5784993171691886 650.79158082976937 347.96999632939696 644.25350195914507 132.54163591191173 191.78041588701308
leaf_count=304 1980 3795 17213 1336 12549 4157 11287 6829 282 91 2230 15550 35041 4768 39718 123 8915 40813 22090 58551 8525 1551 2644 417 30 3125 1791 3325 644 2566
internal_value=4.63556e-07 0.000461519 0.000851255 0.000520166 -0.0029324 0.00141173 0.00179228 -0.00306237 -0.00602481 -0.0027006 -0.00937868 -0.00102726 0.00140721 0.004746 0.000565748 -0.00195187 0.00152857 -0.00207291 -0.00276966 0.000902251 0.000408653 -0.00704059 -0.0126526 -0.0239305 0.00676608 0.00205474 0.0107603 0.0102185 -0.0122144 0.000803363
internal_weight=61794.2 52784.3 47347.2 43925.3 5437.06 27868.5 25684 2184.56 2814.87 9009.95 908.335 16056.8 23838.4 3131.65 8394.58 8101.61 1797.74 8076.66 7662.2 20706.7 2622.19 822.132 479.25 135.347 1845.58 846.779 998.802 992.223 195.988 342.882
internal_count=312240 260242 234674 217461 25568 138767 127781 10986 13248 51998 10971 78694 118562 24970 41054 41027 13683 40904 37640 93592 12320 8741 4195 699 9219 4073 5146 5116 948 4546
cat_boundaries=0 1 2 3 4 5 6 7 8 9 10 11 12 13
cat_threshold=21567196 18918540 2830 27044256 4258 11379076 14698790 7158912 1872 25436448 1263690 2324 23263240
is_linear=0
shrinkage=0.05


Tree=96
num_leaves=31
num_cat=12
split_feature=18 7 23 7 4 7 29 2 19 14 0 13 1 30 2 6 1 24 1 2 1 14 1 2 27 1 20 1 23 1
split_gain=28.561 28.2499 23.4226 22.4252 33.0749 32.5355 24.5466 27.2682 21.9088 20.2964 19.9831 19.8873 18.0534 18.6314 17.5826 17.5005 17.2594 16.6586 20.401 18.7764 16.6306 16.5747 16.4566 16.0262 16.0403 15.8058 14.4403 14.4289 14.3079 14.6084
threshold=45.840000000000011 56.350000000000001 4.9500000000000011 51.95000000000001 1.0000000180025095e-35 52.45000000000001 2.7500000000000004 0 21.890000000000004 7.0650000000000004 3.5000000000000004 64.875000000000014 1 0.030810396294390089 2 34.500000000000007 3 0.16050000000000006 4 5 6 7.1650000000000009 7 8 2.5000000000000004 9 40.550000000000004 10 3.1055555555555561 11
decision_type=2 2 10 2 2 2 2 1 2 2 2 2 1 8 1 2 1 10 1 1 1 2 1 1 8 1 2 1 10 1
left_child=2 3 8 6 5 21 7 27 -1 16 -8 -11 13 -3 -10 22 -6 -7 19 -19 -12 23 -16 24 25 -5 -15 -2 -26 -30
right_child=1 12 -4 4 9 17 10 -9 14 11 20 -13 -14 26 15 -17 -18 18 -20 -21 -22 -23 -24 -25 28 -27 -28 -29 29 -31
leaf_value=0.0025252864069402773 0.012554140749916549 0.0046369275812696079 -0.011442947648956425 0.0010262245082621119 4.9013819561949576e-05 0.0025193847841194325 -6.6510973527802072e-05 -0.0020536564818980671 0.0003392294674000396 0.011241248463517199 -0.010422618775567856 -0.0015269834485871876 -0.011456206458070634 -0.049156117829727182 -0.0042515209643801911 -0.0045972210923079125 -0.0069483333319937798 -0.010761356594800809 0.0008467414607281487 -0.0013669641946638621 -0.0029783910625941837 0.011143679834622208 0.0028874521426108276 0.001902631839134994 0.0033953988568925899 0.0068942206794588914 -0.0082457022532898862 0.0027215808773991016 0.0051767236594374736 0.026729462884396805
leaf_weight=3147.0301413573325 713.04050678014755 523.23421514779329 584.7752931099385 1833.480260072276 1519.805479394272 6487.3284149188548 3553.221079736948 1530.0820914581418 5182.185946661979 486.70092998817563 1110.9794866871089 816.7342020906508 746.9738439861685 24.439579926431179 1408.4648705534637 7227.2465384937823 2105.8522770535201 843.11356829665601 4896.0094032175839 1441.0419661924243 2357.0857735518366 810.45923063158989 1863.4816679283977 5838.0558225419372 224.06794311106205 3122.8068145569414 183.70277377590537 810.58788019418716 143.3446794077754 232.49339025840163
leaf_count=15591 3826 2639 5716 9290 7267 32271 16164 8074 25457 2353 6322 3953 3759 119 7018 35591 10159 4149 24367 7216 13413 4699 9329 29379 1199 15837 891 4300 731 1161
internal_value=3.75028e-08 0.000727941 -0.00158806 0.000973514 0.00164331 0.00235846 -0.00107418 0.00266811 -0.00128199 -0.00211047 -0.00270178 0.00324066 -0.00606214 -0.000391048 -0.00204605 -0.00322064 -0.00403421 0.000682935 -0.000976309 -0.00486636 -0.00540176 0.00423481 -0.000189809 0.00374339 0.00566391 0.00473945 -0.0130493 0.00737496 0.013396 0.0193582
internal_weight=61767.8 42354.6 19413.2 40876.3 30801.3 25872.2 10075 3053.71 18828.4 4929.09 7021.29 1303.44 1478.35 731.377 15681.4 10499.2 3625.66 13667.5 7180.16 2284.16 3468.07 12204.7 3271.95 11394.2 5556.19 4956.29 208.142 1523.63 599.906 375.838
internal_count=312240 213538 98702 206130 154031 130299 52099 16200 92986 23732 35899 6306 7408 3649 77395 51938 17426 68003 35732 11365 19735 62296 16347 57597 28218 25127 1010 8126 3091 1892
cat_boundaries=0 1 2 3 4 5 6 7 8 9 10 11 12
cat_threshold=1954 2870504 390 11151628 2174210 7216 21511424 20579900 1834 19420328 21676938 1540524
is_linear=0
shrinkage=0.05


Tree=97
num_leaves=31
num_cat=11
split_feature=8 0 1 27 2 14 10 18 12 1 11 6 1 1 2 8 7 7 4 1 7 1 4 20 11 18 2 14 1 1
split_gain=28.0834 29.121 27.6704 25.0893 20.8788 20.8568 20.6182 18.6864 18.5475 17.7017 17.2624 17.2692 18.111 16.2349 16.5663 15.8035 15.6658 16.0114 15.389 14.6629 17.4439 14.6325 14.2504 14.1291 13.9008 13.565 13.5106 16.9189 16.1911 14.6634
threshold=1.0000000180025095e-35 1.5000000000000002 0 1.0000000180025095e-35 1 4.5650000000000004 0.18500000000000003 58.505000000000003 48.035000000000004 2 1.425 48.500000000000007 3 4 5 1.5000000000000002 52.45000000000001 51.95000000000001 1.0000000180025095e-35 6 50.45000000000001 7 1.5000000000000002 58.350000000000001 6.3050000000000006 47.945000000000007 8 7.5850000000000009 9 10
decision_type=2 2 1 8 1 2 8 2 2 1 2 2 1 1 1 2 2 2 2 1 2 1 2 2 2 2 1 2 1 1
left_child=1 2 23 16 -5 7 9 10 19 -4 -6 12 -12 -8 -15 -2 17 -3 25 20 -9 -13 26 -1 -17 -11 27 28 -7 -28
right_child=15 3 6 4 5 22 13 8 -10 18 11 21 -14 14 -16 24 -18 -19 -20 -21 -22 -23 -24 -25 -26 -27 29 -29 -30 -31
leaf_value=-0.0076992230448106732 -0.002254913838380918 -0.0026174387517590076 0.013492693578993631 -0.0050230043611763954 -0.025631341402790803 0.0080953246942946956 -0.010529379127234079 -0.006145238034754765 0.03133253254881626 0.0024594192252701472 -0.0036160209018598673 5.5848699333051366e-06 0.0019838463747902831 0.013311582322273838 -0.0025141520076856182 -0.022727739620181903 -0.0032170300102675 0.0013513871203426472 -0.0029344515702803622 -0.00078359797110080657 0.013085151329686386 -0.0090440377220573822 -0.0014929934500475482 0.010637120828019205 0.0060589484908569842 0.0091194216423229335 0.0041070144928171204 0.021214569053513443 0.0020363447647460844 0.0002635714689906595
leaf_weight=698.55001816153526 8698.244270529598 4209.4029269255698 736.1918482221663 1391.1367685068399 74.073098443448544 1852.9223995953798 321.75359996408224 151.49942179955542 60.392614081501961 1323.004757322371 2289.8808372169733 735.38438093662262 3869.3552457727492 238.91869359835982 488.21211217343807 170.45246326550841 7408.5076039880514 6412.4892808217555 525.92602492496371 993.00592511333525 532.12794690951705 1152.4856074079871 2181.0801033824682 123.65462408214808 55.621441833674908 1811.2945317141712 4143.2978120408952 156.40312702953815 2758.2530952692032 6182.9093409329653
leaf_count=4363 44831 20539 6388 6248 1908 8468 1674 796 290 9646 11624 3588 19478 1319 2541 939 35072 29758 4309 4948 2629 5591 9465 767 283 14080 18983 830 12651 28234
internal_value=1.10571e-07 0.000438407 0.00363804 7.65117e-06 0.000930497 0.00123713 0.00492445 -0.000597481 0.00410948 0.00643629 -0.00160425 -0.00138308 -0.000100722 -0.00136549 0.00279587 -0.00259412 -0.0014523 -0.000221439 0.00496658 0.0031289 0.00869628 -0.0055668 0.0022848 -0.00488217 -0.0156453 0.0063082 0.0028307 0.00503102 0.00449301 0.0018082
internal_weight=61746.4 52822.1 6267.51 46554.6 28524.2 27133.1 5445.3 9858.21 1737.03 4396.42 8121.18 8047.11 6159.24 1048.88 727.131 8924.32 18030.4 10621.9 3660.23 1676.63 683.627 1887.87 17274.9 822.205 226.074 3134.3 15093.8 4767.58 4611.18 10326.2
internal_count=312240 266187 45087 221100 135731 129483 39957 50852 8663 34423 42189 40281 31102 5534 3860 46053 85369 50297 28035 8373 3425 9179 78631 5130 1222 23726 69166 21949 21119 47217
cat_boundaries=0 1 2 3 4 5 6 7 8 9 10 11
cat_threshold=16404 6144 17571840 15993008 12747778 2434 1102706 15343676 1922 12240964 6497940
is_linear=0
shrinkage=0.05


Tree=98
num_leaves=31
num_cat=10
split_feature=0 6 17 7 7 4 4 30 4 1 28 13 1 11 32 1 12 17 1 23 1 2 7 1 17 25 1 29 2 1
split_gain=27.2419 24.9837 23.4437 21.5273 26.5239 24.4538 23.3174 22.5778 22.0957 20.2923 20.011 20.9613 17.1147 16.8296 27.78 20.264 16.5958 16.5457 16.3425 16.01 15.6713 15.4168 15.2632 25.0948 15.1989 14.8039 17.0009 14.6269 18.5503 14.612
threshold=5.5000000000000009 53.500000000000007 46.175000000000004 54.250000000000007 50.550000000000004 1.0000000180025095e-35 1.0000000180025095e-35 -0.054592819685357001 1.5000000000000002 0 1583.359934056095 61.065000000000005 1 6.5150000000000006 0.49917491749174919 2 47.57500000000001 23.605000000000004 3 5.7071428571428582 4 5 48.350000000000001 6 35.455000000000005 0.58333333333333337 7 2.2500000000000004 8 9
decision_type=2 2 2 2 2 2 2 8 2 1 2 2 1 2 10 1 2 2 1 10 1 1 2 1 2 8 1 2 1 1
left_child=1 2 3 4 6 7 27 18 22 -3 21 -12 -10 -7 -15 -16 -11 -14 -6 29 -13 -9 24 -24 -8 -23 -27 28 -1 -2
right_child=19 9 -4 -5 5 13 8 10 12 16 11 20 17 14 15 -17 -18 -19 -20 -21 -22 25 23 -25 -26 26 -28 -29 -30 -31
leaf_value=0.0063173896008491166 -0.0090523219278097044 0.00039765855454415832 0.0047927789717523541 -0.0021694174835080451 0.00072884007689111936 -0.0051546109086740236 0.014185932529999995 0.0033295470673555881 -0.025376137530993898 -0.0048705241730359564 0.01270463203790277 -0.0010780846208201917 -0.083699229865409189 0.0058848805633065614 -0.015940272774897245 -0.00079250029872609997 -0.022778057841953719 -0.00022535885763598257 0.0082434972471701184 -0.030043835313021013 0.0055381150994811062 -0.00051688615051420877 0.01082997421420431 -0.020656132455041051 0.0018063343849809626 0.011934026626632021 -0.00065615562977782023 -0.0051209829751930145 -0.0048043042695039735 -0.0017637602614077649
leaf_weight=736.2995639257133 743.09535427391529 2620.0983069688082 3415.8274036664516 6475.209016142413 1053.2321416214108 2042.4037030935287 625.94192118756473 4643.3705857656896 80.192307032644749 2676.7519279047847 674.77106615155935 1401.3488884866238 6.0189899504184714 1334.9467259794474 287.73027358204126 873.21946173906326 135.95129346102476 432.61517801135778 2381.7560904063284 52.615518648177385 2470.5121057592332 12101.692791705951 121.29173258692026 113.79382599331439 410.5591852273792 523.9430967643857 544.63920345902443 3797.8601969350129 743.80469201132655 8194.2741799615324
leaf_count=4066 4369 12320 17213 31119 5209 9570 3115 22578 377 12549 3710 8097 28 6380 1402 4268 699 2012 11705 1869 14647 58247 595 550 2054 2524 2626 18560 4022 45760
internal_value=2.6911e-07 0.000434038 0.000802932 0.000492323 0.000953136 0.00159588 -0.00180518 0.00219135 0.00312551 -0.00277721 0.00161157 0.00457229 -0.00557028 -0.0017887 0.000965644 -0.00469086 -0.00571576 -0.00134024 0.00596548 -0.00254376 0.00315502 0.000855893 0.00667352 -0.00482895 0.00928236 -1.87428e-05 0.00562255 -0.00347778 0.000738568 -0.00238187
internal_weight=61715.8 52725.8 47293 43877.2 37401.9 30333.6 7068.38 25795.3 1790.41 5432.8 22360.3 4546.63 518.826 4538.3 2495.9 1160.95 2812.7 438.634 3434.99 8989.99 3871.86 17813.6 1271.59 235.086 1036.5 13170.3 1068.58 5277.96 1480.1 8937.37
internal_count=312240 260242 234674 217461 186342 150963 35379 129343 8731 25568 112429 26454 2417 21620 12050 5670 13248 2040 16914 51998 22744 85975 6314 1145 5169 63397 5150 26648 8088 50129
cat_boundaries=0 1 2 3 4 5 6 7 8 9 10
cat_threshold=21567196 11010952 5522960 4461252 618550 262 1466540 6777186 1008 4456448
is_linear=0
shrinkage=0.05


Tree=99
num_leaves=31
num_cat=11
split_feature=25 30 23 27 7 29 1 2 7 2 26 1 23 32 3 2 4 28 26 1 28 2 11 2 23 1 1 6 32 1
split_gain=26.2583 23.4442 21.2899 20.4423 20.1536 24.4626 24.8747 19.785 16.4224 16.392 15.8679 25.8955 20.02 18.4782 25.2036 21.6579 18.6894 25.9286 19.0398 18.2313 21.6935 17.8817 17.2274 16.4865 15.5697 18.561 14.5937 14.3055 21.132 16.1543
threshold=1.0000000180025095e-35 -0.10303693693693691 5.7888888888888896 2.5000000000000004 50.550000000000004 4.7500000000000009 0 1 53.95000000000001 2 0.68042553191489374 3 3.9500000000000006 0.46838774150566292 2.5000000000000004 4 1.5000000000000002 1667.9611281043854 0.35388994307400384 5 1529.1478210834327 6 6.0750000000000011 7 3.0500000000000003 8 9 55.500000000000007 0.25537696577243302 10
decision_type=8 8 10 10 2 2 1 1 2 1 10 1 8 10 2 1 2 2 8 1 2 1 2 1 10 1 1 2 8 1
left_child=1 3 4 8 5 6 9 27 -1 -3 13 12 23 14 21 -15 17 22 -18 20 -16 -2 -17 -12 25 -9 -24 28 -6 -30
right_child=10 2 -4 -5 7 -7 -8 24 -10 -11 11 -13 -14 15 19 16 18 -19 -20 -21 -22 -23 26 -25 -26 -27 -28 -29 29 -31
leaf_value=0.0050869525735446211 -0.0018734926204359164 0.012021997491697837 -0.024885196825451983 0.020311409496634139 0.0088613665018511482 -0.00792885785482309 -0.0050072598899257312 -0.0018544864498916556 -0.0073012016150344255 0.00036776640271645925 0.014227148246820739 0.014101338913655934 -0.12895135487873885 -0.0047483117278708988 0.014186782732407361 -0.0083068407773487628 -0.0029612246659541275 0.016591494514099404 -0.027471410512450098 0.0084905950391871345 -0.002974714881960246 0.0020165770569849704 0.0074515024984727731 -0.017728737555270786 -0.0016845421452123567 0.0039223129494468196 -0.00033329287774802472 -0.0065401411450212461 -0.0085615545476079111 0.0034883605106174626
leaf_weight=1450.7948579564691 4028.7439302578568 411.01267167925835 94.423832666128874 183.94766123592854 1356.2785375174135 2221.3366508968174 1857.3997819442302 2539.6553441546857 328.00886685401201 1079.5666531324387 55.517776068300009 513.87724993377924 3.4150656163692465 2636.4130097441375 232.52244328707457 397.61515761911869 761.86841870844364 309.22104117274284 88.430268682539463 2152.0607124119997 885.06274060159922 11007.940795302391 1020.4327767528594 100.36006767675281 19804.388601191342 3053.3683290779591 1454.0917873084545 331.45580753684044 381.80509831756353 948.72790520824492
leaf_count=7053 18756 1965 2663 886 6876 13473 8909 12889 1599 5205 589 6128 27 12625 1168 1878 3276 1704 444 10605 4330 51602 5245 1076 99974 15702 7420 1551 1843 4779
internal_value=2.05756e-08 -0.000870171 -0.0011762 0.00444351 -0.00111033 -0.00386064 -0.00116143 -0.000571287 0.00280259 0.00364001 0.00122289 0.00879804 -0.00865241 0.0010187 0.00183953 -0.00123477 0.00107195 0.00283458 -0.00551026 0.0058181 0.000590586 0.000974415 0.00135348 -0.0065719 -0.00102624 0.00130291 0.00290573 0.00324959 0.00446939 -7.57002e-06
internal_weight=61689.7 36042.2 34079.4 1962.75 33985 5569.32 3347.98 28415.7 1778.8 1490.58 25647.6 673.17 159.293 24974.4 18306.3 6668.07 4031.66 3181.36 850.299 3269.65 1117.59 15036.7 2872.14 155.878 25397.4 5593.02 2474.52 3018.27 2686.81 1330.53
internal_count=312240 185367 175829 9538 173166 29552 16079 143614 8652 7170 126873 7820 1692 119053 86461 32592 19967 16247 3720 16103 5498 70358 14543 1665 128565 28591 12665 15049 13498 6622
cat_boundaries=0 1 2 3 4 5 6 7 8 9 10 11
cat_threshold=2050456 2 548 17996 4140 18977298 6160 190 13944108 14885524 8917052
is_linear=0
shrinkage=0.05


Tree=100
num_leaves=31
num_cat=10
split_feature=18 7 20 14 4 10 13 1 32 11 1 29 1 2 3 32 23 1 1 19 1 30 6 1 10 1 28 14 1 12
split_gain=25.2263 24.6837 20.4387 19.3986 24.6128 20.1502 28.5828 19.4727 18.874 19.7391 27.5114 17.7509 22.0413 17.5988 22.2893 23.9321 22.219 18.3637 17.3863 16.4005 16.3228 16.8591 15.6393 15.1326 18.8258 14.6481 14.568 17.5546 14.2718 14.0592
threshold=45.840000000000011 56.350000000000001 1.0000000180025095e-35 7.0050000000000008 1.5000000000000002 0.15500000000000003 66.325000000000003 0 0.50635604632372755 6.6850000000000014 1 5.2500000000000009 2 3 1.5000000000000002 0.22506544502617803 5.5277777777777786 4 5 42.505000000000003 6 0.030810396294390089 34.500000000000007 7 0.24500000000000002 8 1588.2797521269349 6.8250000000000011 9 39.775000000000013
decision_type=2 2 2 2 2 10 2 1 8 2 1 2 1 1 2 10 8 1 1 2 1 8 2 1 8 1 2 2 1 2
left_child=2 3 -1 4 13 6 28 -8 9 10 29 22 -13 -2 16 17 -15 -16 -11 25 21 -3 23 24 -4 -17 -20 -28 -5 -6
right_child=1 20 11 5 8 -7 7 -9 -10 18 -12 12 -14 14 15 19 -18 -19 26 -21 -22 -23 -24 -25 -26 -27 27 -29 -30 -31
leaf_value=0.0034729899822400394 0.0046137538994522878 0.0045045856740752307 0.0052263986254159796 0.016935698099280583 0.017282000541736658 -0.0014382411840093456 -0.0051511593951133567 0.0067267098723031576 -0.01086438895600012 -0.0022016632841751396 -0.01220638165849079 3.7205269272651591e-07 -0.010323583386717102 -0.00031424872925075781 0.020965354919543985 0.0033575079348926828 -0.011564743655499353 0.0044182248922713368 0.032774428404088417 0.0071807179673564168 -0.010805769651054049 -0.01233207749715937 -0.0024991836500461097 -0.0012612730058558367 -0.033427729686426932 -0.00031602476382051534 0.013270702376248165 -0.028136051194911412 0.0064751532931075374 -0.0020582585529506938
leaf_weight=1871.7596189565957 2921.0095965135843 523.01502205431461 1788.0630644410849 661.06280736625195 139.71485808491707 1099.7166754007339 611.71719647198915 766.93506385758519 752.4171422496438 358.07010293006897 623.9228492975235 862.44230508804321 1303.7816549688578 17459.922351181507 270.6499642059207 4251.6546587273479 450.171008720994 462.53865162283182 79.416654966771603 1189.3898061923683 744.96833912283182 207.73981805145741 10568.950183633715 2958.8445114381611 32.064188476651907 7472.2711180262268 196.6455504745245 29.427583564072847 723.61618771031499 286.98149712383747
leaf_count=9520 14901 2639 8705 3496 663 5802 3320 4167 3548 1692 2998 5745 8473 84789 1350 21729 4453 2300 377 6099 3759 1010 51254 14733 272 38248 945 139 3765 1349
internal_value=2.95949e-07 0.000685033 -0.0014932 0.000914767 0.000562252 0.00428604 0.00656412 0.00146785 -0.00426274 -0.00136504 -0.00562909 -0.00202394 -0.00626095 0.000907442 0.00056273 0.00208525 -0.00059703 0.0108727 0.00538628 0.00158632 -0.00566767 -0.000277956 -0.00142592 0.000947646 0.00452061 0.00101877 0.0138974 0.00788085 0.0116382 0.00417652
internal_weight=61668.9 42283 19385.9 40807.3 36944.2 3863.05 2763.33 1378.65 2466.6 1714.18 1050.62 17514.1 2166.22 34477.6 31556.6 13646.5 17910.1 733.189 663.56 12913.3 1475.72 730.755 15347.9 4778.97 1820.13 11723.9 305.49 226.073 1384.68 426.696
internal_count=312240 213538 98702 206130 185580 20550 14748 7487 11711 8163 5010 89182 14218 173869 158968 69726 89242 3650 3153 66076 7408 3649 74964 23710 8977 59977 1461 1084 7261 2012
cat_boundaries=0 1 2 3 4 5 6 7 8 9 10
cat_threshold=4664462 3297496 10997888 2 21115468 7788176 2870504 4552710 9607196 13051788
is_linear=0
shrinkage=0.05


Tree=101
num_leaves=31
num_cat=10
split_feature=8 0 1 2 3 28 12 29 1 1 11 2 1 4 15 6 15 11 31 6 10 11 8 31 1 1 1 1 6 6
split_gain=25.4084 26.2456 29.7296 20.3476 21.4403 24.9131 20.4476 19.7732 15.5651 15.3047 15.2603 16.9741 17.3346 16.4024 14.5965 14.5594 16.5558 14.2553 16.5469 17.263 25.0094 14.9942 14.1555 13.7788 19.1264 13.774 13.5502 13.5374 13.4363 13.3329
threshold=1.0000000180025095e-35 4.5000000000000009 0 1 2.5000000000000004 1513.9491124573121 43.935000000000009 1.7500000000000002 2 3 7.3950000000000005 4 5 2.5000000000000004 49.620000000000012 44.500000000000007 28.510000000000002 1.425 18.500000000000004 25.500000000000004 0.115 3.9950000000000006 1.5000000000000002 57.500000000000007 6 7 8 9 19.500000000000004 48.500000000000007
decision_type=2 2 1 1 2 2 2 2 1 1 2 1 1 2 2 2 2 2 2 2 10 2 2 2 1 1 1 1 2 2
left_child=1 3 17 7 23 -6 9 8 -1 -7 13 12 -12 -8 -9 -4 27 -3 -19 20 -20 -21 -2 24 -5 -18 -16 -17 -25 -14
right_child=22 2 15 4 5 6 10 14 -10 -11 11 -13 29 -15 26 16 25 18 19 21 -22 -23 -24 28 -26 -27 -28 -29 -30 -31
leaf_value=0.0024810771436737096 -0.0021481120993260923 -0.030020878841964679 0.0020451808257538622 0.0010760345843115174 0.016066713515020602 0.00073868830609082623 0.0012830286662887233 0.0029552024732410922 0.014128927359139004 0.011025626108169845 0.020774231668112566 0.017057575061438485 -0.0062034620812357263 -0.0062549204992420927 0.0042530198745165315 0.0060493574235338174 0.008395793444140506 0.0013617383447797839 0.05362303410054952 -0.016361103804223835 0.0012583752192912839 -0.0049013076632021006 -0.014855423708620112 0.053699243756475917 -0.0030808031168438115 -0.0016611273011135686 -0.01049475312755152 -0.0092049365564738587 0.0010862411677794359 -0.068841432761447816
leaf_weight=519.6418531537056 8688.178819200024 50.788350623100996 6183.9480198845267 4556.6935564242303 344.49760420620441 588.53843875601888 3198.4456190019846 7231.1572504192591 677.2179126739502 967.80161141231656 56.861309107393026 268.74204809591174 173.43010872602463 931.95592477172613 248.57675827294588 166.73724182322621 432.55197855830193 1438.4451207909733 23.710650453343987 303.18140893429518 594.81106470152736 4876.5664312019944 224.83018076047301 12.151165556162594 7028.3673830889165 1467.540015835315 395.50376187264919 962.51085384935141 9028.9869695492089 8.9330831840634328
leaf_count=3390 44831 1396 32853 21353 1786 3247 20053 33610 4877 5366 367 1568 1084 4434 1268 904 2005 7479 340 2099 3821 23328 1222 74 32828 6814 1969 5292 42533 49
internal_value=4.4502e-07 0.000417734 -0.00123523 0.00117041 0.000484829 0.00297974 0.00225196 0.00321923 0.00921055 0.00721115 0.000587967 0.00876598 -0.00121112 -0.000417783 0.00231277 0.000653317 -0.00218581 -0.00361876 -0.00343847 -0.00462931 0.00326574 -0.00557207 -0.00246865 -0.000305909 -0.00144755 0.000663754 -0.0048999 -0.00698053 0.00115695 -0.0087898
internal_weight=61651.3 52738.3 16500.8 36237.5 27165.4 6539.21 6194.71 9072.1 1196.86 1556.34 4638.37 507.967 239.225 4130.4 7875.24 9213.29 3029.34 7287.5 7236.71 5798.27 618.522 5179.75 8913.01 20626.2 11585.1 1900.09 644.081 1129.25 9041.14 182.363
internal_count=312240 266187 86331 179856 134742 37954 36168 45114 8267 8613 27555 3068 1500 24487 36847 47868 15015 38463 37067 29588 4161 25427 46053 96788 54181 8819 3237 6196 42607 1133
cat_boundaries=0 1 2 3 4 5 6 7 8 9 10
cat_threshold=31208976 386 1184894 32543746 5184 25700608 21938256 268 4818610 16386
is_linear=0
shrinkage=0.05


Tree=102
num_leaves=31
num_cat=9
split_feature=18 8 0 1 2 14 11 7 2 2 1 29 31 23 1 13 10 14 1 19 1 30 17 28 15 11 19 32 18 1
split_gain=24.5232 23.9402 22.3759 26.2409 18.3626 19.4706 17.6409 16.4285 16.2222 14.8235 14.6768 14.5807 14.5778 14.4559 13.8803 13.8624 13.7512 13.6842 18.9713 14.4744 13.5704 17.9057 13.549 13.2219 12.7802 12.5189 12.3315 12.3024 12.2852 13.5778
threshold=65.725000000000009 1.0000000180025095e-35 4.5000000000000009 0 1 5.0650000000000004 7.4750000000000005 51.250000000000007 2 3 4 1.7500000000000002 18.500000000000004 5.1339285714285721 5 64.090000000000018 0.15500000000000003 7.9650000000000007 6 9.1950000000000021 7 -0.082399999999999946 23.605000000000004 1415.5507298355581 49.620000000000012 3.0150000000000001 40.775000000000013 0.52327665249645761 43.405000000000008 8
decision_type=2 2 2 1 1 2 2 2 1 1 1 2 2 10 1 2 8 2 1 2 1 8 2 2 2 2 2 10 2 1
left_child=1 2 4 6 11 10 9 -5 20 16 -6 14 22 -3 -1 -16 -4 19 -19 -7 -9 23 -10 -22 -13 -21 -12 -28 29 -27
right_child=-2 13 3 7 5 17 -8 8 12 -11 26 24 -14 -15 15 -17 -18 18 -20 25 21 -23 -24 -25 -26 28 27 -29 -30 -31
leaf_value=-0.00040094820474552949 0.0040056767656257005 -0.0023858757700333062 0.0022613745360656541 -0.0080780710270056018 -0.0035558631689168924 0.0085022680815246433 0.019940246215046406 -0.0072831207937793623 -0.019153214631883752 0.002415793259931201 -0.00068805493204588829 0.0027058911253283022 -0.0062987315151633184 -0.01598155435385833 0.0056578533990401404 0.018972293428550648 -0.0047456935303814354 -0.00273380525956206 0.018299881650282734 0.056903195745975813 -0.044497893731983637 0.00051745905533958725 0.0046198775723022036 0.019772385489476896 -0.0048593120476331016 0.0012675625753916892 0.006263905025212309 -0.04417538398497331 0.001607764496796492 -0.0055647367269348602
leaf_weight=339.86804069206119 3599.3773044385016 8245.0525059439242 1101.2776696868241 1497.1604284085333 4444.7596044577658 643.74211272224784 118.25652860105038 503.29946774244308 67.014869939535856 4125.2201644610614 6179.2731108479202 6852.3556061163545 2757.8959828522056 200.26505978219211 415.23046500608325 369.41787169873714 1922.4212795197964 179.01908595487475 262.70493276417255 9.9427450075745565 8.3920924067497236 2646.2237653285265 567.24916523881257 172.26971269398928 607.77505937218666 1479.8997582793236 887.57168212905526 12.255963392555712 9995.6321389265358 1417.5434531569481
leaf_count=2215 18317 40880 5094 8671 20676 3342 535 2635 374 21696 28833 31817 14077 2772 2825 2732 10524 1019 1529 45 59 13782 2964 852 3039 7652 4115 68 52018 7083
internal_value=9.13364e-07 -0.000247491 0.00017164 -0.00140441 0.000887474 0.000213698 0.000785343 -0.00333735 -0.00228648 0.000469584 -0.00130806 0.00288623 -0.00471294 -0.00270827 0.00819707 0.0117763 -0.00218638 0.00146749 0.0101279 0.0011851 0.000198685 0.00155172 0.00210807 0.0167869 0.00208956 0.000820043 0.000108134 0.0055769 0.000776794 -0.0020899
internal_weight=61628.4 58029 49583.7 15486.7 34097 25512.3 7267.18 8219.51 6722.35 7148.92 11523.9 8584.65 3392.16 8445.32 1124.52 784.648 3023.7 13988.5 441.724 13546.8 3330.19 2826.89 634.264 180.662 7460.13 12903 7079.1 899.828 12893.1 2897.44
internal_count=312240 293923 250271 81263 169008 126380 37849 43414 34743 37314 53692 42628 17415 43652 7772 5557 15618 72688 2548 70140 17328 14693 3338 911 34856 66798 33016 4183 66753 14735
cat_boundaries=0 1 2 3 4 5 6 7 8 9
cat_threshold=215534 386 190 6284 10525062 1053742 21704208 262160 32799104
is_linear=0
shrinkage=0.05


Tree=103
num_leaves=31
num_cat=7
split_feature=7 7 4 17 0 1 3 31 14 6 1 1 17 2 27 23 14 10 11 10 2 31 11 12 11 2 30 6 1 27
split_gain=23.0015 32.8389 27.6772 22.2137 21.2758 23.0774 21.2627 21.1933 21.0105 19.5242 22.8737 17.8494 17.4727 17.9692 17.4207 16.0455 16.035 15.9054 15.0594 17.2741 15.7754 15.7219 14.0258 13.8204 19.1632 12.8947 12.7475 12.7768 18.4518 12.7443
threshold=52.850000000000001 51.95000000000001 1.0000000180025095e-35 36.965000000000011 3.5000000000000004 0 1.0000000180025095e-35 14.500000000000002 7.6350000000000007 30.500000000000004 1 2 28.335000000000004 3 1.0000000180025095e-35 4.4722222222222232 7.4450000000000012 0.18500000000000003 3.0150000000000001 0.13500000000000004 4 140.50000000000003 7.1250000000000009 53.355000000000011 7.6850000000000014 5 0.0032714285714285506 42.500000000000007 6 42.500000000000007
decision_type=2 2 2 2 2 1 2 2 2 2 1 1 2 1 8 10 2 10 2 10 1 2 2 2 2 1 8 2 1 10
left_child=1 4 3 8 5 -1 7 -2 9 10 -3 17 13 -7 15 26 -4 -6 19 -14 -20 -22 -5 -18 -25 -11 27 -8 -29 -13
right_child=6 2 16 22 11 12 14 -9 -10 25 -12 29 18 -15 -16 -17 23 -19 20 -21 21 -23 -24 24 -26 -27 -28 28 -30 -31
leaf_value=0.0039546771472110647 -0.026926289614366009 0.0099625074912310981 -0.0033670316818907482 0.0043036487933785002 0.0028803966946519721 -0.015351381219069675 0.00314204217962878 -0.0054457573627446163 0.012755494769623147 -0.0022507355524059957 0.0016136160521982201 -0.0046634335279335309 0.060658796888405302 -0.0017296148824967818 7.0958386366251798e-05 -0.011074585900363388 0.0087852850684422817 -0.0074441771937600017 0.0044372622821328986 -0.022244660891860675 -0.0025762402500618242 -0.098317560143301341 0.016582727346813375 -0.015933926556079257 0.012234105917311658 0.0012465863648211913 -0.0044109616684673211 0.0024869246681268357 -0.0086131298940928473 -0.070607057205014354
leaf_weight=3065.5779325440526 147.07914583198726 1159.7913226932287 3610.1882920470089 6782.8775634020567 1718.6691719442606 413.28332138061523 1575.7347114831209 523.66562457941473 393.69763979688287 4044.767441380769 2790.9866012968123 5153.6135026365519 6.6631482392549506 589.3037095554173 11926.252058595419 573.18599163740873 560.82825193181634 476.43443374335766 1470.5463478863239 110.23404586315155 1491.1419341340661 4.3002927340567103 240.81683350354433 158.89228903502226 97.389013264328241 7520.2591800317168 3504.2145451121032 714.57113425433636 772.27666740119457 7.3371553067117921
leaf_count=15686 1284 6212 17392 34607 8687 2117 7681 4207 2274 20388 15046 27500 33 2908 57866 3024 2719 2940 7466 596 7528 24 1575 762 475 36917 17027 3482 3777 40
internal_value=8.85889e-07 0.000664236 0.00168389 0.00238262 -0.00125884 0.00068321 -0.00140626 -0.010156 0.00134866 0.00105922 0.00409382 -0.00314677 -0.0017769 -0.00751511 -0.00109845 -0.00305178 -0.00193547 0.000636608 8.34601e-05 -0.0175192 0.000777224 -0.00283261 0.00472465 0.00438953 -0.00522984 2.25602e-05 -0.0023515 4.93969e-06 -0.00331971 -0.00474798
internal_weight=61604.6 41867.6 27360.5 22933.2 14507.1 7151.05 19737 670.745 15909.5 15515.8 3950.78 7356.05 4085.47 1002.59 19066.2 7139.98 4427.3 2195.1 3082.89 116.897 2965.99 1495.44 7023.69 817.11 256.281 11565 6566.8 3062.58 1486.85 5160.95
internal_count=312240 213892 138367 117019 75525 36358 98348 5491 80837 78563 21258 39167 20672 5025 92857 34991 21348 11627 15647 629 15018 7552 36182 3956 1237 57305 31967 14940 7259 27540
cat_boundaries=0 1 2 3 4 5 6 7
cat_threshold=31216672 16926868 8503434 6496 994 7680 29650252
is_linear=0
shrinkage=0.05


Tree=104
num_leaves=31
num_cat=9
split_feature=17 7 2 23 4 15 3 1 11 1 26 7 14 32 1 6 11 1 2 6 11 1 1 6 1 18 10 11 0 26
split_gain=22.2532 22.3546 20.5243 19.6641 16.8733 19.7832 17.4102 16.884 15.4841 15.3495 14.9899 14.5527 16.2964 26.442 21.0504 14.4501 13.86 13.6172 13.4991 13.2682 17.0225 13.8315 13.3057 13.2584 13.2543 14.4501 12.9596 12.7242 12.303 13.1138
threshold=44.470000000000006 54.250000000000007 0 4.0500000000000007 1.5000000000000002 22.165000000000003 1.5000000000000002 1 7.4750000000000005 2 0.73152530032763019 51.750000000000007 7.3650000000000011 0.51223791185280287 3 50.500000000000007 1.5450000000000002 4 5 29.500000000000004 1.425 6 7 23.500000000000004 8 59.225000000000001 0.15500000000000003 5.7750000000000012 1.5000000000000002 0.32971014492753631
decision_type=2 2 1 10 2 2 2 1 2 1 10 2 2 10 1 2 2 1 1 2 2 1 1 2 1 2 10 2 2 10
left_child=1 2 4 11 5 6 10 -8 -7 -5 19 -4 13 23 27 -16 -3 -18 28 20 -1 -21 -22 -13 25 -2 -25 -15 -19 -30
right_child=24 16 3 9 -6 8 7 -9 -10 -11 -12 12 -14 14 15 -17 17 18 -20 21 22 -23 -24 26 -26 -27 -28 -29 29 -31
leaf_value=-0.020807289071301208 -0.0054011796778216034 -0.03663760902929207 -0.0026004852298291943 -0.00042301813599013158 -0.0031351046577366747 0.0025963722187693837 0.012327830852101328 -0.0007579983270104908 0.022036209505205566 -0.0073681695163301288 -0.052810496939805711 0.0090679423433426432 0.0059517536860094894 -0.031545805103044833 -0.0088383723634421364 -0.030565489870820046 -0.0055721344439951821 0.0096476163744608733 -0.0038106921970257981 -0.0067038538750638019 0.0055198755442094315 -0.00064108369698109597 -0.0011801154206372562 0.0024293920619898202 0.00087323600091591892 0.0069945943927633789 -0.00090762381604176257 0.0016313992651790445 0.00045857942240873866 -0.025069529108819433
leaf_weight=84.68123010545969 262.65847443975508 30.068346237763762 5364.1060824692249 1364.5624988917261 2087.426569968462 13317.367967162281 485.69399385899305 495.98695782572031 103.22693045437336 1926.6274099051952 14.08279102295637 462.01962949708104 1226.2605662196875 30.036567077040672 904.45328399911523 83.59910960495472 2620.9167110398412 375.08733396232128 2534.418369859457 1575.0509217120707 1370.2715479265898 2336.0304325483739 1597.6960709560663 4874.4834481552243 3396.729492880404 2241.2843950819224 7217.355084169656 763.45550514757633 2386.0605660155416 51.390719562768936
leaf_count=2334 1328 739 26400 7635 9922 66468 2441 2565 647 11105 94 2242 6592 138 4824 430 12891 2241 12519 7362 7862 11058 9323 24065 17296 11409 34583 4159 11341 227
internal_value=7.92588e-07 -0.000308612 0.000101681 -0.000919305 0.00115517 0.00157459 -0.000400365 0.00583417 0.0027459 -0.00451231 -0.00127748 -0.000354639 0.000419504 -5.37281e-05 -0.00575409 -0.0105697 -0.00275482 -0.00262696 -0.00117071 -0.00117326 0.00129713 -0.00310143 0.0019278 0.000755222 0.00292053 0.00567165 0.0004376 0.000370848 0.00121329 -7.96499e-05
internal_weight=61583.1 55682.4 47684.5 24217 23467.5 21380.1 7959.49 981.681 13420.6 3291.19 6977.81 20925.8 15561.7 14335.4 1781.54 988.052 7997.94 7967.87 5346.96 6963.73 3052.65 3911.08 2967.97 12553.9 5900.67 2503.94 12091.8 793.492 2812.54 2437.45
internal_count=312240 282207 242249 122173 120076 110154 43039 5006 67115 18740 38033 103433 77033 70441 9551 5254 39958 39219 26328 37939 19519 18420 17185 60890 30033 12737 58648 4297 13809 11568
cat_boundaries=0 1 2 3 4 5 6 7 8 9
cat_threshold=934 8583404 5299226 3484364 9709650 2830 4250766 30086166 20024370
is_linear=0
shrinkage=0.05


Tree=105
num_leaves=31
num_cat=9
split_feature=0 6 25 30 2 1 24 4 1 30 28 17 1 1 12 20 6 0 1 2 14 1 11 13 24 1 29 28 26 4
split_gain=21.9112 21.1676 18.9498 21.9689 18.7144 18.3451 18.1266 16.923 19.4939 19.3315 17.6234 16.8431 20.4387 17.7476 14.7107 14.4812 14.2438 13.6878 18.2869 13.4885 14.5375 13.4089 16.0284 21.9204 16.446 13.3661 16.9522 27.5824 16.7719 16.4309
threshold=5.5000000000000009 53.500000000000007 0.58333333333333337 0.089310084033613443 0 1 0.17050000000000007 2.5000000000000004 2 -0.0043513166556945334 1677.4747034367695 32.010000000000012 3 4 8.3700000000000028 33.225000000000001 63.500000000000007 1.5000000000000002 5 6 6.035000000000001 7 7.6850000000000014 69.905000000000015 0.13527777777777783 8 5.2500000000000009 1303.6838670528043 1.0000000180025095e-35 1.5000000000000002
decision_type=2 2 8 10 1 1 10 2 1 8 2 2 1 1 2 2 2 2 1 1 2 1 2 2 8 1 2 2 8 2
left_child=1 2 3 6 -4 -3 15 10 9 -9 14 12 -8 -13 -6 -1 25 18 -17 20 -20 -19 23 -23 -25 -2 27 -27 -28 -29
right_child=16 5 4 -5 7 -7 11 8 -10 -11 -12 13 -14 -15 -16 17 -18 21 19 -21 -22 22 -24 24 -26 26 28 29 -30 -31
leaf_value=0.0059148567567658579 9.3810797288933114e-05 -0.0062247780649811527 -0.0029145825638768447 -0.0038178915980390561 -0.038198023706712741 -0.00025441771642704833 0.00017001041480753235 0.042301895435736064 -0.0153816277958892 -0.0064390961798464017 0.025473278392350696 0.0030564439040069499 -0.0052290632392545779 -0.0015226264996882866 0.0061828475245348374 0.0096295996503831683 0.03336252378215572 -0.00063855442665794796 0.0017273630191652089 -0.0017792550707290879 0.016010479613275144 0.0025201183614657684 0.02195051260065943 -0.01311458899655208 -3.5605735394654747e-05 0.074372239286974645 -0.016420593044764283 -0.0021948388405100324 0.001471593492673012 -0.012562987454111399
leaf_weight=1772.9937455896288 3368.86979361251 2091.2818457521498 795.7003016769886 2855.5103269293904 18.791454654186964 3333.4184308759868 3645.675967136398 35.425900191068649 179.44704638049006 47.780939005315304 119.66886278986931 4440.8771807141602 3372.6623924877495 4026.4800508357584 2928.6117595881224 1054.9669902697206 27.934563986957073 9312.3362147398293 517.43989490717649 1226.0492736324668 271.68915608152747 9460.1249044667929 99.379512667655945 400.0446188673377 602.12082500010729 11.521970262750981 473.04974433965981 4476.7769129835069 181.12797213345766 417.77786051481962
leaf_count=8879 19048 9831 4131 13986 93 15737 18035 164 834 220 825 21733 16667 19797 15133 8978 147 42210 3451 8965 2896 42432 461 1913 2871 172 6111 22845 1617 2058
internal_value=7.01273e-07 0.000389916 0.000729986 0.000419829 0.00396719 -0.002568 0.000720824 0.00560364 -0.0065603 0.0127771 0.00666359 -0.000620498 -0.00243172 0.000880771 0.00589989 0.00156118 -0.00228531 0.00122476 0.00433192 0.00150329 0.00656174 0.000744761 0.00196319 0.00177521 -0.00525648 -0.00239684 -0.00389904 -0.00289792 -0.0114666 -0.00307982
internal_weight=61565.5 52608.5 47183.8 43058.4 4125.43 5424.7 40202.8 3329.73 262.654 83.2068 3067.07 15485.7 7018.34 8467.36 2947.4 24717.1 8957.06 22944.2 3070.15 2015.18 789.129 19874 10561.7 10462.3 1002.17 8929.12 5560.25 4906.08 654.178 4894.55
internal_count=312240 260242 234674 213274 21400 25568 199288 17269 1218 384 16051 76232 34702 41530 15226 123056 51998 114177 24290 15312 6347 89887 47677 47216 4784 51851 32803 25075 7728 24903
cat_boundaries=0 1 2 3 4 5 6 7 8 9
cat_threshold=4096 11585826 182372 22540418 2756346 18622880 4274 17602264 1167644
is_linear=0
shrinkage=0.05


Tree=106
num_leaves=31
num_cat=11
split_feature=10 18 1 4 7 11 0 20 0 1 23 1 1 11 1 26 19 2 1 6 19 2 16 18 24 1 19 1 1 31
split_gain=21.0931 21.8461 20.0839 19.5037 21.3114 18.2299 17.9595 19.9108 17.2703 20.0364 16.6339 15.7299 15.5253 14.5227 13.9993 13.8896 13.485 16.7263 15.9512 13.5826 14.1024 13.3753 13.2174 13.9257 13.6246 13.0136 12.974 23.9902 13.2738 12.9275
threshold=0.21500000000000002 52.905000000000008 0 1.0000000180025095e-35 53.650000000000013 7.1250000000000009 5.5000000000000009 1.0000000180025095e-35 1.5000000000000002 1 5.7638888888888902 2 3 5.9050000000000011 4 0.26138716356107666 30.595000000000002 5 6 22.500000000000004 31.345000000000002 7 63.905000000000008 53.065000000000005 0.21316666666666673 8 42.82500000000001 9 10 139.50000000000003
decision_type=8 2 1 2 2 2 2 2 2 1 8 1 1 2 1 8 2 1 1 2 2 1 2 2 8 1 2 1 1 2
left_child=1 6 10 5 -5 8 7 -1 9 -3 13 -8 22 -2 -6 -4 17 -14 -19 20 -18 -9 23 -10 -24 -7 28 -28 -23 -30
right_child=2 3 15 4 14 25 11 21 12 -11 -12 -13 16 -15 -16 -17 19 18 -20 -21 -22 26 24 -25 -26 -27 27 -29 29 -31
leaf_value=0.0049556869905066593 0.0020373583467298241 0.013479604148252134 -0.0077216325793616845 -0.00044059682847965014 0.00059355159727274948 0.020801731462595702 -0.0084982960211312502 0.00078942867461386651 0.017989332285270686 0.0028198566804923785 -0.026771281479989723 -0.0018576664292563154 0.0046351780065213904 0.063065717645796548 -0.017688873568947012 -0.023481600087983411 0.073122986050925862 0.0015693988451190466 -0.0065874354289334573 0.0031498330692431645 0.01259189202267158 -0.00010644581259063942 0.0030032230436264247 -0.0026676612414866618 0.033335893584379613 0.003227108921116874 0.0092548442577069911 -0.0026138568617770199 -0.0029191674047273092 -0.033370079710335419
leaf_weight=1800.1885424442589 600.8520746268332 628.45547891408205 663.11372687295079 3754.5151793006808 164.06546024978161 208.67890905216336 1131.742180397734 12545.042896090075 83.26241753064096 1483.3737340047956 50.720653850585222 4167.2646482679993 1187.1588848065585 9.9089789092540723 308.66114692017436 177.15293645299971 10.025698252022265 1169.0179983824492 1217.5610729102045 7087.8746974784881 239.1189688462764 6737.8152103386819 948.3345874324441 4055.9161964599043 38.524454936385155 230.11927163973451 770.98417317122221 931.4076660592109 9104.2859506718814 34.988025549799204
leaf_count=8863 4236 4968 5868 18261 789 1380 6365 61392 389 10516 1156 22943 5540 49 1487 1237 72 5461 5714 32707 1488 33046 4454 19047 177 1479 3804 4555 44607 190
internal_value=5.10509e-07 0.000146912 -0.00585247 0.00136519 -0.00170032 0.00206236 -0.000599777 -0.00015233 0.00181888 0.00606925 0.000731533 -0.00329549 0.00125916 0.00302748 -0.0117054 -0.0109144 0.00232425 -0.00019226 -0.0026021 0.00355317 0.0150277 -0.000457576 -0.00101044 -0.00225213 0.00418733 0.0121327 -0.00134715 0.00280028 -0.00179269 -0.00303243
internal_weight=61540.1 60038.4 1501.75 22814.7 4227.24 18587.4 37223.7 31924.7 18148.6 2111.83 661.482 5299.01 16036.8 610.761 472.727 840.267 10910.8 3573.74 2386.58 7337.02 249.145 30124.5 5126.04 4139.18 986.859 438.798 17579.5 1702.39 15877.1 9139.27
internal_count=312240 299694 12546 113929 20537 93392 185765 156457 90533 15484 5441 29308 75049 4285 2276 7105 50982 16715 11175 34267 1560 147594 24067 19436 4631 2859 86202 8359 77843 44797
cat_boundaries=0 1 2 3 4 5 6 7 8 9 10 11
cat_threshold=29462296 27140128 21234720 8727936 12067208 4362 3199080 1798 14682076 21645878 6696074
is_linear=0
shrinkage=0.05


Tree=107
num_leaves=31
num_cat=10
split_feature=8 0 1 6 7 1 17 13 15 30 14 1 2 32 1 2 4 27 16 30 23 1 6 7 1 1 23 17 6 1
split_gain=20.6506 21.5621 24.4715 19.666 18.4218 16.2142 16.5876 20.7866 17.2421 15.6788 16.9661 17.981 15.5167 16.8707 16.3111 14.7042 14.4766 16.274 19.6156 14.3112 13.6279 15.1175 13.5874 13.1656 13.8409 13.0827 13.0175 12.9534 12.8132 20.5468
threshold=1.0000000180025095e-35 1.5000000000000002 0 47.500000000000007 55.350000000000001 1 29.135000000000002 68.200000000000017 26.945000000000004 -0.10712142857142858 7.9650000000000007 2 3 0.40039682539682547 4 5 1.5000000000000002 1.0000000180025095e-35 88.515000000000001 0.043357304611985649 4.4722222222222232 6 36.500000000000007 57.550000000000004 7 8 3.9500000000000006 37.975000000000001 24.500000000000004 9
decision_type=2 2 1 2 2 1 2 2 2 8 2 1 1 10 1 1 2 8 2 8 8 1 2 2 1 1 8 2 2 1
left_child=1 2 -1 9 5 -5 7 8 -7 -3 16 15 14 -14 26 -12 17 20 -19 -20 28 -22 -13 25 -25 -2 -6 -4 29 -11
right_child=23 3 27 4 12 6 -8 -9 -10 10 11 22 13 -15 -16 -17 -18 18 19 -21 21 -23 -24 24 -26 -27 -28 -29 -30 -31
leaf_value=-0.001523555836788165 -0.0045373268207231773 0.0062503231256806017 0.0036402869031957365 -0.0033202282500754674 0.024223322875124891 -0.0093441363474861937 0.002395851903369519 -0.028941565145381039 0.0019675444348682884 -0.0032758681456269666 -0.016820317860349984 0.002417756226028165 -0.010640363503325166 -0.038483426708752155 -0.0096803679221645327 0.0065583346659023921 -0.0031463388991729542 0.0015943330040035161 -0.040307083762546138 0.012083226207487125 0.00089334618690253267 -0.011646531402054204 0.025278327082350512 0.0078903104752564741 -0.028727238298244667 -0.00053299828744878854 -0.0008934264348715382 0.0099349394610544466 -0.0008754871530345671 0.011578265505079777
leaf_weight=1937.057672098279 3220.0209519322962 1180.9705966189504 3178.9369950219989 4668.4535814709961 87.187106013298035 549.17726814746857 3944.524655982852 77.841313906013966 871.45306880027056 406.02911149710417 83.16072990000248 96.545699544250965 551.36374890431762 60.361071094870567 238.21241771429777 231.89649276435375 2884.8963062167168 18334.462215319276 47.280396088957787 17.996733821928501 414.45166015625 572.84455219842494 198.91540282964706 36.20003230497241 78.942717479541898 5562.3480239771307 126.34030904993415 1100.1464197933674 10231.343089647591 531.29756643250585
leaf_count=12801 16782 5432 23359 21594 395 2702 18119 358 3924 1937 387 451 2808 267 1148 1073 12560 89569 228 85 2929 4163 934 188 469 28614 650 8927 46838 2549
internal_value=6.50326e-07 0.00037733 0.00314273 6.90817e-06 -0.0018207 -0.00116233 0.000693322 -0.00378373 -0.00240525 0.000586589 0.000390158 0.00865022 -0.00808049 -0.0131724 -0.000874306 5.98204e-05 0.000239355 0.000559013 0.00149692 -0.0258632 -0.00086064 -0.0064914 0.0172253 -0.00222717 -0.0190246 -0.00200694 0.00894336 0.00524637 -0.000362888 0.00523236
internal_weight=61520.7 52623.1 6216.14 46407 11174.9 10111.4 5443 1498.47 1420.63 35232.1 34051.1 610.518 1063.46 611.725 451.74 315.057 33440.6 30555.7 18399.7 65.2771 12156 987.296 295.461 8897.51 115.143 8782.37 213.527 4279.08 11168.7 937.327
internal_count=312240 266187 45087 221100 51965 46697 25103 6984 6626 169135 163703 2845 5268 3075 2193 1460 160858 148298 89882 313 58416 7092 1385 46053 657 45396 1045 32286 51324 4486
cat_boundaries=0 1 2 3 4 5 6 7 8 9 10
cat_threshold=149534 17300000 19672912 394 13029492 104 4556594 2342976 8323330 22059542
is_linear=0
shrinkage=0.05


Tree=108
num_leaves=31
num_cat=8
split_feature=10 31 0 1 2 25 1 4 17 6 30 1 7 2 16 3 32 14 1 18 1 1 30 24 32 12 26 24 23 22
split_gain=20.4798 23.6908 19.3962 32.3841 18.1081 21.6287 17.58 20.1502 16.8836 16.6468 16.4489 21.2357 20.0831 16.388 16.3432 19.3902 16.058 15.5769 15.1097 15.0475 14.9566 13.555 13.0143 15.4872 12.3266 12.2956 12.1737 14.4841 11.9733 15.9884
threshold=0.17500000000000002 15.500000000000002 1.5000000000000002 0 1 0.58333333333333337 2 1.0000000180025095e-35 27.915000000000003 34.500000000000007 -0.0011516003122560845 3 58.050000000000004 4 40.060000000000009 1.0000000180025095e-35 0.18203058623619375 7.4750000000000005 5 78.63000000000001 6 7 -0.139797619047619 0.12400000000000003 0.48007936507936516 4.1150000000000011 0.24283374283374287 0.1031666666666667 3.3541666666666674 0.21111111111111114
decision_type=8 2 2 1 1 8 1 2 2 2 10 1 2 1 2 2 8 2 1 2 1 1 10 8 8 2 10 8 10 10
left_child=2 14 3 -1 9 28 13 -8 20 26 11 22 17 -5 15 -2 -17 24 -16 -13 -3 -19 23 -11 -12 -18 27 -4 29 -6
right_child=1 8 4 6 5 -7 7 -9 -10 10 12 19 -14 -15 18 16 25 21 -20 -21 -22 -23 -24 -25 -26 -27 -28 -29 -30 -31
leaf_value=0.011918852623814509 -0.018345786301888638 -0.00010397750424962786 0.020178280278404227 0.0091129353410471826 0.011186861039957464 0.0057988004278933143 0.004391728447416374 -0.006103563131766538 0.00044923111251000969 0.050379433937386975 -0.0030053456725095563 0.0035104898308057999 -0.038615221696815964 -0.012651428684429157 -0.0071757902482170654 0.002831530021876979 -0.051242386037913548 -0.011291035425754116 0.0030513684845985753 -0.04195219010889583 -0.006317986800241965 0.010935359683024736 -0.00480947107369048 0.0039748643398457842 -0.0083993589993979385 -0.0082912511263215881 -0.0049868721445341093 0.0019882119796956884 -0.00049637968651823313 0.0014184629403286584
leaf_weight=925.71458689123392 386.68629411421716 1842.5944783650339 112.99484848603606 107.51365258544683 437.86603751033545 2176.8186178281903 2986.1636655628681 540.03632500395179 10889.33970852755 20.148868292570114 3542.6048778370023 2378.825334019959 41.968128949403763 354.57659224420786 618.16944459453225 396.43673986569047 16.937095396220684 81.495430469512939 841.39443265646696 18.341312594711781 2044.9388242140412 287.74778703600168 2026.2794169262052 167.0414577499032 1510.8601155132055 1027.7899160049856 627.65154948830605 3475.2855973355472 11952.428839918226 9664.7533318474889
leaf_count=8266 4247 9853 516 838 1982 10374 23567 4459 56522 90 16089 10786 213 2325 2899 2107 108 366 4013 86 10865 1306 9233 760 6754 4833 2821 16022 55534 44406
internal_value=1.98052e-07 -0.00141465 0.000588595 0.00354688 0.000211236 0.00104354 0.00156986 0.0027765 -0.000560597 -0.00119989 -0.0023046 -0.000105168 -0.0041603 -0.00750179 -0.00525361 -0.00840392 -0.00573636 -0.00389365 -0.0013084 0.00314951 -0.00338922 0.00602015 -0.00362779 0.00896978 -0.00461802 -0.00898757 0.00143732 0.00256102 0.000574676 0.00184184
internal_weight=61501.4 18064.3 43437.1 4914 38523.1 24231.9 3988.29 3526.2 14776.9 14291.2 10075.3 4610.64 5464.68 462.09 3287.41 1827.85 1441.16 5422.71 1459.56 2397.17 3887.53 369.243 2213.47 187.19 5053.46 1044.73 4215.93 3588.28 22055 10102.6
internal_count=312240 95447 216793 39455 177338 112296 31189 28026 77240 65042 45683 20955 24728 3163 18207 11295 7048 24515 6912 10872 20718 1672 10083 850 22843 4941 19359 16538 101922 46388
cat_boundaries=0 1 2 3 4 5 6 7 8
cat_threshold=17604608 7200 16388 13488322 2178 10711086 32641804 663056
is_linear=0
shrinkage=0.05


Tree=109
num_leaves=31
num_cat=7
split_feature=25 30 27 8 7 29 1 11 23 2 6 4 7 18 1 7 24 32 12 26 2 1 26 11 4 12 28 1 1 7
split_gain=19.8264 19.617 18.2223 17.332 16.6749 21.7135 16.9061 18.2587 16.7382 14.9824 17.3373 15.5348 16.29 16.0852 20.8298 14.1789 13.4783 13.3875 23.8818 30.1843 19.0676 15.7513 20.5826 17.0694 15.5622 17.3694 18.0343 18.6879 15.3026 17.0822
threshold=1.0000000180025095e-35 -0.10303693693693691 2.5000000000000004 1.5000000000000002 50.550000000000004 2.7500000000000004 0 6.3150000000000004 5.7888888888888896 1 30.500000000000004 1.0000000180025095e-35 56.250000000000007 58.185000000000009 2 53.95000000000001 0.22105555555555562 0.46838774150566292 35.125000000000007 0.67607313195548502 3 4 0.37089947089947095 4.8050000000000006 1.5000000000000002 43.495000000000005 1501.4323362077705 5 6 54.350000000000001
decision_type=8 8 10 2 2 2 1 2 10 1 2 2 2 2 1 2 10 8 2 8 1 1 10 2 2 2 2 1 1 2
left_child=1 2 15 4 5 6 7 -3 9 10 -6 12 13 -12 -15 -1 -4 28 21 20 -20 22 23 -19 25 26 -21 -28 -2 -30
right_child=17 3 16 -5 8 -7 -8 -9 -10 -11 11 -13 -14 14 -16 -17 -18 18 19 24 -22 -23 -24 -25 -26 -27 27 -29 29 -31
leaf_value=0.0046802923950276659 0.00011092007781948344 0.018579112836794743 0.022921104352544627 -0.018811166397565745 0.0047458332608294298 -0.0051174840855550416 -0.0014383447749630727 -0.0066995245655137635 -0.027651638591166233 -0.0013150196387853536 0.00042027907803480753 -0.0056423417180228464 -0.0071598043527240224 -0.002754965269772063 0.011967460258357836 -0.0068488280067802833 -0.028914142909659674 -0.0091897472802472679 -0.0046750694377224664 0.01951377842873863 0.00098658307436780518 -0.015556798479514793 -0.10793024796417815 0.013899351779851236 -0.0067243533200347545 0.012678180109830812 -0.02483439427788367 0.0020757052111635946 0.0039289019215746675 -0.0022958903698586564
leaf_weight=1447.9946894459426 7224.5162642262876 261.79740121588111 170.14025891199708 136.61546014994383 2456.9603061620146 4348.3603467810899 847.8426903039217 98.239059746265411 56.539444604888558 17580.607445092872 5435.8618551753461 1076.0721694268286 588.78017259016633 360.0113268122077 713.75650359690189 326.88145518302917 13.538670606911181 188.10822960361838 2457.1074090525508 91.579961381852627 3740.2001213505864 407.79144742339849 4.4247109591960898 139.34123851358891 187.00834046304226 870.59248171001673 80.676030717790127 224.41597773134708 8681.4147189259529 1262.4017941951752
leaf_count=7053 34806 1353 823 770 13979 24095 4388 584 1660 89482 26252 5184 2883 1742 3457 1599 63 897 11787 424 18630 1902 27 628 1267 7034 417 1201 41853 6000
internal_value=1.93296e-07 -0.000757223 0.00410845 -0.00103783 -0.000966042 -0.0034701 0.00246046 0.0113659 -0.000473864 -0.000419397 0.00106188 -4.4086e-05 0.000804573 0.00152493 0.00711714 0.00255696 0.0191004 0.00106462 -0.000572168 0.000257172 -0.0012641 -0.00915139 -0.000788227 0.000635475 0.00673999 0.0087269 5.48696e-05 -0.00578614 0.00186463 0.00313549
internal_weight=61479.6 35920 1958.56 33961.4 33824.8 5556.24 1207.88 360.036 28268.6 28212 10631.4 8174.48 7098.41 6509.63 1073.77 1774.88 183.679 25559.6 8391.25 7651.58 6197.31 739.666 331.874 327.449 1454.27 1267.26 396.672 305.092 17168.3 9943.82
internal_count=312240 185367 9538 175829 175059 30420 6325 1937 144639 142979 53497 39518 34334 31451 5199 8652 886 126873 44214 40760 30417 3454 1552 1525 10343 9076 2042 1618 82659 47853
cat_boundaries=0 1 2 3 4 5 6 7
cat_threshold=18743432 278 11036932 4140 21202148 5836808 19105488
is_linear=0
shrinkage=0.05


Tree=110
num_leaves=31
num_cat=10
split_feature=14 0 6 0 1 1 13 11 1 1 28 4 10 1 16 1 20 25 1 2 22 14 14 1 32 16 1 26 27 12
split_gain=18.9621 19.9166 16.5524 19.8793 17.0277 16.3739 16.056 23.8442 24.9107 23.3147 18.4176 18.011 15.0935 21.6698 21.1461 14.2465 13.8805 12.9962 17.7995 14.0174 13.51 13.1924 16.899 16.792 12.8261 13.1595 12.7412 13.8066 13.5494 12.5596
threshold=6.8650000000000011 5.5000000000000009 34.500000000000007 2.5000000000000004 0 1 66.560000000000016 7.3950000000000005 2 3 1503.4254433318622 1.0000000180025095e-35 0.15500000000000003 4 89.010000000000005 5 51.415000000000006 1.0000000180025095e-35 6 7 0.15476190476190479 3.9450000000000007 1.635 8 0.41087190114360278 81.870000000000019 9 0.11834733893557424 3.5000000000000004 56.32500000000001
decision_type=2 2 2 2 1 1 2 2 1 1 2 2 8 1 2 1 2 8 1 1 8 2 2 1 8 2 1 10 10 2
left_child=1 2 -1 4 -4 -3 12 8 10 -9 -8 15 13 14 -2 -10 -12 21 -19 -20 -21 22 -5 -24 -13 -26 -23 -28 -29 -11
right_child=6 5 3 17 -6 -7 7 9 11 29 16 24 -14 -15 -16 -17 -18 18 19 20 -22 26 23 -25 25 -27 27 28 -30 -31
leaf_value=0.0014280800681506051 0.013704332595021594 -0.013804140264790607 -0.0018137623888804834 -0.00075976407166969851 0.0023509010624842537 -0.0021858309430178666 0.056842659979936185 0.018238596990607904 -0.0084046848280244588 0.010100369362718556 0.011726126498905212 0.01405277716268092 9.8639360437292603e-07 0.0024686500101428442 -0.012202499184578551 0.0027600198705617458 -0.0032844117705836404 -0.0036415232347083598 -0.00095300131562576931 -0.010633357249668933 0.0047563557131036337 -0.0041037933110514698 -0.0037740265653675915 -0.014336923572773394 -0.0098570466962331002 -0.026960874378228625 0.0011956324240220712 -0.0059716042116609493 0.0081543597890624212 -0.0070194154615917858
leaf_weight=15242.183145251125 1104.1579580493271 307.37477510422468 3530.3489443436265 1017.9812932275236 8005.4024008437991 7380.840203775093 17.361187599599361 298.1393284574151 472.39585038647056 185.38303349167109 325.56658339500427 43.311877176165581 1169.7056840211153 1356.9160269498825 84.816904373466969 693.96732534095645 292.27244220674038 2367.9781979545951 2924.751804895699 150.39373859763145 2753.4986115396023 3476.0997618958354 788.61313637718558 755.17885767668486 451.24969362840056 149.78806141763926 4273.3451787158847 1399.6885279640555 193.1853301525116 253.80624718219042
leaf_count=77323 5918 2003 18300 4686 43598 44282 83 1671 2669 958 1856 208 5903 7003 437 4059 1588 10490 12741 683 12316 15495 3815 3708 2215 724 19146 6080 849 1433
internal_value=-8.14671e-08 -0.000312344 7.45025e-05 -0.00057764 0.00107683 -0.00267113 0.00246978 -0.000136255 -0.0025122 0.00774539 0.00595869 -0.00548641 0.00470244 0.00686251 0.0117574 -0.00181026 0.0046253 -0.00152714 5.01954e-06 0.00149018 0.00394573 -0.00258211 -0.00576075 -0.00905841 -0.0122259 -0.0141196 -0.00171049 -0.000284832 -0.00425839 0.000202288
internal_weight=61465.7 54566.9 46878.6 31636.5 11535.8 7688.21 6898.84 3183.24 2445.91 737.329 635.2 1810.71 3715.6 2545.89 1188.97 1166.36 617.839 20100.7 8196.62 5828.64 2903.89 11904.1 2561.77 1543.79 644.35 601.038 9342.32 5866.22 1592.87 439.189
internal_count=312240 275515 229230 151907 61898 46285 36725 17464 13402 4062 3527 9875 19261 13358 6355 6728 3444 90009 36230 25740 12999 53779 12209 7523 3147 2939 41570 26075 6929 2391
cat_boundaries=0 1 2 3 4 5 6 7 8 9 10
cat_threshold=18742 4194304 6915088 26372390 29765504 1185830 17404432 7216 23158596 16842016
is_linear=0
shrinkage=0.05


Tree=111
num_leaves=31
num_cat=7
split_feature=18 8 14 2 32 14 13 1 24 1 1 13 19 7 26 17 4 1 6 1 14 28 7 6 28 6 23 31 6 1
split_gain=18.7346 19.5719 17.4286 20.8851 14.7689 18.427 17.8637 18.1133 15.0686 14.6256 14.2654 14.0448 13.8675 13.3239 12.9932 12.6958 12.5748 15.393 13.9894 21.486 14.0339 13.7393 14.9322 12.5444 12.3597 12.3129 11.9288 11.9239 11.8479 15.9953
threshold=65.725000000000009 1.0000000180025095e-35 5.8850000000000007 0 0.27293771043771048 4.535000000000001 31.175000000000004 1 0.13894444444444451 2 3 61.215000000000011 48.535000000000004 53.95000000000001 0.18808962264150947 42.775000000000013 1.5000000000000002 4 48.500000000000007 5 5.1350000000000007 1621.3690994572132 53.750000000000007 34.500000000000007 1508.1385240751299 62.500000000000007 5.1339285714285721 133.50000000000003 25.500000000000004 6
decision_type=2 2 2 1 8 2 2 1 10 1 1 2 2 2 10 2 2 1 2 1 2 2 2 2 2 2 10 2 2 1
left_child=1 2 3 4 5 8 12 -8 10 23 -1 15 -6 -12 -7 27 18 -18 -5 20 25 -19 -23 -4 -13 -20 28 -11 29 -3
right_child=-2 26 9 16 6 14 7 -9 -10 11 13 24 -14 -15 -16 -17 17 21 19 -21 -22 22 -24 -25 -26 -27 -28 -29 -30 -31
leaf_value=0.022985627170314948 0.0035062571461588611 -0.0052049774850402427 0.0040858687934926764 -0.00037894597535916019 -0.021084594216397259 0.0062545297725840089 -0.00336399633351982 0.0030922578305743863 0.00024373554546145185 0.003277326289129614 0.0095810291730460649 0.0118883923372313 0.073825209344388076 -0.020465252710149394 0.020109619830232746 0.012245081360685584 -0.021022728462367132 -0.0097923998255519742 -0.0029564855842835816 -0.0056727799127269324 0.0059137503811482802 0.014110478477263358 -0.046548297555913151 -0.0036820466559812737 0.0005103702499324505 0.024674501406290641 -0.014658192703761678 0.033707617163031785 -0.0029734646735887892 0.0063430500038520951
leaf_weight=138.7506337929517 3586.7884950116277 457.96791793033481 691.54831483960152 17996.954778937623 132.67918268032372 1314.5663059577346 2056.8822287544608 2279.9998139590025 2984.605966873467 4786.8384094946086 148.43934609368443 246.64798021316528 3.963685229420661 49.10219949670136 194.21456480771303 452.08858427032828 163.70616701990366 265.46020600944757 1539.249155100435 3497.7483193203807 794.33299472182989 131.80311583727598 10.991619840264319 2091.8953275494277 7388.0910176746547 41.403450675308704 195.31575974449515 32.409719355404377 6938.0927601307631 830.52313606068492
leaf_count=723 18317 2426 3595 90996 881 6048 10025 11066 16090 23462 778 1240 26 255 982 2270 777 1269 7498 17010 3721 616 53 10799 39713 208 2772 170 34036 4418
internal_value=-2.81563e-07 -0.000217669 0.00016191 -0.000478249 0.00153705 0.00345602 -0.000531255 2.95801e-05 0.0013743 0.00153876 0.0114081 0.00224675 -0.0183315 0.00201074 0.008038 0.00423353 -0.00124545 -0.00857245 -0.0010704 -0.00318938 0.000489868 -0.00299178 0.00944127 -0.00174583 0.000877949 -0.00223272 -0.0024457 0.00348197 -0.00215575 0.00224737
internal_weight=61443.1 57856.3 49434.4 33744.9 9303.2 4829.68 4473.52 4336.88 3320.9 15689.5 336.292 12906.1 136.643 197.542 1508.78 5271.34 24441.6 571.961 23869.7 5872.73 2374.99 408.255 142.795 2783.44 7634.74 1580.65 8421.9 4819.25 8226.58 1288.49
internal_count=312240 293923 250271 169022 46874 24876 21998 21091 17846 81249 1756 66855 907 1033 7030 25902 122148 2715 119433 28437 11427 1938 669 14394 40953 7706 43652 23632 40880 6844
cat_boundaries=0 1 2 3 4 5 6 7
cat_threshold=770 31725348 16789568 17496832 4559020 4327118 473154
is_linear=0
shrinkage=0.05


Tree=112
num_leaves=31
num_cat=10
split_feature=18 7 18 2 1 7 7 29 2 1 30 1 28 4 32 1 24 0 24 1 12 6 1 1 23 24 15 1 28 16
split_gain=18.2965 18.4219 16.6979 15.2687 16.0846 14.1824 22.8791 16.4713 22.7886 16.3529 14.9043 24.8549 14.8305 14.3245 14.2657 14.1622 18.031 14.1632 13.6995 27.5173 13.5313 14.0025 18.1475 15.4041 13.5026 13.1563 13.069 12.6866 12.6774 12.6708
threshold=45.840000000000011 56.350000000000001 1.0000000180025095e-35 0 1 51.95000000000001 52.45000000000001 2.7500000000000004 2 3 -0.11763095238095239 4 1447.3949286142799 1.0000000180025095e-35 0.36298833079655007 5 0.21527777777777782 3.5000000000000004 0.1768333333333334 6 5.1800000000000006 30.500000000000004 7 8 3.2111111111111117 0.13612500000000005 11.180000000000001 9 1386.7628255722882 27.810000000000006
decision_type=2 2 2 1 1 2 2 2 1 1 8 1 2 2 8 1 8 2 10 1 2 2 1 1 10 8 2 1 2 2
left_child=2 5 -1 27 24 7 13 8 14 12 11 -9 -10 -7 -2 -16 -17 26 -8 -20 25 22 29 -23 -5 -4 -18 -3 -21 -22
right_child=1 3 20 4 -6 6 18 10 9 -11 -12 -13 -14 -15 15 16 17 -19 19 28 21 23 -24 -25 -26 -27 -28 -29 -30 -31
leaf_value=0.0023822809229443113 0.019144628549302951 -0.003602942672652406 0.029939107911272984 -0.014032800759243225 -0.0052806863136976127 0.0034633039138207387 0.00094652633321062906 -0.0062247239053852483 0.07308457649652228 -0.0040786443449583086 -0.0026342294942391636 0.02458681369531511 0.0060403123426316756 -0.00045434877104440517 0.010981423677483391 0.0014842456458097038 -0.095183253144256227 -0.076309741094979525 0.0018912862240962329 0.0089851200252599028 -0.0009889398158312811 -0.0044967317472709425 -0.0026849501163553908 -0.00096574972105320967 0.014281386138492997 -0.015947864783872983 0.018612298804440056 -0.019637253981279943 -0.0066488504882546307 0.0073575724069993775
leaf_weight=2687.1433789767325 213.82521952316165 261.5040927734226 16.6672926209867 51.573998410254717 669.91190134733915 12130.600422848016 10936.859628435224 125.49725345522165 8.4236615747213346 1361.3976449258626 6725.4899454563856 123.83719075471163 396.51510956510901 2888.9635636657476 497.96315852552652 525.2167268358171 3.2118714824318912 13.573115028440951 2145.0657113213092 137.04286313429475 714.59968001395464 5396.1426479034126 1748.680052574724 7249.4492284469306 229.37489729933441 248.70339608378708 11.765216127038 254.93731855787337 2409.3041341286153 1250.283281750977
leaf_count=13754 1054 1332 233 251 3376 62296 54095 592 40 7248 34717 590 2089 13965 2718 2903 16 60 10887 1132 3667 26771 8797 35690 1158 3590 72 1291 11656 6200
internal_value=-3.10455e-07 0.000583951 -0.00127468 -0.00492004 -0.00108063 0.000782601 0.00131623 -0.000851748 0.00222504 -0.00145396 -0.0021892 0.00981492 0.00725581 0.00270976 0.00731353 0.00497771 -0.000608317 -0.0393167 -2.30278e-05 -0.0022833 -0.00186578 -0.0016841 0.0010153 -0.00247681 0.00877152 -0.0130658 -0.00579142 -0.0117408 -0.00578472 0.00430018
internal_weight=61433.5 42121.9 19311.7 1467.3 950.861 40654.6 30647.8 10006.7 3031.89 1766.34 6974.82 249.334 404.939 15019.6 1265.56 1051.73 553.767 28.5502 15628.3 4691.41 16624.5 16359.2 3713.56 12645.6 280.949 265.371 14.9771 516.441 2546.35 1964.88
internal_count=312240 213538 98702 7408 4785 206130 154031 52099 16200 9377 35899 1182 2129 76261 6823 5769 3051 148 77770 23675 84948 81125 18664 62461 1409 3823 88 2623 12788 9867
cat_boundaries=0 1 2 3 4 5 6 7 8 9 10
cat_threshold=6256 4440136 1952 525482 11229964 21153674 29918936 22931462 26774086 19827878
is_linear=0
shrinkage=0.05


Tree=113
num_leaves=31
num_cat=9
split_feature=7 7 4 3 31 0 1 10 17 1 2 1 12 17 2 1 27 1 29 2 18 23 30 18 14 11 10 2 31 32
split_gain=17.0702 24.302 21.4398 17.5012 18.1665 17.2074 20.5134 16.6339 22.7504 19.7393 17.6218 15.8078 15.5512 15.1108 16.1135 14.7758 14.4334 13.7011 13.5868 13.5272 13.4741 13.4709 13.1412 12.8744 12.7775 12.7231 15.764 13.3548 13.4969 12.3882
threshold=52.850000000000001 51.95000000000001 1.0000000180025095e-35 1.0000000180025095e-35 14.500000000000002 3.5000000000000004 0 0.15500000000000003 28.335000000000004 1 2 3 58.875000000000007 28.335000000000004 4 5 1.0000000180025095e-35 6 3.2500000000000004 7 1.0000000180025095e-35 4.4722222222222232 0.15291666666666673 69.100000000000009 7.4450000000000012 3.0150000000000001 0.13500000000000004 8 140.50000000000003 0.46041384714010974
decision_type=2 2 2 2 2 2 1 8 2 1 1 1 2 2 1 1 8 1 2 1 2 8 10 2 2 2 10 1 2 10
left_child=1 5 7 4 -2 6 -1 10 12 -10 15 18 17 14 -8 -3 21 20 -7 -11 -9 -5 -19 -20 -4 26 -15 -27 -29 -18
right_child=3 2 24 16 -6 11 13 8 9 19 -12 -13 -14 25 -16 -17 29 22 23 -21 -22 -23 -24 -25 -26 27 -28 28 -30 -31
leaf_value=0.003753037679123081 -0.02498234655407083 0.013980041597112578 -0.0030161346274252118 -0.0020209442626327092 -0.0048585115316818099 0.0032170108630391126 -0.014413582037770959 0.0052266751252296071 0.0048526129587942932 -0.0029558683201632956 0.0024968161649476621 -0.0047616811546239883 0.037135479516153556 0.057995519455660755 -0.0015147377345476297 0.0048716219235186327 0.00076641915524389766 7.9263360312435964e-05 -0.004313729849652166 0.0020777740996775831 -0.0088065028769138704 -0.0095141246589254564 -0.025566765162492733 0.020394207926193245 0.0039133610552846429 0.004087496308830629 -0.020801550658009402 -0.0023672282589988916 -0.08957952422380544 -0.0039566037414259757
leaf_weight=3055.2060899212956 143.02667957544327 670.15106916055083 3604.9646365512162 6457.0506017208099 519.44279988110065 1563.5996116138995 413.29600387066603 203.35880967602134 4455.255910795182 1945.9224069565535 5891.6107383184135 4242.9920531306416 25.247753575444221 6.7405527979135504 588.20927160233259 1412.3629239276052 10293.529955234379 2939.1384147405624 1463.4421159978956 4194.1055334005505 1076.7051756028086 661.21571071818471 50.813307598233223 54.692406890913844 815.78861490264535 1464.5774100236595 108.78118787705898 1489.888316873461 4.4495392963290206 1604.8420577049255
leaf_count=15686 1284 3682 17392 31526 4207 6764 2117 1023 22531 9787 30628 22663 147 33 2908 7461 49482 14871 9417 21158 5479 3465 252 323 3956 7466 596 7528 24 8384
internal_value=-3.80622e-07 0.000571958 0.0014501 -0.00121437 -0.00920323 -0.00108553 0.000662787 0.00206638 0.00107949 0.00232385 0.00390927 -0.00278765 -0.00199003 -0.00165871 -0.00699681 0.00785551 -0.000936064 -0.00222137 -5.41342e-05 0.00048028 -0.00652612 -0.00271699 -0.000355394 -0.0034236 -0.00173739 7.47912e-05 -0.0162038 0.00071034 -0.00260945 0.000129382
internal_weight=61420.4 41741.3 27285.4 19679.1 662.469 14455.9 7131.15 22864.7 14890.5 10595.3 7974.12 7324.73 4295.26 4075.94 1001.51 2082.51 19016.6 4270.02 3081.73 6140.03 1280.06 7118.27 2989.95 1518.13 4420.75 3074.44 115.522 2958.92 1494.34 11898.4
internal_count=312240 213892 138367 98348 5491 75525 36358 117019 75248 53476 41771 39167 21772 20672 5025 11143 92857 21625 16504 30945 6502 34991 15123 9740 21348 15647 629 15018 7552 57866
cat_boundaries=0 1 2 3 4 5 6 7 8 9
cat_threshold=31216672 26490962 450 8767882 6496 4858082 17370162 6464 994
is_linear=0
shrinkage=0.05


Tree=114
num_leaves=31
num_cat=11
split_feature=25 2 27 28 17 1 1 6 1 32 23 19 0 2 1 17 1 24 1 32 15 1 7 4 14 30 1 11 27 1
split_gain=16.8271 18.9024 16.7351 17.7242 16.9592 15.6509 14.3414 13.077 14.8607 13.2116 17.6001 13.1961 14.738 12.846 12.8192 12.2616 11.8782 11.5333 19.5145 15.2481 14.5352 17.3716 13.7491 12.1957 14.8953 14.5925 18.5735 13.3589 14.8929 15.0058
threshold=0.58333333333333337 0 1.0000000180025095e-35 1699.045884500262 48.085000000000008 1 2 39.500000000000007 3 0.51035913578480485 5.7638888888888902 39.795000000000009 4.5000000000000009 4 5 36.380000000000003 6 0.19050000000000006 7 0.51223791185280287 8.3900000000000023 8 47.050000000000004 1.5000000000000002 6.4450000000000012 -0.1637282051282051 9 6.8150000000000004 6.5000000000000009 10
decision_type=10 1 8 2 2 1 1 2 1 8 10 2 2 1 1 2 1 10 1 10 2 1 2 2 2 8 1 2 8 1
left_child=2 -2 3 7 13 -3 -6 9 -9 10 16 12 -10 -4 -11 -7 -1 23 19 -19 21 -20 -22 25 -25 26 -15 -27 29 -29
right_child=1 5 4 -5 6 15 -8 8 11 14 -12 -13 -14 17 -16 -17 -18 18 20 -21 22 -23 -24 24 -26 27 -28 28 -30 -31
leaf_value=0.0033272768277386802 -0.003609616976428242 0.008134983775721933 -0.0012961016045638946 0.015628192125734155 0.01037898899296183 -0.00085676911987641604 0.0013145596824948199 -0.0003021637955837485 -0.0035867520461337851 -0.0097707624293946402 -0.041247610280720798 0.00074218640787709813 -0.0093781674367484306 -0.0049834396249582051 -0.00032902200862849581 0.00620458522091763 -0.00062834798264322137 -0.0044083100433663577 0.0042198353705856151 -0.036532799187038577 0.017411963004665288 -0.012732425234561981 0.0024281137253191615 -0.0081074241782363495 0.0011142279778748418 0.0012997374900399214 0.025959728599762772 -0.0028758089290228678 0.025931420969209973 0.011484917053399407
leaf_weight=2733.6136413104832 949.50562052056193 1562.8691841997206 10466.453840954229 152.12989015132189 747.00750052928925 1629.5489262603223 1056.3134104404598 3857.1988402344286 3788.2989045493305 656.45701174810529 25.206738559529185 1102.7363610677421 1547.1721532642841 77.124050065875053 793.66702007129788 987.19936874136329 6151.1639669723809 2067.285107286647 270.75992983579636 37.610834524035454 168.44735630974174 325.88493736460805 1680.0081642977893 720.636938739568 1116.0933889076114 15774.78965930827 124.42792837694287 318.63063238933682 99.742056112736464 411.14412833377719
leaf_count=13779 4920 8010 52431 878 3849 8171 5387 19113 18153 3554 783 5431 8177 377 4283 5120 31598 10968 1833 209 819 2280 8091 3457 5385 79579 600 1902 627 2476
internal_value=-2.67945e-07 0.00274137 -0.000250174 -0.00137586 0.000410327 0.00418279 0.00513425 -0.0015011 -0.00276312 -0.00024696 0.000473367 -0.00423046 -0.00526614 0.000157237 -0.00467285 0.00180033 0.000591732 0.000813314 -0.00144327 -0.00495876 0.00159683 -0.00518209 0.00379357 0.0013645 -0.00250387 0.00178728 0.01516 0.00162496 0.00780958 0.00533278
internal_weight=61399.1 5129.12 56270 20807.6 35462.4 4179.62 1803.32 20655.5 10295.4 10360.1 8909.98 6438.21 5335.47 33659 1450.12 2616.75 8884.78 23192.6 4550 2104.9 2445.1 596.645 1848.46 18642.6 1836.73 16805.9 201.552 16604.3 829.517 729.775
internal_count=312240 26221 286019 105749 180270 21301 9236 104871 50874 53997 46160 31761 26330 171034 7837 13291 45377 118603 24200 11177 13023 4113 8910 94403 8842 85561 977 84584 5005 4378
cat_boundaries=0 1 2 3 4 5 6 7 8 9 10 11
cat_threshold=4096 2902420 5888560 26485076 6168 15757358 4346914 18403812 2106904 8690904 6965310
is_linear=0
shrinkage=0.05


Tree=115
num_leaves=31
num_cat=11
split_feature=8 2 3 32 7 1 13 1 6 1 1 32 22 1 0 1 17 13 7 1 1 13 12 26 31 1 19 7 17 2
split_gain=16.7175 16.9478 17.0371 36.4204 15.6446 16.8855 15.9882 21.6952 18.2789 22.8012 14.2663 14.4338 13.7178 16.1593 14.3325 28.5364 13.5341 13.5103 12.8984 21.7547 15.6168 13.1474 13.0114 16.0956 13.2456 12.8288 12.6332 12.4777 12.7889 12.1383
threshold=1.0000000180025095e-35 0 2.5000000000000004 0.4322189110324704 55.850000000000001 1 65.325000000000003 2 44.500000000000007 3 4 0.33398184176394297 0.47222222222222227 5 1.5000000000000002 6 49.130000000000003 63.345000000000006 51.95000000000001 7 8 75.515000000000015 56.725000000000001 0.050423728813559332 41.500000000000007 9 50.215000000000011 52.050000000000004 15.820000000000002 10
decision_type=2 1 2 10 2 1 2 1 2 1 1 8 10 1 2 1 2 2 2 1 1 2 2 8 2 1 2 2 2 1
left_child=1 12 -3 10 6 -6 7 29 18 -10 -4 -12 14 26 15 -1 -11 -9 19 -8 -20 -22 24 -24 -23 -16 -14 28 -15 -5
right_child=-2 2 3 4 5 -7 8 17 9 16 11 -13 13 27 25 -17 -18 -19 20 -21 21 22 23 -25 -26 -27 -28 -29 -30 -31
leaf_value=-0.001840790261159361 -0.0020066086667918045 -0.00077861908975329023 0.011432388844927092 0.012108461716037095 -0.039405633922195579 0.00036237912252898383 0.0033398458088811454 -0.0038620261612965384 0.00084957198593110838 -0.014754029561491256 0.02072970780194909 0.0017382292771735493 -0.0016066354756235834 0.033294776967654857 -0.0015745706092544034 0.012760088965914752 0.016767193721473263 0.0064557454045578392 0.0063249672922986947 -0.01275757068449448 0.00079972139388196902 0.0066129280473475396 -0.040434385967216747 0.001782339330078841 -0.037392474518804779 0.0021562465287234935 -0.061637892184810444 0.0035349384522463398 0.010196571194428666 0.001845262568711285
leaf_weight=626.5554291382432 8878.5531423147768 29546.674950784072 1047.2929480820894 758.08463680744171 42.079520091414452 64.017545338720083 394.76979818195105 1054.5641475617886 552.45061486214399 633.54364773631096 109.88557399809361 1117.4228171147406 477.05373042821884 64.671599183231592 4212.6825616508722 710.51703709363937 35.987880486994982 453.80462296679616 1158.3367925658822 434.84403587505221 1439.7685973383486 22.756037961691618 25.944245122373104 173.98805004730821 68.800501376390457 5063.0975414216518 8.9279675222933275 905.80743700638413 816.72546102106571 484.21709812059999
leaf_count=3933 46053 146021 5393 4094 217 334 2188 5523 2989 3431 546 5774 2527 354 20636 4744 203 2421 6479 2396 7780 132 118 1031 371 24646 47 4823 4506 2530
internal_value=-1.6394e-08 0.000339295 -0.000173193 0.00160258 -2.12257e-05 -0.0190901 0.000241799 0.00329708 -0.00145902 -0.00676447 0.00716944 0.00341082 0.00191363 0.00544005 0.00116011 0.00599975 -0.0128676 -0.000752852 0.00028414 -0.00521117 0.00186187 -0.00115414 -0.0108446 -0.00369592 -0.0264551 0.000462488 -0.00265484 0.00761349 0.0118914 0.00815481
internal_weight=61383.8 52505.3 39619.2 10072.6 7797.96 106.097 7691.86 2750.67 4941.19 1221.98 2274.6 1227.31 12886 2273.19 10612.9 1337.07 669.532 1508.37 3719.21 829.614 2889.59 1731.26 291.489 199.932 91.5565 9275.78 485.982 1787.2 881.397 1242.3
internal_count=312240 266187 199971 53950 42237 551 41686 14568 27118 6623 11713 6320 66216 12257 53959 8677 3634 7944 20495 4584 15911 9432 1652 1149 503 45282 2574 9683 4860 6624
cat_boundaries=0 1 2 3 4 5 6 7 8 9 10 11
cat_threshold=386 11602260 7324292 5605788 9468836 1315856 12734038 18110314 11086922 17347560 6196
is_linear=0
shrinkage=0.05


Tree=116
num_leaves=31
num_cat=8
split_feature=0 6 32 1 17 6 1 24 30 1 20 19 1 2 2 30 12 0 26 31 1 31 13 30 13 1 29 28 6 30
split_gain=15.9437 16.779 17.276 14.945 13.6471 12.8986 12.6078 12.555 14.8042 13.9693 11.8443 13.6918 16.7864 12.9382 12.3152 15.4607 12.1381 11.8034 15.5236 13.0986 11.8349 18.6535 18.9777 18.359 17.432 11.7669 16.1006 21.6117 12.4397 12.3571
threshold=5.5000000000000009 53.500000000000007 0.481557067271353 0 46.175000000000004 63.500000000000007 1 0.16894444444444451 0.081602040816326535 2 35.740000000000009 40.315000000000005 3 4 5 -0.05928915343915344 14.465000000000002 2.5000000000000004 0.52223320158102771 1.5000000000000002 6 7.5000000000000009 60.225000000000001 0.02210172413793102 56.275000000000006 7 5.2500000000000009 1303.6838670528043 20.500000000000004 -0.046527589852008479
decision_type=2 2 10 1 2 2 1 10 10 1 2 2 1 1 1 8 2 2 8 2 1 2 2 10 2 1 2 2 2 8
left_child=1 4 3 -3 7 25 -4 8 10 -10 -1 -12 13 -13 -14 -16 -15 18 -5 -20 21 -21 24 -24 -23 26 27 28 -2 -27
right_child=5 2 6 17 -6 -7 -8 -9 9 -11 11 12 14 16 15 -17 -18 -19 19 20 -22 22 23 -25 -26 29 -28 -29 -30 -31
leaf_value=0.0049785043072332388 0.20027276816250669 -0.0051673180192194131 0.0068171318129679652 0.0066620110675037064 0.0036917251385629847 0.031829631012943969 -0.020963143928900991 -0.00066738191882366026 0.0011727983715557166 -0.0062138100422319863 0.00055305770094763926 0.0066366008360331762 0.0020522865184513534 0.032641032681273933 0.021581080300204947 0.0071091080591457155 -0.0056929828099044552 -0.0020100590182854355 -0.053476707904115607 0.028393620108599846 0.0062315321735980107 -0.03478918537494434 -0.057588696147097752 -0.21460510319286855 0.031850127914109329 0.0044868854748016324 -0.014817124914573819 -0.0035448938566910999 0.045579920673442048 -0.0017656029572252396
leaf_weight=2170.8564746007323 1.7673338316380967 1932.532991938293 51.256950333714485 1044.6022288314998 3389.4683544524014 28.162264779210091 184.84742106124759 16926.145434485748 1271.2461437322199 1278.5088596940041 18380.396520974115 364.19714041985571 1045.6703354660422 21.214648423716426 217.83272883296013 1207.8744639530778 775.99864537641406 1991.2331332415342 14.918601542711256 16.120824247598648 107.87397891283035 43.594274930655956 8.5419898405671102 2.3804600313305846 12.66445158049464 938.06510059535503 344.61160524748266 2581.0305320415646 4.910573948174715 5014.078211337328
leaf_count=10929 32 9079 272 4860 17213 147 982 83394 6482 6388 92141 1810 5138 120 1075 6171 3813 9070 73 82 706 246 79 22 97 5099 4292 13315 66 29047
internal_value=5.85348e-08 0.000332233 -0.00230468 -0.00170116 0.000635471 -0.00195513 -0.0155313 0.000398204 0.00107287 -0.0025508 0.00145491 0.00110743 0.00391232 -0.00106016 0.0062282 0.00925535 -0.00461499 0.000379804 0.00418774 -0.00835325 -0.004832 -0.0177734 -0.0314973 -0.0918092 -0.019788 -0.00206222 -0.00464866 -0.00331247 0.08652 -0.000778895
internal_weight=61372.6 52460 5410.57 5174.46 47049.4 8912.63 236.104 43659.9 26733.8 2549.76 24184 22013.2 3632.79 1161.41 2471.38 1425.71 797.213 3241.93 1250.7 206.095 191.176 83.302 67.1812 10.9224 56.2587 8884.46 2932.32 2587.71 6.67791 5952.14
internal_count=312240 260242 25568 24314 234674 51998 1254 217461 134067 12870 121197 110268 18127 5743 12384 7246 3933 15235 6165 1305 1232 526 444 101 343 51851 17705 13413 98 34146
cat_boundaries=0 1 2 3 4 5 6 7 8
cat_threshold=3205410 4219280 32058508 2127176 646 4126 8390340 23472256
is_linear=0
shrinkage=0.05


Tree=117
num_leaves=31
num_cat=7
split_feature=10 22 1 18 19 19 2 1 30 32 1 26 19 2 1 15 19 23 24 10 26 18 24 12 28 19 31 19 1 18
split_gain=15.4718 18.8801 16.6792 15.9764 17.039 15.3603 14.0928 15.3379 14.7222 14.6274 14.0266 13.6849 13.9926 13.3595 13.1474 14.4531 13.9726 12.6636 12.1641 12.1317 12.9541 12.0205 13.5467 13.1185 12.2509 11.7964 11.7488 11.7315 21.3236 14.6894
threshold=0.21500000000000002 0.47222222222222227 0 51.495000000000012 30.595000000000002 22.190000000000001 1 2 -0.18594999999999998 0.3434039187051236 3 0.26138716356107666 34.955000000000005 4 5 77.095000000000013 55.635000000000012 4.4722222222222232 0.19414285714285717 0.18500000000000003 0.15184453227931491 54.485000000000007 0.17414285714285718 29.150000000000002 1614.7679054281969 28.540000000000003 43.500000000000007 42.82500000000001 6 46.555000000000007
decision_type=8 10 1 2 2 2 1 1 8 10 1 8 2 1 1 2 2 10 10 10 10 2 10 2 2 2 2 2 1 2
left_child=3 2 -2 5 6 -1 10 9 -9 -8 26 12 13 -4 16 -16 -6 -12 21 -20 -21 -11 25 -24 -25 -23 -5 -7 29 -29
right_child=1 -3 11 4 14 27 7 8 -10 18 17 -13 -14 -15 15 -17 -18 -19 19 20 -22 22 23 24 -26 -27 -28 28 -30 -31
leaf_value=0.0022444828019047266 0.00046954285161853333 0.021478896408256853 -0.012006448258502165 -0.0088009912163149791 0.0037504899350652245 -0.0013502839858601868 -0.0092344304651677533 0.035089984088978475 -0.00035609282503463086 0.0089599038914384265 0.003422842253340642 -0.023248273907863302 -0.016712707270459294 0.0056230792789938979 0.00091461256100110362 -0.020815722589261659 -0.014102088893223966 0.017932909072078677 -0.031448224477396154 0.046259312750195569 -0.049226913925983322 -0.0016603799482834362 -0.064859016839942621 0.021537748572551162 -0.024396565215829329 -0.016139085063355377 0.0020523439005995701 0.0043495074039185695 -0.00042317186384592959 0.019344478880382363
leaf_weight=4147.3518249578774 569.31823272258043 64.214577719569206 176.44374105148017 437.57557594403625 7502.8170552030206 26149.935929331928 1194.6746489852667 29.56212279945612 3226.8765024729073 278.17557681724429 1611.8343317098916 173.69387315586209 257.06754036061466 244.91899007558823 10413.119245225564 77.085046648979187 111.22603053785861 165.84100683219731 58.761951591819525 11.542417377233507 5.1308685913681975 480.41285358741879 5.3390653133392325 105.37445823103189 16.83456639572978 198.93282902985811 579.66812611930072 479.21180956251919 2339.0602710377425 247.77066269516945
leaf_count=20845 4834 314 1575 2220 37731 130733 5832 144 16135 1443 7996 1237 2375 2211 51833 400 533 906 301 51 29 2523 24 537 99 1044 2925 2433 11752 1225
internal_value=-1.90003e-09 -0.00504033 -0.00623835 0.000125064 0.00104131 -0.000602995 -0.000818901 -0.00226158 -3.42064e-05 -0.00532815 0.00207837 -0.0106011 -0.00751941 -0.0019107 0.00190508 0.000754213 0.00348512 0.00474978 -0.00135277 -0.0207674 0.0168753 -3.04019e-06 -0.003093 0.0118586 0.0152102 -0.00590018 -0.00259084 -0.00100721 0.00191885 0.00933174
internal_weight=61359.8 1485.66 1421.44 59874.1 26510.8 33363.3 8406.54 5611.62 3256.44 2355.18 2794.92 852.124 678.43 421.363 18104.2 10490.2 7614.04 1777.68 1160.5 75.4352 16.6733 1085.07 806.894 127.548 122.209 679.346 1017.24 29216 3066.04 726.982
internal_count=312240 12546 12232 299694 132706 166988 42209 28162 16279 11883 14047 7398 6161 3786 90497 52233 38264 8902 6051 381 80 5670 4227 660 636 3567 5145 146143 15410 3658
cat_boundaries=0 1 2 3 4 5 6 7
cat_threshold=12685080 4362 30016150 17665036 1864 31096932 17319954
is_linear=0
shrinkage=0.05


Tree=118
num_leaves=31
num_cat=11
split_feature=8 10 26 30 4 11 0 1 6 30 3 2 2 1 29 14 1 1 15 2 1 23 1 22 13 2 26 30 1 32
split_gain=15.3444 15.0793 20.9877 17.7631 17.6787 19.9644 19.3886 31.6616 17.8302 20.9684 35.6063 20.2249 18.5303 17.2844 17.069 15.541 16.8141 15.3217 15.1693 15.1186 14.6796 14.6039 14.5386 14.2357 14.1559 16.749 13.9745 13.9054 15.4015 13.8409
threshold=1.5000000000000002 0.17500000000000002 0.42365967365967372 0.02429942528735635 1.5000000000000002 7.4750000000000005 1.5000000000000002 0 27.500000000000004 -0.14976923076923074 1.5000000000000002 1 2 3 2.2500000000000004 4.1750000000000007 4 5 32.82500000000001 6 7 4.2361111111111116 8 0.58571428571428574 75.515000000000015 9 0.44543650793650796 0.002764844842046366 10 0.51859535884432162
decision_type=2 8 8 8 2 2 2 1 2 10 2 1 1 1 2 2 1 1 2 1 1 10 1 10 2 1 8 10 1 8
left_child=1 4 15 22 5 6 7 -1 13 10 -10 -12 27 -8 20 -3 -17 26 -19 -18 -13 -14 -4 -24 -7 -26 -5 28 -11 -6
right_child=-2 2 3 17 29 24 8 -9 9 12 11 14 21 -15 -16 16 19 18 -20 -21 -22 -23 23 -25 25 -27 -28 -29 -30 -31
leaf_value=0.0096840649906915193 -0.01310824818685255 -0.0022486352959693052 0.007353320144068665 -0.057965554959557623 -0.00059845061315022942 0.028823812944281449 0.0070418498699480123 0.00079146365258433928 -0.0031813402911488016 -0.0029626687216115768 0.0036189784619251146 -0.013337498499387774 0.0011808361385497678 0.00085537499453194562 0.030497501848132481 -0.0014596597612186793 0.0068400032458143523 -0.0082385707210740813 0.0066977480310734987 0.0008908268082670588 0.020232268596710963 -0.0034627900638635012 -0.0051189498434179442 0.034557942283275904 -0.0080340696387423659 0.016718751439759712 -0.013228619587460636 -0.003641837420624803 0.0027416553682486117 -0.0065302918765744351
leaf_weight=1536.5651422515512 222.44705101102591 6581.4502748753875 376.64428828842938 17.916416622698307 3412.8695974238217 98.002179052680731 1817.0737497713417 2858.6530413255095 513.69605518877506 2259.2728716284037 269.94411307573318 47.528281271457672 15212.341151431203 2982.2986551113427 238.28020368516445 3855.395907945931 1647.5549992695451 611.36919810436666 235.45597762987018 3032.4875429272652 69.317262388765812 1905.1911460161209 935.62157022766769 23.166754122823477 111.86098282784224 152.58131970092654 679.19090852700174 5806.0258748456836 2462.6516867056489 1381.437885902822
leaf_count=13092 1222 39673 2199 100 16336 657 8778 21782 2344 10320 1212 237 70017 14299 1044 17860 7581 3236 1346 14022 344 9340 5387 207 727 982 3694 26392 11254 6556
internal_value=-6.59695e-08 4.76322e-05 -0.00116814 -0.00508055 0.000554856 0.000912793 0.000801334 0.00392414 0.00039264 -7.77938e-05 0.00657142 0.0145864 -0.000351686 0.00321407 0.0221963 -0.000422933 0.000984817 -0.00873294 -0.00403791 0.00299528 0.00716745 0.00066361 -0.000857913 -0.00411731 0.012592 0.00657655 -0.0141751 -0.0020012 1.18712e-05 -0.00230766
internal_weight=61354.3 61131.8 17996.3 2879.37 43135.6 38341.3 37978.8 4395.22 33583.6 28784.2 1138.77 625.07 27645.5 4799.37 355.126 15116.9 8535.44 1543.93 846.825 4680.04 116.846 17117.5 1335.43 958.788 362.444 264.442 697.107 10528 4721.92 4794.31
internal_count=312240 311018 95305 16169 215713 192821 190455 34874 155581 132504 5181 2837 127323 23077 1625 79136 39463 8376 4582 21603 581 79357 7793 5594 2366 1709 3794 47966 21574 22892
cat_boundaries=0 1 2 3 4 5 6 7 8 9 10 11
cat_threshold=30320640 6914 7200 17621314 2990960 29945994 1122 2822458 19431704 4288 13488322
is_linear=0
shrinkage=0.05


Tree=119
num_leaves=31
num_cat=6
split_feature=7 7 4 2 23 3 31 17 14 16 6 1 1 18 30 21 30 29 27 14 1 27 23 11 12 32 11 1 19 1
split_gain=15.0526 21.2164 19.1346 15.7014 21.7752 15.195 16.477 14.2403 16.1149 15.7192 14.8664 20.9612 13.7698 13.1829 12.3679 12.3061 12.2591 12.8061 14.3789 11.963 11.8887 11.736 12.1444 11.6506 15.0597 12.1021 19.0507 15.7838 15.1424 12.6487
threshold=52.850000000000001 51.95000000000001 1.0000000180025095e-35 0 3.4365079365079372 1.0000000180025095e-35 14.500000000000002 36.965000000000011 7.6350000000000007 83.180000000000021 30.500000000000004 1 2 1.0000000180025095e-35 0.072374720959074018 0.68333333333333346 -0.18594999999999998 2.2500000000000004 1.0000000180025095e-35 5.6750000000000007 3 1.0000000180025095e-35 4.4722222222222232 7.6850000000000014 54.395000000000003 0.49917491749174919 6.5150000000000006 4 51.885000000000012 5
decision_type=2 2 2 1 10 2 2 2 2 2 2 1 1 2 8 10 8 2 8 2 1 8 10 2 2 10 2 1 2 1
left_child=1 3 7 4 12 6 19 8 9 10 11 14 -1 -11 -3 -9 -14 18 -18 -2 -15 22 -7 25 -25 26 -4 28 -27 -28
right_child=5 2 23 -5 -6 21 -8 15 -10 13 -12 -13 16 20 -16 -17 17 -19 -20 -21 -22 -23 -24 24 -26 27 29 -29 -30 -31
leaf_value=0.0071239117751948 -0.028282122107552557 0.011293285235644566 -0.003952615413439625 -0.0026610432752865159 -0.0018701112904444027 -0.0018811917410143789 -0.004477949367355058 0.0036597490996626751 0.011179865796834127 -0.10024250437606815 0.00011154425979954238 0.0010884470084428853 0.083225649671514787 0.010021321166805099 -0.0012370935521166583 0.030735778393952314 -0.003608571188168706 -0.0038321495641973932 0.0095921759452296789 0.023127544447032453 -0.019697374310125491 7.9482649417555914e-05 -0.0095197827758569734 0.030815511716232404 0.00097031343481685124 -0.02646838479843816 0.0094364976726088439 -0.0042086937850951307 0.058700311059605853 -0.00043927191063189127
leaf_weight=1513.5773376468569 128.61165707558393 1048.3366029392928 1779.617041984573 7206.1705650407821 3938.8384944982827 6542.5761479511857 517.19058224000037 6940.2837827652693 387.83005263283849 4.3813830986618987 11393.308998394758 2614.2439914606512 4.4809645377099514 42.102520082145929 242.47602185793221 42.220692489296198 328.55453030392528 884.69263878278434 554.32048253715038 12.407582301646469 114.04466266930103 11889.422086060047 565.30118185654283 61.214838426560163 136.55937344580889 136.60262587666512 578.04298606514931 991.11764232069254 5.4261689633131018 728.91350704431534
leaf_count=7775 1223 5736 8591 37280 21471 31967 4207 35889 2274 23 56619 14131 25 227 1237 293 1745 4190 3039 61 590 57866 3024 305 662 662 2793 4777 25 3533
internal_value=4.33025e-07 0.000538358 0.00135935 -0.00101178 0.000636115 -0.00114018 -0.00860882 0.00194221 0.00111328 0.000860734 0.00102406 0.00368639 0.00364254 -0.014704 0.00887076 0.00382347 0.000625226 0.000419363 0.00467963 -0.0237588 -0.0123039 -0.000881409 -0.0024887 -0.00165282 0.010208 -0.00220872 -0.0005863 -0.00662803 -0.0216876 0.00399744
internal_weight=61332.9 41677.4 27246.7 14430.6 7224.46 19655.5 658.21 22829.2 15846.7 15458.9 15298.4 3905.06 3285.63 160.529 1290.81 6982.5 1772.05 1767.57 882.875 141.019 156.147 18997.3 7107.88 4417.49 197.774 4219.72 3086.57 1133.15 142.029 1306.96
internal_count=312240 213892 138367 75525 38245 98348 5491 117019 80837 78563 77723 21104 16774 840 6973 36182 8999 8974 4784 1284 817 92857 34991 21348 967 20381 14917 5464 687 6326
cat_boundaries=0 1 2 3 4 5 6
cat_threshold=1954 25315476 16138664 8397656 4473856 13196820
is_linear=0
shrinkage=0.05


Tree=120
num_leaves=31
num_cat=11
split_feature=8 0 1 27 2 3 12 2 24 4 1 11 2 2 1 2 1 1 11 12 11 13 23 30 6 11 1 13 10 28
split_gain=14.8908 15.2966 23.7883 18.3391 15.6473 12.6612 21.5438 14.8107 14.3872 12.7515 18.0513 21.2857 17.1353 16.5189 17.1475 12.538 12.5084 12.4833 12.4522 12.2223 13.2603 12.0039 13.3893 14.8259 13.3049 11.8187 16.8671 12.4173 11.7473 11.6919
threshold=1.0000000180025095e-35 4.5000000000000009 0 22.500000000000004 1 2.5000000000000004 42.125000000000007 2 0.22316666666666671 2.5000000000000004 3 7.3650000000000011 4 5 6 7 8 9 7.6450000000000005 23.465000000000003 4.3450000000000006 69.905000000000015 2.2928571428571431 0.11250819672131153 30.500000000000004 6.5850000000000009 10 67.490000000000023 0.13500000000000004 1523.3958347988448
decision_type=2 2 1 10 1 2 2 1 8 2 1 2 1 1 1 1 1 1 2 2 2 2 10 8 2 2 1 2 10 2
left_child=1 5 3 4 -3 7 16 -1 9 13 -11 21 28 25 -15 -4 -7 -9 -6 20 -19 22 23 -12 -23 26 -8 -28 -13 -18
right_child=-2 2 15 -5 18 6 8 17 -10 10 11 12 -14 14 -16 -17 29 19 -20 -21 -22 24 -24 -25 -26 -27 27 -29 -30 -31
leaf_value=0.001457664486866005 -0.0018942512952198705 -0.0017759150741477059 -0.00035495219522247795 -0.036871341131213688 0.0032160749731808221 0.013239320277481051 -0.008619471852225476 -0.0025611660006077974 0.01964597410523275 0.0026230061049816694 0.023812680118813708 0.012330335358321835 0.016580158363480015 0.0059278532037388256 -0.0029647512468466992 -0.0039418890663173922 0.022270550329200198 -0.00055617917246754531 0.03475351837167031 0.0017605007601726045 -0.010508193454280947 0.0016447811813225762 -0.010092772556083318 -0.11330880876903249 -0.029751544551384648 0.0092902063686049873 0.0096747569925134669 -0.00926330259555006 -0.028461503176296251 0.0010612511195971582
leaf_weight=15312.23130283691 8870.0212920652702 2186.9479398336262 4169.1880187829956 31.061846140772104 4096.5647522397339 670.07153141126037 270.1400196403265 5798.0904201902449 107.30841550976038 923.97072621807456 45.154529053717852 27.969405353069305 135.66911808028817 785.77605296671391 1690.6336046271026 5885.771391437389 73.14913072437048 1367.5889180265367 31.540094345808029 5350.4758844226599 443.17999215424061 44.186313070356846 474.5202196277678 2.0612758174538603 142.78489352762699 1157.4273667149246 490.33273367583752 105.1101559214294 47.83449275046587 581.78230611607432
leaf_count=73353 46053 11080 22332 198 21500 3746 1680 27057 607 4441 218 151 685 5123 10197 31071 382 6576 150 24975 1936 211 2256 11 679 8228 3151 682 237 3274
internal_value=4.34739e-07 0.000320861 -0.000945047 0.00145122 0.00164201 0.000896832 0.00268361 0.000405392 0.00149084 0.00118373 -0.00231785 -0.00722901 0.00661383 0.0026189 -0.000130595 -0.00245643 0.00849068 -0.000838409 0.00344868 0.000558044 -0.0029919 -0.0114616 -0.00756615 0.0178264 -0.0223318 0.00595583 0.00156602 0.00622715 -0.0118476 0.00337853
internal_weight=61318.5 52448.5 16401.1 6346.11 6315.05 36047.4 7775.88 28271.6 6450.88 6343.57 1844.15 920.18 211.473 4499.42 2476.41 10055 1325 12959.3 4128.1 7161.24 1810.77 708.707 521.736 47.2158 186.971 2023.01 865.583 595.443 75.8039 654.931
internal_count=312240 266187 86331 32928 32730 179856 45959 133897 38557 37950 8889 4448 1073 29061 15320 53403 7402 60544 21650 33487 8512 3375 2485 229 890 13741 5513 3833 388 3656
cat_boundaries=0 1 2 3 4 5 6 7 8 9 10 11
cat_threshold=213358 6156 910 5168142 4418 2544 30680576 62 748516 10594988 17172256
is_linear=0
shrinkage=0.05


Tree=121
num_leaves=31
num_cat=8
split_feature=18 7 23 18 1 1 1 30 20 32 2 12 26 28 30 1 31 6 14 4 32 11 12 1 11 28 32 1 13 1
split_gain=14.4417 15.4829 14.298 14.6288 15.4328 13.7424 13.599 15.1087 13.3528 13.0114 12.9159 12.3319 11.9298 11.9193 11.1977 20.3132 19.0404 14.9152 12.8374 12.7175 16.2873 15.1738 16.5827 18.1343 12.3093 32.1708 16.7366 15.5422 12.1421 30.4599
threshold=45.840000000000011 56.350000000000001 4.9500000000000011 1.0000000180025095e-35 0 1 2 0.030810396294390089 40.550000000000004 0.41877670940170947 3 15.485000000000001 0.72564832384566735 1527.5543490790822 -0.054592819685357001 4 71.500000000000014 61.500000000000007 7.9150000000000009 1.5000000000000002 0.50421948440393116 6.2750000000000012 42.435000000000009 5 6.285000000000001 1537.2135547045079 0.45639304766821548 6 61.215000000000011 7
decision_type=2 2 10 2 1 1 1 8 2 10 1 2 8 2 8 1 2 2 2 2 8 2 2 1 2 2 8 1 2 1
left_child=2 14 3 -1 -5 -4 7 -3 -9 10 -8 -10 -11 -13 15 17 -17 -2 19 24 21 -21 23 -23 26 -26 -16 -28 29 -27
right_child=1 6 5 4 -6 -7 9 8 11 12 -12 13 -14 -15 18 16 -18 -19 -20 20 -22 22 -24 -25 25 28 27 -29 -30 -31
leaf_value=0.0025837061477057477 -0.00040879750783821074 0.0049293389778061955 0.0015872144482198915 0.00048979585138185999 -0.0026869742531681791 -0.014685640052565238 0.0010220778975596207 -0.046038153389866041 -0.033743226658177645 -0.034059919240302806 -0.013067776892918881 0.0082644604200481364 0.046982667597033761 -0.023868819909474235 0.00054322851044286699 0.0075030650606454476 -0.0016407611185485652 -0.043454332661604249 0.0074123287328197347 -0.0076672705686895758 -0.0080926392669053732 0.023897434814167885 -0.00045846290858550271 -0.00042686557822512708 0.016000987283066634 -0.012101777410358051 0.0010599309222649028 -0.0062711157297964991 0.00094672364089466948 0.021931543117424415
leaf_weight=2599.770883705467 2286.9653167314827 519.88069628365338 204.98779346421361 6236.9742668289691 9871.0528161879629 357.44573422614485 287.77126763574779 24.103954918682575 33.69316254556179 71.523977417498827 373.4052874520421 109.11102691292763 4.8487985841929904 39.236869193613529 23408.521160915494 2458.1716333255172 740.92789661884308 20.302646197378635 635.98989317938685 485.24975384026766 1003.0169206559658 158.08676843345165 987.56120268628001 149.54609290882945 421.059476390481 90.959688846021891 1189.3716244008392 1837.5892101880163 4494.2923616059124 197.28391805663705
leaf_count=12955 11351 2639 2121 30994 49037 3595 1492 119 185 329 1900 517 38 189 117198 12000 3743 96 3435 2334 4751 760 4714 726 2285 509 6116 9410 25529 1173
internal_value=6.48796e-07 0.000520315 -0.00113275 -0.000896597 -0.0014583 -0.00898763 -0.00453202 0.000382129 -0.011067 -0.00924916 -0.00711748 -0.00643652 -0.0289146 -0.000234543 0.000702603 0.00279876 0.00536853 -0.000784175 0.000373376 0.000243325 -0.00299685 -0.000126128 0.00269919 0.0128359 0.00052838 0.00275127 9.08242e-05 -0.00340777 0.00158475 0.0115328
internal_weight=61298.7 42028.5 19270.2 18707.8 16108 562.434 1463.58 726.026 206.145 737.549 661.177 182.041 76.3728 148.348 40564.9 5506.37 3199.1 2307.27 35058.5 34422.5 2783.46 1780.44 1295.19 307.633 31639.1 5203.6 26435.5 3026.96 4782.54 288.244
internal_count=312240 213538 98702 92986 80031 5716 7408 3649 1010 3759 3392 891 367 706 206130 27190 15743 11447 178940 175505 13285 8534 6200 1486 162220 29496 132724 15526 27211 1682
cat_boundaries=0 1 2 3 4 5 6 7 8
cat_threshold=6388864 25612294 2870504 1480 6756740 12212888 18516052 9744404
is_linear=0
shrinkage=0.05


Tree=122
num_leaves=31
num_cat=9
split_feature=18 8 2 14 13 10 20 7 1 23 19 7 31 1 7 1 0 26 11 32 11 2 1 6 7 1 16 18 1 1
split_gain=14.0221 14.3972 13.1845 13.4753 12.4821 12.3329 16.3065 13.5926 16.4027 13.2853 14.387 12.8107 12.4911 16.5636 12.3268 14.0363 12.1317 12.0732 11.9478 17.8274 16.1603 14.6509 19.9764 13.0564 15.9031 12.6167 16.0833 12.5941 11.8718 11.7315
threshold=65.725000000000009 1.0000000180025095e-35 0 5.0450000000000008 15.605000000000002 0.17500000000000002 66.800000000000026 52.250000000000007 1 3.1180555555555558 24.940000000000001 62.250000000000007 25.500000000000004 2 51.750000000000007 3 3.5000000000000004 0.5982456140350878 7.3950000000000005 0.47094898724681172 6.6950000000000012 4 5 39.500000000000007 55.45000000000001 6 78.600000000000009 61.32500000000001 7 8
decision_type=2 2 1 2 2 8 2 2 1 10 2 2 2 1 2 1 2 10 2 10 2 1 1 2 2 1 2 2 1 1
left_child=1 2 -1 5 -5 6 -4 14 9 -9 -11 12 13 -10 15 17 -8 -7 19 20 28 -20 -23 -21 -25 27 -27 -22 -6 -16
right_child=-2 -3 3 4 18 7 16 8 11 10 -12 -13 -14 -15 29 -17 -18 -19 21 23 25 22 -24 24 -26 26 -28 -29 -30 -31
leaf_value=0.0015668629583607194 0.0030389588560741226 -0.0021005652586141006 -0.00053769007173380841 0.049241670489976658 0.0024939709842778154 0.0030712293068798375 0.02437016266499123 -0.01543372119246917 -0.023370303212623927 0.021086892015750737 0.00034962014824627455 0.039663132306051174 -0.0054898919404435947 -0.0069136051224198726 -0.0037338636445376897 -0.0063923255658048161 0.00075769906392259597 -0.055583530353274249 0.013768538251203374 0.00013249582036973511 0.012775541527748312 0.015458207590296799 -0.0083274207665422276 -0.004246407777313963 -0.033960736710123715 0.006479279169282458 -0.013519612902362383 0.055410271504892361 -0.00049629677808211568 0.0051196231750944461
leaf_weight=12158.079095231369 3575.8222099673003 8403.6203685784712 8792.7362064905465 13.125922922044991 5456.3819098398089 685.29166467487812 115.95106482133269 111.84903867170215 256.51110390014946 96.224612126126885 639.43585445731878 14.286724437028168 1667.3671420235187 430.04929965548217 550.10327905416489 1394.7866389434785 102.47065066546202 8.8869623243808729 358.63929755240679 2844.2099435292184 343.26370465382934 122.98524267971516 252.58361607044935 2551.8313264101744 45.837714143097401 583.5358414798975 121.45608345046639 18.241779297590256 8446.896032191813 1128.5386507306248
leaf_count=62542 18317 43652 42756 66 26328 3921 554 534 1504 519 3451 77 8717 2288 2820 8065 516 55 1957 15352 1794 715 1409 13518 230 3026 643 107 40903 5904
internal_value=6.32004e-07 -0.000187612 0.000138392 -0.000329393 0.000498415 -0.0014247 -0.000202458 -0.00300186 -0.00538958 0.00061386 0.00306206 -0.0075089 -0.0078271 -0.0135032 -0.0009639 -0.00352765 0.0132926 0.00228737 0.000468159 0.00024275 0.00113368 0.00673473 -0.000339578 -0.00220805 -0.00477074 0.0070652 0.00299144 0.0145251 0.000678679 0.00222653
internal_weight=61291 57715.2 49311.6 37153.5 21159 15994.5 9011.16 6983.33 3215.72 847.51 735.66 2368.21 2353.93 686.56 3767.61 2088.97 218.422 694.179 21145.9 20411.7 14969.8 734.208 375.569 5441.88 2597.67 1066.5 704.992 361.505 13903.3 1678.64
internal_count=312240 293923 250271 187729 106048 81681 43826 37855 17090 4504 3970 12586 12509 3792 20765 12041 1070 3976 105982 101901 72801 4081 2124 29100 13748 5570 3669 1901 67231 8724
cat_boundaries=0 1 2 3 4 5 6 7 8 9
cat_threshold=386 4211400 10762500 4801648 2616 25177520 14230568 4657294 21551112
is_linear=0
shrinkage=0.05


Tree=123
num_leaves=31
num_cat=9
split_feature=25 2 1 30 1 32 10 10 23 1 0 1 1 23 6 21 6 23 7 13 32 7 2 28 21 32 7 1 28 2
split_gain=13.9075 16.469 14.126 13.9951 20.4178 15.6823 19.4648 14.8998 15.459 18.1901 13.3165 23.1878 22.7787 17.6125 19.2001 17.3577 16.9742 16.6542 16.2763 13.9006 12.8668 12.3925 13.2406 12.2739 12.2205 11.5814 21.9379 14.4306 12.2517 13.8802
threshold=0.58333333333333337 0 1 0.15291666666666673 2 0.38302161976664384 0.19500000000000003 0.21500000000000002 5.7638888888888902 3 3.5000000000000004 4 5 4.4365079365079376 24.500000000000004 0.43650793650793657 54.500000000000007 2.4142857142857146 46.750000000000007 74.085000000000008 0.50081433224755711 49.95000000000001 6 1455.4780565203862 0.43650793650793657 0.19087439278278975 53.550000000000004 7 1390.1251382810844 8
decision_type=10 1 1 10 1 10 10 8 8 1 2 1 1 10 2 10 2 8 2 2 8 2 1 2 8 10 2 1 2 1
left_child=3 -2 -3 7 21 6 -6 10 9 -9 12 13 15 14 17 -1 -14 -12 19 24 -18 -5 -23 -19 -13 26 27 -20 -29 -30
right_child=1 2 -4 4 5 -7 -8 8 -10 -11 11 18 16 -15 -16 -17 20 23 25 -21 -22 22 -24 -25 -26 -27 -28 28 29 -31
leaf_value=0.0026225301896396357 -0.0034333019074816633 0.00731105805080928 0.0013882261980330806 0.016937012481813406 0.0029045361868858827 -0.023026405607930983 -0.039447687994111566 0.0028145804273551579 -0.02368863344131809 -0.0089292014365854998 0.039610584014734364 -0.0070355977381478356 2.1404861468868758e-05 -0.0084856909796523754 -0.0023116378007811272 -0.010401963295689976 -0.004284722992076574 0.014239433681395929 0.012433633959818563 -0.071430909407248055 -0.021957318952725288 -0.015871465809107272 0.0033258456763406215 -0.00022597179055907683 0.026045845435411243 0.00033150435130521429 -0.0032525905990187982 -0.0086301459465995944 0.015060648681575767 0.00045450359938531019
leaf_weight=12287.568120870739 948.35685341432691 1720.2767314277589 2446.0845145657659 96.054955489933491 166.59868401288986 237.19058160483837 32.406302604824305 592.44478795677423 104.44859772361815 728.04269685596228 35.423212960362434 733.55342164821923 13094.523315813392 1072.50077919662 10677.223195448518 261.2438865378499 1386.6546421907842 216.33851739019156 749.02913957089186 8.1482306569814664 111.25740137696266 124.2884087190032 265.83980738371611 455.18478193506598 29.020868379622698 11136.700832564384 690.04319337010384 181.56219004839659 251.32445065677166 444.21868732944131
leaf_count=62978 4920 8871 12430 463 818 1190 155 4382 2609 5295 156 3741 66526 7862 50188 1713 6489 1245 4618 37 553 608 1308 2165 139 51192 4192 1633 1386 2378
internal_value=5.15169e-07 0.0024966 0.00384539 -0.000226778 -0.0063349 -0.014021 -0.00399217 -0.000124799 -0.00517128 -0.00370659 8.80819e-06 -0.000784435 0.000788579 -0.00235845 -0.00178327 0.00234951 -0.00055498 0.00619681 0.000595284 -0.00647075 -0.00559735 0.000832214 -0.00311168 0.00443422 -0.00577664 0.00100054 0.00421743 0.0073873 0.00290298 0.00595529
internal_weight=61283.6 5114.72 4166.36 56168.8 922.379 436.196 199.005 55246.5 1424.94 1320.49 53821.5 26680.3 27141.2 12456.7 11384.2 12548.8 14592.4 706.947 14223.6 770.723 1497.91 486.183 390.128 671.523 762.574 13452.9 2316.18 1626.13 877.105 695.543
internal_count=312240 26221 21301 286019 4542 2163 973 281477 12286 9677 269191 130932 138259 61616 53754 64691 73568 3566 69316 3917 7042 2379 1916 3410 3880 65399 14207 10015 5397 3764
cat_boundaries=0 1 2 3 4 5 6 7 8 9
cat_threshold=4096 11291028 29772134 30514960 31332544 31330504 1220 2114086 340
is_linear=0
shrinkage=0.05


Tree=124
num_leaves=31
num_cat=9
split_feature=17 19 7 11 10 1 4 6 1 28 2 1 6 23 18 17 24 2 6 1 1 18 16 11 14 15 32 7 1 1
split_gain=13.38 15.2809 14.0589 16.2614 15.6592 16.3586 14.882 18.7391 19.0594 16.7197 14.2021 12.8698 18.0244 13.3293 12.5596 12.3729 11.9523 15.1193 18.3724 12.5418 12.45 14.857 12.1108 14.5087 12.9158 11.8423 13.7517 17.5825 14.6956 12.5479
threshold=28.335000000000004 1.0000000180025095e-35 52.45000000000001 1.6950000000000001 0.22500000000000003 0 1.0000000180025095e-35 56.500000000000007 1 1383.1804121888165 2 3 52.500000000000007 3.5277777777777781 45.605000000000011 48.375000000000007 0.16050000000000006 4 19.500000000000004 5 6 37.965000000000011 45.415000000000013 5.4050000000000011 4.4750000000000005 12.570000000000002 0.35305051388585179 58.250000000000007 7 8
decision_type=2 2 2 2 10 1 2 2 1 2 1 1 2 10 2 2 10 1 2 1 1 2 2 2 2 2 10 2 1 1
left_child=1 -1 4 -4 10 -6 7 16 14 -10 -2 12 -3 -13 -9 -12 19 25 -19 -5 21 -20 24 -24 -22 29 28 -28 -27 -18
right_child=2 11 3 6 5 -7 -8 8 9 -11 15 13 -14 -15 -16 -17 17 18 20 -21 22 -23 23 -25 -26 26 27 -29 -30 -31
leaf_value=0.003020733733686564 0.002704572411195605 0.00066598000738315284 -0.023667051221909263 0.0060160359677099741 0.0022464954283939157 -0.024281961152925476 -0.0043661390073041996 -0.033372389960799061 0.034588533198643419 -0.015250558115632085 -4.6235303246953143e-05 -0.0013359435426415613 -0.0070597817166308773 -0.0055900690133558351 0.0041068166359177656 0.0054634775626441583 -0.01187176053692051 0.052774847416538873 0.054627568096684231 0.00083419966059789527 -0.002023251803359054 -0.0076059775732471987 0.0071509138247449425 -0.0026803374639434016 -0.013498239133890574 0.0098210486438834801 -0.0023278333977403017 -0.06871030790545711 0.0013620702303837183 0.0007620523399378597
leaf_weight=1888.9493254162371 10645.643300395459 6368.4082321403548 76.233489952981472 1466.1296123862267 114.47574265114963 112.74403408356011 2213.0975150316954 23.89622401446104 17.428871065378189 487.95134891569614 14591.649416178465 4169.1990239918232 856.48258791491389 3297.7431457014754 346.12125980854034 1095.4514786172658 291.32812440209091 14.746910938993095 9.6598562374711019 5641.4701232016087 1074.6736214160919 1327.603135580197 692.27001801133156 819.5472603701055 317.71827437356114 897.69683540612459 621.2602108977735 10.137797027826307 1209.7387769557536 568.80440828949213
leaf_count=9635 54923 32817 1816 7338 790 793 10656 118 95 2352 74484 20789 4223 17482 1665 5692 1514 94 48 28106 5434 6513 3256 4096 1534 4156 3159 47 5721 2894
internal_value=5.52782e-07 -0.00121247 0.000450632 -0.000622856 0.0011833 -0.0118864 -0.000525536 1.11181e-05 -0.0070993 -0.0132692 0.00129608 -0.00175674 -0.000249533 -0.00321046 0.00164198 0.0003383 0.000427113 -0.000917115 -0.00293024 0.00191273 -0.00313082 -0.00710331 -0.00127282 0.00182145 -0.00464163 0.00146771 0.0030791 -0.00339368 0.00501838 -0.0036462
internal_weight=61268.3 16580.8 44687.5 18127.5 26560 227.22 18051.3 15838.2 875.398 505.38 26332.7 14691.8 7224.89 7466.94 370.017 15687.1 14962.8 7855.19 4256.22 7107.6 4241.47 1337.26 2904.21 1511.82 1392.39 3598.97 2738.83 631.398 2107.44 860.133
internal_count=312240 84946 227294 90612 136682 1583 88796 78140 4230 2447 135099 75311 37040 38271 1783 80176 73910 38466 20975 35444 20881 6561 14320 7352 6968 17491 13083 3206 9877 4408
cat_boundaries=0 1 2 3 4 5 6 7 8 9
cat_threshold=31624474 29910668 810 7722242 398 19415296 7407874 283550 1604132
is_linear=0
shrinkage=0.05


Tree=125
num_leaves=31
num_cat=8
split_feature=8 6 0 11 23 1 32 11 2 1 28 1 28 1 18 4 12 10 12 4 2 1 25 1 14 32 11 28 14 22
split_gain=13.2056 13.3292 20.4218 20.0376 17.8103 16.2432 14.511 14.488 13.3682 12.9041 18.4929 12.7288 12.5486 13.2324 12.8249 12.4604 12.6892 12.4137 20.3518 12.3536 11.8678 14.2972 14.1226 14.3095 15.5376 16.6824 14.2246 16.6838 14.2064 12.9837
threshold=1.5000000000000002 34.500000000000007 2.5000000000000004 7.1250000000000009 4.8166666666666673 0 0.481557067271353 6.6350000000000007 1 2 1499.9999219709416 3 1517.7497686329577 4 46.685000000000009 2.5000000000000004 49.840000000000011 0.21500000000000002 28.060000000000006 1.0000000180025095e-35 5 6 1.0000000180025095e-35 7 4.1750000000000007 0.11395684396930546 3.1450000000000005 1379.1490065637179 1.175 0.86607142857142871
decision_type=2 2 2 2 8 1 10 2 1 1 2 1 2 1 2 2 2 10 2 2 1 1 8 1 2 8 2 2 2 10
left_child=1 4 5 6 -1 -3 7 17 -7 10 -2 -5 19 -14 -15 -8 -17 20 -19 -9 22 -22 23 -4 28 -26 27 -27 -25 -23
right_child=9 2 3 11 -6 8 15 12 -10 -11 -12 -13 13 14 -16 16 -18 18 -20 -21 21 29 -24 24 25 26 -28 -29 -30 -31
leaf_value=0.0015795621435031823 -0.023557668504143495 -0.0015305911417515944 -0.0048955186406157035 0.011064793516881543 -0.0039793433381898847 0.0056292953051693623 -0.0033744949429411631 0.031310323337149684 0.0012206652090681262 -0.022545062919634259 0.019316928253697584 0.0010284456189598469 0.010651270102234118 -0.011804918149240831 0.0029450089142956321 -0.0035661936351645343 -0.020606499616799709 -0.015600358781450311 0.022193747566323457 0.0015166792838112002 -0.0049914855645993936 -0.0012230608121435991 0.0023349342989229028 0.0036299518015568809 0.022029576831525111 0.14864087738875972 0.00098706329979462363 0.0069809795497334211 -0.0073732764622200077 0.041838408021211131
leaf_weight=17781.853938475251 42.670990122482181 3851.6366274133325 2050.3901475705206 489.17508456110954 1567.9494503969327 2300.6599085405469 3074.4189161136746 79.880948685109615 6798.0977888070047 117.63556811399758 61.252832632511854 883.30962386727333 322.80237340927124 210.2282732501626 492.89080031961203 210.92116488516331 226.64265007525682 289.8282660022378 40.61117585003376 61.640619650483131 3519.306919593364 7392.2861955910921 3989.2416229695082 403.75221481174231 97.956678062677383 3.5396543368697149 3802.5634428858757 5.0348946452140808 1072.797441162169 17.546461910009384
leaf_count=88647 277 21036 9724 2301 16119 12731 14043 370 38763 644 301 4058 1470 941 2253 933 996 1553 184 272 16656 34634 17973 1931 527 25 17311 29 5461 77
internal_value=3.63515e-07 4.45932e-05 -0.000458806 -0.00120172 0.00112911 0.00118971 -0.00149741 -0.0010556 0.00234036 -0.0121844 0.00156234 0.00469367 0.0043764 0.00245107 -0.00144458 -0.00449806 -0.0123925 -0.00133515 -0.0109554 0.0183335 -0.00119294 -0.0023698 -6.50523e-05 -0.00135267 5.22083e-06 0.00165578 0.00113212 0.0654595 -0.00436452 -0.00111958
internal_weight=61258.5 61037 41687.2 28736.8 19349.8 12950.4 27364.3 23852.3 9098.76 221.559 103.924 1372.48 1167.44 1025.92 703.119 3511.98 437.564 22684.9 330.439 141.522 22354.4 10929.1 11425.3 7436.03 5385.64 3909.09 3811.14 8.57455 1476.55 7409.83
internal_count=312240 311018 206252 133722 104766 72530 127363 111391 51494 1222 578 6359 5306 4664 3194 15972 1929 106085 1737 642 104348 51367 52981 35008 25284 17892 17365 54 7392 34711
cat_boundaries=0 1 2 3 4 5 6 7 8
cat_threshold=30982 266 27571092 25250102 23856288 846 9022208 4504576
is_linear=0
shrinkage=0.05


Tree=126
num_leaves=31
num_cat=11
split_feature=0 6 3 1 6 30 1 2 17 20 1 20 1 10 28 22 10 22 12 1 31 2 1 14 1 13 15 1 1 11
split_gain=12.7607 13.1051 14.508 16.2368 11.9302 11.4459 14.5176 15.7208 13.6011 14.0064 15.8697 13.7341 16.822 13.3427 12.6304 13.0092 12.5015 11.6939 11.7015 12.4984 11.6641 11.6453 21.0153 14.0903 14.6468 16.6252 13.6422 22.028 13.6341 15.9664
threshold=5.5000000000000009 55.500000000000007 1.0000000180025095e-35 0 63.500000000000007 0.054728571428571397 1 2 40.795000000000009 33.225000000000001 3 57.170000000000009 4 0.17500000000000002 1317.3174030201114 0.47222222222222227 0.19500000000000003 0.5277777777777779 20.555000000000003 5 70.500000000000014 6 7 5.9750000000000005 8 68.545000000000016 37.540000000000006 9 10 7.1850000000000014
decision_type=2 2 2 1 2 10 1 1 2 2 1 2 1 10 2 10 8 10 2 1 2 1 1 2 1 2 2 1 1 2
left_child=1 5 -3 -4 -2 8 -7 -8 9 10 -1 -11 13 -13 -9 -16 -12 18 -15 -20 -21 22 -10 26 25 -25 28 -28 -23 -30
right_child=4 2 3 -5 -6 6 7 14 21 11 16 12 -14 17 15 -17 -18 -19 19 20 -22 23 -24 24 -26 -27 27 -29 29 -31
leaf_value=-0.0008314634884885189 -0.0018556308558161693 -0.017557291544012362 -0.0054327613980863897 0.0012309358182346886 0.03062041213883078 -0.0036405655455899327 -0.0030731155672519758 0.061056480339585828 0.010792576433663553 -0.00033419297262316324 0.0088149207759386419 0.0073246007090978262 -0.00045312253972252278 -0.0068238155201601871 -0.00030749623103120945 0.0061990387320366817 -0.0070747458539703947 -0.02920164412678249 -0.0027246201629067286 0.01911984303107328 -0.0060702431854776596 0.0054376305155895968 0.001115880666082152 0.0048699811024175274 0.0098866240985660027 -0.011372300954301284 0.0069635199906591411 -0.016129769051877924 -0.002547982740557956 0.040584785344132152
leaf_weight=1001.5430429596454 8855.3032057369128 154.02476622164249 1708.5217875018716 1950.3140642717481 28.369534775614738 3453.5338492281735 1845.1496341563761 9.2584654316306096 1092.340899547562 25236.163550037891 1350.4173601940274 2001.486023016274 2636.4100612215698 298.96180615015328 1736.9259608127177 1377.4741487763822 136.27834572270513 33.375423558056355 238.84090340510011 203.10048501938581 59.394047413021326 993.96841161884367 1163.2012699898332 559.1410364061594 816.48852526396513 219.35451610013843 151.22172367572784 298.62090207263827 1609.6139484457672 21.745070993900299
leaf_count=4962 51851 764 8110 9258 147 16973 9253 55 5552 125763 6740 10017 13176 1617 8159 7263 743 165 1094 930 281 4759 5936 2921 4426 1277 747 1439 7737 125
internal_value=2.56803e-07 0.000297558 -0.00252502 -0.00189221 -0.00175192 0.000519256 -0.00115646 0.000576266 0.000871022 0.000450532 0.00405854 0.000158176 0.0024291 0.00509291 0.00273489 0.00257029 0.00730923 -0.000203871 0.00100545 0.00567428 0.0129276 0.0028865 0.00582918 0.00144969 0.00526627 0.000289717 -0.000525127 -0.00857036 0.000853402 -0.00196103
internal_weight=61240.5 52356.9 3812.86 3658.84 8883.67 48544 8422.34 4968.81 40121.7 33196 2488.24 30707.7 5471.57 2835.16 3123.66 3114.4 1486.7 833.673 800.297 501.335 262.495 6925.7 2255.54 4670.15 1594.98 778.496 3075.17 449.843 2625.33 1631.36
internal_count=312240 260242 18132 17368 51998 242110 41703 24730 200407 165488 12445 153043 27280 14104 15477 15422 7483 4087 3922 2305 1211 34919 11488 23431 8624 4198 14807 2186 12621 7862
cat_boundaries=0 1 2 3 4 5 6 7 8 9 10 11
cat_threshold=11651490 1299056 6432 26364194 17752374 311584 834 16287062 15810918 4827332 3883112
is_linear=0
shrinkage=0.05


Tree=127
num_leaves=31
num_cat=7
split_feature=4 3 32 10 8 2 2 23 27 13 1 11 1 13 13 1 11 21 13 17 6 1 17 32 11 10 6 1 32 13
split_gain=12.9423 21.3511 27.6609 18.4402 18.0929 17.8401 17.6145 14.2198 19.1479 21.0298 14.8552 13.9798 19.1327 20.87 15.1992 14.6303 14.5079 17.3492 13.1451 13.9407 13.635 18.1391 12.8525 12.6691 14.7558 12.5811 12.4882 16.5427 12.4101 19.272
threshold=1.5000000000000002 2.5000000000000004 0.38795458827963075 0.14500000000000005 1.5000000000000002 0 1 3.9500000000000006 6.5000000000000009 28.080000000000002 2 7.1450000000000005 3 75.945000000000007 62.32500000000001 4 6.2950000000000008 1.0000000180025095e-35 65.800000000000026 30.310000000000006 41.500000000000007 5 40.920000000000009 0.51859535884432162 7.6850000000000014 0.12500000000000003 23.500000000000004 6 0.26517244265863055 29.895000000000003
decision_type=2 2 10 10 2 1 1 8 10 2 1 2 1 2 2 1 2 10 2 2 2 1 2 8 2 10 2 1 8 2
left_child=1 4 25 11 6 18 28 26 -9 10 -10 14 22 -14 15 -4 17 -17 -5 -20 21 -21 -13 24 -2 -3 27 -8 -1 -30
right_child=23 2 3 5 -6 -7 7 8 9 -11 -12 12 13 -15 -16 16 -18 -19 19 20 -22 -23 -24 -25 -26 -27 -28 -29 29 -31
leaf_value=0.0026021816842887197 -0.0012817234824641234 0.031440291629868194 0.00087478137697435043 0.00023555720669564954 -0.018642066044663202 0.0015474959959215285 0.011010762774507465 -0.0035089673512475935 0.0066786827454238459 0.0096034255879327672 -0.02153736473122039 -0.010513516793006968 0.026639856223881288 0.0045007145890554878 0.00045739264468674771 -0.044045050484030485 0.024400088991585203 0.0098958024839180102 -0.016277113071749855 0.011541204811408648 -0.01322764315007968 -0.0093251118888111658 0.029968392731305062 -0.0064248229992553063 0.022964086689484176 0.0083166919060198071 -0.00052690804401788296 -0.0014598036273934549 -0.014669971881115655 0.0002292555945798153
leaf_weight=7597.2484803479165 3498.0196942985058 62.144338011741638 398.36623183637857 790.92558347061276 133.17548202723265 3533.9253322593868 544.08117875084281 7245.9240570105612 77.744384553283453 568.15624285489321 100.66318052262068 130.36231826990843 238.44976279139519 192.29203793033957 2138.6816219724715 15.752690881490706 202.4549158513546 277.58756432682276 359.19122247770429 210.03253577277064 246.50585644319654 188.23465895280242 23.077577069401741 1425.240988958627 63.898665923625231 1100.6830174922943 20245.277225654572 513.39078461006284 222.47536559402943 8883.8650436885655
leaf_count=39923 16760 348 2194 4086 778 20315 2592 40376 662 2718 888 794 1550 1254 12192 80 1170 1481 1880 1170 1329 1062 164 6770 316 5861 96441 2469 1550 43067
internal_value=3.0182e-07 0.000216774 0.00229795 0.00135497 -0.000239264 -0.000515291 -0.000185984 -0.000924662 -0.00272341 0.00490095 -0.0100746 0.00411035 0.011193 0.0163763 0.0027461 0.0082203 0.0138258 0.00699912 -0.00455989 -0.00838317 -0.00398561 0.00173472 -0.00415424 -0.00244088 -0.000846768 0.00955247 -0.00025023 0.00504676 0.00110942 -0.000134745
internal_weight=61227.8 56240.7 10108.7 8945.84 46132 5328.82 45998.8 29295.2 7992.49 746.564 178.408 3617.02 584.182 430.742 3032.84 894.161 495.795 293.34 1794.89 1003.96 644.773 398.267 153.44 4987.16 3561.92 1162.83 21302.7 1057.47 16703.6 9106.34
internal_count=312240 288394 56930 50721 231464 29842 230686 146146 44644 4268 1550 20879 3762 2804 17117 4925 2731 1561 9527 5441 3561 2232 958 23846 17076 6209 101502 5061 84540 44617
cat_boundaries=0 1 2 3 4 5 6 7
cat_threshold=4108 774 4242014 1445952 30685266 27824034 12078552
is_linear=0
shrinkage=0.05


Tree=128
num_leaves=31
num_cat=6
split_feature=14 4 2 23 26 6 19 27 16 1 13 11 1 1 28 19 16 1 31 16 14 26 23 30 20 15 17 10 22 1
split_gain=12.052 15.9125 14.6081 14.8668 19.5677 18.0355 14.6194 14.7701 13.8105 13.7343 13.7118 17.262 22.0968 20.5566 17.3527 14.6572 14.3163 13.8988 18.795 18.6695 15.482 13.4249 13.3135 13.0232 16.4262 15.3161 14.1896 13.0196 12.4346 12.2959
threshold=6.8650000000000011 1.5000000000000002 0 3.8819444444444451 0.7372735116479725 34.500000000000007 42.505000000000003 1.0000000180025095e-35 26.640000000000004 1 66.560000000000016 7.3950000000000005 2 3 1503.4254433318622 37.865000000000002 81.870000000000019 4 148.50000000000003 86.700000000000017 7.0850000000000009 0.072299651567944254 2.183333333333334 -0.021764866760168294 61.555000000000007 19.250000000000004 22.590000000000003 0.15500000000000003 1.0000000180025095e-35 5
decision_type=2 2 1 8 10 2 2 10 2 1 2 2 1 1 2 2 2 1 2 2 2 8 10 8 2 2 2 10 8 1
left_child=1 2 -1 5 -5 -4 7 9 29 23 17 12 14 -13 -12 -16 -14 18 19 27 -21 22 -15 25 -25 26 -7 -2 -19 -9
right_child=10 -3 3 4 -6 6 -8 8 -10 -11 11 13 16 21 15 -17 -18 28 -20 20 -22 -23 -24 24 -26 -27 -28 -29 -30 -31
leaf_value=0.0013672682529300721 0.012332801016574687 -0.0039115379521806586 0.0020316453594853433 -0.0019570646544065607 -0.038801383479771828 -0.048437130862838372 0.0034530617612650847 0.010664990206872935 -0.00063757417423811614 -0.0050847907527960985 0.053068049926125196 0.018767231277442606 -0.0035263055191453946 -0.061590271598663773 0.0068369387658066549 -0.0082637555102613707 -0.015190341757900565 -0.032364797672204085 -0.097870420132025113 -0.054811102283567718 -0.0023045737273348962 0.0040856693247950096 -0.0085708793859688333 -0.0018459824762909049 -0.026064407229567422 0.0072424236332940019 -0.0040290829044273132 0.0025590677962822697 0.0014575416119164423 0.00029957512769478541
leaf_weight=13445.077220015228 1110.0135956555605 2812.0315337739885 8274.0241022333503 11209.685535829514 36.152400009334087 20.78351467102766 1841.9097147621214 534.68255985155702 8173.9933905936778 3651.6225359141827 17.651644572615623 217.75616935268044 1239.8737670369446 14.537104241549967 628.82091811299324 215.85421544313431 333.92131102457643 27.587069056928158 4.2520471140742293 14.958870153874157 228.32857026159763 432.46592494472861 63.825126022100449 2761.4270808361471 71.83539542555809 772.38387693837285 133.74173054099083 491.65745470300317 1818.3221464417875 615.18274954333901
leaf_count=68434 5976 13425 40749 61350 248 101 9092 2603 40358 17888 87 1253 6818 68 3501 1172 1824 131 24 74 1188 2456 285 13523 344 3775 650 2509 9359 2975
internal_value=3.3886e-07 -0.000248897 -4.90727e-05 -0.000549133 -0.00207551 8.99318e-05 -0.000774863 -0.00124018 8.41708e-05 -0.00290619 0.00197519 -0.000440321 -0.0024598 0.00631208 0.00395744 0.002978 -0.00596324 0.00404396 0.00709199 0.00737233 -0.00553301 0.000623106 -0.0184066 -0.000774902 -0.00246002 0.00436761 -0.0100019 0.0093326 0.000946938 0.00521481
internal_weight=61214.4 54354.5 51542.5 38097.4 11245.8 26851.6 18577.6 16735.7 9323.86 7411.79 6859.83 3164.71 2436.12 728.584 862.327 844.675 1573.8 3695.12 1849.21 1844.96 243.287 510.828 78.3622 3760.17 2833.26 926.909 154.525 1601.67 1845.91 1149.87
internal_count=312240 275515 262090 193656 61598 132058 91309 82217 45936 36281 36725 17464 13402 4062 4760 4673 8642 19261 9771 9747 1262 2809 353 18393 13867 4526 751 8485 9490 5578
cat_boundaries=0 1 2 3 4 5 6
cat_threshold=518 18237820 6931536 25307430 29765512 27422600
is_linear=0
shrinkage=0.05


Tree=129
num_leaves=31
num_cat=9
split_feature=17 7 32 1 18 11 19 1 6 4 11 13 2 28 2 1 1 18 12 32 11 14 31 1 23 1 18 1 11 23
split_gain=12.0168 13.0991 13.5201 13.6549 16.8848 13.0597 12.9229 11.9391 15.6237 11.7644 15.1636 27.0351 20.5864 19.9622 17.099 15.5192 15.0493 16.3805 14.3017 14.017 16.8793 14.0352 12.9597 12.5234 11.7085 16.6342 13.3065 11.5838 12.4607 11.5481
threshold=28.335000000000004 56.350000000000001 0.45471633629528369 0 61.560000000000009 4.0250000000000012 1.0000000180025095e-35 1 52.500000000000007 1.5000000000000002 6.4750000000000005 62.545000000000009 2 1511.6898793450525 3 4 5 67.355000000000004 44.215000000000011 0.41547594747227329 6.1450000000000005 6.2950000000000008 70.500000000000014 6 2.8452380952380958 7 44.07500000000001 8 7.1450000000000005 3.5277777777777781
decision_type=2 2 10 1 2 2 2 1 2 2 2 2 1 2 1 1 1 2 2 8 2 2 2 1 8 1 2 1 2 10
left_child=6 9 3 4 -3 -6 -1 8 -8 10 14 15 18 -14 -2 -12 -16 24 -13 20 -11 -21 23 -22 25 26 -18 28 -20 -9
right_child=1 2 -4 -5 5 -7 7 29 -10 19 11 12 13 -15 16 -17 17 -19 27 21 22 -23 -24 -25 -26 -27 -28 -29 -30 -31
leaf_value=0.0027452760138115973 0.001563170842518015 -0.014466476985571837 -0.023099558239548165 0.00038256734256732899 -0.034646925632118242 0.019512381371701706 0.00065397942122186962 -0.0013069388607816936 -0.0065450391804569175 -0.005609549358611605 -0.00372747825326445 0.023446702784433542 0.030749413677573348 0.0049355211828596571 0.00086379945673180532 0.024008867552058537 0.020887749719086107 0.0067869509151768821 0.0012508932065725161 -0.0083718120588531751 0.031005173290333678 -0.0012740299210559306 -0.0011349419041103389 0.0083857342967611735 -0.0037246403660215819 0.0047196234406477466 -0.0078919008686170761 -0.0035224483044722353 0.020700138418487557 -0.0052694646357007522
leaf_weight=1887.0393716152757 17595.309328023344 385.74190767202526 88.058760683983564 1009.311820612289 13.315829070284961 67.833962291479111 6363.6547415060923 4166.3472844697535 854.91448951140046 314.15793260931969 68.112369880080223 58.898308277130127 77.388217501342297 2322.9467239677906 8004.6590812811628 223.09491835162044 43.353113368153572 480.44551534764469 434.73041094094515 1000.1573298722506 80.9756044074893 2293.9175737164915 206.18905766308308 277.11402502655983 6178.879285024479 1065.4604253359139 545.91354693844914 1704.0099959000945 101.59874395281076 3291.1212163781747
leaf_count=9635 88723 1995 442 5119 95 322 32817 20789 4223 1517 399 336 424 13766 40227 1328 211 2388 2458 4758 395 10986 989 1310 30923 5269 2660 9589 665 17482
internal_value=5.92547e-07 0.000427341 -0.00406725 -0.00293193 -0.00989339 0.0106254 -0.0011496 -0.0016504 -0.000198345 0.000590553 0.000861153 0.00343436 0.00251831 0.00574385 0.00048248 0.0182179 -0.000683291 -0.00217206 -0.000870257 -0.00193255 0.00367935 -0.00342908 0.00885088 0.0146007 -0.0027243 0.00101106 -0.00567818 -0.00151343 0.0048449 -0.00305158
internal_weight=61204.7 44641.6 1564.26 1476.2 466.892 81.1498 16563.1 14676 7218.57 43077.3 38904.8 4990.78 4699.57 2400.33 33914 291.207 16318.7 8314.05 2299.24 4172.51 878.437 3294.07 564.279 358.09 7833.61 1654.73 589.267 2240.34 536.329 7457.47
internal_count=312240 227294 7973 7531 2412 417 84946 75311 37040 219321 199366 28965 27238 14190 170401 1727 81678 41451 13048 19955 4211 15744 2694 1705 39063 8140 2871 12712 3123 38271
cat_boundaries=0 1 2 3 4 5 6 7 8 9
cat_threshold=30421520 7722242 4708 622 18094080 17721468 8958016 5888 2106248
is_linear=0
shrinkage=0.05


Tree=130
num_leaves=31
num_cat=9
split_feature=8 0 1 1 2 20 27 2 7 1 30 19 1 30 13 18 2 26 11 10 7 1 1 24 30 17 18 23 7 7
split_gain=11.8849 13.1842 20.0287 12.801 12.2258 12.0047 11.2458 16.9665 11.5291 12.8475 12.5727 10.6975 10.5688 12.105 10.4368 10.2434 13.051 14.157 13.7528 13.5242 12.8748 12.1526 11.2216 11.0744 10.0876 10.9197 9.97903 12.035 9.84049 14.1243
threshold=1.0000000180025095e-35 1.5000000000000002 0 1 2 58.350000000000001 1.0000000180025095e-35 3 56.250000000000007 4 -0.10712142857142858 39.335000000000008 5 0.10215839598997496 9.8700000000000028 57.415000000000006 6 0.21525096525096529 4.3050000000000006 0.10500000000000002 52.850000000000001 7 8 0.17154761904761909 -0.040625543478260868 27.455000000000002 41.190000000000005 4.9500000000000011 45.250000000000007 44.750000000000007
decision_type=2 2 1 1 1 2 8 1 2 1 8 2 1 10 2 2 1 10 2 10 2 1 1 10 10 2 2 10 2 2
left_child=1 2 5 4 -4 -1 -3 -8 -9 10 -10 -7 13 26 -14 16 -5 22 -19 -20 28 -17 -18 -24 25 -11 27 -2 29 -21
right_child=12 6 3 15 -6 11 7 8 9 24 -12 -13 14 -15 -16 21 17 18 19 20 -22 -23 23 -25 -26 -27 -28 -29 -30 -31
leaf_value=-0.0073709266498431852 -0.0028886410803408728 -0.00098312596340286297 0.015365460642634266 0.005684559075344979 0.0034047828989235544 0.035301287126412763 -0.0047602193748784872 0.0011092892829187681 0.032752932195092593 0.010246110193458698 -0.013108433338324912 0.0010820440734468568 -0.022142118299672872 -0.011737378084783118 -0.0031157674595478284 0.013006266961823524 0.00072202551651113513 0.010746987293098611 -0.10316005204652817 0.0064113977421031672 -0.0068777424420273852 0.001220754219242442 -0.0056076377553976944 -0.025314528622819521 0.003481058568011894 -0.018866111675865618 0.0018259280282078524 -0.030577522778576977 0.0033172680293645702 -0.072834025346170603
leaf_weight=697.39935928583145 809.95083514228463 17888.795406780206 409.67723343521357 1132.295969799161 475.52946476638317 30.464429579675198 1384.4630708638579 25829.349156566896 15.541538968682287 44.500228725373745 388.84511297568679 91.247863288968801 73.295982449315488 208.27910936251283 4333.8001445271075 443.70792779698968 210.83031862229109 312.14512676000595 3.2152466326951972 12.23862649127841 532.37162410467863 441.1690272167325 149.05191157013178 136.64286306500435 523.28419259935617 116.63562527857721 3385.8163933195174 41.242580838501453 1059.2860397063196 10.401852052658796
leaf_count=4363 4029 85369 3682 8546 3732 200 6248 124036 72 216 1978 567 1399 1025 21601 3581 1064 1365 19 92 3869 3450 827 645 2611 570 17564 435 8999 86
internal_value=1.1192e-06 0.000287695 0.00246295 0.00357918 0.00905004 -0.00478381 -1.81228e-06 0.000618431 0.000896503 -0.00414311 -0.0110721 0.00964708 -0.00169324 3.0717e-05 -0.00342443 0.0024714 0.00127982 -0.000796007 0.00113814 -0.000716165 -0.000512124 0.0072912 -0.00832875 -0.0145247 0.000110994 -0.0108263 0.000609275 -0.00423024 0.00262014 -0.0299968
internal_weight=61191.5 52339.1 6147.67 5328.56 885.207 819.112 46191.4 28302.6 26918.2 1088.81 404.387 121.712 8852.39 4445.29 4407.1 4443.36 3558.48 2426.18 1929.66 1617.51 1614.3 884.877 496.525 285.695 684.42 161.136 4237.01 851.193 1081.93 22.6405
internal_count=312240 266187 45087 39957 7414 5130 221100 135731 129483 5447 2050 767 46053 23053 23000 32543 25512 16966 14430 13065 13046 7031 2536 1472 3397 786 22028 4464 9177 178
cat_boundaries=0 1 2 3 4 5 6 7 8 9
cat_threshold=16404 17571840 7568 6144 30419344 8453872 2566 11637032 2164192
is_linear=0
shrinkage=0.05


Tree=131
num_leaves=31
num_cat=12
split_feature=0 6 3 1 31 1 30 1 2 22 1 18 20 1 24 20 1 7 6 17 2 1 1 7 17 1 23 31 2 4
split_gain=11.5347 11.3905 13.0836 14.5489 11.3242 11.0976 10.5829 12.8994 12.9166 12.8946 14.9375 11.651 12.0619 14.8132 15.2345 13.3941 13.657 12.5569 12.1712 12.0776 16.4454 19.3493 16.913 12.7284 11.9654 15.8661 14.2648 12.8635 11.7722 10.5534
threshold=5.5000000000000009 55.500000000000007 1.0000000180025095e-35 0 29.500000000000004 1 0.054728571428571397 2 3 0.35416666666666669 4 65.010000000000005 31.845000000000002 5 0.20414285714285715 57.170000000000009 6 46.750000000000007 23.500000000000004 26.715000000000003 7 8 9 59.050000000000004 47.505000000000003 10 4.1339285714285721 103.50000000000001 11 1.0000000180025095e-35
decision_type=2 2 2 1 2 1 10 1 1 10 1 2 2 1 8 2 1 2 2 2 1 1 1 2 2 1 8 2 1 2
left_child=1 6 4 -4 -3 -2 11 -8 9 10 -9 12 13 14 -1 19 17 18 -17 20 22 -22 -14 29 25 26 27 -13 -19 -21
right_child=5 2 3 -5 -6 -7 7 8 -10 -11 -12 24 15 -15 -16 16 -18 28 -20 23 21 -23 -24 -25 -26 -27 -28 -29 -30 -31
leaf_value=0.0018105836881383141 -0.010177967030194187 -0.030282015562890133 -0.0057457899516249397 0.00073434431156954886 -0.0030942676946111702 -0.0012948610849594956 -0.0039073705716460728 0.0057958440982106493 -0.0017413979723947726 0.0056128132816618929 -0.008628010604442354 -7.3904944967248986e-06 0.0046087163743817579 0.0075826741626203245 -0.016721100013704891 -0.024265721881301376 0.00078889115158240993 -0.0039524195883686138 0.025023544886406863 0.001040811032847167 0.0005881489290705922 -0.0079035191226433706 -0.0029512768898715398 -0.012476764396520292 0.0069529549385392176 0.005104762477570861 -0.026135393942781155 -0.037715904788789424 0.0063947930960842145 -0.0017702216949468089
leaf_weight=1102.4149198010564 357.48543006833643 76.461097948253155 1393.2427162490785 2262.9996425509453 76.739725880324841 8512.6090763015673 2771.0947650112212 306.97176722809672 3326.5226272456348 1604.0277813822031 406.89286728203297 284.8588281609118 1353.7900746241212 1319.318063320592 123.30601476877928 13.895421875640748 4187.7559405639768 324.98946184664965 126.96752446889877 18649.011622358114 1062.5662765670568 1827.1699702404439 1607.3710870649666 189.44356635771692 1500.4515952095389 572.76258282549679 84.922135790809989 24.566634707152843 1658.9249586388469 4067.0338425152004
leaf_count=5478 2257 378 6615 10753 386 49741 13665 1442 16562 8135 1899 1419 6778 6652 620 93 20902 1580 618 93832 5360 9141 8007 954 7669 2899 415 123 8342 19525
internal_value=1.42088e-06 0.000284148 -0.00234849 -0.00174867 -0.0166634 -0.00166581 0.000490941 -0.00112099 0.00025344 0.00311151 -0.00246523 0.000829382 0.000611039 0.00393471 -5.32464e-05 0.000369832 0.00245543 0.00570945 0.0201614 -8.79931e-05 -0.00211545 -0.00478984 0.000508896 0.000429893 0.00415767 -0.00017916 -0.00778571 -0.00300123 0.0047121 0.00053753
internal_weight=61176.6 52306.5 3809.44 3656.24 153.201 8870.09 48497 8415.51 5644.42 2317.89 713.865 40081.5 37614 2545.04 1225.72 35068.9 6312.53 2124.78 140.863 28756.4 5850.9 2889.74 2961.16 22905.5 2467.56 967.11 394.348 309.425 1983.91 22716
internal_count=312240 260242 18132 17368 764 51998 242110 41703 28038 11476 3341 200407 187882 12750 6098 175132 31535 10633 711 143597 29286 14501 14785 114311 12525 4856 1957 1542 9922 113357
cat_boundaries=0 1 2 3 4 5 6 7 8 9 10 11 12
cat_threshold=11585826 4194304 1151600 1240 401802 27674930 13254930 4502 14440456 24188802 2052646 4112
is_linear=0
shrinkage=0.05


Tree=132
num_leaves=31
num_cat=6
split_feature=25 2 27 1 30 30 31 1 7 7 29 7 1 1 28 13 2 30 12 4 31 12 29 13 0 32 13 20 6 32
split_gain=11.3717 14.0025 12.9559 12.2996 12.2633 12.2564 19.1704 18.298 14.6412 12.391 21.5708 21.1548 18.1456 14.4273 14.3534 17.5235 16.2176 13.8291 12.7876 13.4372 13.5369 12.7011 12.5076 11.7152 11.5906 11.5335 13.5865 17.276 14.4009 12.4916
threshold=0.58333333333333337 0 6.5000000000000009 1 -0.12429106858054229 0.15291666666666673 6.5000000000000009 2 49.95000000000001 50.45000000000001 4.7500000000000009 52.250000000000007 3 4 1430.2567566188206 5.9850000000000003 5 -0.14976923076923074 44.535000000000004 1.0000000180025095e-35 32.500000000000007 44.840000000000011 1.2500000000000002 44.045000000000009 3.5000000000000004 0.28023727864492204 42.690000000000005 55.285000000000004 28.500000000000004 0.4909419100754841
decision_type=10 1 10 1 10 10 2 1 2 2 2 2 1 1 2 2 1 8 2 2 2 2 2 2 2 8 2 2 2 8
left_child=5 -2 3 4 -3 9 -7 -8 -9 10 13 -11 -12 18 15 -15 -16 -14 19 20 -1 -20 23 -18 -23 -10 -27 29 -29 -28
right_child=1 2 -4 -5 -6 6 7 8 25 11 12 -13 17 14 16 -17 22 -19 21 -21 -22 24 -24 -25 -26 26 27 28 -30 -31
leaf_value=-0.0086023757160062775 -0.0032076875478640439 -0.016966126938407454 -0.007168896955919709 0.001860894434559608 0.0084174969661565107 0.011921718725185814 -0.017842858684298642 0.014810645797077313 0.022679843425821432 0.0013713029455076121 -0.01030971378903719 -0.00075558144332951965 0.035112030510514154 0.099737657083666123 0.002194556839021831 0.0074491454898799898 -0.039486516431020635 -0.0026159382350724324 -0.05118766429370103 0.016457278836294508 0.0084262954210904805 0.010445679976108001 -0.0063868158466832761 0.0043901516779970909 -0.013225786656361 -0.028170263868650874 0.028588898186258843 -0.080177216487361549 -0.015879828577404255 -0.0027643033418291371
leaf_weight=166.89708018861711 947.37820835411549 49.085788309574127 265.53338233008981 2286.1084457971156 1552.6974670998752 129.39207016676664 319.91467338055372 98.316733498126268 30.340843886137009 21171.46091680415 1144.0865718331188 26109.235190228559 24.675635553896427 5.2336416933685532 1325.2565419878811 298.91643632948399 15.766602218151091 1549.7313494961709 14.266022369265555 298.75729793310165 388.08861169219017 95.131704218685627 1987.7826871052384 433.52436628937721 113.30318562686443 75.792628683149815 40.175697006285191 10.03072729706764 66.063465550541878 151.80855912342668
leaf_count=825 4920 244 1400 11622 8035 629 1583 479 145 108144 7098 131472 117 53 6488 1346 75 9578 69 1407 1841 613 9359 2498 494 351 187 49 339 780
internal_value=1.22813e-06 0.00226147 0.00350823 0.00424648 0.00759223 -0.000204413 -0.00592217 -0.00883576 -0.00231119 -0.000108826 -0.00194694 0.0001968 -0.00554936 -4.27491e-05 -0.00140709 0.00903719 -0.00225515 -0.00201185 0.00507722 0.00790773 0.00330538 -0.00554579 -0.00466473 0.00285042 -0.0024219 -0.00687138 -0.00947878 -0.00419421 -0.0243555 0.00379684
internal_weight=61164.8 5100.8 4153.43 3887.89 1601.78 56063.9 921.835 792.443 472.529 55142.1 7861.42 47280.7 2718.49 5142.92 4066.48 304.15 3762.33 1574.41 1076.44 853.743 554.986 222.701 2437.07 449.291 208.435 374.212 343.871 268.078 76.0942 191.984
internal_count=312240 26221 21301 19901 8279 286019 4542 3913 2330 281477 41861 239616 16793 25068 19819 1399 18420 9695 5249 4073 2666 1176 11932 2573 1107 1851 1706 1355 388 967
cat_boundaries=0 1 2 3 4 5 6
cat_threshold=4096 11291028 3225240 1593806 1589384 736
is_linear=0
shrinkage=0.05


Tree=133
num_leaves=31
num_cat=7
split_feature=23 6 0 11 1 32 3 1 1 19 32 28 19 3 27 10 1 24 23 20 2 14 32 1 15 2 20 29 14 23
split_gain=10.9748 11.8691 18.0236 16.9451 14.6648 12.8291 26.1704 12.2851 12.2477 11.7754 11.8566 15.1456 11.3691 11.2638 11.2178 12.358 12.1624 12.118 11.154 11.0288 12.5341 12.2146 17.1653 14.2916 13.0939 12.0142 11.8149 11.3929 10.8707 10.7672
threshold=5.7888888888888896 34.500000000000007 2.5000000000000004 7.1250000000000009 0 0.43927934741505054 2.5000000000000004 1 2 44.255000000000003 0.46041384714010974 1589.603380493498 29.395000000000003 1.0000000180025095e-35 15.500000000000002 0.19500000000000003 3 0.28683333333333344 5.3875000000000011 63.70000000000001 4 4.535000000000001 0.11395684396930546 5 35.315000000000005 6 63.275000000000013 5.2500000000000009 7.205000000000001 3.3166666666666669
decision_type=10 2 2 2 1 10 2 1 1 2 8 2 2 2 8 8 1 10 10 2 1 2 8 1 2 1 2 2 2 8
left_child=1 14 4 5 9 6 8 -7 -4 10 11 -3 28 -5 16 18 -1 29 -16 20 26 -22 23 -23 -24 -21 27 -10 -12 -18
right_child=-2 2 3 13 -6 7 -8 -9 19 -11 12 -13 -14 -15 15 -17 17 -19 -20 25 21 22 24 -25 -26 -27 -28 -29 -30 -31
leaf_value=0.0033954147273849884 -0.018149566414003487 -0.00094495423604142698 -0.0028076834945575824 0.052752058511087087 0.0025552933235675271 -0.00099009244853100783 0.0045726398651714751 -0.0053047288687989745 -0.0021360166679381311 0.0077484312897036223 -0.0022207733745089569 0.01174480076705752 -0.0088633644752991701 0.0038531716819848781 -0.0034058492571562727 -0.022118792985613703 0.0021306413208216001 -0.031323004919171372 0.069095498341884484 0.00017977864926430769 -0.0016201557883438501 0.038989246466327787 0.0043796785401105333 -0.0049496892168478801 -0.00061474845325369763 -0.015204482588786046 0.055878049936373068 -0.012957128057553682 0.021164964972952376 -0.00066723646624490844
leaf_weight=4849.0291839130223 83.170189217664301 3730.3264179937541 8388.4272073581815 11.879589080810545 7403.0972102992237 3073.9638992324471 2040.9625781103969 3592.8255949690938 1009.9758573696017 372.1129856929183 280.5305080153048 250.95564501732588 862.64988930150867 1360.663952216506 360.08863156661391 100.71537375822663 6122.1320550888777 29.867700163275003 5.3842499740421763 265.89433093369007 3153.3748334683478 46.429834820330143 2708.7438962571323 31.487867433577776 2545.5952935069799 240.86565936356783 8.0866224542260152 320.40214798599482 60.390400882810354 7844.8725060969591
leaf_count=25476 2675 18622 40044 56 42422 13928 9282 16193 4637 2031 1814 1686 5667 6327 1794 810 31130 254 68 1234 15608 243 12323 171 11222 1121 39 1835 470 43058
internal_value=9.45853e-07 2.5664e-05 -0.000448355 -0.00114518 0.00110011 -0.00141649 -0.00080369 -0.00332475 -0.00138987 -0.000841587 -0.00145971 -0.00014507 -0.00580839 0.0042764 0.00105066 -0.00661124 0.00124019 0.000490769 -0.00233774 -0.000235692 0.000135119 0.000845655 0.00230546 0.0256014 0.00196 -0.00742893 -0.00434342 -0.00474212 0.00192175 0.000559152
internal_weight=61154.9 61071.7 41759.6 28799.6 12960.1 27427 20760.2 6666.79 18719.3 5556.97 5184.85 3981.28 1203.57 1372.54 19312.1 466.188 18845.9 13996.9 365.473 10330.9 9824.1 8485.63 5332.26 77.9177 5254.34 506.76 1338.46 1330.38 340.921 13967
internal_count=312240 309565 206975 134263 72712 127880 97759 30121 88477 30290 28259 20308 7951 6383 102590 2672 99918 74442 1862 48433 46078 39567 23959 414 23545 2355 6511 6472 2284 74188
cat_boundaries=0 1 2 3 4 5 6 7
cat_threshold=31094 714988 26130592 579586 6144 3228180 2770
is_linear=0
shrinkage=0.05


Tree=134
num_leaves=31
num_cat=9
split_feature=4 3 32 10 8 2 2 16 13 1 17 11 1 12 31 1 13 24 12 11 1 32 1 22 27 1 15 7 30 2
split_gain=10.8308 16.943 23.7533 16.1467 15.9507 15.2426 14.2729 12.5209 15.2847 12.3836 12.3489 11.8971 15.5518 14.2936 11.6547 11.89 13.5427 11.6484 13.0212 18.5722 12.3163 11.6331 14.381 11.8907 14.0447 13.6936 13.9077 11.8191 11.6485 16.3268
threshold=1.5000000000000002 2.5000000000000004 0.38795458827963075 0.14500000000000005 1.5000000000000002 0 1 48.790000000000006 15.605000000000002 2 48.705000000000005 7.0050000000000008 3 46.520000000000003 143.50000000000003 4 60.665000000000006 0.16788888888888895 54.395000000000003 7.6850000000000014 5 0.35957823656390109 6 0.23611111111111113 2.5000000000000004 7 42.820000000000007 57.550000000000004 -0.0017654088050314332 8
decision_type=2 2 10 10 2 1 1 2 2 1 2 2 1 2 2 1 2 8 2 2 1 8 1 10 10 1 2 2 10 1
left_child=1 4 -3 11 6 10 -1 21 -9 -7 -5 13 -13 -4 15 -15 -17 18 19 -2 -19 23 -23 -8 25 26 -25 -24 29 -26
right_child=17 2 3 5 -6 9 7 8 -10 -11 -12 12 -14 14 -16 16 -18 20 -20 -21 -22 22 27 24 28 -27 -28 -29 -30 -31
leaf_value=0.0010092410242683925 -0.0005405075444252478 0.0087948596085210724 0.0061400783420546773 -0.0052466828476414561 -0.017566168510676924 0.0056116970210580604 -0.0023994005120611837 0.058079447486628737 0.00027845028504649012 -0.00070711369904312828 0.014414789907010589 0.00031473405774440236 0.014225836350549251 -0.0056327560285919717 -0.063494732447998872 0.034045802273208532 0.0019456111654010397 -0.020482561879666898 -0.0074069449381832797 0.025555994636524856 -0.004388904976520001 -0.00055277357831199226 -0.0063837879742700641 0.0053467871821556261 -0.010057920110973837 -0.00048391784758912773 -0.042161732187100245 -0.039407119991044182 -0.011562599210970533 0.017880484502720936
leaf_weight=16690.247069056146 3508.6124159395695 1157.4799611717463 1241.1166413463652 1711.2420658767223 131.95211818721145 1137.9291131645441 6835.2359734456986 11.44744551181793 13045.099220346659 2387.8130154125392 83.770565122365952 335.89051900804043 517.76012947037816 680.64566758275032 7.4481513127684584 34.289778128266335 786.48334804922342 150.54589004814625 719.06979105249047 69.528229039162397 535.30543437227607 1621.6174952108413 2187.6877590427175 1865.7154622375965 101.04804113507271 3060.7968092188239 15.532907515764235 27.434328766539693 391.4525411054492 89.85372706502676
leaf_count=84540 16804 6209 6869 9042 778 6570 38682 61 62338 13745 485 2110 3307 3879 46 188 4480 726 3406 348 2562 8013 10622 8897 477 14595 74 137 1825 425
internal_value=1.00463e-06 0.000199241 0.00205588 0.00118184 -0.000207016 -0.000568435 -0.000157159 -0.000822712 0.000329128 0.00134238 -0.00430513 0.00376612 0.00892249 0.00216547 -0.00110384 -0.000794332 0.00324711 -0.00223304 -0.00126726 -3.34164e-05 -0.00828413 -0.00175176 -0.00415685 -0.00100517 0.000719895 0.00158531 0.00492833 -0.00676225 -0.0066243 0.00350191
internal_weight=61140.1 56157 10081.9 8924.39 46075.1 5320.75 45943.2 29252.9 13056.5 3525.74 1795.01 3603.63 853.651 2749.98 1508.87 1501.42 820.773 4983.06 4297.21 3578.14 685.851 16196.4 3836.74 12359.6 5524.4 4942.05 1881.25 2215.12 582.354 190.902
internal_count=312240 288394 56930 50721 231464 29842 230686 146146 62399 20315 9527 20879 5417 15462 8593 8547 4668 23846 20558 17152 3288 83747 18772 64975 26293 23566 8971 10759 2727 902
cat_boundaries=0 1 2 3 4 5 6 7 8 9
cat_threshold=4108 774 275148 3543640 21265162 3671212 23987588 19661418 208
is_linear=0
shrinkage=0.05


Tree=135
num_leaves=31
num_cat=7
split_feature=8 2 27 1 22 1 28 1 30 1 13 7 26 13 29 28 0 6 7 7 1 29 6 23 1 7 7 28 10 31
split_gain=10.5204 11.6577 11.0389 11.4505 10.2754 14.1712 12.1582 14.6473 12.6561 18.4917 11.9278 11.4902 11.3526 11.2582 10.5143 21.9032 22.4229 21.0428 11.1685 10.2219 16.9917 12.6363 14.8332 16.7435 11.8533 11.3207 14.1706 12.6866 11.772 17.7164
threshold=1.0000000180025095e-35 0 22.500000000000004 1 0.47222222222222227 2 1433.1498127082489 3 -0.010570441705187476 4 29.895000000000003 53.750000000000007 0.18808962264150947 36.650000000000013 5.2500000000000009 1262.935153861451 4.5000000000000009 20.500000000000004 48.550000000000004 55.550000000000004 5 1.7500000000000002 47.500000000000007 2.6458333333333335 6 51.95000000000001 52.250000000000007 1350.5377301203137 0.23500000000000001 63.500000000000007
decision_type=2 1 10 1 10 1 2 1 8 1 2 2 8 2 2 2 2 2 2 2 1 2 2 8 1 2 2 2 8 2
left_child=1 4 19 -4 6 -6 7 13 9 -8 -10 -11 -9 14 15 16 -1 18 -17 25 -21 24 -23 -24 -22 -3 -27 28 -28 -30
right_child=-2 2 3 -5 5 -7 8 12 10 11 -12 -13 -14 -15 -16 17 -18 -19 -20 20 21 22 23 -25 -26 26 27 -29 29 -31
leaf_value=0.0045463258052951486 -0.0015940691218147601 -0.0014318321146790693 0.00370992472734073 -0.023204952869488267 -0.0021873182862453466 0.0069258145058896008 -0.0029403572157962062 -0.00086268560280328924 -0.011278044726308584 0.006664984479228051 -0.0010721215877413253 -0.0018417764909884088 0.013249189469881696 -0.0025187689962632501 0.0038321592905283322 0.17682832017867706 0.22634601807963564 0.012802502218164223 0.055589642443530242 -0.012013413109502788 0.0014758030321995949 0.0029296541685922563 -0.058409235814416295 -0.0054177054305704986 -0.026677502420682505 0.0018943763800661117 -0.019475863046196445 -0.00024100856886125578 0.0018466307515037361 0.13860505971505252
leaf_weight=2.116710625588893 8842.4859375273809 9053.9378410922363 66.078853063285351 93.475243663415313 569.28877683728933 1685.0759088695049 1148.2708775550127 1308.9196378765628 306.96932439878583 1823.1295895772055 4248.0783238597214 507.43700664490461 159.93091173656285 192.09812376648188 331.82510496396571 2.4800369907170525 2.4681886900216341 528.99048435688019 8.1158112250268442 440.8405083687976 70.561381407082081 1256.8504629712552 15.329044766724108 540.62617718428373 79.967172741889954 12054.518457980826 137.91060444526374 15632.845345748588 14.364852857775988 2.835603140294551
leaf_count=15 46053 46899 357 533 3016 9241 5636 7732 1860 8951 20416 2433 772 900 2613 22 35 2506 68 2234 374 6267 70 2759 415 61264 1267 77137 347 48
internal_value=9.66204e-07 0.000270718 -0.000155063 -0.0132801 0.00157964 0.00464552 0.000927293 0.00394487 -2.55985e-05 0.00224524 -0.00175991 0.00479223 0.000669283 0.00836489 0.0108471 0.0151246 0.123948 0.0141999 0.0839665 -0.000101817 -0.00326079 -0.00122806 -7.84276e-05 -0.00687881 -0.0151546 0.000104022 0.000603458 -0.000382191 -0.0146113 0.0243921
internal_weight=61127.8 52285.3 39460.1 159.554 12825.2 2254.36 10570.8 2536.95 8033.89 3478.84 4555.05 2330.57 1468.85 1068.09 875.996 544.171 4.5849 539.586 10.5958 39300.6 2404.17 1963.33 1812.81 555.955 150.529 36896.4 27842.5 15788 155.111 17.2005
internal_count=312240 266187 199971 890 66216 12257 53959 14663 39296 17020 22276 11384 8504 6159 5259 2646 50 2596 90 199081 12119 9885 9096 2829 789 186962 140063 78799 1662 395
cat_boundaries=0 1 2 3 4 5 6 7
cat_threshold=386 7900242 1315864 15144972 78756 9461776 5080706
is_linear=0
shrinkage=0.05


Tree=136
num_leaves=31
num_cat=6
split_feature=18 0 1 14 1 19 32 6 7 21 19 1 2 23 18 31 1 20 12 11 31 21 30 13 23 30 0 26 1 32
split_gain=10.4534 11.1534 15.0823 18.1995 12.3002 11.7337 12.2341 12.0838 11.2944 13.1658 10.9324 16.1692 10.8884 10.2295 9.43904 9.32541 14.4622 11.4104 13.6406 10.9536 9.31306 10.2776 9.36756 9.29469 9.80386 9.22377 11.8501 9.2228 12.7102 12.0906
threshold=47.945000000000007 5.5000000000000009 0 6.8050000000000006 1 18.785000000000004 0.52327665249645761 46.500000000000007 52.650000000000013 0.35416666666666669 55.635000000000012 2 3 4.4365079365079376 47.840000000000011 91.500000000000014 4 50.095000000000006 51.360000000000007 6.9350000000000014 125.50000000000001 0.29285714285714287 0.015128692493946718 48.790000000000006 4.154761904761906 0.013545700245700247 4.5000000000000009 0.68042553191489374 5 0.72377109317681598
decision_type=2 2 1 2 1 2 10 2 2 8 2 1 1 10 2 2 1 2 2 2 2 10 8 2 8 10 2 10 1 10
left_child=1 2 3 8 -3 -4 15 -8 12 20 27 25 13 -1 -14 -7 17 18 -17 -19 -10 -22 -23 24 -13 26 -12 -2 29 -29
right_child=10 4 5 -5 -6 6 7 -9 9 -11 11 23 14 -15 -16 16 -18 19 -20 -21 21 22 -24 -25 -26 -27 -28 28 -30 -31
leaf_value=-0.00027884269102076281 0.0004966973056431043 -5.1785915277269706e-05 0.0026741825025661265 0.0087935797107440601 -0.006085504061244985 -0.0019835299952912565 -0.0049784638419834507 -0.021101366029894066 -0.0015362687083448725 -0.016416070801361964 0.024894285993095205 -0.049369603949722229 0.0045362022083131259 -0.017658517352907448 -0.023877912117127142 0.0052654390078775365 0.0063771688284300397 -0.011132707110084848 -0.038504594030431334 0.027329228535150712 0.051861871457773656 0.029308508657062207 -0.07800360567702759 -0.0099216658266723379 -0.012356833960323201 -0.011146315473446994 -0.010527463090045581 0.013361499706717961 -0.00048009258619921037 -0.082925039638897635
leaf_weight=1120.0367554724216 35840.650281681679 1510.9994756439701 1638.8886335603893 774.53234174102545 1922.7069769892842 9916.0251389630139 696.59959768503904 139.48420488461852 1994.7253864742815 151.98482476174831 68.8274533636868 39.628352992236614 2478.1973915211856 91.590388294309378 29.57686597853899 361.01114715263247 886.29215695522726 359.76324141398072 18.723098654299974 19.515316866338253 16.653527416288856 4.7987306863069517 3.5292466133832932 118.9381831176579 32.616177532821894 65.773342296481133 35.941137257963419 385.68488600105047 394.73161137849092 3.288080681115388
leaf_count=5395 177731 9108 8100 4300 11729 48481 3957 753 9732 745 342 183 12398 565 143 1774 4461 1775 101 110 89 23 18 604 174 317 195 4505 4379 53
internal_value=3.80578e-07 -0.00080907 -0.000371326 0.0015858 -0.00344825 -0.00130094 -0.00182748 -0.00766825 0.000640851 -0.00222425 0.000528596 -0.00812116 0.00231373 -0.00157959 0.0041844 -0.0014051 0.00208105 -0.00298024 0.00310732 -0.00915369 -0.00115631 0.0291829 -0.0161684 -0.0175936 -0.0326595 0.00333391 0.0127428 0.000614026 0.00597975 0.0122331
internal_weight=61121.7 24135.6 20701.9 6665.63 3433.71 14036.3 12397.4 836.084 5891.09 2171.69 36986.1 361.725 3719.4 1211.63 2507.77 11561.3 1645.3 759.013 379.734 379.279 2019.71 24.9815 8.32798 191.183 72.2445 170.542 104.769 36624.4 783.705 388.973
internal_count=312240 123757 102920 33408 20837 69512 61412 4710 29108 10607 188483 1815 18501 5960 12541 56702 8221 3760 1875 1885 9862 130 41 961 357 854 537 186668 8937 4558
cat_boundaries=0 1 2 3 4 5 6
cat_threshold=5055746 10737924 10902418 5160 18923596 18262450
is_linear=0
shrinkage=0.05


Tree=137
num_leaves=31
num_cat=11
split_feature=4 3 32 1 32 11 22 21 1 1 23 11 2 15 1 19 6 2 31 12 1 1 14 19 1 19 25 1 12 2
split_gain=10.2474 15.5395 26.4199 24.0512 22.1499 16.734 13.988 13.6141 16.3065 15.2995 13.1457 14.9167 12.782 12.527 14.0636 14.493 19.3761 13.2251 16.1834 14.986 16.3398 14.1877 12.5825 12.3916 16.7373 22.3072 12.2072 12.6413 12.9523 12.0054
threshold=1.5000000000000002 1.5000000000000002 0.2534404393662017 0 0.38031178524136272 6.9050000000000011 0.47222222222222227 0.15476190476190479 1 2 3.3875000000000006 5.495000000000001 3 22.165000000000003 4 30.525000000000002 58.500000000000007 5 111.50000000000001 19.290000000000003 6 7 4.8750000000000009 31.265000000000004 8 29.845000000000002 0.58333333333333337 9 41.225000000000001 10
decision_type=2 2 10 1 8 2 10 8 1 1 8 2 1 2 1 2 2 1 2 2 1 1 2 2 1 2 10 1 2 1
left_child=1 4 3 10 6 7 13 8 -6 12 -3 -12 -9 14 15 -1 22 18 19 -15 -21 -19 -17 24 -22 -26 -4 -28 -29 -30
right_child=-2 2 26 -5 5 -7 -8 9 -10 -11 11 -13 -14 17 -16 16 -18 21 -20 20 23 -23 -24 -25 25 -27 27 28 29 -31
leaf_value=-0.0029161476227081797 -0.0021730279886530645 -0.0096782913317418548 0.00023474511632532054 0.012311602047833665 -0.0074199901726507396 0.02793199016619842 0.0035477150742040144 0.0063122939046531728 0.0028210847768803389 -0.0096776783424967223 -0.0067395242594088123 0.014021412906809938 -0.0063663443583732923 0.0087002233338202648 -0.0028575649290227597 0.0027805414102421914 -0.016314510394345946 -0.0031238518550779481 -0.035283415738246948 0.0076110528366929806 0.010111263803293346 0.001368098785786412 0.023750258339852469 -0.0024969435001696767 -0.0065032445272298917 0.015488460462215884 6.8880626814081357e-05 0.012848223121894896 -0.001788419718024768 0.0077713333847734475
leaf_weight=1964.0036268830299 4981.2064583934844 236.65096584707499 19669.511212423444 953.75466250628233 597.17397364694625 40.624821722507477 2481.2172828316689 331.48570111207664 1071.3375345282257 1535.8592103980482 146.61365362256765 211.09158547595143 466.56657456606627 921.32787551358342 7562.900147841312 3158.3611550685018 131.63248582929373 3149.3856507800519 27.845202513039112 884.5955597832799 566.75131208449602 3954.569595400244 73.193365730345249 1967.2311168462038 513.41772487014532 148.70891695469618 1506.5600760690868 533.52619113773108 581.26439468190074 743.2157264649868
leaf_count=10843 23846 1229 102675 4800 3150 218 11567 1586 5484 7296 715 1072 2258 4434 41803 17549 653 15001 128 4071 2617 18714 344 9090 2375 687 8046 2627 3187 4175
internal_value=4.09647e-07 0.000193288 0.00113576 0.00745856 -0.000541079 -0.00399666 -3.31338e-05 -0.00432074 -0.000871843 -0.00678636 -0.000527307 0.00551207 -0.00108709 -0.000388189 -0.00147358 0.000495667 0.00248954 0.000764851 0.0027235 0.00294052 0.00164012 -0.000624903 0.0032555 -3.61775e-05 0.00390281 -0.00154079 0.000710804 0.00349388 0.00623709 0.00362109
internal_weight=61111.6 56130.4 24582.2 1548.11 31548.2 4043.05 27505.1 4002.42 1668.51 2333.91 594.356 357.705 798.052 25023.9 12890.1 5327.19 3363.19 12133.8 5029.88 5002.03 4080.7 7103.96 3231.55 3196.11 1228.88 662.127 23034.1 3364.57 1858.01 1324.48
internal_count=312240 288394 128526 7816 159868 19992 139876 19774 8634 11140 3016 1787 3844 128309 71192 29389 18546 57117 23402 23274 18840 33715 17893 14769 5679 3062 120710 18035 9989 7362
cat_boundaries=0 1 2 3 4 5 6 7 8 9 10 11
cat_threshold=14485776 8788642 21103074 880 15917600 774 4719626 9998064 8804448 26490472 4646
is_linear=0
shrinkage=0.05


Tree=138
num_leaves=31
num_cat=7
split_feature=6 0 11 23 1 32 11 28 6 10 12 7 1 17 18 1 20 14 26 11 14 1 30 2 32 7 2 6 1 12
split_gain=10.1972 16.0614 14.8853 14.3298 13.4375 11.5426 12.6269 12.489 11.4466 10.8792 18.1695 10.7678 12.9116 13.336 10.4421 18.7391 13.021 16.4783 12.8726 26.3192 11.8937 18.6036 14.6982 14.1476 13.5481 12.2632 10.3828 15.5547 10.0765 11.9509
threshold=34.500000000000007 2.5000000000000004 7.1250000000000009 4.8166666666666673 0 0.4754500160720026 6.6450000000000005 1709.8353686005423 19.500000000000004 0.21500000000000002 28.060000000000006 51.95000000000001 1 32.250000000000007 65.340000000000018 2 31.845000000000002 6.5550000000000006 0.77303030303030307 6.5550000000000006 1.7750000000000001 3 -0.047511111111111129 4 0.1081941814425891 54.45000000000001 5 38.500000000000007 6 50.170000000000009
decision_type=2 2 2 8 1 10 2 2 2 10 2 2 1 2 2 1 2 2 10 2 2 1 8 1 8 2 1 2 1 2
left_child=3 4 5 8 -2 6 9 11 -1 -3 -11 12 -8 -14 16 -16 17 18 26 -20 21 22 -18 25 -24 -23 -6 -28 -4 -30
right_child=1 2 28 -5 14 -7 7 -9 -10 10 -12 -13 13 -15 15 -17 20 -19 19 -21 -22 23 24 -25 -26 -27 27 -29 29 -31
leaf_value=0.017859609220116656 -0.0017266562317091593 -0.0010443757955379703 -0.0012145783307197207 -0.0036266605492566682 0.012684286029395076 -0.0038510446936764983 0.013100300625851012 -0.055345578774172156 0.0012552212500277888 -0.014658385106575016 0.021006529860362649 0.0072615021862781548 -0.036040793546979019 -0.0014520600923575565 -0.0019478207898099291 0.016013566564597202 -0.039231757321345817 0.028309508525375185 -0.1556580227096945 0.055444249183219954 0.00051626064255988122 0.021271207906587888 0.11832452873830407 0.0066670286676443037 -0.0029978542669887101 0.063437265301771031 -0.026256114705471928 0.0050956444716486532 0.022333503557763611 0.0050913355086208457
leaf_weight=104.4062706567347 3303.8453424721956 22103.987426511943 558.79459867626429 1572.5841873232275 256.19778529554605 3953.4032458662987 50.660573184490204 8.6449108943343145 17697.921506058425 287.00192023068666 40.785827279090881 852.39316187053919 50.127944581210613 62.753722012042999 255.87046134471893 331.41639869660139 31.618243642151356 91.194896124303341 3.5247848853468886 2.5407700948417187 7835.6238270439208 102.36034684255719 2.3560854643583289 385.62328623235226 98.625705640763044 20.736428588628769 51.138726480305195 174.75817678123713 117.53480320423841 693.31166511774063
leaf_count=659 17968 103508 2578 16298 1354 17973 227 39 88298 1553 184 3887 226 288 1583 2026 154 698 36 32 44434 569 12 2025 519 104 294 908 543 3263
internal_value=5.3376e-07 -0.000439612 -0.00109758 0.000948455 0.00102291 -0.00135177 -0.000930536 0.00449754 0.0013526 -0.00117847 -0.0102207 0.00500677 -0.00674505 -0.0154439 0.00196466 0.00842761 0.00154771 0.00879982 0.00515515 -0.0672304 0.00105207 0.00759855 -0.00881712 0.0118184 -0.000167186 0.0262425 0.00606588 -0.00191693 0.00398937 0.00749817
internal_weight=61101.7 41726.8 28779.4 19374.9 12947.4 27409.8 23456.4 1024.58 17802.3 22431.8 327.788 1015.94 163.542 112.882 9643.59 587.287 9056.3 579.355 488.16 6.06555 8476.94 641.32 132.6 508.72 100.982 123.097 482.095 225.897 1369.64 810.846
internal_count=312240 206985 134269 105255 72716 127885 109912 4667 88957 105245 1737 4628 741 514 54748 3609 51139 3322 2624 68 47817 3383 685 2698 531 673 2556 1202 6384 3806
cat_boundaries=0 1 2 3 4 5 6 7
cat_threshold=26886 19203664 5112520 331776 1312 686 7214216
is_linear=0
shrinkage=0.05


Tree=139
num_leaves=31
num_cat=8
split_feature=23 6 0 11 1 32 3 1 1 16 1 22 11 14 4 1 18 11 32 2 15 1 1 30 28 14 28 19 32 28
split_gain=9.74397 10.2608 14.4255 13.4707 12.3421 10.8724 21.4835 11.0939 10.9517 10.7735 24.4082 15.6158 12.9621 10.9078 10.7642 14.2615 11.6724 11.3386 14.0131 18.1788 13.418 11.8617 11.5044 13.0634 11.6357 12.4027 11.0597 10.7041 10.7931 13.5521
threshold=5.7888888888888896 34.500000000000007 2.5000000000000004 7.1250000000000009 0 0.43927934741505054 2.5000000000000004 1 2 81.870000000000019 3 0.23611111111111113 7.2250000000000005 6.5250000000000012 1.5000000000000002 4 32.745000000000005 6.3750000000000009 0.29425508521165483 5 17.675000000000001 6 7 0.051155328798185996 1525.0801218061836 5.8450000000000006 1544.8032061189353 44.255000000000003 0.46041384714010974 1589.603380493498
decision_type=10 2 2 2 1 10 2 1 1 2 1 8 2 2 2 1 2 2 8 1 2 1 1 8 2 2 2 2 8 2
left_child=1 9 4 5 27 6 7 -4 -7 13 12 -12 -11 14 17 16 -16 18 19 -1 -21 -22 23 -20 25 -25 -19 28 29 -3
right_child=-2 2 3 -5 -6 8 -8 -9 -10 10 11 -13 -14 -15 15 -17 -18 26 22 20 21 -23 -24 24 -26 -27 -28 -29 -30 -31
leaf_value=0.0050887143633726734 -0.017286992490430596 -0.00089907056299205464 -0.0027183817493069656 0.0038002802662492558 0.0023063561376429412 -0.00083454911266391202 0.0041563141137882006 -0.00023914385152874474 -0.0049073336580004881 -0.017698957512155961 -0.027736369241735354 0.011001885971773892 -0.064058418752979768 0.0045223146974245508 -0.086043195435656139 0.0014433519536212911 -0.011317015046629688 0.017704014051939228 0.0045379941043562208 -0.00189419091363522 -0.0013980359175278358 0.0070731192119728231 -0.0025147462181362682 -0.01077832853800473 0.0038171393321332911 0.022016311115257717 0.003678029368488748 0.007390510566358437 -0.0055462816026929972 0.011144590544424154
leaf_weight=2975.2066142838448 81.397524589672685 3729.3622091189027 7604.8893957361579 1368.7557941302657 7387.9818871989846 3073.1450783237815 2038.6512453109026 11094.822301350534 3594.222260273993 145.78258498758078 30.952937450259924 163.0750462077558 16.817176416516304 2116.7635821215808 5.3031392097473136 410.38226810097694 358.36289836838841 157.50025198981166 1512.1153960507363 3027.5238081282005 695.31827267631888 1009.5863742753863 4580.9593255165964 426.39607019163668 324.62683683633804 30.921113401651382 1305.5687954500318 371.06906254589558 1204.8905800208449 249.18421990424395
leaf_count=16425 2675 18622 36316 6383 42422 13928 9282 52161 16193 758 155 878 99 11386 26 1949 1716 850 7352 19209 3299 4726 22546 2128 1584 147 7357 2031 7951 1686
internal_value=9.28203e-07 2.39931e-05 -0.000416973 -0.00104054 0.000969381 -0.00128231 -0.000717634 -0.00124899 -0.0030387 0.00097748 -0.00763225 0.0045857 -0.0211905 0.00113962 0.000713914 -0.00504508 -0.0120747 0.000991729 0.000570726 0.00203457 0.00010351 0.00365158 -0.0010704 0.00181681 -0.00342214 -0.00856095 0.00518793 -0.000811604 -0.00140034 -0.000144752
internal_weight=61091.5 61010.1 41717 28774.5 12942.5 27405.7 20738.4 18699.7 6667.37 19293.2 356.628 194.028 162.6 18936.5 16819.8 774.048 363.666 16045.7 14582.7 7707.64 4732.43 1704.9 6875.02 2294.06 781.944 457.317 1463.07 5554.51 5183.44 3978.55
internal_count=312240 309565 206975 134263 72712 127880 97759 88477 30121 102590 1890 1033 857 100700 89314 3691 1742 85623 77416 43659 27234 8025 33757 11211 3859 2275 8207 30290 28259 20308
cat_boundaries=0 1 2 3 4 5 6 7 8
cat_threshold=31094 9353376 714988 28592428 27002708 6662 7963360 17303734
is_linear=0
shrinkage=0.05


Tree=140
num_leaves=31
num_cat=8
split_feature=4 11 13 2 3 32 32 27 1 32 22 14 22 14 1 29 15 1 19 6 2 16 16 1 2 18 1 11 6 12
split_gain=9.89371 14.1316 14.1043 13.8665 12.2364 25.4514 20.1856 16.1283 12.8564 17.6828 12.6825 15.2195 12.6731 12.4385 11.4648 12.1899 11.3515 12.6833 13.1693 18.6453 13.186 13.0124 12.1906 16.7755 15.0892 12.818 12.4789 13.5038 12.8599 11.7905
threshold=1.5000000000000002 7.4750000000000005 75.515000000000015 0 1.5000000000000002 0.32613360701623445 0.38031178524136272 3.5000000000000004 1 0.22506544502617803 0.29285714285714287 6.5750000000000011 0.47222222222222227 4.495000000000001 2 2.7500000000000004 22.165000000000003 3 31.830000000000002 58.500000000000007 4 56.270000000000003 59.105000000000011 5 6 72.430000000000021 7 3.6750000000000003 35.500000000000007 43.205000000000005
decision_type=2 2 2 1 2 10 8 8 1 8 10 2 10 2 1 2 2 1 2 2 1 2 2 1 1 2 1 2 2 2
left_child=1 4 -3 -4 6 7 12 8 -6 -10 -9 14 16 -11 -12 -16 17 18 20 -20 -1 -22 24 -24 -18 29 27 28 -26 -25
right_child=-2 2 3 -5 5 -7 -8 10 9 13 11 -13 -14 -15 15 -17 22 -19 19 -21 21 -23 23 25 26 -27 -28 -29 -30 -31
leaf_value=-0.0073450912554988736 -0.0021349020159123783 0.026538873985939446 -0.0089038609904643646 0.013497146079738948 2.9659229391173674e-05 0.00033374893794663467 -0.0038314779963786894 0.021165150858259436 0.0257497509103294 0.01737098753410277 0.011781958612978108 0.04188174328730402 0.0033698335031111418 0.0034772176122621202 -0.045865588453137124 -0.0031932621183590353 0.0042435125580656914 -0.002725871425320566 0.0034775815669469108 -0.016399007821935704 7.785598267221119e-07 0.046534946729506442 0.0040570202303652457 -0.0057427310179039093 0.0075497586476613553 -0.044999472244121042 0.001432741530882806 -0.0022892031217545987 -0.031713772033411546 0.067026003126468378
leaf_weight=834.38102776370943 4979.9873645603657 95.488597575575113 112.66275897249579 151.48420304059982 1298.9731843732297 20976.953834943473 4021.378485831432 256.67529074475169 114.48283586651087 185.6277027130127 72.673123717308044 22.775044560432434 2480.8169886022806 1218.6026547923684 23.695084549486637 56.983004651963711 3206.6477814093232 7555.0941356988624 2865.4257503999397 123.05114202946424 1487.1546302204952 15.176194146275519 591.97780196741223 1309.785590313375 28.878742437809706 20.793558813631535 5013.2782417237759 1878.9307035729289 75.052640408277512 5.5902678146958342
leaf_count=4671 23846 668 736 1002 6455 110213 19882 1234 553 904 353 120 11567 6014 121 263 14946 41803 15875 612 8159 72 2742 6034 156 98 23776 8931 409 25
internal_value=9.32528e-07 0.000190529 0.0100701 0.00411666 0.000126786 0.000971682 -0.000522768 0.00508857 0.00370822 0.00680951 0.0140751 0.00374254 -3.87884e-05 0.00531386 -0.00192173 -0.0139918 -0.000376883 -0.00141063 0.00045962 0.00265916 -0.00235146 0.000467742 0.000720719 -0.00292536 0.00140976 -0.00600426 0.000104713 -0.00324329 -0.0208039 -0.00543347
internal_weight=61080.5 56100.5 359.636 264.147 55740.9 24227.4 31513.4 3250.49 2817.69 1518.71 432.802 176.126 27492 1404.23 153.351 80.6781 25011.2 12880.3 5325.19 2988.48 2336.71 1502.33 12130.9 1928.15 10202.8 1336.17 6996.14 1982.86 103.931 1315.38
internal_count=312240 288394 2406 1738 285988 126230 159758 16017 13926 7471 2091 857 139876 6918 737 384 128309 71192 29389 16487 12902 8231 57117 8899 48218 6157 33272 9496 565 6059
cat_boundaries=0 1 2 3 4 5 6 7 8
cat_threshold=4288 14016912 2816658 15917600 3296 5572740 770 9472224
is_linear=0
shrinkage=0.05


Tree=141
num_leaves=31
num_cat=7
split_feature=18 7 1 21 22 1 26 16 1 6 2 31 31 11 2 17 14 32 6 32 15 32 31 18 6 2 31 30 1 31
split_gain=9.79345 11.2507 12.9135 16.1893 10.6951 25.3178 17.7526 14.3494 14.1156 15.7602 13.778 15.1431 12.8224 17.9456 11.2015 11.098 10.7188 10.6628 12.0535 11.4426 10.4116 14.2569 10.4094 10.2647 11.3642 10.1517 11.2103 10.0863 16.8413 12.2289
threshold=45.605000000000011 56.650000000000013 0 0.43650793650793657 0.18333333333333338 1 0.75716625716625729 52.615000000000009 2 36.500000000000007 3 94.500000000000014 89.500000000000014 3.7550000000000003 4 34.770000000000003 8.6150000000000002 0.29425508521165483 53.500000000000007 0.28850937619594341 36.395000000000003 0.26517244265863055 92.500000000000014 60.685000000000009 44.500000000000007 5 118.50000000000001 -0.054592819685357001 6 71.500000000000014
decision_type=2 2 1 10 8 1 10 2 1 2 1 2 2 2 1 2 2 10 2 10 2 8 2 2 2 1 2 8 1 2
left_child=4 27 23 25 5 7 17 10 12 16 11 -1 -6 -14 -15 20 -10 19 -19 -7 -12 -22 -20 -3 -25 26 -4 28 -2 -30
right_child=1 2 3 -5 8 6 -8 -9 9 -11 15 -13 13 14 -16 -17 -18 18 22 -21 21 -23 -24 24 -26 -27 -28 -29 29 -31
leaf_value=-0.0094605798319061987 -0.00038805793378001027 -0.017439825755338863 -0.010300898729298295 -0.068665742651174588 -0.0035434813757768409 -0.0051523268655946138 -0.11676539818128776 0.014612449381132509 0.0035094289431865269 -0.0007970668303766441 0.0052547523527379271 -0.070899683669172167 0.074773842848746469 -0.0096966686720604458 0.0042490000112258303 -0.041204167860796788 -0.05316040304280828 -0.016269745465175421 0.0015553066742912307 0.024922044615810962 0.017242677085544635 -0.047573907769671353 0.071851441422560669 0.034307195766897031 -0.011698270986828171 0.0020137676612282116 -0.087351919832408795 0.00024884658746424961 0.0068535613014383493 -0.00078719524455764353
leaf_weight=148.23506343737245 2637.7950439490378 260.29636735934764 140.56933669745922 8.7903927192091924 4507.5403990373015 1956.4592543495819 3.6342234611511222 209.7052428163588 3626.21999081783 5970.3869494684041 687.86877229623497 10.756932772696016 8.5431383177638036 162.59502702951431 873.8791874833405 13.907645298168061 8.3634243793785554 369.14517952501774 30.051839612424374 32.147565245628357 13.861456379294394 21.868195101618767 6.3851789236068717 21.850483378395438 34.804600268602371 720.09238693211228 4.8846719413995734 35602.466657726094 2299.9282562285662 678.04945818334818
leaf_count=928 13119 1398 713 42 22201 12037 29 1015 18136 29546 4317 61 44 835 4425 87 44 1786 141 148 66 102 31 124 177 3623 24 182323 11286 3432
internal_value=1.02289e-06 0.000421035 -0.00436929 -0.00113988 -0.000953481 -0.00344302 -0.00631436 0.0028126 -0.000377965 0.00078238 8.3801e-05 -0.0128116 -0.00238228 0.0026036 0.00200874 0.00299687 0.00337903 -0.00617308 -0.0135617 -0.00466615 0.00388784 -0.0224281 0.0138739 -0.0128369 0.00604492 -0.000467265 -0.0120594 0.000559485 0.00252885 0.00509674
internal_weight=61071.1 42409.5 1191.29 874.337 18661.6 3504.03 2397.82 1106.2 15157.5 9604.97 896.498 158.992 5552.56 1045.02 1036.47 737.506 3634.58 2394.19 405.582 1988.61 723.598 35.7297 36.437 316.951 56.6551 865.546 145.454 41218.2 5615.77 2977.98
internal_count=312240 216261 6101 4402 95979 20748 14172 6576 75231 47726 5561 989 27505 5304 5260 4572 18180 14143 1958 12185 4485 168 172 1699 301 4360 737 210160 27837 14718
cat_boundaries=0 1 2 3 4 5 6 7
cat_threshold=26488960 17018900 26378780 7232 4098 6160 6756742
is_linear=0
shrinkage=0.05


Tree=142
num_leaves=31
num_cat=8
split_feature=8 2 27 1 1 30 16 2 23 14 12 22 1 28 1 10 32 1 0 24 16 15 26 15 6 13 11 28 1 28
split_gain=9.63873 10.3721 10.0427 11.1554 9.73339 11.5594 9.44465 9.51685 11.1419 10.2595 9.667 8.95677 12.702 11.0812 13.1662 12.0153 16.3347 14.7505 11.5432 10.9563 10.3308 13.0727 12.2129 9.87384 9.78899 9.86743 9.61144 11.5432 9.48813 9.34408
threshold=1.0000000180025095e-35 0 22.500000000000004 1 2 0.10215839598997496 86.700000000000017 3 5.3875000000000011 7.0050000000000008 31.445000000000004 0.47222222222222227 4 1433.1498127082489 5 0.19500000000000003 0.12535714285714289 6 5.5000000000000009 0.15267857142857147 69.965000000000018 41.695000000000007 0.18808962264150947 37.540000000000006 27.500000000000004 77.695000000000007 6.2950000000000008 1506.8072218592479 7 1660.3976368945073
decision_type=2 1 10 1 1 10 2 1 10 2 2 10 1 2 1 8 8 1 2 10 2 2 8 2 2 2 2 2 1 2
left_child=1 11 -3 -4 5 6 7 8 -2 -9 -11 13 -13 14 19 16 -15 18 -17 -1 21 22 23 -16 25 -14 27 -19 -29 -18
right_child=4 2 3 -5 -6 -7 -8 9 -10 10 -12 12 24 15 20 17 29 26 -20 -21 -22 -23 -24 -25 -26 -27 -28 28 -30 -31
leaf_value=0.018733402160953101 0.0041524927382644052 -9.1766320268436488e-05 0.0044301140661260098 -0.022194992502684294 -0.003043064789843555 -0.011839452575254601 -0.018611521714724084 -0.0022249358959542144 -0.034247415584028024 0.066917696857016734 0.0091065508819853421 -0.0021060818202343515 0.017827779273191124 0.017314415142111902 -0.00068757915187128249 0.014764721655532493 5.9738482414786269e-05 -0.010188748931443416 -0.028360115210503981 0.0056344595831206486 -0.047891690430206052 0.039469804145968471 0.013663775389208592 -0.04108489196731855 0.0050835277424324341 -0.062495600864176305 -0.063045105643590643 -0.01507775209072898 0.019539864856178771 0.01394621780283524
leaf_weight=195.29585056565702 1837.7209466956556 39261.986097343266 63.588100951164961 95.602655199356377 4804.4999508531764 187.31833333149552 61.157102279365063 1802.7209111247212 19.086519193835557 7.7209895923733702 113.98518421500921 569.15509144216776 215.77398480847478 144.01818214729428 1262.7818884374574 124.66710085235536 6898.8507198356092 633.05892776884139 17.723084676079452 874.25307339522988 10.875004738569258 21.778856068849564 155.62089470028877 15.309279985725878 1460.5191779173911 3.8924652040004721 8.0118647590279561 21.518764667212963 54.931793250143528 123.30656582117081
leaf_count=1090 9244 199081 346 544 25090 921 316 9484 371 36 591 3016 1180 708 7529 582 33559 3273 127 5069 49 100 755 71 8036 25 41 101 261 644
internal_value=9.19395e-07 0.000259259 -0.000142546 -0.0126757 -0.00152652 0.000288444 0.000880435 0.00119569 0.00373764 -0.00126976 0.0127741 0.00149458 0.00436054 0.000885644 0.00376685 -2.46991e-05 0.000645446 -0.00560943 0.0087804 0.00795193 0.000655604 0.00102284 0.000438809 -0.00117147 0.00652479 0.0164045 -0.00846939 -0.00797248 0.0103796 0.00030358
internal_weight=61066.7 52232.5 39421.2 159.191 8834.21 4029.71 3842.39 3781.23 1856.81 1924.43 121.706 12811.3 2249.34 10562 2535.91 8026.09 7166.18 859.912 142.39 1069.55 1466.37 1455.49 1433.71 1278.09 1680.19 219.666 717.521 709.509 76.4506 7022.16
internal_count=312240 266187 199971 890 46053 20963 20042 19726 9615 10111 627 66216 12257 53959 14663 39296 34911 4385 709 6159 8504 8455 8355 7600 9241 1205 3676 3635 362 34203
cat_boundaries=0 1 2 3 4 5 6 7 8
cat_threshold=386 7902288 8437488 5732 1315864 15144972 25690128 2371588
is_linear=0
shrinkage=0.05


Tree=143
num_leaves=31
num_cat=6
split_feature=27 2 28 1 7 24 18 1 10 17 19 18 1 3 16 30 26 16 3 24 31 14 1 31 6 4 20 17 1 13
split_gain=9.51983 17.4558 11.4593 13.1963 14.7459 14.0468 10.6916 11.4808 14.6253 12.2473 12.3252 10.3177 15.1403 15.264 15.2278 13.7757 13.6797 13.5038 11.3956 19.0062 18.8008 13.9227 11.3928 17.1339 13.3322 10.8587 11.3812 12.8043 12.7716 10.7003
threshold=1.0000000180025095e-35 0 1699.045884500262 1 53.250000000000007 0.14585714285714288 44.215000000000011 2 0.13500000000000004 23.105 34.455000000000005 62.115000000000002 3 1.5000000000000002 60.620000000000012 -0.087035714285714286 0.52223320158102771 84.65000000000002 1.0000000180025095e-35 0.19950000000000007 64.500000000000014 1.175 4 51.500000000000007 55.500000000000007 1.5000000000000002 47.405000000000008 43.085000000000008 5 60.665000000000006
decision_type=8 1 2 1 2 10 2 1 8 2 2 2 1 2 2 10 8 2 2 8 2 2 1 2 2 2 2 2 1 2
left_child=2 -2 6 4 5 -4 -1 8 -8 10 -9 18 16 14 -14 -16 17 -13 19 22 21 -21 24 29 -3 -20 27 28 -27 -24
right_child=1 11 3 -5 -6 -7 7 9 -10 -11 -12 12 13 -15 15 -17 -18 -19 25 20 -22 -23 23 -25 -26 26 -28 -29 -30 -31
leaf_value=-0.0027413334183749053 -0.0044120782275156121 -0.0040457903803376447 -0.0094962790736520183 0.020289653414615322 -0.053894904280690138 0.040843182327101747 0.0062371122885671523 0.0037690659819234924 -0.002915480517722769 0.00043840319985496523 0.031092801186676108 0.0053711592032155871 -0.002306753030334075 0.004839836467490451 -0.098160529945068659 -0.019016676140217223 0.017077048214972874 -0.03022041345550381 0.00092780358112490183 -0.026805910734967377 0.024441447172055791 -0.0080167615195355195 -0.0032923181400137664 0.016193970046972744 -0.036916390186362696 -0.018406597984167765 -0.00042774823304780435 0.018954235880362099 -0.0039201880666790761 0.029838366699155839
leaf_weight=5904.9881583815441 1726.7596214264631 383.5840559983626 53.534689124673605 124.57137469947338 13.22373305633664 18.698123499751091 477.44694291055202 114.45584699884057 5085.7274681786075 11117.608326739632 64.547333758324385 1488.3240232300013 902.60314619913697 888.33806543424726 5.9176350161433211 77.570274159312248 263.50060421787202 27.136281631886959 28544.046560954303 160.89242684375495 32.069276954978704 254.62766373250633 425.24603390786797 199.8215075917542 33.545732013881207 242.89288976788521 1935.1170703694224 42.045385874807835 429.15529729425907 25.852676011621952
leaf_count=30483 8695 3002 290 768 82 117 2475 579 25818 56447 325 7305 4523 4768 30 360 1722 131 141929 2471 269 1983 3310 1340 169 1174 9293 202 2052 128
internal_value=7.10372e-07 0.000485573 -0.000803124 0.0108225 -0.00479151 0.00353455 -0.000910382 -0.000269108 -0.00212616 0.000646732 0.0136218 0.000719166 0.00323948 8.56076e-05 -0.00419646 -0.0246264 0.00652545 0.00473385 0.000437882 -0.003796 -0.0124452 -0.0152921 -0.000171367 0.00394489 -0.00653265 0.0006436 -0.00241856 -0.00781345 -0.00948811 -0.00139358
internal_weight=61063.8 38089 22974.8 210.028 85.4565 72.2328 22764.8 16859.8 5563.17 11296.6 179.003 36362.3 3653.39 1874.43 986.091 83.4879 1778.96 1515.46 32708.9 1515.64 447.589 415.52 1068.05 650.92 417.13 31193.3 2649.21 714.094 672.048 451.099
internal_count=312240 194856 117384 1257 489 407 116127 85644 28293 57351 904 186161 18839 9681 4913 390 9158 7436 167322 12672 4723 4454 7949 4778 3171 154650 12721 3428 3226 3438
cat_boundaries=0 1 2 3 4 5 6
cat_threshold=6144 2417928 2740864 15800944 8788824 14329872
is_linear=0
shrinkage=0.05


Tree=144
num_leaves=31
num_cat=9
split_feature=8 1 11 7 32 6 14 1 32 3 12 2 1 11 1 15 17 15 26 1 1 12 6 12 15 14 32 1 24 1
split_gain=9.34782 12.5003 15.7626 8.79749 14.0701 14.0307 14.0323 20.6308 14.1573 15.089 18.8016 13.9253 13.8839 13.2373 12.8095 12.279 12.2597 11.7767 11.4468 20.0994 11.6314 16.815 15.6759 11.4144 14.9977 11.362 13.8769 12.5923 18.8011 18.4279
threshold=1.5000000000000002 0 6.1450000000000005 53.350000000000001 0.61371473354231987 30.500000000000004 7.9650000000000007 1 0.49917491749174919 2.5000000000000004 35.495000000000005 2 3 6.0450000000000008 4 66.540000000000006 36.815000000000005 65.100000000000009 0.56840463458110524 5 6 42.910000000000004 46.500000000000007 58.875000000000007 46.175000000000004 3.9850000000000008 0.061792032582410596 7 0.19707142857142859 8
decision_type=2 1 2 2 10 2 2 1 10 2 2 1 1 2 1 2 2 2 10 1 1 2 2 2 2 2 8 1 10 1
left_child=3 2 -2 5 25 -1 8 11 9 15 14 16 13 -12 -11 17 -8 -7 20 -20 23 -22 -23 -10 -25 -5 -27 -28 -29 -30
right_child=1 -3 -4 4 -6 6 7 -9 18 10 12 -13 -14 -15 -16 -17 -18 -19 19 -21 21 22 -24 24 -26 26 27 28 29 -31
leaf_value=0.0018177602120848201 -0.0089621190354252454 -0.020637916466551012 0.034641012648772188 -0.0033828214836346296 -0.025928700389337797 -0.00041722199609643402 0.018561016277712502 0.014180722076635014 -0.0022190111350354467 0.0032374389835020966 -0.013284200574043817 -0.010676775565919422 0.0032237744480417122 -0.00038362951755171619 0.024369106662856188 -0.016384944808888479 -0.01000406472852642 0.055345204177586628 0.015539624263059987 -0.0062915779742009972 -0.021033109470473526 -0.0027574496472291907 -0.013653037328159626 0.027149830076694415 0.00018501410031072257 0.034379468527503225 0.001748239595780184 -0.0027215240178544648 -0.0067186688610849019 0.010733584767120248
leaf_weight=12335.141285982914 73.640138774178922 115.63495726138353 28.845711495727301 3581.9666911289096 56.566923100501299 22976.849243808538 110.11216265708208 400.98416489735246 1463.0800693072379 154.13038450106978 236.21276664733887 203.0961373783648 4037.0690271407366 1257.1031168587506 148.2099939994514 120.68232304602861 57.009106662124395 9.47240202128887 206.42297177016735 199.47517662495375 174.63788048923016 1689.8139115869999 410.26748286187649 80.653331525623798 142.98909586295485 29.048357971012592 4607.9213313050568 5418.5297793485224 205.84786852449179 520.68022622168064
leaf_count=68541 429 645 148 19605 292 110457 592 2189 7074 792 1224 1094 21426 6703 759 588 307 46 2496 2317 803 8126 1975 394 729 158 22412 26429 990 2500
internal_value=6.04731e-07 -0.0103318 0.00301614 3.76515e-05 -0.00104106 0.000372806 -0.000150216 0.00651755 -0.000304604 9.58512e-05 0.00236827 -0.00210855 0.00170452 -0.00240812 0.0145095 -0.000477759 0.00831899 -0.000394243 -0.00295818 0.00503871 -0.00377755 -0.00609885 -0.00488599 -0.000607295 0.00990948 -0.000943054 -0.000132523 -0.000225755 -0.00170604 0.00584408
internal_weight=61052.1 218.121 102.486 60834 14420.6 46413.4 34078.3 771.202 33307.1 28939.7 5832.73 370.217 5530.38 1493.32 302.34 23107 167.121 22986.3 4367.34 405.898 3961.44 2274.72 2100.08 1686.72 223.642 14364 10782 10753 6145.06 726.528
internal_count=312240 1222 577 311018 72386 238632 170091 4182 165909 141995 30904 1993 29353 7927 1551 111091 899 110503 23914 4813 19101 10904 10101 8197 1123 72094 52489 52331 29919 3490
cat_boundaries=0 1 2 3 4 5 6 7 8 9
cat_threshold=19182492 6991632 3972 23138306 18592262 29117776 23169744 7542308 811024
is_linear=0
shrinkage=0.05


Tree=145
num_leaves=31
num_cat=7
split_feature=4 14 1 10 16 15 16 1 7 17 1 2 25 30 24 23 1 16 31 1 18 24 6 7 29 1 17 7 32 11
split_gain=9.33058 12.7628 15.5923 17.5389 12.8771 12.7554 12.7285 10.6067 10.5842 12.916 15.3324 11.8716 13.9523 12.6262 13.3468 21.4808 15.115 13.1613 11.6489 14.34 14.7272 12.1968 11.6553 13.6705 12.5208 13.8011 11.8225 11.4313 10.6525 12.7155
threshold=1.5000000000000002 6.8450000000000006 0 0.13500000000000004 81.870000000000019 49.220000000000006 93.540000000000006 1 52.850000000000001 50.115000000000002 2 3 0.58333333333333337 -0.089583333333333334 0.21414285714285716 4.5277777777777786 4 29.945000000000004 43.500000000000007 5 41.775000000000013 0.1658571428571429 31.500000000000004 49.050000000000004 1.7500000000000002 6 37.525000000000006 44.250000000000007 0.27695919104369815 5.2950000000000008
decision_type=2 2 1 8 2 2 2 1 2 2 1 1 8 8 10 10 1 2 2 1 2 10 2 2 2 1 2 2 10 2
left_child=1 8 5 -4 -5 6 7 -3 9 11 -11 -1 13 14 15 17 -17 -13 28 20 21 -20 26 24 -24 27 -21 -26 -15 -30
right_child=-2 2 3 4 -6 -7 -8 -9 -10 10 -12 12 -14 18 -16 16 -18 -19 19 22 -22 -23 23 -25 25 -27 -28 -29 29 -31
leaf_value=-0.0010547233128749354 -0.0020735965594941247 -0.0038068518233667285 0.013061895683994712 0.0053472998928192749 -0.0035000750844902599 -0.0021345550260223572 -0.084540866201639309 0.018094668662555515 -0.0010443175478534105 -0.00053215353896456997 0.01151360692965905 0.019110119926772636 0.0055455945039446196 0.00059501019983876542 -0.010206490016083673 0.003117840845225458 0.035884827292106784 0.0018324787876777345 -0.0015822675645309242 0.0078220647655316538 0.00038903975983811321 -0.015000607849706386 0.010549789651210615 0.0024096338264345206 0.069349548041529749 -0.012341331810655491 -0.00065781611509945653 0.0016455930606351081 -0.0064058621696677495 -0.0006580949502779939
leaf_weight=10869.779513088986 4978.4499930292368 82.467852659523487 555.89014390483499 1627.4150343239307 550.35394294932485 1791.1492061764002 3.5134454593062392 162.58400479704142 17473.183660223149 501.67663636989892 556.69348588958383 129.55902450531721 1545.9652073346078 4594.3202495239675 118.16010949760675 69.802319385111332 92.769813288003206 738.49925457313657 360.65083702094853 1646.261809152551 2578.6249431679025 319.27028035745025 110.86570857837796 4387.8708639740944 6.4575302004814139 441.01136219501495 547.79348214715719 180.59731068462133 1590.1255232840776 2436.7716096229851
leaf_count=55080 23846 456 3348 9208 3074 9867 17 941 87609 2609 2912 619 7927 25833 577 351 458 3602 1824 8980 13035 1676 635 21869 32 2128 2957 886 7304 12580
internal_value=8.6422e-07 0.000185055 0.00265797 0.00511615 0.00311144 -0.000658383 0.00995235 0.0113072 -4.50598e-05 0.000471155 0.00590757 0.00029555 0.000965922 0.000618475 0.00571023 0.00753506 0.024215 0.00441119 0.00031383 0.00142558 -0.00133292 -0.00788311 0.0026516 0.0013501 -0.00494153 -0.00767604 0.00570488 0.00378076 -0.00105044 -0.00292775
internal_weight=61048.5 56070.1 4773.37 2733.66 2177.77 2039.71 248.565 245.052 51296.7 33823.5 1058.37 32765.2 21895.4 20349.4 1148.79 1030.63 162.572 868.058 19200.6 10579.4 3258.55 679.921 7320.86 5126.8 738.932 628.066 2194.06 187.055 8621.22 4026.9
internal_count=312240 288394 26911 15630 12282 11281 1414 1397 261483 173874 5521 168353 113273 105346 5607 5030 809 4221 99739 54022 16535 3500 37487 25550 3681 3046 11937 918 45717 19884
cat_boundaries=0 1 2 3 4 5 6 7
cat_threshold=1462390 135186 17785048 6224 30415204 6325522 802944
is_linear=0
shrinkage=0.05


Tree=146
num_leaves=31
num_cat=7
split_feature=0 6 1 17 31 13 1 12 18 1 1 19 8 17 24 13 23 2 26 2 19 31 1 27 23 27 20 32 28 17
split_gain=9.11435 11.1351 10.4375 10.3515 9.35378 15.0099 17.801 17.0013 14.5184 14.3128 14.2611 15.0608 14.2225 12.0331 11.9762 11.7646 15.9127 10.9445 10.8105 13.2688 11.452 12.5125 10.6782 11.666 18.49 13.7698 10.9104 10.0369 9.89494 9.26416
threshold=5.5000000000000009 63.500000000000007 0 39.795000000000009 57.500000000000007 37.155000000000008 1 12.340000000000002 64.425000000000026 2 3 23.445000000000004 1.5000000000000002 50.115000000000002 0.13612500000000005 68.545000000000016 2.2361111111111116 4 0.045983086680761107 5 33.815000000000005 36.500000000000007 6 8.5000000000000018 3.3875000000000006 4.5000000000000009 59.435000000000009 0.20049019607843141 1478.4233751547342 28.335000000000004
decision_type=2 2 1 2 2 2 1 2 2 1 1 2 2 2 8 2 10 1 10 1 2 2 1 10 8 10 2 8 2 2
left_child=29 2 -2 -3 5 6 -4 -7 10 -10 11 15 -12 -13 -14 27 -17 -11 28 20 21 -20 23 25 -25 -6 -26 -9 -8 -1
right_child=1 3 4 -5 22 7 18 8 9 17 12 13 14 -15 -16 16 -18 -19 19 -21 -22 -23 -24 24 26 -27 -28 -29 -30 -31
leaf_value=-0.00083892977684195305 -0.009876251382471949 0.011886884517199468 0.001838187730429481 0.080649899591781371 0.00041495655721468299 0.089949467412431039 -0.011173339484934101 0.10433079324223569 -0.0044732113618508595 0.032720846341730885 0.0030834149148553426 -0.006284600480938889 0.034778900540771339 0.073391273842493734 -0.062120124384604729 0.027439506473466657 -0.10424349111639759 0.0053850579845893809 0.049117139731700968 -0.012314923456725123 0.0036292488038797083 0.16637497226119585 -0.0050527076100742004 -0.047256464155914821 -0.0047408265181659789 0.024195560413265205 0.081905352687540331 0.018647316766722984 -0.03133654658324999 0.00065914696528346535
leaf_weight=14162.35414134711 354.23311453405768 21.095106773078445 441.17476417031139 7.3905602023005477 1168.8370049204677 5.4408407285809508 366.5076023126021 3.5909161269664756 83.95523876696825 89.316579580307007 2471.3120864629745 981.14717174321413 4.0874578207731274 4.7617612928152075 14.5026190392673 4.672752916812895 4.5068989098072052 82.85982945561409 5.8163660541176778 24.253612356260419 5.3527544029057017 3.7367655858397484 2420.9238037541509 31.810050219297409 27.594191156327728 64.216779939830303 4.1840218957513562 70.894348502159119 72.95857816003263 38037.400164337829
leaf_count=70575 2251 111 4711 36 6162 32 4860 26 408 437 12535 5001 22 25 89 20 20 388 42 177 40 28 12933 146 166 306 25 371 630 189667
internal_value=1.25816e-06 -0.00148332 -0.0015842 0.0297273 -0.00122381 0.000247121 -0.00548712 0.00162746 0.00150152 0.0129992 0.000674179 -0.00413275 0.00274464 -0.00589978 -0.0408146 0.016196 -0.0372124 0.0205832 -0.0120264 0.0128956 0.0372126 0.0949833 -0.00310292 0.000572017 -0.0203081 0.00165344 0.00666729 0.0227781 -0.0145208 0.000252703
internal_weight=61040.9 8841.13 8812.65 28.4857 8458.41 4740.85 919.8 3821.05 3815.61 256.132 3559.48 1069.57 2489.9 985.909 18.5901 83.6649 9.17965 172.176 478.626 39.1595 14.9059 9.55313 3717.57 1296.64 63.5883 1233.05 31.7782 74.4853 439.466 52199.8
internal_count=312240 51998 51851 147 49600 29862 10488 19374 19342 1233 18109 5463 12646 5026 111 437 40 825 5777 287 110 70 19738 6805 337 6468 191 397 5490 260242
cat_boundaries=0 1 2 3 4 5 6 7
cat_threshold=4194304 10535710 27689216 19138664 7206 2820 16877676
is_linear=0
shrinkage=0.05


Tree=147
num_leaves=31
num_cat=6
split_feature=8 0 1 26 1 0 30 17 2 7 23 24 26 1 32 3 24 7 31 1 1 26 24 4 15 32 11 17 15 3
split_gain=8.68698 9.39848 17.6004 9.76207 21.4715 11.3434 11.3282 11.0794 10.2789 13.4779 10.5462 9.7098 9.64983 11.4142 10.1222 9.58655 15.7983 9.31505 12.995 10.918 9.48372 9.02715 14.0023 12.5846 11.2347 13.2942 14.4238 14.2461 15.9159 10.5336
threshold=1.0000000180025095e-35 1.5000000000000002 0 0.37638888888888894 1 2.5000000000000004 0.14240000000000005 41.965000000000011 2 51.45000000000001 3.5857142857142863 0.15683333333333338 0.095695970695970703 3 0.17559113759076525 1.5000000000000002 0.15387500000000007 57.550000000000004 57.500000000000007 4 5 0.59317129629629639 0.21612500000000004 1.5000000000000002 55.980000000000011 0.54964359739143631 6.8550000000000013 30.135000000000002 45.425000000000004 2.5000000000000004
decision_type=2 2 1 10 1 2 10 2 1 2 10 10 8 1 8 2 10 2 2 1 1 10 10 2 2 8 2 2 2 2
left_child=1 2 -1 -3 5 7 8 11 -6 10 -10 -5 13 -4 -14 16 -7 20 19 -19 -2 -22 23 29 25 26 27 -25 -29 -23
right_child=17 3 12 4 6 15 -8 -9 9 -11 -12 -13 14 -15 -16 -17 -18 18 -20 -21 21 22 -24 24 -26 -27 -28 28 -30 -31
leaf_value=-0.0015297644715501133 -0.0034286642975957949 9.1815736672153347e-05 0.0095833616682158857 -0.0028423658604791111 -0.022483705844051682 -0.056713070442083527 -0.041003164011531978 0.034778079471510168 0.025059958664813132 -0.009956213862837961 -0.036236619548926242 -0.043053419628942935 0.012188947583713153 -0.018139787808154197 0.0036916688141356347 0.020401080872837478 0.022149680319870305 0.011189487494846802 -0.050668462415229092 -0.020842177964771755 0.00040533345157014967 -0.011882940718453638 -0.067821853805101834 0.0213816270056955 0.010602359113116203 -0.14098419126944603 0.031404717607737588 -0.041233211630300415 -0.16005915591564798 0.01295508617898773
leaf_weight=2168.7248431481421 3193.5350547963753 45403.900342796929 52.795099839568138 43.434303812682629 112.29603240638971 11.484338939189913 31.910953514277935 12.382341265678404 50.715868338942528 255.94768529385328 8.1440564393997175 22.942668035626411 390.65240835398436 91.668195575475693 3407.5400392711163 126.32252223044634 14.205856472253798 40.877113979309797 21.544537778943777 49.820156616158783 5300.7173940371722 104.99882314354181 9.9645370170474035 3.8254156410694184 9.7624265402555448 3.6402472853660575 5.5816270336508742 6.8925927728414518 4.7670685201883316 71.925809849053621
leaf_count=14739 16782 217772 238 222 538 51 157 65 252 1226 35 116 1718 416 27976 604 62 215 123 319 26642 816 70 28 81 31 49 52 37 808
internal_value=1.11268e-06 0.00024641 0.00208885 2.1284e-06 -0.00590137 0.00647865 -0.0120051 -0.00864129 -0.0101196 -0.00484116 0.0165788 -0.016741 0.00407288 -0.00860046 0.00456563 0.0147386 -0.0131045 -0.0014495 -0.0157617 -0.00746983 -0.00126518 -7.77127e-06 -0.00990045 -0.00717019 -0.034809 -0.0527524 -0.0375063 -0.0623454 -0.0898154 -0.00178545
internal_weight=61032.9 52205.1 6111.38 46093.7 689.787 230.772 459.015 78.7593 427.104 314.808 58.8599 66.377 3942.66 144.463 3798.19 152.013 25.6902 8827.85 112.242 90.6973 8715.61 5522.08 221.359 211.394 34.4694 24.707 21.0667 15.4851 11.6597 176.925
internal_count=312240 266187 45087 221100 3328 1120 2208 403 2051 1513 287 338 30348 654 29694 717 113 46053 657 534 45396 28614 1972 1902 278 197 166 117 89 1624
cat_boundaries=0 1 2 3 4 5 6
cat_threshold=4343838 10225686 1568 860480 11780672 8323330
is_linear=0
shrinkage=0.05


Tree=148
num_leaves=31
num_cat=7
split_feature=27 2 28 1 7 24 6 1 23 10 1 18 0 31 12 10 1 7 13 14 32 28 13 16 1 1 7 28 29 28
split_gain=8.59693 15.8121 10.3509 12.6562 14.5133 11.15 10.3034 21.5286 13.5001 11.2194 15.7314 13.2641 12.2108 11.1927 11.0613 11.287 10.7275 10.4362 10.2028 9.95092 9.87247 9.8584 9.71552 9.71003 17.5013 13.4112 15.5551 13.7864 14.0977 18.5738
threshold=1.0000000180025095e-35 0 1699.045884500262 1 53.250000000000007 0.14585714285714288 24.500000000000004 2 5.4142857142857155 0.15500000000000003 3 43.845000000000006 5.5000000000000009 43.500000000000007 21.890000000000004 0.21500000000000002 4 57.150000000000013 77.00500000000001 2.2750000000000004 0.48607231533209189 1471.8511546559828 77.695000000000007 47.840000000000011 5 6 50.550000000000004 1636.350059684745 4.7500000000000009 1427.3255741185351
decision_type=8 1 2 1 2 10 2 1 8 10 1 2 2 2 2 10 1 2 2 2 8 2 2 2 1 1 2 2 2 2
left_child=2 20 6 4 5 -4 7 -1 22 16 13 -12 -13 -11 15 17 -8 21 -18 -14 -2 -15 -9 25 -25 -3 27 28 29 -27
right_child=1 23 3 -5 -6 -7 9 8 -10 10 11 12 19 14 -16 -17 18 -19 -20 -21 -22 -23 -24 24 -26 26 -28 -29 -30 -31
leaf_value=0.0094940195578665527 -0.0010819920773702926 -0.0019588197975031691 -0.0074133723696415983 0.020347157140465005 -0.051523732026023089 0.035132732378097047 0.0034634370464834484 -7.1675236870768816e-05 -0.025060596536892604 -0.0068636925444643644 -0.0042029168077823593 0.0012453469287099764 -0.025543325521706534 0.0025131129981478678 -0.0035609968630885788 -0.035795900258224954 -0.00047748105562210634 0.036330352572619636 -0.016114478787146211 -0.0039018433034693559 -0.0087748171484726793 0.034768166975719828 -0.079592667595329333 0.0039792230425263709 0.00053978135334013398 0.017235327002637076 0.0017745039285356715 -0.048386577538275015 -0.0076114582285620683 -0.0015439975224824467
leaf_weight=705.64627879951149 1020.7689505275339 6500.2478458806872 58.084404557943344 116.15431496873498 13.906980287283657 20.954361584037542 2024.9734825696796 993.15417510271072 58.663625376299024 2268.5528165418655 2047.7064235061407 5512.3173248637468 57.561144273728132 403.12557242810726 2287.1362306438386 16.486624663695693 5527.9872758369893 27.23199687153101 106.32261187955737 687.89188887178898 705.16539973020554 25.168216288089752 3.8558953292667857 5085.5710128955543 13530.040333457291 150.7641524169594 9171.7741783428937 16.626468878239393 844.65388669259846 1039.5497078988701
leaf_count=4683 5046 34053 317 725 84 131 10366 5624 1192 11179 10159 26185 402 2132 11100 98 28024 145 623 4072 3649 120 23 25745 68576 702 46490 87 5591 4917
internal_value=8.06304e-07 0.000461727 -0.000763254 0.0103105 -0.00399198 0.00386624 -0.000865018 0.00280819 -0.00173433 -0.00117321 -0.0020493 -0.000709032 0.000433125 -0.00425348 -0.00212281 0.00484595 0.000351881 0.00631688 -0.000771191 -0.00557292 -0.00420071 0.00440855 -0.000379219 0.000684138 0.00148182 -0.000153309 0.000893339 -0.0030416 -0.00267112 0.000834576
internal_weight=61028 38065.2 22962.9 209.1 92.9457 79.0388 22753.8 1761.32 1055.67 20992.5 13333.2 8305.48 6257.77 5027.7 2759.15 472.012 7659.28 455.526 5634.31 745.453 1725.93 428.294 997.01 36339.2 18615.6 17723.6 11223.4 2051.59 2034.97 1190.31
internal_count=312240 194856 117384 1257 532 448 116127 11522 6839 104605 65592 40818 30659 24774 13595 2495 39013 2397 28647 4474 8695 2252 5647 186161 94321 91840 57787 11297 11210 5619
cat_boundaries=0 1 2 3 4 5 6 7
cat_threshold=6144 6612232 26035362 2740802 2623586 12681368 29690008
is_linear=0
shrinkage=0.05


Tree=149
num_leaves=31
num_cat=7
split_feature=25 27 30 10 1 7 32 20 32 12 26 2 30 27 16 1 1 28 1 19 1 23 30 24 21 7 1 24 23 21
split_gain=8.54786 12.6827 13.004 16.1665 16.7332 15.5976 13.8242 13.1513 12.4381 13.7426 18.1616 14.1115 12.4308 14.5521 12.3941 12.3507 12.1399 12.6064 11.7646 11.5751 14.1429 14.9542 11.5 11.2845 11.0812 11.0381 11.3616 10.9416 10.9209 20.3133
threshold=1.0000000180025095e-35 5.5000000000000009 0.016700000000000038 0.13500000000000004 0 55.95000000000001 0.23310577056137277 58.645000000000003 0.46325606513791967 33.210000000000008 0.67607313195548502 1 -0.10303693693693691 7.5000000000000009 85.435000000000016 2 3 1425.7531611657885 4 50.215000000000011 5 2.9500000000000006 -0.18594999999999998 0.24816666666666673 0.11805555555555557 57.650000000000013 6 0.12683333333333338 3.0500000000000003 0.10555555555555557
decision_type=8 10 8 10 1 2 10 2 8 2 8 1 8 10 2 1 1 2 1 2 1 8 8 10 8 2 1 10 8 10
left_child=12 8 5 6 -5 14 -4 -6 15 23 25 22 13 16 -3 -2 -1 -18 -15 20 -13 -22 -12 24 -10 26 -11 -28 -14 -30
right_child=1 2 3 4 7 -7 -8 -9 9 10 11 19 28 18 -16 -17 17 -19 -20 -21 21 -23 -24 -25 -26 -27 27 -29 29 -31
leaf_value=0.0066513328553739308 0.0034455543566465083 0.0026921234428568053 0.092116820192870874 -0.018319572908028107 -0.00010296668760256373 -0.025213947674930862 0.0069311760328203522 -0.026112131382387483 0.02278058149508165 0.0011424018538797216 -0.050822725728114242 0.020122812692450302 0.0011580162699654332 -0.00088613557571253312 -0.031129223951555807 0.00057992265917064859 -0.023550293876197569 -7.3064523616989374e-06 0.034380065945138087 -0.0209852291650049 -0.0025329626968045521 0.01523706393098697 0.00061222235315408003 0.064299632281149516 -0.0099127844459413056 -0.061786233267024683 0.0021837185628152465 -0.0047981794154903553 -0.00038226513715055585 -0.0035551983766346339
leaf_weight=864.31095495447516 6854.4507601745427 1033.6622764095664 5.0129901915788642 337.03767685592175 381.42354115471244 56.241541270166636 95.365758344531059 55.699834581464529 27.145444571971893 2953.3233975581825 11.043829470872877 262.4259332343936 6281.2020124085248 45.409336239099503 27.816683553159237 8345.9922124296427 60.607682645320892 919.59980758279562 55.712323565036058 29.431242920458317 260.36426793783903 217.12327451258898 679.69578992575407 5.3803746178746215 573.40556777827442 7.4987779855728141 730.55892292410135 2419.740928389132 20757.164188204333 6663.6039553768933
leaf_count=4256 33186 5247 26 1692 1942 273 510 286 125 14602 54 1839 32537 222 154 40229 308 4487 265 177 1864 1255 5184 25 2714 35 3585 11869 110584 32708
internal_value=1.03493e-06 0.000702535 -0.00312698 -0.00769378 -0.0101417 0.000446233 0.0111854 -0.00334072 0.00102889 -0.000543552 3.63217e-05 0.0050463 -0.000498212 0.00338777 0.00180582 0.00187479 0.0023753 -0.00144823 0.0218558 0.00964038 0.0109889 0.00543363 -0.000207142 -0.00778917 -0.00843501 -0.00116068 -0.00108619 -0.00316901 -0.000722552 -0.00115333
internal_weight=61017.5 25369.8 1992.26 874.54 774.161 1117.72 100.379 437.123 23377.6 8177.14 7571.21 1460.08 35647.6 1945.64 1061.48 15200.4 1844.52 980.207 101.122 769.345 739.913 477.488 690.74 605.931 600.551 6111.12 6103.62 3150.3 33702 27420.8
internal_count=312240 126873 10130 4456 3920 5674 536 2228 116743 43328 40464 10373 185367 9538 5401 73415 9051 4795 487 5135 4958 3119 5238 2864 2839 30091 30056 15454 175829 143292
cat_boundaries=0 1 2 3 4 5 6 7
cat_threshold=9111480 6720 14444836 22849678 12794188 31629324 11657944
is_linear=0
shrinkage=0.05


Tree=150
num_leaves=31
num_cat=8
split_feature=4 11 13 2 23 20 1 25 12 14 2 16 27 1 30 27 31 24 12 11 1 24 11 1 23 1 12 1 13 21
split_gain=8.51935 12.1268 13.0133 12.7029 11.4172 13.7434 10.5821 10.1433 12.8099 13.8234 12.5106 12.054 10.1625 15.6663 10.1723 9.9744 10.3195 9.96291 11.4824 16.3508 11.3323 10.9336 14.3678 15.9913 12.66 17.0915 13.4087 11.2765 13.1413 12.3271
threshold=1.5000000000000002 7.4750000000000005 75.515000000000015 0 2.1339285714285716 54.765000000000008 1 0.58333333333333337 8.3700000000000028 4.9850000000000012 2 98.385000000000005 6.5000000000000009 3 -0.070877350427350397 1.0000000180025095e-35 146.50000000000003 0.16788888888888895 54.395000000000003 7.6850000000000014 4 0.13211111111111115 6.705000000000001 5 2.7888888888888892 6 40.250000000000007 7 66.325000000000003 0.23611111111111113
decision_type=2 2 2 1 8 2 1 8 2 2 1 2 10 1 10 10 2 8 2 2 1 10 2 1 10 1 2 1 2 10
left_child=1 7 -3 -4 5 6 -5 15 9 -9 11 -10 -12 -14 -15 16 -1 18 19 21 -19 24 27 -24 25 26 -2 28 -23 -30
right_child=17 2 3 4 -6 -7 -8 8 10 -11 12 -13 13 14 -16 -17 -18 20 -20 -21 -22 22 23 -25 -26 -27 -28 -29 29 -31
leaf_value=-0.00094822662680030733 0.0085960229941881832 0.025360216439589068 0.014935580810525942 0.017750376483527043 0.0043536328241374871 -0.06681049199508575 -0.025380846756261906 -0.041315336564247969 -0.0024721993182727294 0.072405220442721491 0.0043081717774482052 -0.070420902394615931 0.0066382798550108195 -0.094665161511496607 -0.01779974896709546 0.00045626898475652542 -0.034597486388059401 -0.019288640104991851 -0.0068533893585187291 0.024142696867735132 -0.0038617066808099027 -0.0034192772045742062 0.016829794635971649 0.0023764130087234846 -0.00071184472369390103 -0.0012556389869252654 -0.027665040863677388 0.0045126586072375746 -0.010602081708606308 -0.049065397192187415
leaf_weight=19193.537379650399 30.073959916830063 93.777090419083834 119.95325487107038 16.40277237445116 87.52153467386961 14.335448987782 24.338017378002405 27.238129068166021 849.47059729322791 2.9629305340349665 3743.9638775065541 6.5774439945816985 110.62878330424428 4.489172860980033 104.50026689469814 31613.993729559705 22.811939459294081 150.11833596974611 718.88425562903285 69.185962051153183 534.55779691040516 456.86372385919094 258.86731336265802 703.67064322903752 1191.18131525442 244.27744094654918 167.42505338788033 361.2483322545886 58.846174545586109 32.245407290756702
leaf_count=98425 145 668 799 111 565 96 167 227 4357 17 19144 40 596 22 552 162484 124 726 3406 348 2562 2211 1237 3357 5714 1173 797 1729 285 156
internal_value=1.40948e-06 0.000177496 0.0093721 0.00366152 -0.00641943 -0.0247044 -0.00988859 0.000118655 0.00230344 -0.0301586 0.00250685 -0.00295971 0.00368568 -0.00675845 -0.0192038 -8.98002e-05 -0.000988172 -0.00198099 -0.00108761 7.21679e-05 -0.00758225 -0.000403006 0.00220549 0.00646308 -0.00339294 -0.0106221 -0.0210763 -0.00230185 -0.00675353 -0.0242177
internal_weight=61013.9 56036.5 356.328 262.551 142.598 55.0762 40.7408 55680.2 4849.83 30.2011 4819.63 856.048 3963.58 219.618 108.989 50830.3 19216.3 4977.45 4292.77 3573.89 684.676 3504.7 1871.74 962.538 1632.96 441.776 197.499 909.204 547.955 91.0916
internal_count=312240 288394 2406 1738 939 374 278 285988 24955 244 24711 4397 20314 1170 574 261033 98549 23846 20558 17152 3288 16804 8975 4594 7829 2115 942 4381 2652 441
cat_boundaries=0 1 2 3 4 5 6 7 8
cat_threshold=3888 17338704 4096 24529730 3671212 8390972 9531176 29571342
is_linear=0
shrinkage=0.05


Tree=151
num_leaves=31
num_cat=8
split_feature=23 10 1 19 15 31 19 17 2 22 19 24 1 11 17 0 16 30 30 6 7 15 0 1 2 1 26 16 1 2
split_gain=8.23674 8.3209 13.1983 18.5438 16.4255 13.2725 12.7521 13.5827 11.0982 10.673 10.5515 10.0031 9.7698 9.52408 9.81489 10.582 12.2631 9.48074 8.78974 8.68954 17.1941 14.8738 12.7322 11.5188 11.4184 10.8413 10.7446 10.2969 13.5405 10.9765
threshold=5.7888888888888896 0.21500000000000002 0 35.085000000000008 38.720000000000006 24.500000000000004 34.595000000000006 38.355000000000011 1 0.47222222222222227 35.455000000000005 0.21316666666666673 2 4.9250000000000007 35.455000000000005 4.5000000000000009 34.655000000000008 -0.054592819685357001 0.043357304611985649 30.500000000000004 53.550000000000004 69.290000000000006 2.5000000000000004 3 4 5 0.60136986301369866 81.870000000000019 6 7
decision_type=10 10 1 2 2 2 2 2 1 10 2 8 1 2 2 2 2 10 8 2 2 2 2 1 1 1 10 2 1 1
left_child=1 19 5 4 6 -3 8 -8 18 -7 -5 12 -10 14 -13 16 17 -16 -4 20 27 24 23 -21 25 -22 -26 -1 -29 -30
right_child=-2 2 3 10 -6 9 7 -9 11 -11 -12 13 -14 -15 15 -17 -18 -19 -20 22 21 -23 -24 -25 26 -27 -28 28 29 -31
leaf_value=0.0020715410922649813 -0.01613304775281629 -0.011355982151121373 -0.017637168105183516 -0.048149570675875136 0.049404801419098685 0.007959183861400097 0.016434868643264957 0.14180985113156067 -0.015242073266245441 0.052806636733406888 -0.015377855301254321 -0.019561220583045037 0.0089989401611265448 -0.081664573119143463 -0.034339783980799704 -0.027107412017471647 -0.053983332053221589 0.044688562972189261 -0.064884081270741314 -0.0017189842919313931 0.0069335828578693387 -0.059412628860494143 -0.00079138714047458395 0.0017590795874553478 -0.0058838796581220029 -0.0037829652749370802 -0.040674058249965422 0.013679107505462296 0.006037491284654078 -0.022654620008978901
leaf_weight=11973.48233284615 78.998564190231264 96.84412244707346 37.825035290792584 27.433169385418296 14.937842600047587 211.67588074039668 8.4827205277979356 2.8983536567538968 43.04810974560678 14.153366759419439 234.65128346346319 92.793000560253859 195.45845114998519 4.7699715793132773 4.4142711609601966 15.337390359491108 4.5778269171714774 27.053409239277247 13.30712143704295 3022.9715876318514 422.8952634241432 11.70358547195792 31658.642667286098 11092.882888544351 948.52400648128241 509.88821598887444 22.724712926894426 46.067025501281023 44.873073894530535 123.50414988771081
leaf_count=64193 2675 580 255 151 70 1294 67 27 288 70 1489 617 1224 22 21 149 22 140 75 16395 2186 63 147618 63527 4957 2728 198 251 246 642
internal_value=1.49301e-06 2.24129e-05 -0.00439082 -0.00806156 -0.00217668 0.00400513 -0.00388907 0.0483634 -0.005245 0.0107699 -0.0188082 -0.0019369 0.00436191 -0.0121532 -0.00985348 0.00767784 0.022479 0.0336025 -0.0250367 9.97767e-05 0.0011849 -0.00321853 -0.000234563 0.00101427 -0.00287312 0.0010976 -0.00662962 0.00187705 -0.00898249 -0.0150983
internal_weight=61006.8 60927.8 1049.66 726.988 464.904 322.673 449.966 11.3811 438.585 225.829 262.084 387.452 238.507 148.946 144.176 51.3829 36.0455 31.4677 51.1322 59878.2 14103.7 1915.74 45774.5 14115.9 1904.03 932.783 971.249 12187.9 214.444 168.377
internal_count=312240 309565 6561 4617 2977 1944 2907 94 2813 1364 1640 2483 1512 971 949 332 183 161 330 303004 75464 10132 227540 79922 10069 4914 5155 65332 1139 888
cat_boundaries=0 1 2 3 4 5 6 7 8
cat_threshold=12590864 1536 1572936 2113558 6230 1272518 626946 5122
is_linear=0
shrinkage=0.05


Tree=152
num_leaves=31
num_cat=4
split_feature=8 1 28 11 30 18 20 1 28 24 23 18 19 1 2 15 30 17 30 32 31 28 30 10 20 30 7 4 4 4
split_gain=8.06951 11.4742 13.7248 8.88593 8.89287 7.70493 9.42848 25.0506 9.56402 17.1001 16.9637 11.1144 9.24397 10.8883 14.8908 10.6941 10.5063 9.78268 10.8728 12.4994 15.771 9.62306 9.45208 11.898 10.1542 9.58141 9.43485 21.9134 18.2358 15.1322
threshold=1.5000000000000002 0 1499.9999219709416 6.4050000000000011 0.031443843843843862 65.725000000000009 66.800000000000026 1 1237.9631458579308 0.22845238095238099 5.354166666666667 68.195000000000007 42.505000000000003 2 3 71.515000000000015 0.081602040816326535 45.755000000000003 -0.10712142857142858 0.43762550200803219 10.500000000000002 1427.3255741185351 -0.013797674418604631 0.14500000000000005 60.295000000000009 -0.087035714285714286 50.45000000000001 1.0000000180025095e-35 1.0000000180025095e-35 1.5000000000000002
decision_type=2 1 2 2 8 2 2 1 2 10 10 2 2 1 1 2 10 2 8 8 2 2 10 8 2 8 2 2 2 2
left_child=5 2 -2 -3 -5 12 8 -8 9 10 -7 -12 26 14 15 -14 22 18 19 20 -15 -22 23 24 -16 -26 27 -1 -28 -29
right_child=1 3 -4 4 -6 6 7 -9 -10 -11 11 -13 13 17 16 -17 -18 -19 -20 -21 21 -23 -24 -25 25 -27 28 29 -30 -31
leaf_value=-0.003625273943362076 -0.016622807561845171 -0.026421012830981212 0.02461666160206236 0.016940185690796802 -0.046240252829295267 -0.029771525154133234 0.015471647547410945 -0.017838717310306802 0.0028458452178366572 0.19250630702477045 -0.0067787924133736969 0.19646742653416996 -0.0060541266246372386 0.11962653198909812 0.033818570533698036 0.056827355228925153 -0.010889727254572358 -0.0070254224873326906 0.00380316309961187 -0.0023371572776992237 -0.030163782724755485 0.029219033274886938 0.0080896312614962187 -0.0047549750844566958 -0.03757376710529417 0.012315673390500829 0.00035837460036857409 0.0053377297333420575 -0.0026313822500480012 -0.0044392458706101956
leaf_weight=5359.1176745332778 36.586287152022123 102.14107107557356 44.978689894080162 25.984346654266119 7.0889576673507682 5.5061208792030794 75.969219131395221 162.08945780061185 3285.7412719521672 1.7733843456953753 1.0768280941993 1.7920053247362373 938.75764198042452 4.5512325540184966 40.645866200327873 6.8104779012501231 128.16565923392773 196.97850049287081 2816.0146320424974 49.185977663844824 7.4571505934000006 80.138523079454899 666.08922144770622 403.73645587824285 12.534884274005888 41.441603284329176 38671.784338623285 1396.2319426406175 5875.1018522121012 552.31303893402219
leaf_count=28925 242 589 221 136 34 60 391 865 16823 21 27 27 4774 23 205 38 633 1008 14467 247 40 391 3480 2046 61 216 197852 7188 28552 2658
internal_value=1.3202e-06 -0.00962835 0.00545032 -0.0178101 0.00339804 3.5665e-05 0.00230144 -0.00730816 0.00299553 0.05146 0.0215936 0.120178 -0.000104205 0.00186604 -0.00080482 -0.0055426 0.00267689 0.00375184 0.00448236 0.0180151 0.0288787 0.0241637 0.0041931 -0.00101488 0.0149434 0.000729918 -0.000309097 -0.00197429 -3.59319e-05 0.00256646
internal_weight=60997.8 216.779 81.565 135.214 33.0733 60781 3533.95 238.059 3295.89 10.1483 8.37495 2.86883 57247.1 5392.51 2238.18 945.568 1292.61 3154.33 2957.35 141.333 92.1469 87.5957 1164.45 498.359 94.6224 53.9765 51854.5 7307.66 44546.9 1948.54
internal_count=312240 1222 463 759 170 311018 18214 1256 16958 135 114 54 292804 27629 11453 4812 6641 16176 15168 701 454 431 6008 2528 482 277 265175 38771 226404 9846
cat_boundaries=0 1 2 3 4
cat_threshold=19174164 2398724 11699308 4380
is_linear=0
shrinkage=0.05


Tree=153
num_leaves=31
num_cat=5
split_feature=0 6 20 31 24 18 1 6 22 3 1 31 14 32 23 20 1 30 2 14 1 23 32 30 11 28 12 32 11 4
split_gain=7.79103 10.2066 10.4711 10.5995 9.9598 11.5716 9.77813 9.38796 11.3119 11.1506 12.8753 10.1767 9.6425 14.2052 12.2838 8.99465 12.3732 12.1796 11.5651 11.3648 11.03 10.1171 9.9557 11.9096 9.04361 8.96268 13.7666 12.9963 14.5568 13.819
threshold=5.5000000000000009 62.500000000000007 41.020000000000003 49.500000000000007 0.18788888888888894 50.895000000000003 0 55.500000000000007 0.81666666666666676 1.0000000180025095e-35 1 29.500000000000004 1.7750000000000001 0.23919711923179518 4.1339285714285721 34.500000000000007 2 -0.080216579747935668 3 7.3150000000000004 4 2.3875000000000006 0.37882125216926982 0.0069233031674208129 6.4250000000000007 1638.6150773932015 54.395000000000003 0.49917491749174919 6.745000000000001 1.5000000000000002
decision_type=2 2 2 2 10 2 1 2 10 2 1 2 2 8 8 2 1 8 1 2 1 10 8 8 2 2 2 10 2 2
left_child=7 6 -3 -4 5 -5 -2 25 9 11 -11 -9 13 -12 -15 16 18 20 22 -18 -17 -21 -8 24 -24 27 -27 28 29 -1
right_child=1 2 3 4 -6 -7 15 8 -10 10 12 -13 -14 14 -16 17 19 -19 -20 21 -22 -23 23 -25 -26 26 -28 -29 -30 -31
leaf_value=0.00050163359013558637 -0.0095469137194207302 -0.049265920118251913 0.0051395744092404584 0.032193892812570069 -0.01752798174442495 0.11833451482599044 -0.03858241833433506 -0.028316978723742104 -0.051973436831847547 -0.0046208077967914429 0.035072273151157483 -0.0024176337689665434 0.00039596398487290734 0.010123047725521445 -0.042645620339250283 0.015439450972097826 -0.013333138921410859 -0.0011843826528327487 0.0098722975530834561 -0.036592307716713797 0.00047816163218366962 0.036835949644440001 0.079206779944370129 -0.029181099537846047 -0.0020648739563850324 0.0052906331020458426 -0.0018215926761425692 -0.0025980367670143585 0.0055708529599526714 -0.0044889945508540313
leaf_weight=38742.276738971472 351.58556103147566 4.4896971657872191 19.159831881523132 7.848573066294195 3.5766361951827994 7.7468021959066391 27.959879972971976 75.412432186305523 11.362565834075211 1696.9778345115483 50.97501166164875 76.30824102461338 1810.1685439012945 64.751182030886412 13.292597100138662 204.65178689360619 435.62150315567851 7244.4704222409055 163.17097637057304 6.0632323771715191 302.23540696874261 20.728394702076912 6.5514766369014961 13.682914260774853 7.1681414097547531 2123.2915685810149 1001.2146105356514 3697.0871975123882 1366.3350009396672 1438.600934073329
leaf_count=189359 2245 24 109 44 21 40 191 378 63 8081 240 386 8612 310 62 1143 2622 42651 962 27 1698 97 31 63 30 12044 6127 20544 7352 6684
internal_value=1.18295e-06 -0.00137262 0.0229787 0.0314405 0.0577247 0.0749831 -0.00149133 0.000233627 -0.00215962 -0.00201019 -0.00145605 -0.0152908 0.00133039 0.0145438 0.00113537 -0.00114278 -0.00665375 -0.000660119 0.00321911 -0.0111481 0.00683269 0.0202183 -0.0149003 0.00382584 0.0367445 0.00042161 0.0030116 0.00024275 0.000495538 0.000322954
internal_weight=60994.8 8826.71 42.8215 38.3318 19.172 15.5954 8783.89 52168.1 3799.25 3787.89 3636.17 151.721 1939.19 129.019 78.0438 8432.3 680.947 7751.36 218.533 462.413 506.887 26.7916 55.3624 27.4025 13.7196 48368.8 3124.51 45244.3 41547.2 40180.9
internal_count=312240 51998 238 214 105 84 51760 260242 18132 18069 17305 764 9224 612 372 49515 4023 45492 1277 2746 2841 124 315 124 61 242110 18171 223939 203395 196043
cat_boundaries=0 1 2 3 4 5
cat_threshold=4194304 11651490 19073060 536 17027352
is_linear=0
shrinkage=0.05


Tree=154
num_leaves=31
num_cat=7
split_feature=8 2 27 1 19 29 19 1 2 17 1 30 13 12 12 28 24 23 15 2 28 26 24 20 14 19 32 24 1 23
split_gain=7.65038 9.17249 8.95155 10.4834 8.69912 10.1583 9.50299 15.0546 16.0977 9.9504 9.88151 14.8469 11.4702 10.5266 12.2909 10.6905 10.4158 10.3717 9.66108 8.84962 11.3606 9.30129 9.40323 8.64478 8.95486 11.0234 10.0408 8.44204 11.037 9.67823
threshold=1.0000000180025095e-35 0 22.500000000000004 1 64.405000000000015 3.7500000000000004 42.505000000000003 2 3 28.605000000000004 4 0.10536376811594204 15.605000000000002 11.795000000000002 47.160000000000004 1383.1804121888165 0.22600000000000006 5.2928571428571436 33.245000000000005 5 1593.6487109253719 0.13574938574938578 0.18612500000000007 55.580000000000005 5.8250000000000011 38.905000000000008 0.45905365126676606 0.24400000000000005 6 5.354166666666667
decision_type=2 1 10 1 2 2 2 1 1 2 1 10 2 2 2 2 8 10 2 1 2 10 10 2 2 2 10 10 1 10
left_child=1 -1 -3 -4 6 -6 10 8 9 -8 11 19 -13 -12 15 17 -16 -15 -10 20 23 22 -22 -2 26 -26 -25 29 -29 -17
right_child=4 2 3 -5 5 -7 7 -9 18 -11 13 12 -14 14 16 27 -18 -19 -20 -21 21 -23 -24 24 25 -27 -28 28 -30 -31
leaf_value=0.0013940218367272609 0.0044546055027817853 -9.8655543119891519e-05 -0.02720205169235004 -0.00093025933031329442 -0.059039094909797633 0.0057801710162141001 -0.014838576580342315 0.0093443029341856443 -0.029876977193131083 0.017592593051110834 -0.014188734760927371 0.058717761565206729 -0.016813708015204248 0.026690027944833057 -0.010146902840775745 -0.0017111605097810526 0.026620884506520871 -0.048628624190929996 -0.0045575913761566663 -0.00098462106590958983 0.038377103628718989 0.006709200482327829 -0.020956023916504581 -0.011883246309084737 -0.016158893871995105 0.029149094712439007 -0.076706511733827393 0.010558958163985258 -0.026757936930357676 0.061625077635937935
leaf_weight=12792.841444588266 864.64686222560704 39213.838764257729 56.159416723065078 102.60827402211726 13.98943927139044 10.64285674318671 32.449520556256175 477.13497345522046 72.706473747268319 87.230674197897315 215.77090264018625 5.1872383244335643 162.06485449895263 51.264100037515163 648.26610810682178 3247.147355645895 19.851709246635437 5.0181488096714011 78.195259734988213 2405.5456915097311 56.860479347407818 93.326738923788071 7.5661959350109091 115.39680295437574 24.027385160326958 30.422698579728603 6.2998989075422278 25.246610701084137 59.630994889885187 6.0428111515939227
leaf_count=66216 4473 199081 325 565 68 55 169 2562 408 458 2356 34 789 278 3377 15791 98 33 391 12512 254 540 34 610 122 150 31 123 296 41
internal_value=1.16895e-06 0.000231463 -0.00014659 -0.0119951 -0.00136059 -0.0310327 -0.00127751 0.00411441 -0.00525879 0.00812082 -0.00177836 9.16797e-05 -0.0144711 -0.00341906 -0.00285546 -0.00163531 -0.00905443 0.0199746 -0.0157154 0.000767738 0.00425751 0.0167967 0.0314091 0.00239785 -0.00769809 0.00915587 -0.015239 -0.00199966 -0.0175666 -0.00159351
internal_weight=60987.4 52165.4 39372.6 158.768 8821.93 24.6323 8797.3 747.717 270.582 119.68 8049.58 3771.34 167.252 4278.24 4062.47 3394.35 668.118 56.2822 150.902 3604.09 1198.55 157.753 64.4267 1040.79 176.147 54.4501 121.697 3338.07 84.8776 3253.19
internal_count=312240 266187 199971 890 46053 123 45930 3988 1426 627 41942 19549 823 22393 20037 16562 3475 311 799 18726 6214 828 288 5386 913 272 641 16251 419 15832
cat_boundaries=0 1 2 3 4 5 6 7
cat_threshold=386 25641732 16269330 1610 10548848 1572 4194438
is_linear=0
shrinkage=0.05


Tree=155
num_leaves=31
num_cat=6
split_feature=10 26 32 3 1 21 13 1 11 15 18 32 1 27 7 23 14 1 16 15 1 19 23 30 23 30 1 14 6 21
split_gain=7.74027 16.0437 15.3201 16.1978 21.2237 15.2014 22.4347 19.2394 14.3551 13.6801 12.9868 12.9258 13.4443 14.3941 12.8991 11.7821 11.737 21.3131 16.9748 13.8062 21.1632 13.4465 11.9097 11.3086 11.2038 14.4253 11.1266 11.8564 15.9873 11.4821
threshold=0.17500000000000002 0.42365967365967372 0.33105778191985097 1.5000000000000002 0 0.10555555555555557 54.040000000000006 1 1.6950000000000001 21.780000000000005 50.565000000000005 0.30238230289279638 2 5.5000000000000009 47.150000000000013 3.1180555555555558 5.1550000000000011 3 49.845000000000006 33.245000000000005 4 46.265000000000008 3.2111111111111117 -0.23188333333333336 3.2111111111111117 0.013013594470046077 5 4.3850000000000007 59.500000000000007 0.23611111111111113
decision_type=8 8 10 2 1 8 2 1 2 2 2 10 1 10 2 8 2 1 2 2 1 2 10 8 10 10 1 2 2 10
left_child=2 16 3 8 -5 7 11 24 -1 15 -4 -7 -13 -14 -11 -6 19 18 -18 26 -21 -20 -23 -9 -3 -26 27 28 -2 -29
right_child=1 5 10 4 9 6 -8 23 -10 14 -12 12 13 -15 -16 -17 17 -19 21 20 -22 22 -24 -25 25 -27 -28 29 -30 -31
leaf_value=0.046759317897971532 0.0002637784168983785 0.032938455927899006 -0.0014556337178448222 -0.00060178019713025244 0.0021991789284816006 -0.008891531596439595 0.0016810505690793187 0.028340517016335998 0.000742047603734541 0.026468131201325247 0.00075074330682904308 -0.0060824947751536192 -0.029688722906724387 -0.087409542666843226 0.0052119716414560559 0.023723142006015857 0.020968206467693918 -0.001182358999143652 0.0034787838725329231 0.0013904865498576538 -0.017852775296890017 0.043791633963536275 0.0064505379963774381 -0.005630487739454351 0.011294136791418944 -0.0095718358434296186 -0.0020479840078305683 0.0068784872098276639 -0.020082022642945674 -0.0098092837374898281
leaf_weight=16.969224890694022 2992.5881570419297 40.88864604383707 13619.288248922676 1161.8620474375784 89.013788439333439 815.39067307859659 436.62582924216986 25.183681286871433 13235.355376493186 74.708817221224308 13069.410472542048 101.30398456007242 112.32538396120071 11.949979700148104 1598.1024913527071 222.51231138408184 173.58268804848194 2268.2750782668591 1569.1465841829777 279.26989133283496 288.05893894284964 39.888363376259804 45.953584969043732 899.83971717767417 298.31766331475228 114.66878822259605 6031.4379144124687 1140.9323970973492 99.771798297762871 113.31525537371635
leaf_count=187 17722 251 69345 5760 457 4161 2986 118 63682 377 67998 548 621 64 7915 1072 795 10312 7175 1305 1351 180 208 5096 1732 611 33853 5346 499 513
internal_value=8.07158e-07 -0.000873163 0.00036386 0.00156664 0.00479179 -0.00430835 -0.00783193 -0.00053257 0.000800971 0.00791296 -0.000375175 -0.0118221 -0.0224149 -0.0326146 0.00616129 0.017573 -0.000220826 0.00206205 0.00605995 -0.0010753 -0.00867037 0.00453292 0.0238019 -0.0046553 0.0078005 0.00550054 -0.000660111 0.00126752 -0.000392658 0.00537083
internal_weight=60985.9 17898.7 43087.2 16398.5 3146.2 2856.49 1477.6 1378.9 13252.3 1984.34 26688.7 1040.97 225.579 124.275 1672.81 311.526 15042.2 4096.85 1828.57 10945.4 567.329 1654.99 85.8419 925.023 453.875 412.986 10378 4346.61 3092.36 1254.25
internal_count=312240 95447 216793 79450 15581 16188 8380 7808 63869 9821 137343 5394 1233 685 8292 1529 79259 18670 8358 60589 2656 7563 388 5214 2594 2343 57933 24080 18221 5859
cat_boundaries=0 1 2 3 4 5 6
cat_threshold=22350096 18416464 1121146 29530252 8349714 11748102
is_linear=0
shrinkage=0.05


Tree=156
num_leaves=31
num_cat=7
split_feature=25 27 30 10 1 7 32 20 1 16 2 30 27 1 28 32 2 1 7 21 26 1 30 7 14 10 23 25 11 17
split_gain=7.5176 10.9931 11.6046 14.5513 14.9221 14.09 12.6692 11.8518 11.0653 15.4463 11.284 10.5737 18.3513 12.8446 11.1424 10.5697 14.7905 13.1228 15.0736 13.8234 13.3197 12.5948 10.8865 13.9412 10.5066 10.4791 13.1542 10.18 10.1795 10.1427
threshold=1.0000000180025095e-35 5.5000000000000009 0.016700000000000038 0.13500000000000004 0 55.95000000000001 0.23310577056137277 58.645000000000003 1 85.435000000000016 2 -0.10712142857142858 7.5000000000000009 3 1425.7531611657885 0.46838774150566292 4 5 56.050000000000004 0.43650793650793657 0.69309262166405039 6 0.16667777777777784 51.95000000000001 3.1150000000000007 0.19500000000000003 3.4365079365079372 0.41666666666666669 1.0000000180025095e-35 46.440000000000005
decision_type=8 10 8 10 1 2 10 2 1 2 1 8 8 1 2 8 1 1 2 10 10 1 10 2 2 10 8 10 2 2
left_child=11 15 5 6 -5 8 -4 -6 -3 10 -10 12 13 14 -1 21 -17 18 19 25 29 -2 23 -21 -15 28 -27 -28 -18 -19
right_child=1 2 3 4 7 -7 -8 -9 9 -11 -12 -13 -14 24 -16 16 17 20 -20 22 -22 -23 -24 -25 -26 26 27 -29 -30 -31
leaf_value=-0.026006252742786375 0.0031462284793489616 0.0073292431048186104 0.08873843776788197 -0.017240331246786599 -2.9433163419981605e-05 -0.023918261784368906 0.0066669102213833724 -0.024673676562666773 -0.0079772773649442238 -0.050526753711087294 0.0059117517957903683 -0.00066535845695121711 0.025054891126410031 0.023839486929162376 -0.00092513822778124476 -0.0043335910491758096 0.069869462295104906 -0.0026259269443713548 -0.025199212446720572 -0.0070931563514981203 0.01468906295976169 0.000304748768195951 0.034785646127828765 0.014662494537046714 0.0046802478890256701 -0.05603830346432509 -0.01436085555914386 0.063365556849792296 0.002633343363914777 0.0084168365290295463
leaf_weight=46.914147697389126 7719.71466986835 476.54050129652023 4.9466154724359503 338.0105304569006 381.38254867121577 56.236961327493191 95.176583394408226 55.941899184137583 302.13625478371978 16.541109457612038 265.95434010028839 33847.522591782734 91.830786898732185 78.839917287230492 789.16810686513782 1925.0895630288869 5.6465285439044228 3084.3288900330663 44.714447477832437 97.438695814460516 125.88860655203462 7890.3938605114818 47.01916716620326 301.45711074396968 774.4991181306541 17.114094980061054 24.360444124788049 5.0934074521064749 1851.9938920661807 222.97350283712149
leaf_count=243 37410 2431 26 1692 1942 273 510 286 1548 86 1336 176646 443 396 3850 10085 40 15318 220 565 1688 38171 264 1746 3789 79 122 23 9865 1147
internal_value=5.56224e-07 0.000658605 -0.00290604 -0.00721662 -0.00953309 0.000471171 0.0107217 -0.00311076 0.00176369 -0.00284948 -0.00151142 -0.00046776 0.00328702 0.0021038 -0.00230492 0.000962667 -0.000546371 0.000710823 0.00354415 0.00410612 -0.00127013 0.00171217 0.0120304 0.00934822 0.00637565 0.00225045 -0.0211763 -0.000919751 0.00283772 -0.00188144
internal_weight=60984.9 25356.1 1992.87 875.458 775.335 1117.41 100.123 437.324 1061.17 584.632 568.091 35628.8 1781.25 1689.42 836.082 23363.2 7753.12 5828.03 2394.84 2350.12 3433.19 15610.1 445.915 398.896 853.339 1904.21 46.5679 29.4539 1857.64 3307.3
internal_count=312240 126873 10130 4456 3920 5674 536 2228 5401 2970 2884 185367 8721 8278 4093 116743 41162 31077 12924 12704 18153 75581 2575 2311 4185 10129 224 145 9905 16465
cat_boundaries=0 1 2 3 4 5 6 7
cat_threshold=9111480 22250290 4530 11752048 4100 14786772 14444838
is_linear=0
shrinkage=0.05


Tree=157
num_leaves=31
num_cat=5
split_feature=23 7 0 6 0 11 1 20 3 13 30 11 1 18 1 0 1 31 8 4 31 20 19 1 28 7 23 23 23 23
split_gain=7.48312 8.45564 25.4866 7.90785 11.1775 11.5989 11.0684 12.5571 9.68006 9.66096 20.3234 16.571 13.0397 12.0801 12.0062 13.8278 11.6249 11.4129 11.1696 10.7002 10.692 10.651 13.5464 10.5751 10.5694 14.6656 13.3105 9.82664 9.80557 9.79586
threshold=5.7888888888888896 47.150000000000013 4.5000000000000009 34.500000000000007 2.5000000000000004 7.1250000000000009 0 46.055000000000007 1.0000000180025095e-35 66.325000000000003 -0.139797619047619 6.5750000000000011 1 27.625000000000004 2 3.5000000000000004 3 24.500000000000004 1.5000000000000002 1.0000000180025095e-35 28.500000000000004 63.565000000000005 46.265000000000008 4 1417.4042251265157 62.650000000000013 4.4722222222222232 4.4365079365079376 2.6458333333333335 2.5277777777777781
decision_type=10 2 2 2 2 2 1 2 2 2 10 2 1 2 1 2 1 2 2 2 2 2 2 1 2 2 10 10 10 8
left_child=3 2 -2 -1 6 9 7 -5 -7 11 -11 14 19 -14 15 20 17 -12 24 -13 29 -16 28 -24 25 27 -27 -17 -23 -6
right_child=1 -3 -4 4 5 8 -8 -9 -10 10 16 12 13 -15 21 18 -18 -19 -20 -21 -22 22 23 -25 -26 26 -28 -29 -30 -31
leaf_value=0.000858126208233628 0.22003079632129874 -0.021880143664026613 -0.0054987092872225678 0.0088928820971634071 -0.026489148561135829 0.049286205254293253 0.00011282338225181493 0.0014314049905527629 0.0031955734402370536 0.015751500890988011 0.0016679247352029266 0.020593613617913883 -0.044557149581603922 0.0014430650241886052 0.00030397352423544946 -0.0054882787362679954 -0.0016688234466982926 -0.009729500910924279 -0.03167652207636356 0.0052596786747117746 0.002423165233557205 0.015357330985213875 -0.01126165171109611 0.0059286791027883118 -0.0028788684400751722 0.12300709504555206 -0.015044500551367702 -0.020496458243403154 -0.018519814761634442 -0.0029090236131201698
leaf_weight=19256.959283495322 1.4643700160086144 67.638183539733291 8.6662326287478191 819.36864111572504 46.58196210116148 11.488589674234388 10290.32101546973 1808.3281105309725 1352.3348300904036 130.4066411703825 267.69692774862051 196.26111267507076 14.632767647504805 579.1219766959548 11930.795666683465 255.3060699775815 1835.2787429243326 1223.6604391261935 35.018093135207891 270.67757485806942 2134.7606039792299 23.563959449529648 130.11156936734915 237.54967238008976 6819.3321988619864 3.8730421066284171 3.179310031235218 190.40714798867702 228.36159588396549 808.5092857927084
leaf_count=102590 32 2269 374 4770 214 56 57540 10402 6327 604 1232 946 67 2646 55612 1576 8393 5552 194 1191 9336 104 611 1095 32584 23 23 1314 1061 3502
internal_value=4.6866e-07 -0.0154995 0.0271014 2.02608e-05 -0.000367157 -0.000916431 0.000854397 0.0037438 0.00358383 -0.00114072 -0.00361131 -0.000783474 0.00532587 0.00030429 -0.0010671 -0.00233138 -0.00437035 -0.0076325 -0.00350569 0.0114593 0.000530792 -2.79398e-05 -0.00641973 -0.000299855 -0.00337004 -0.0107678 0.0607713 -0.0118997 -0.0153511 -0.00419357
internal_weight=60981.7 77.7688 10.1306 60903.9 41646.9 28728.9 12918 2627.7 1363.82 27365.1 3457.04 23908 1060.69 593.755 22847.4 10297 3326.64 1491.36 7307.12 466.939 2989.85 12550.4 619.587 367.661 7272.1 452.766 7.05235 445.713 251.926 855.091
internal_count=312240 2675 406 309565 206975 134263 72712 15172 6383 127880 15781 112099 4850 2713 107249 48766 15177 6784 35714 2137 13052 58483 2871 1706 35520 2936 46 2890 1165 3716
cat_boundaries=0 1 2 3 4 5
cat_threshold=12878336 23628974 30186656 18436890 213312
is_linear=0
shrinkage=0.05


Tree=158
num_leaves=31
num_cat=5
split_feature=27 2 17 18 14 1 1 10 19 30 23 6 22 14 6 13 31 23 30 26 24 3 1 19 1 17 17 30 31 31
split_gain=7.41738 14.0991 9.41007 11.4253 9.90363 10.2276 9.33856 18.7685 11.4203 12.9538 9.82339 14.3784 10.4966 11.3769 11.4424 10.2873 11.6584 10.9499 10.3372 13.4768 9.12373 10.3 9.02715 11.5518 13.8016 11.8876 10.2612 8.98675 10.7718 11.561
threshold=1.0000000180025095e-35 0 26.965000000000003 28.640000000000004 7.4050000000000011 1 2 0.13500000000000004 58.110000000000007 0.0095085995085995179 3.3166666666666669 44.500000000000007 0.38750000000000007 6.4250000000000007 51.500000000000007 75.945000000000007 99.500000000000014 2.6125000000000003 0.026654084321475629 0.053101503759398504 0.14950000000000005 1.0000000180025095e-35 3 41.865000000000002 4 26.145000000000003 24.665000000000003 -0.0069174185463659324 19.500000000000004 77.500000000000014
decision_type=8 1 2 2 2 1 1 8 2 8 8 2 10 2 2 2 2 10 8 8 8 2 1 2 1 2 2 10 2 2
left_child=2 -2 4 -4 22 -6 7 -5 -8 -10 11 -9 13 14 -13 17 -17 -14 -19 -20 21 -12 -1 26 25 -25 -24 -28 -29 -30
right_child=1 -3 3 6 5 -7 8 10 9 -11 20 12 15 -15 -16 16 -18 18 19 -21 -22 -23 23 24 -26 -27 27 28 29 -31
leaf_value=-0.0057886892973156179 -0.0039737486186772145 0.00063890754641390227 0.043258842018924236 0.0075433366230989764 0.022228231219243295 -0.00016622647862374231 0.00064287966744568667 0.0018901190033822337 -0.00060203909625772115 -0.042171927344054339 0.029953189075684745 0.028550018827410859 0.0019702792615754012 -0.027542936667404927 -0.0048907044495163443 -0.067308656446446347 0.033319944437504224 -0.020935597680919998 -0.025237707226915925 0.005236331771674283 -0.0071011722200633974 -0.0013752614093277115 -0.00062079685862351794 0.020179566140008903 0.0006632061926142652 0.093120877302282676 -0.001253011817644401 0.0036181024433812937 -0.023331712975508078 -0.0033244349239072157
leaf_weight=1867.7795009939 1726.0272189024836 36302.87927464582 15.134741410613058 467.29435804486275 68.593724366277456 154.29372962936759 12594.792623677291 1630.6896770149469 42.863268656656146 33.299542516469955 27.504208484664559 55.816955134272575 173.0186850130558 20.52194744348526 47.221191935241222 14.250899955630304 3.6067530922591677 201.0222736671567 52.509178757667542 117.38377001136541 1730.9188258601353 569.02721534669399 1980.6128843184561 88.290010064840317 256.88345166482031 5.963083714246749 315.47629353962839 82.581016965210438 215.00387800578028 108.71159988641739
leaf_count=9691 8695 186161 79 2427 384 838 64280 8135 221 163 213 265 900 106 222 76 22 991 258 564 9064 2763 10200 445 1328 32 1603 442 1124 548
internal_value=3.36355e-07 0.000428675 -0.000709711 -0.000165276 -0.00259324 0.00771551 -0.000202236 -0.00200417 0.000525735 -0.018777 -0.00296929 -0.000663898 -0.00674079 0.0064535 0.0132245 -0.00964274 -0.0469845 -0.00841679 -0.013262 -0.00418234 -0.00526339 6.9196e-05 -0.00306013 -0.00136769 0.00715944 0.022416 -0.00248073 -0.00758455 -0.0125008 -0.0166128
internal_weight=60970 38028.9 22941.1 17796.9 5144.19 222.887 17781.7 5110.79 12671 76.1628 4643.49 2316.04 685.352 123.56 103.038 561.792 17.8577 543.934 370.915 169.893 2327.45 596.531 4921.3 3053.52 351.137 94.2531 2702.39 721.773 406.296 323.715
internal_count=312240 194856 117384 90749 26635 1222 90670 26006 64664 384 23579 11539 3404 593 487 2811 98 2713 1813 822 12040 2976 25413 15722 1805 477 13917 3717 2114 1672
cat_boundaries=0 1 2 3 4 5
cat_threshold=6144 6825132 2740736 4761372 399360
is_linear=0
shrinkage=0.05


Tree=159
num_leaves=31
num_cat=7
split_feature=4 3 28 24 1 1 26 13 28 1 7 19 17 14 16 1 26 27 30 8 16 2 32 1 13 29 28 14 6 1
split_gain=7.31614 11.5801 16.3261 12.5734 12.6517 11.578 15.7204 11.6591 12.8141 15.4933 13.507 16.0812 11.9725 11.8037 14.106 11.2622 12.3965 11.6071 11.1781 10.9642 10.5208 10.1949 10.0679 15.4407 16.5459 14.4585 13.7746 12.9579 13.637 14.8299
threshold=1.5000000000000002 2.5000000000000004 1526.7414736843787 0.12527777777777782 0 1 0.83469945355191266 65.655000000000015 1606.7474820426917 2 54.850000000000001 29.525000000000002 35.515000000000008 7.2750000000000012 79.935000000000016 3 0.085960591133004943 5.5000000000000009 0.18722631578947371 1.5000000000000002 44.485000000000007 4 0.26517244265863055 5 34.420000000000009 5.2500000000000009 1470.9520342318494 4.535000000000001 26.500000000000004 6
decision_type=2 2 2 10 1 1 8 2 2 1 2 2 2 2 2 1 10 10 10 2 2 1 8 1 2 2 2 2 2 1
left_child=1 19 -3 4 -4 -5 7 8 9 13 -10 -12 -9 14 20 16 17 -14 -6 21 -7 22 27 -24 25 -25 -27 28 -1 -30
right_child=-2 2 3 5 18 6 -8 12 10 -11 11 -13 15 -15 -16 -17 -18 -19 -20 -21 -22 -23 23 24 -26 26 -28 -29 29 -31
leaf_value=0.0048102455108265012 -0.0018373927938402001 0.0075661477967181789 -0.00018747474856734678 0.0035157113560309117 0.0092739901789477119 0.019874035102407431 0.011418419024445684 -0.0063839398197458753 0.0081850635684958487 -0.0051278455009603971 0.017940532429242068 -0.04671748779202161 -0.010092414346954705 0.025226292586349144 -0.039301218139236725 -0.0047957390590110723 0.010381781809532762 0.050549794455852753 -0.033931188724563244 -0.014759618566793318 0.00091822997342649577 -0.00069476575636289611 -0.002469266322388813 -0.01632400349270445 0.0023133564830347675 0.079375907495746176 0.00096685208488278345 0.0051833888803089158 0.0023856082277556277 -0.0039830610232891289
leaf_weight=1482.7112449854612 4973.5039258077741 1061.5630169510841 727.94872356951237 1840.0585868135095 968.13347448036075 87.633260499686003 240.93188528344035 1741.4674744419754 676.67562038078904 1057.3078303560615 15.742150168865917 24.712612729519606 139.91851220279932 63.808642856776714 19.459535222500563 520.06279575079679 378.6605768352747 8.3622579574584943 15.205625310540198 128.45503920316696 444.39377433434129 29174.406290536746 4235.107026941143 198.37614548206329 4610.8606063500047 7.584652196615937 21.419939851388335 2459.7893990650773 1776.9328999593854 1862.8983662165701
leaf_count=10840 23846 5659 4240 10628 5697 453 1819 9684 3878 5574 85 133 651 352 99 3051 2438 40 89 778 2360 146146 20955 1093 22334 82 153 11493 8581 9009
internal_value=4.15379e-07 0.000163663 0.00170273 0.00100885 0.00486427 9.99755e-05 -0.00106436 -0.00164721 0.000915629 -0.00148178 0.00650725 -0.0215571 -0.00384358 0.00478902 0.00251121 0.000381778 0.00547875 -0.00667251 0.00851926 -0.000172291 0.00404055 -0.000131405 0.000855292 -0.000267958 0.00166061 -0.0115029 0.0214707 0.00220055 0.000768224 -0.000878323
internal_weight=60964.1 55990.6 10032 8970.48 1711.29 7259.2 5419.14 5178.21 2389.73 1672.6 717.13 40.4548 2788.47 615.295 551.487 1047 526.941 148.281 983.339 45958.5 532.027 45830.1 16655.7 9073.35 4838.24 227.381 29.0046 7582.33 5122.54 3639.83
internal_count=312240 288394 56930 51271 10026 41245 30617 28798 12934 8838 4096 218 15864 3264 2912 6180 3129 691 5786 231464 2813 230686 84540 44617 23662 1328 235 39923 28430 17590
cat_boundaries=0 1 2 3 4 5 6 7
cat_threshold=19157638 2368132 9979944 22120776 774 23360100 9042532
is_linear=0
shrinkage=0.05


Tree=160
num_leaves=31
num_cat=2
split_feature=10 1 19 15 31 2 16 16 19 24 23 7 0 7 19 28 24 24 14 30 16 17 24 30 26 14 24 7 6 7
split_gain=7.08156 10.9795 17.0675 14.8381 12.1553 11.9941 10.04 12.1929 9.87026 9.13315 8.2177 8.6146 16.6646 8.18883 8.11283 10.988 8.34688 8.79943 8.8085 12.0086 8.29684 9.20727 8.1147 8.51363 8.03496 9.81126 7.92163 7.45699 7.45054 15.6819
threshold=0.21500000000000002 0 35.085000000000008 38.720000000000006 24.500000000000004 1 1.0000000180025095e-35 57.100000000000009 35.455000000000005 0.14816666666666672 5.7888888888888896 47.150000000000013 4.5000000000000009 46.250000000000007 34.385000000000012 1328.9641620139028 0.19472222222222227 0.16816666666666671 1.3050000000000004 0.02210172413793102 42.120000000000012 39.685000000000009 0.25050000000000011 0.045638998211091249 0.14760348583878 4.285000000000001 0.17154761904761909 53.350000000000001 30.500000000000004 53.550000000000004
decision_type=10 1 2 2 2 1 2 2 2 8 10 2 2 2 2 2 8 10 2 10 2 2 10 10 10 2 10 2 2 2
left_child=10 4 3 5 -2 9 -6 13 -4 -3 28 12 -12 -8 16 -16 17 18 19 -7 21 22 23 -18 -10 -26 -19 -15 29 -1
right_child=1 2 8 -5 6 14 7 -9 24 -11 11 -13 -14 27 15 -17 20 26 -20 -21 -22 -23 -24 -25 25 -27 -28 -29 -30 -31
leaf_value=0.001757471349278082 -0.011113790598527813 0.03938323919179737 -0.046315959481165979 0.047327364140334741 -0.0053733602854218517 -0.013421420385592943 -0.01633325001547278 -0.018134690740723731 -0.010575783133284672 -0.014496449676223428 0.17910504009201089 -0.025160303699235904 -0.0022528959525519926 0.031801817900240177 0.1314221132510538 0.015851650430106997 -0.0091683883866793339 0.071444681986275904 -0.022117512372666015 0.099914796020228791 -0.032555232948677473 0.025514954894241038 0.022461646846694855 -0.061662632929932952 -0.056775729176214866 -0.0016783742970917306 0.017548497739630374 -0.0024877593535046587 -0.00021843705927988843 -0.0031092702517344444
leaf_weight=12183.056901111268 97.473893757909536 8.1844105049967748 27.027025720104575 14.893805302679537 72.690141530707479 5.5984188225120288 12.235573817044495 21.185568317770958 201.04813408851624 201.66807495802641 1.5015614181756962 55.832590269856155 8.097195119597016 103.81396725028753 2.843296676874159 7.4338740017265081 54.536589900031686 7.6961521096527568 26.033023713156581 4.0121863484382629 23.935851447284222 26.588418563827872 16.811183526180685 8.9981822073459607 22.059288844466209 12.749852143228052 59.730575608089566 18.713607732206583 45735.698350124061 1915.4899825332686
leaf_count=65332 628 78 151 70 622 79 68 97 1443 1370 27 1849 353 569 29 49 417 47 159 28 116 158 148 51 99 59 364 108 227540 10132
internal_value=3.51521e-07 -0.00405471 -0.007396 -0.00178021 0.00356125 -0.00339097 0.00997331 0.0171266 -0.0176954 -0.0118313 7.19729e-05 -0.0176379 0.0261175 0.0226699 0.00417517 0.0478255 0.00243605 0.0130783 -0.00701521 0.0338936 -0.00594553 1.07068e-05 -0.00842927 -0.0166029 -0.0144158 -0.0365947 0.0237003 0.0265648 9.13394e-05 0.00109625
internal_weight=60957.6 1057.96 731.848 468.964 326.113 454.07 228.639 155.949 262.884 209.852 59899.7 65.4313 9.59876 134.763 244.218 10.2772 233.941 103.07 35.6436 9.61061 130.87 106.934 80.346 63.5348 235.857 34.8091 67.4267 122.528 59834.2 14098.5
internal_count=312240 7007 4915 3163 2092 3093 1464 842 1752 1448 305233 2229 380 745 1645 78 1567 677 266 107 890 774 616 468 1601 158 411 677 303004 75464
cat_boundaries=0 1 2
cat_threshold=12590864 1858
is_linear=0
shrinkage=0.05


Tree=161
num_leaves=31
num_cat=5
split_feature=8 14 1 20 17 22 32 14 19 1 23 2 17 0 1 21 18 27 14 22 11 23 26 1 32 17 17 24 30 26
split_gain=7.05079 8.67167 13.8659 12.4367 14.7014 10.9119 10.4985 10.0598 9.3092 9.20433 9.0741 8.80512 8.47794 8.4528 18.6754 13.0401 14.4937 12.146 11.2774 9.50866 14.6458 14.3061 10.6317 9.10306 10.9739 10.4478 10.1652 8.91939 11.927 8.85494
threshold=1.0000000180025095e-35 7.9650000000000007 0 54.845000000000006 18.435000000000006 0.5277777777777779 0.58351216022889851 8.1450000000000014 34.125000000000007 1 1.2111111111111115 2 30.420000000000005 1.5000000000000002 3 1.0000000180025095e-35 61.560000000000009 4.5000000000000009 4.4750000000000005 0.76388888888888895 6.6150000000000011 2.7638888888888893 0.7372735116479725 4 0.14321074964639322 46.685000000000009 73.795000000000016 0.19950000000000007 0.048823700623700596 0.22111111111111112
decision_type=2 2 1 2 2 10 8 2 2 1 8 1 2 2 1 8 2 10 2 10 2 10 10 1 8 2 2 10 8 10
left_child=1 10 6 5 -5 7 8 -4 -3 12 -1 13 -9 14 15 -12 17 -17 -19 21 -21 -16 -22 24 27 -26 -27 28 29 -15
right_child=-2 2 3 4 -6 -7 -8 9 -10 -11 11 -13 -14 23 19 16 -18 18 -20 20 22 -23 -24 -25 25 26 -28 -29 -30 -31
leaf_value=0.040223777285661851 -0.0013075136700683018 0.02912628789791781 0.0042989142123597982 -0.05413515097578301 0.0148699110073678 0.0060871684817130449 -0.0073365920368857447 -0.025179741945764875 0.0087101953025447119 -0.02843182751358227 0.020561386769869874 -0.00024813338154254771 0.0066261339393869391 0.014644833006063847 0.020284019736615776 0.006104059707466988 0.032360535040485264 -0.059132656776356811 -0.0051655663857807926 0.019416343528696534 -0.22949502150773707 -0.0019741482569624225 -0.044223342341134245 -0.00051103895063866816 0.00095136265855722772 0.012870196585569394 -0.048862171840415212 -0.0014848378182306422 -0.01685541827508634 0.090257170982504742
leaf_weight=14.113596461713312 8816.2553289812058 116.32996005192399 78.618215069174767 8.0811175070703012 172.03839533030987 163.4340306147933 44.213328462094069 32.253101915121078 107.3693404905498 79.989481505006552 232.55182560160756 38628.4860228654 59.792634759098291 363.99175773654133 79.774966642260551 365.91328679770231 46.932598639279604 13.684201311320065 33.08551113307476 2.793756626546382 1.5758189521729948 759.33151826635003 1.5224110744893549 6075.9762162128463 4214.4409984853119 254.54319139197469 6.8479379042983046 146.52339182235301 30.977952461689711 3.9136776626110068
leaf_count=85 46053 624 425 44 943 939 255 172 572 413 1310 196023 310 2424 869 3030 451 83 341 36 20 4976 23 29738 19477 1189 32 1179 186 18
internal_value=2.30092e-07 0.000221358 0.00519434 0.000792858 0.011774 -0.00396456 0.0143897 -0.0105186 0.0193271 -0.01729 0.000137747 0.000126711 -0.00407593 0.00127195 0.00474784 0.0107579 0.00603163 0.00303736 -0.0209556 -0.000298948 -0.063599 0.000141965 -0.138456 0.000791625 0.00236423 0.00155298 0.0112529 0.00906503 0.0129403 0.0154492
internal_weight=60955.4 52139.1 862.12 594.207 180.12 414.087 267.913 250.653 223.699 172.035 51277 51262.9 92.0457 12634.4 1537.17 692.167 459.616 412.683 46.7697 844.998 5.89199 839.106 3.09823 11097.2 5021.24 4475.83 261.391 545.407 398.883 367.905
internal_count=312240 266187 4697 3246 987 2259 1451 1320 1196 895 261490 261405 482 65382 11139 5215 3905 3454 424 5924 79 5845 43 54243 24505 20698 1221 3807 2628 2442
cat_boundaries=0 1 2 3 4 5
cat_threshold=1097902 25567552 386 19771808 15943702
is_linear=0
shrinkage=0.05


Tree=162
num_leaves=31
num_cat=9
split_feature=17 19 1 0 18 12 1 24 32 1 14 19 1 7 2 32 20 1 1 24 19 17 28 18 17 7 1 17 2 6
split_gain=6.76232 11.3188 11.092 11.8589 10.4245 10.4106 11.2912 17.3283 9.90575 10.7408 10.4691 9.7116 16.9442 12.5464 10.8151 20.0208 11.3682 14.0214 12.5544 12.3135 15.0134 12.1916 11.2619 11.0677 11.4146 10.5837 12.7845 11.8667 10.4387 12.5954
threshold=28.335000000000004 55.635000000000012 0 3.5000000000000004 1.0000000180025095e-35 18.215000000000003 1 0.083875000000000019 0.25537696577243302 2 5.4350000000000014 34.07500000000001 3 57.050000000000004 4 0.24091988391522298 21.810000000000002 5 6 0.14472222222222228 19.495000000000001 36.815000000000005 1462.998234468643 43.405000000000008 43.245000000000012 56.850000000000001 7 31.285000000000004 8 19.500000000000004
decision_type=2 2 1 2 2 2 1 10 10 1 2 2 1 2 1 8 2 1 1 10 2 2 2 2 2 2 1 2 1 2
left_child=4 11 3 -3 -1 8 7 -7 9 10 -6 14 13 -13 15 16 18 19 -2 20 -18 -21 23 -20 -25 -19 27 -27 -14 -30
right_child=1 2 -4 -5 5 6 -8 -9 -10 -11 -12 12 28 -15 -16 -17 17 25 22 21 -22 -23 -24 24 -26 26 -28 -29 29 -31
leaf_value=0.0019985199033108973 -0.027957015140487287 0.024932409749988393 -0.012502301363589336 -0.0089162135673587616 -0.0083445325514011747 0.025047315479801231 -0.0021381688814343883 0.00060196422475225497 -0.029753389399933085 -0.0010595689915729625 -0.042977851968709686 0.0038149319646872955 -0.0015828824166794508 -0.012862441120409419 -0.001364981923864734 -0.00044286471585487132 0.089872310291579743 0.0031874252854182357 0.082034386528915926 0.012223512211397303 0.018929535945416475 0.00072179492477818718 0.044773177212143765 -0.020665626244317243 0.024548697956239238 0.051820870674082135 -0.025818625914136081 -0.004940152533412988 0.031137733466443579 0.0011305145889657531
leaf_weight=2665.3637897130102 46.404748857021332 47.914488397538662 306.20435907971114 56.259089848026633 633.81443764735013 73.623579248785973 7386.770570974797 4725.6958103887737 39.932205118238926 944.66181682981551 22.598324317485094 5689.5575560973957 4936.1001604525372 115.05311570968479 11780.206082511693 8730.061947805807 7.8580845873802891 1712.5009608240798 3.4990526586771002 538.44667465053499 146.34366917982697 402.71272092405707 13.457669489085673 54.099540473893285 18.812868027016521 11.745559543371199 61.111291046254337 42.622593658976257 35.096954596228898 9702.6575004365295
leaf_count=13754 236 249 1539 287 4296 350 36506 23285 195 6444 116 29196 25077 618 60383 43759 42 9278 24 2878 742 2133 64 298 103 58 335 222 430 49343
internal_value=7.18751e-08 0.00032084 -0.00794457 0.00606975 -0.000864622 -0.00141653 -0.000913072 0.000974935 -0.00515523 -0.00454173 -0.00939375 0.000397845 0.00119434 0.00347838 -0.000294178 0.000776265 0.00425737 0.0049154 -0.00985877 0.00936239 0.0225448 0.00730204 0.00233722 -0.00483078 -0.00899942 0.0021875 -0.0124515 0.00618478 0.000288258 0.0012374
internal_weight=60951.2 44458.7 410.378 104.174 16492.5 13827.1 12186.1 4799.32 1641.01 1601.07 656.413 44048.3 20478.5 5804.61 23569.9 11789.7 3059.62 2923.34 136.274 1095.36 154.202 941.159 89.8691 76.4115 72.9124 1827.98 115.479 54.3682 14673.9 9737.75
internal_count=312240 227294 2075 536 84946 71192 60141 23635 11051 10856 4412 225219 104664 29814 120555 60172 16413 15688 725 5795 784 5011 489 425 401 9893 615 280 74850 49773
cat_boundaries=0 1 2 3 4 5 6 7 8 9
cat_threshold=2511120 6411394 6819050 25174166 4878 220960 17386756 4227224 4364
is_linear=0
shrinkage=0.05


Tree=163
num_leaves=31
num_cat=7
split_feature=10 26 21 13 1 32 3 1 28 32 11 1 23 1 15 2 14 1 20 15 1 20 16 16 19 20 32 11 20 20
split_gain=6.7898 14.41 13.5693 19.858 17.5554 13.2075 14.0399 19.1436 15.3457 12.7739 12.536 12.1454 11.2427 20.2489 11.122 11.4486 10.8532 19.2533 12.7942 12.5287 19.104 11.1623 13.2192 11.9814 10.8127 10.689 10.4214 10.3952 10.3309 10.2123
threshold=0.17500000000000002 0.42365967365967372 0.10555555555555557 53.875000000000007 0 0.33105778191985097 1.5000000000000002 1 1509.518593590092 0.30238230289279638 1.6950000000000001 2 3.683333333333334 3 22.275000000000002 4 5.1550000000000011 5 52.010000000000012 33.245000000000005 6 43.490000000000002 84.260000000000005 47.345000000000006 50.215000000000011 47.485000000000007 0.13870722754314166 3.8150000000000004 33.470000000000006 54.180000000000007
decision_type=8 8 8 2 1 10 2 1 2 10 2 1 10 1 2 1 2 1 2 2 1 2 2 2 2 2 8 2 2 2
left_child=5 16 4 9 -3 6 10 28 14 -4 29 -11 -7 -14 -9 -16 19 18 21 -2 -21 23 25 -18 -5 -23 -25 -20 -8 -1
right_child=1 2 3 24 -6 12 7 8 -10 11 -12 -13 13 -15 15 -17 17 -19 27 20 -22 22 -24 26 -26 -27 -28 -29 -30 -31
leaf_value=0.021328116120323891 -0.00062762315824715258 0.0058733311322273739 -0.0083188576754770326 0.0026357964837526158 -0.0054272132356742719 6.9464788753719563e-05 -0.013334827054692418 0.023231649551451298 0.0018763870399810775 -0.0024648817481012098 0.00068823754651810027 -0.029324457299874186 -0.0085822904628670548 -0.00051837826179553729 -0.0014014487202886946 0.012815487998928883 0.051677833962507538 -0.0006028270251443341 -0.043673553484188277 0.0012917743973172892 -0.017007138313764169 -0.0088929591437840166 -0.051241802993367593 0.085328689272550426 -0.047676018483608529 0.0051341109747225768 0.0070384595034904329 0.013179524453145916 0.0017321356961865428 0.11041793093203452
leaf_weight=13.106181986629965 10371.489572928287 599.43483899347484 809.77493735402822 435.4652178324759 778.33269028086215 22906.231037609279 123.39867820218205 185.06781356036663 569.11483371257782 72.781766481697559 13230.491574911401 147.59507945179939 1091.1426008790731 2676.4778254553676 188.07365032657981 617.95633815601468 16.719832174479961 2608.6052086278796 8.1553768962621671 279.19679752364755 287.19780767709017 215.47393034398556 12.890609726309775 4.3132724687457076 10.947569377720354 367.3613071963191 292.51639774441719 569.27153351157904 1458.0861206948757 4.2629574052989474
leaf_count=142 57933 3430 4141 2981 4378 118919 622 890 2909 381 63682 811 5347 13077 932 2994 76 11861 41 1305 1351 987 57 21 66 1689 1338 2600 7234 45
internal_value=-5.81525e-07 -0.0008194 -0.00407627 -0.00740637 -0.000507369 0.000339536 0.00145662 0.00446173 0.00836657 -0.0112234 0.000743966 -0.0218963 -0.000346848 -0.00287793 0.0121778 0.00963981 -0.000201023 0.00199455 0.00651221 -0.00102308 -0.00826439 0.00285974 -0.00115937 0.0104958 0.00140198 -5.16907e-05 0.00817611 0.0123766 0.000553007 0.0431937
internal_weight=60950.9 17887.5 2854.33 1476.56 1377.77 43063.4 16389.6 3141.7 1560.21 1030.15 13247.9 220.377 26673.9 3767.62 991.098 806.03 15033.2 4095.31 1486.7 10937.9 566.395 909.275 595.726 313.55 446.413 582.835 296.83 577.427 1581.48 17.3691
internal_count=312240 95447 16188 8380 7808 216793 79450 15581 7725 5333 63869 1192 137343 18424 4816 3926 79259 18670 6809 60589 2656 4168 2733 1435 3047 2676 1359 2641 7856 187
cat_boundaries=0 1 2 3 4 5 6 7
cat_threshold=20775768 32836880 1120314 14692364 6146 21010572 8349714
is_linear=0
shrinkage=0.05


Tree=164
num_leaves=31
num_cat=6
split_feature=14 19 13 20 1 28 11 1 23 11 1 1 2 1 12 17 22 20 23 28 26 28 32 31 32 26 6 11 13 20
split_gain=6.73792 11.8369 10.8608 16.0253 15.0799 19.3217 13.0371 19.542 13.4795 12.9947 18.9007 16.9972 14.0748 12.1265 14.846 13.03 12.2602 11.8461 11.6223 11.5155 13.0766 11.2212 11.2204 11.0399 11.3107 10.61 10.3519 10.6814 9.97035 11.1545
threshold=6.8650000000000011 13.015000000000002 66.560000000000016 53.965000000000011 0 1677.4747034367695 5.9350000000000014 1 3.5634920634920637 7.3950000000000005 2 3 4 5 35.125000000000007 43.245000000000012 0.10555555555555557 65.235000000000014 3.6125000000000003 1590.9379496926501 0.03883861236802414 1504.1742187080133 0.43487097914457412 83.500000000000014 0.4322189110324704 0.072299651567944254 46.500000000000007 5.6450000000000005 61.215000000000011 49.725000000000001
decision_type=2 2 2 2 1 2 2 1 10 2 1 1 1 1 2 2 8 2 8 2 8 2 10 2 10 8 2 2 2 2
left_child=-1 -2 3 6 5 -5 7 8 -3 11 -11 12 19 14 -8 22 -15 -6 26 -4 -21 -14 23 24 -16 -12 27 -9 29 -24
right_child=1 2 9 4 17 -7 13 18 -10 10 25 -13 21 16 15 -17 -18 -19 -20 20 -22 -23 28 -25 -26 -27 -28 -29 -30 -31
leaf_value=-0.00018741394505332245 0.010788572306536411 -0.0066383163763851756 0.031144411335958751 0.0014642499625897355 0.014121715508318916 -0.054446823455666364 0.03780428488681007 -0.020816902781299634 -0.029437664181152203 0.014416371805617195 -0.021179880427922841 -0.0063096782391534011 0.048201236822208129 0.03918195208520997 -0.0063218944122026069 0.01566732136145348 0.0052033603590085275 -0.0023052863076330104 0.018145019003683243 -0.041343648269733857 0.01140496547886154 -0.0017359425363999558 0.021949236667012258 -0.038411405625946082 -0.070639309985334409 0.0011795611351463388 0.015832388787310411 0.004438994464708342 -0.0063709007854447211 -0.01355492761480627
leaf_weight=54136.91709513776 325.28389024361968 154.3964026607573 69.651682533323765 335.61120523139834 684.84843174740672 16.197975069284439 22.102165907621384 92.647149737924337 111.75191743671894 285.04926716536283 62.431599222123623 1437.4175307936966 11.44156828522682 27.258611008524895 130.24017103016376 75.824370823800564 1017.9121481627226 130.69284443184733 87.802027598023415 13.216968938708304 105.81236900389194 670.04808561876416 74.673773992806673 44.252236723899841 7.2141397669911376 353.29769760742784 53.493475832045078 76.37585150077939 303.97168315947056 31.43493003770709
leaf_count=275515 1825 765 389 1719 3594 82 115 449 533 1653 285 7922 58 139 652 426 5536 700 420 58 607 3693 395 228 35 2007 266 391 1623 160
internal_value=-9.26134e-07 0.00148107 0.00101436 0.0029169 0.00769216 -0.00107932 0.000505155 -0.00600927 -0.0156244 -0.00118563 0.00477752 -0.00299655 0.0025199 0.00266977 -0.00247655 -0.0038472 0.00603183 0.0113501 0.00265518 0.014242 0.00554778 -0.000884565 -0.00634755 -0.0166904 -0.00969752 -0.00212707 -0.00333757 -0.00940461 -0.00176463 0.0114311
internal_weight=60949.3 6812.35 6487.07 3478.7 1167.35 351.809 2311.35 576.467 266.148 3008.37 700.779 2307.59 870.171 1734.88 689.713 667.611 1045.17 815.541 310.319 188.681 119.029 681.49 591.787 181.707 137.454 415.729 222.516 169.023 410.08 106.109
internal_count=312240 36725 34900 18228 6095 1801 12133 2824 1298 16672 3945 12727 4805 9309 3634 3519 5675 4294 1526 1054 665 3751 3093 915 687 2292 1106 840 2178 555
cat_boundaries=0 1 2 3 4 5 6
cat_threshold=3674194 20558192 26372390 6931728 336 6377654
is_linear=0
shrinkage=0.05


Tree=165
num_leaves=31
num_cat=8
split_feature=4 3 24 1 21 1 13 24 20 12 2 19 11 12 10 1 2 1 32 25 1 8 22 12 28 15 24 2 13 26
split_gain=6.87742 10.3209 18.5784 16.6321 15.1377 18.8856 19.5082 15.3271 11.0377 13.3391 11.46 11.4999 10.6218 12.574 10.0628 13.8495 11.2755 21.1551 11.1076 11.9118 14.7076 11.6889 16.298 13.828 11.4176 11.0711 10.8525 12.2064 10.7664 13.5149
threshold=1.5000000000000002 1.5000000000000002 0.10050000000000002 0 0.31666666666666671 1 57.090000000000011 0.19414285714285717 53.525000000000013 15.485000000000001 2 55.635000000000012 4.4450000000000012 19.920000000000005 0.14500000000000005 3 4 5 0.21689934340536751 1.0000000180025095e-35 6 1.0000000180025095e-35 0.2678571428571429 55.110000000000007 1493.3377652503918 18.795000000000005 0.21950000000000006 7 58.845000000000006 0.57947368421052647
decision_type=2 2 10 1 8 1 2 10 2 2 1 2 2 2 10 1 1 1 8 8 1 2 8 2 2 2 10 1 2 8
left_child=1 4 3 -3 -1 6 7 8 -6 -10 -11 -12 -7 -14 16 25 17 -4 -17 20 24 22 -22 -24 -20 -16 27 -27 -21 -30
right_child=-2 2 14 -5 5 12 -8 -9 9 10 11 -13 13 -15 15 18 -18 -19 19 28 21 -23 23 -25 -26 26 -28 -29 29 -31
leaf_value=-0.00016757804139359215 -0.0017829502729468348 -0.0032369563482094821 0.00015617043774414726 0.013559992277617675 -0.0090683277856836823 -0.018964034992644194 0.017414340979701095 0.024258773269248968 0.045383954136180793 0.01222637613926281 -0.016919855019074288 0.065690876689914884 0.076833862830702038 -0.0072084650726164214 0.0073896342965344315 0.017345634651651117 0.00072435723129982924 0.0094783572742066502 0.011424755523242815 0.0031588469397929465 0.003465164391421892 -0.013446389387616215 -0.0059082089098471229 -0.030144923140600251 -0.0012912434200762811 -0.00080324595400050073 -0.011629734626455642 0.0037137932001883849 -0.0025734092398835679 0.0062340674108934575
leaf_weight=29622.470709046349 4971.5969603583217 206.42632732540369 1166.2683523148298 509.65917608514428 454.88424955494702 230.20378256589174 144.73994535207748 48.946620000526309 18.539250891655684 95.849124155938625 84.011684149503708 4.435112588107585 4.4767048880457869 762.75286919623613 785.60013211518526 81.128383360803127 3954.0998210944235 1276.4259992875159 192.84388291463256 2091.8581767193973 508.56337963789701 418.38600189238787 1400.1227343901992 61.433063086122274 2086.4101495556533 3021.2357085756958 163.34480188041925 2950.0764665938914 3122.7452568225563 506.16081304475665
leaf_count=150967 23846 1091 6470 2715 2233 1251 703 229 108 442 388 21 21 3505 3930 395 21494 6963 933 10199 2536 2068 7266 381 11005 15328 806 15666 15020 4260
internal_value=-7.48215e-07 0.000157546 0.000927004 0.00886209 -0.000441535 -0.00483092 0.000682968 -0.0027343 -0.00474309 0.00495682 0.000890048 -0.0114795 -0.00944966 -0.00671809 0.000688123 6.4396e-05 0.00238375 0.00504625 -0.00108249 -0.00122744 -0.00310181 -0.00583181 -0.00424434 -0.00692694 -0.000214423 0.00179848 0.00108541 0.00143323 0.000301918 -0.00134494
internal_weight=60945.7 55974.1 24502.8 716.086 31471.3 1848.84 851.406 706.666 657.719 202.835 184.296 88.4468 997.433 767.23 23786.7 17389.9 6396.79 2442.69 10469.7 10388.5 4667.76 2388.51 1970.12 1461.56 2279.25 6920.26 6134.66 5971.31 5720.76 3628.91
internal_count=312240 288394 128526 3806 159868 8901 4124 3421 3192 959 851 409 4777 3526 124720 89793 34927 13433 54063 53668 24189 12251 10183 7647 11938 35730 31800 30994 29479 19280
cat_boundaries=0 1 2 3 4 5 6 7 8
cat_threshold=2624304 21268726 2872 1621144 2444 22295762 25559620 6680
is_linear=0
shrinkage=0.05


Tree=166
num_leaves=31
num_cat=6
split_feature=0 6 2 1 20 1 17 7 12 28 26 15 1 7 30 6 7 18 18 31 10 24 23 1 15 17 28 12 26 1
split_gain=6.75422 9.3638 8.79288 13.0241 12.6924 11.9362 9.89097 9.96693 9.50313 8.83962 10.2025 9.7961 10.9324 8.50569 15.9217 12.3913 10.2512 9.5847 12.399 9.29892 8.79007 10.0397 9.55388 8.70733 8.63519 8.48772 8.47678 22.8911 14.1906 10.8431
threshold=5.5000000000000009 63.500000000000007 0 1 38.910000000000004 2 41.445000000000007 52.850000000000001 6.285000000000001 1638.6150773932015 0.029857397504456332 45.845000000000006 3 48.850000000000001 0.028952557544756997 21.500000000000004 47.350000000000001 51.415000000000006 38.250000000000007 116.50000000000001 0.18500000000000003 0.20816666666666669 2.8819444444444451 4 61.95000000000001 39.795000000000009 1596.3841407422551 47.280000000000008 0.68042553191489374 5
decision_type=2 2 1 1 2 1 2 2 2 2 10 2 1 2 8 2 2 2 2 2 10 10 10 1 2 2 2 2 8 1
left_child=26 2 5 -4 8 -2 7 -7 -5 11 -11 -10 -13 14 17 23 19 18 -6 -16 22 -22 -20 -15 -24 -3 -1 -28 -29 -30
right_child=1 25 3 4 13 6 -8 -9 9 10 -12 12 -14 15 16 -17 -18 -19 20 -21 21 -23 24 -25 -26 -27 27 28 29 -31
leaf_value=-5.3106701439632855e-05 0.0032903990874983075 0.010995258945473865 -0.0061041210720458238 -0.051350574184589687 -0.041875148147892553 -0.0013824810345871024 0.0057811113506129972 -0.01036979371833263 -0.010003163915032712 -0.086882894036006811 -0.01858494364553033 0.023371825729567235 -0.0089761147427346675 -0.0064424437601595542 0.015521672976673163 0.00071958000238868717 -0.023806528172362517 -0.026887159422022536 0.026265451085065575 -0.057752789208430966 0.047815810847616602 -0.027953857853545979 -0.022571495040360143 0.031584348993381306 0.059953770436497814 0.072736155397142094 0.0052947059568410918 -0.0011074066037121408 -0.003001610933616864 0.013990726255712857
leaf_weight=44239.095137858763 1867.9286041408777 21.194501914083961 1809.0009868405759 12.855715475045143 19.435859639197588 985.54195865429938 300.45712135080248 449.05069853086025 276.81368697620928 6.7137008607387534 29.470903128385544 45.38265710324049 44.192279994487762 22.707029538229108 107.89558499678969 2542.535544638522 23.381676515564322 99.780985994264483 16.562591433525085 4.5108091235160819 17.336426896974448 5.8461591470986596 49.326810154132545 44.478154215030372 3.3875336199998847 7.549284189939498 2862.7261905930936 4604.9788204021752 140.57706684246659 276.37785540148616
leaf_count=215687 10973 111 10607 272 138 6065 1743 2877 1594 30 130 214 208 326 599 13936 147 684 77 21 137 63 372 622 16 36 15609 23324 1768 3854
internal_value=-3.74338e-07 -0.00128054 -0.00137376 -0.00268991 -0.000845969 0.000525067 -0.00245384 -0.00419566 -0.00903217 -0.00768078 -0.031257 -0.00535239 0.00901991 0.000301178 -0.00704781 0.00127964 0.00631552 -0.0156202 -0.00557313 0.0125812 0.0020579 0.0287083 -0.0068603 0.0224744 -0.0172682 0.0272109 0.000216081 0.00172644 -0.000307635 0.00852529
internal_weight=60937.1 8813.34 8784.59 5181.62 3372.61 3602.98 1735.05 1434.59 415.429 402.573 36.1846 366.389 89.5749 2957.19 347.464 2609.72 135.788 211.676 111.895 112.406 92.4595 23.1826 69.2769 67.1852 52.7143 28.7438 52123.8 7884.66 5021.93 416.955
internal_count=312240 51998 51851 30193 19586 21658 10685 8942 2448 2176 160 2016 422 17138 2254 14884 767 1487 803 620 665 200 465 948 388 147 260242 44555 28946 5622
cat_boundaries=0 1 2 3 4 5 6
cat_threshold=1190 23463170 19126034 9443940 1573452 12589164
is_linear=0
shrinkage=0.05


Tree=167
num_leaves=31
num_cat=7
split_feature=27 2 6 1 28 24 10 30 1 1 0 1 31 18 12 30 24 19 26 1 28 1 15 13 17 20 23 17 24 15
split_gain=6.57225 12.9535 8.95554 20.352 13.2747 12.2626 9.99679 13.2512 11.7437 11.4826 11.3734 12.0855 14.7443 11.3631 10.7838 10.6932 16.5747 10.8529 10.4799 9.91958 12.1814 9.48492 9.30628 9.22615 9.454 9.78035 11.3422 9.21052 9.13701 11.0172
threshold=1.0000000180025095e-35 0 24.500000000000004 1 1328.9641620139028 0.11211111111111112 0.15500000000000003 0.091645098039215736 2 3 5.5000000000000009 4 91.500000000000014 43.845000000000006 15.815000000000001 -0.070877350427350397 0.15585714285714289 29.525000000000002 0.074537037037037054 5 1654.2282145324468 6 42.125000000000007 1.0000000180025095e-35 26.48 54.405000000000008 3.183333333333334 34.465000000000011 0.10133928571428573 55.015000000000008
decision_type=8 1 2 1 2 10 10 8 1 1 2 1 2 2 2 10 10 2 10 1 2 1 2 2 2 2 10 2 8 2
left_child=2 -2 3 5 -5 27 21 9 -9 14 13 22 15 19 18 16 17 -13 -8 -11 -21 -4 -12 -7 25 -25 -27 -1 29 -23
right_child=1 -3 6 4 -6 23 7 8 -10 10 11 12 -14 -15 -16 -17 -18 -19 -20 20 -22 28 -24 24 -26 26 -28 -29 -30 -31
leaf_value=-0.052226668663230794 -0.0038188554941148141 0.00060479091099064416 0.0026064446173127719 -0.0086179401203705774 0.010039245030781564 -0.044689330301395977 -0.020602944851494574 -0.012981518703065242 -0.0030639217085916826 0.00023469647678205324 -0.019050051532950071 0.11861911299400059 -0.016150642878736961 0.0012366141376842989 -0.0033188649459364276 -0.00077831094319798439 0.0038385687788474255 0.035562325562449586 0.010410619440781034 -0.0063391608171443617 -0.078183349353649664 0.0042225091072603188 0.00080831011136466967 -0.018326882246769982 0.0018880093535500184 0.048686777304257273 -0.010400525022672143 -0.0051410273486559282 -0.0013702970694940558 0.036687501749632395
leaf_weight=21.440177923068404 1724.131312744692 36280.738149111159 3104.139514205046 107.84592924080789 822.1419931082055 12.21128167118877 165.13613671809435 450.13348740339279 911.17874623835087 1096.9433930926025 227.17756060883403 5.5683683604002026 149.17421949654818 6284.6912235338241 2295.8786365427077 617.3944473490119 43.003522582352161 13.392917953431605 32.619921751320362 956.24881785362959 5.9366514310240737 133.83742406964302 79.692711561918259 124.26286588422954 622.70287318248302 12.974791660904883 21.713509811088443 20.144113195128739 4551.7480761390179 32.472992293536663
leaf_count=134 8695 186161 15896 1396 4814 413 964 2215 4398 5310 1509 35 825 29924 11220 3830 285 79 157 4562 31 689 414 785 3681 60 158 120 23300 180
internal_value=-3.79618e-08 0.000403262 -0.000668718 0.00275254 0.00779188 -0.00291542 -0.000954212 -0.00178667 -0.00646116 -0.00125518 -0.000457958 -0.00515345 -0.00189368 0.000180441 -0.00426676 0.001209 0.0210098 0.0599536 -0.0154872 -0.00304312 -0.00671267 0.00046484 -0.0134545 -0.0015639 -0.00089018 -0.0117739 0.0117005 -0.0294176 -0.000947696 0.0105615
internal_weight=60926.7 38004.9 22921.8 1765.44 929.988 835.45 21156.4 13334.2 1361.31 11972.9 9479.22 1135.4 828.533 8343.82 2493.63 679.359 61.9648 18.9613 197.756 2059.13 962.185 7822.2 306.87 793.865 781.654 158.951 34.6883 41.5843 4718.06 166.31
internal_count=312240 194856 117384 11561 6210 5351 105823 65758 6613 59145 46804 6977 5054 39827 12341 4229 399 114 1121 9903 4593 40065 1923 5097 4684 1003 218 254 24169 869
cat_boundaries=0 1 2 3 4 5 6 7
cat_threshold=6144 7510556 4764292 2736128 268448 26491528 2754918
is_linear=0
shrinkage=0.05


Tree=168
num_leaves=31
num_cat=2
split_feature=4 11 1 13 24 26 11 18 32 11 13 12 1 6 6 11 12 31 13 14 19 20 18 21 15 15 26 26 31 18
split_gain=6.52253 10.0453 19.2717 14.0687 12.888 18.8009 13.1364 10.3126 9.02952 10.2708 17.0141 11.6353 11.5292 11.0426 10.4099 9.72266 10.2215 10.3782 9.39519 9.25698 12.9408 10.083 9.21369 9.59807 14.0609 9.04841 9.09996 8.78814 9.97332 8.68323
threshold=1.5000000000000002 7.0050000000000008 0 65.015000000000015 0.17950000000000008 0.42365967365967372 7.3650000000000011 46.975000000000001 0.51859535884432162 6.0450000000000008 60.790000000000006 35.125000000000007 1 49.500000000000007 40.500000000000007 7.6850000000000014 55.110000000000007 76.500000000000014 51.865000000000009 6.0550000000000006 46.265000000000008 51.635000000000012 51.165000000000006 1.0000000180025095e-35 31.600000000000005 43.725000000000009 0.036038961038961044 0.21525096525096529 35.500000000000007 43.250000000000007
decision_type=2 2 1 2 10 8 2 2 8 2 2 2 1 2 2 2 2 2 2 2 2 2 2 10 2 2 10 8 2 2
left_child=1 -1 4 -4 -3 6 7 -6 9 10 12 -11 18 14 22 16 17 -13 -2 21 -21 -10 29 24 -24 26 -19 -12 -29 -14
right_child=8 2 3 -5 5 -7 -8 -9 19 11 27 15 13 -15 -16 -17 -18 25 -20 20 -22 -23 23 -25 -26 -27 -28 28 -30 -31
leaf_value=3.1253012973209292e-05 -0.017367296608012419 -0.00012005250223042987 0.0340650395039961 0.0072253492166126781 -0.0056741445776301936 0.024427383924203492 0.013266048464644737 -0.071926761085813876 -0.024225201322782539 0.019043609819208232 -0.021401383283477259 0.002699059102626745 0.0052948757007472936 0.019671302774828314 -0.034019476253027515 0.019587676976545884 -0.018065255553318522 -0.015733514977148172 0.01090908670231008 -0.0018910862245041264 -0.024158914033807859 -0.004321083080813813 -0.0077558357312870231 -0.0063860643784988194 0.080182061651432213 -0.0073302098846420825 0.00444867940041478 -0.015871196870051597 -0.10213552150970305 -0.034912752704944046
leaf_weight=54133.411756258458 36.031956546008587 787.83639424666762 51.559144072234631 920.56674508750439 7.6619041189551345 14.283442303538321 8.504346735775469 25.164239458739758 120.63991455361247 83.951208554208279 51.059877678751945 1707.5372879989445 19.254941008985043 25.529898762702942 54.003727808594704 63.091393753886223 78.364139314740896 64.548559345304966 159.03729519248009 1096.8936883285642 69.370964467525482 134.63609305769205 9.4370949789881724 66.256857559084892 8.7700870186090452 648.73729060217738 414.57925442606211 5.7240198031067839 8.0804594904184324 44.369992911815643
leaf_count=277024 186 4807 356 5877 37 122 48 123 571 410 244 8159 95 127 263 316 369 314 775 5229 331 639 45 313 43 3124 2000 31 45 217
internal_value=-2.49257e-07 0.000153949 0.00381227 0.0085608 -0.00174153 -0.0250249 -0.0421151 -0.0564628 -0.00173615 -0.000387203 -0.00712725 0.000686419 -0.00346833 -0.0108374 -0.0152277 0.000168723 -0.000251753 0.000240572 0.00540878 -0.0051033 -0.00321561 -0.0137275 -0.00837494 0.00244945 0.0346023 -0.00348147 0.00172971 -0.0309708 -0.0663661 -0.0227446
internal_weight=60918.9 55949 1815.58 972.126 843.45 55.6139 41.3305 32.8261 4969.91 3548.37 487.556 3060.81 422.692 227.623 202.093 2976.86 2913.77 2835.4 195.069 1421.54 1166.26 255.276 148.089 84.464 18.2072 1127.87 479.128 64.8644 13.8045 63.6249
internal_count=312240 288394 11370 6233 5137 330 208 160 23846 17076 2384 14692 2064 1103 976 14282 13966 13597 961 6770 5560 1210 713 401 88 5438 2314 320 76 312
cat_boundaries=0 1 2
cat_threshold=1300538 29491432
is_linear=0
shrinkage=0.05


Tree=169
num_leaves=31
num_cat=10
split_feature=7 7 2 29 1 32 1 18 24 31 30 15 28 24 11 1 1 4 6 6 1 24 31 12 24 1 7 1 1 1
split_gain=6.40414 15.9784 10.5367 19.3594 13.3279 12.3693 10.9857 12.7526 12.4241 12.0219 10.9777 10.1085 15.422 14.0713 15.1489 15.9991 15.0292 13.2522 13.3547 12.5532 19.8523 14.8826 12.4389 12.6245 12.4175 13.2368 12.4758 17.4118 16.602 11.603
threshold=52.45000000000001 51.95000000000001 0 2.2500000000000004 1 0.32613360701623445 2 68.195000000000007 0.16788888888888895 138.50000000000003 0.062561901306240966 23.830000000000002 1513.9491124573121 0.11700000000000002 5.8050000000000006 3 4 1.0000000180025095e-35 36.500000000000007 56.500000000000007 5 0.11900000000000002 5.5000000000000009 37.830000000000005 0.16683333333333339 6 53.45000000000001 7 8 9
decision_type=2 2 1 2 1 8 1 2 8 2 10 2 2 10 2 1 1 2 2 2 1 8 2 2 10 1 2 1 1 1
left_child=1 2 3 5 -5 10 9 -8 -9 -4 -1 13 19 16 17 -16 -2 -15 -19 29 -21 -22 -17 -24 25 -14 27 -26 -28 -13
right_child=11 -3 6 4 -6 -7 7 8 -10 -11 -12 12 24 14 15 22 -18 18 -20 20 21 -23 23 -25 26 -27 28 -29 -30 -31
leaf_value=0.022334221239123399 -0.02282868156783862 0.0012802705058088924 -0.0038940446045591251 -0.0047032331795616375 0.0010992033464815229 0.0037099446003650625 -0.00091156799478119802 0.0010561733726512851 0.026876382905005394 -0.069503037279483634 -0.018506125944603383 8.5740457675932311e-05 -0.0029767781745542884 -0.0017595170542151969 0.01240747516795709 0.056334732530034529 -0.0033361418898972153 -0.031806463971956286 -0.0068045105294755673 0.0093068008835700787 0.048677329427856769 -0.01364765026432398 0.046852925030502562 -0.005141655557141335 -0.001277505064141853 0.0016619537999705892 -0.0072198510478477633 -0.013039197326701949 0.003891856954200087 0.0044281962336454525
leaf_weight=151.14718943834305 152.23247138038278 21726.477750564925 3781.0324830096215 1605.5176575090736 2549.76276415959 1652.9445002861321 4370.1399746574461 106.5852836240083 82.767004016786814 6.9950350113213053 18.464068464934826 2713.4360869526863 2419.3732978142798 7319.5972850248218 373.48282581195235 8.9006532579660398 285.02017098478973 68.358777178451419 244.2476753666997 153.80806910991669 9.8421078249812108 357.53418418765068 12.062158066779373 363.23345504328609 597.5376632809639 4180.8827916942537 568.19739204272628 679.60718911513686 793.55161144211888 3561.6961280480027
leaf_count=732 793 111365 19812 8433 13481 9053 22882 578 428 41 85 12898 12264 38627 1890 44 1484 405 1208 730 46 1707 66 1820 3013 21397 2759 3412 3880 16907
internal_value=-2.08461e-07 0.000425537 -0.00087079 0.000731806 -0.00115142 0.00502941 -0.0020169 -0.000360353 0.0123423 -0.00400463 0.0178883 -0.000617557 0.000130454 -0.0019764 -0.00152066 0.00522252 -0.010721 -0.00219009 -0.0122718 0.00193837 -0.00551798 -0.0116605 -0.00203213 -0.00347053 -0.00119945 -4.04002e-05 -0.0040984 -0.00764835 -0.000769005 0.00255766
internal_weight=60914.4 36051.8 14325.4 5977.84 4155.28 1822.56 8347.52 4559.49 189.352 3788.03 169.611 24862.6 16035.5 8827.14 8389.88 757.679 437.253 7632.2 312.606 6796.32 521.184 367.376 384.196 375.296 9239.15 6600.26 2638.89 1277.14 1361.75 6275.13
internal_count=312240 186890 75525 31784 21914 9870 43741 23888 1006 19853 817 125350 79013 46337 44060 3820 2277 40240 1613 32288 2483 1753 1930 1886 46725 33661 13064 6425 6639 29805
cat_boundaries=0 1 2 3 4 5 6 7 8 9 10
cat_threshold=1952 16824646 7998292 17136580 13927948 29401102 389194 10243808 1864104 9547540
is_linear=0
shrinkage=0.05


Tree=170
num_leaves=31
num_cat=7
split_feature=8 7 1 32 19 29 19 1 2 15 16 7 1 30 24 6 16 24 1 1 10 18 6 19 30 2 20 19 30 16
split_gain=6.36846 8.18161 11.7514 8.82671 7.85127 8.93809 7.78518 14.1199 12.4899 18.9525 11.3174 10.7985 9.3415 12.4911 10.7048 9.94315 8.58997 8.56299 8.32777 8.06078 8.97951 12.2767 10.0201 11.2355 10.4112 8.90328 8.88941 8.42547 8.10279 10.4405
threshold=1.0000000180025095e-35 57.550000000000004 0 0.41877670940170947 64.405000000000015 3.7500000000000004 42.505000000000003 1 2 26.015000000000004 82.370000000000019 52.350000000000001 3 -0.046527589852008479 0.14585714285714288 23.500000000000004 71.890000000000015 0.15683333333333338 4 5 0.19500000000000003 48.490000000000002 25.500000000000004 16.110000000000003 0.045638998211091249 6 62.540000000000006 41.865000000000002 -0.053466120218579223 32.040000000000006
decision_type=2 2 1 10 2 2 2 1 1 2 2 2 1 8 10 2 2 10 1 1 10 2 2 2 10 1 2 2 8 2
left_child=-1 4 -3 -4 6 -6 19 10 12 11 16 -10 -9 14 -14 -15 -8 -16 -11 -2 22 -22 23 24 -21 -23 -25 28 29 -24
right_child=1 2 3 -5 5 -7 7 8 9 18 -12 -13 13 15 17 -17 -18 -19 -20 20 21 25 27 26 -26 -27 -28 -29 -30 -31
leaf_value=0.00020987681943927653 -0.0035705817672735105 0.0083837244165514396 -0.023859319896479835 -0.10289377849268214 -0.055270126492371056 0.0067927818998852396 0.011364414940167456 0.019125977561176483 -0.021362755501951033 0.012212415964200245 -0.024195299335908749 -0.067556242553406282 0.078355694535329451 -0.070665859115792318 -0.063088016048346088 -0.0074635777595529612 0.042297594774492853 0.020585816037539006 -0.011410718055692106 -0.029112143699213933 -0.021232382857524584 0.011247952438059101 0.01733309831060614 0.0077843461899491893 0.037997544287279028 -0.010992824604256105 -0.031615466911422981 -0.019505795000857761 -0.0016350108659522571 0.0015844956312483984
leaf_weight=52096.633720484562 2853.1614446761087 38.154654568061233 69.551969857886434 3.7217265516519538 14.062426015734674 9.8750301878899318 303.12872755154967 73.192356694489717 41.408255279064178 55.142149168998003 21.01754230260849 18.21743268892169 7.0848214030265799 6.7082385271787635 3.5578020587563541 86.02672877907753 24.237598206847906 21.749889828264713 77.719439025968313 37.81991804856807 117.90373736526817 79.192720520310104 123.25606513023376 709.09789786394686 6.8216224461793891 80.812756368890405 14.611081918701528 58.955489911139011 3133.8687589913607 719.97690264508128
leaf_count=266187 15016 202 437 18 68 51 1632 390 242 271 107 117 33 74 19 439 128 108 383 216 810 495 600 4249 33 528 83 294 15483 3527
internal_value=-3.74542e-07 -0.00124366 -0.0147062 -0.0245264 -0.00107121 -0.029667 -0.000992297 0.00391549 -0.00266275 -0.0114609 0.0110539 -0.0354762 0.00601693 -0.00249905 0.0240309 -0.0120355 0.0136547 0.00882279 -0.00154596 -0.00144946 -0.000251161 -0.0089901 0.000253817 0.00548723 -0.0188572 3.09163e-05 0.0069889 -0.000742475 -0.000464333 0.00388648
internal_weight=60906.7 8810.04 111.428 73.2737 8698.61 23.9375 8674.67 739.191 390.807 192.487 348.384 59.6257 198.32 125.127 32.3925 92.735 327.366 25.3077 132.862 7935.48 5082.32 277.909 4804.41 768.351 44.6415 160.005 723.709 4036.06 3977.1 843.233
internal_count=312240 46053 657 455 45396 119 45277 3943 2076 1013 1867 359 1063 673 160 513 1760 127 654 41334 26318 1833 24485 4581 249 1023 4332 19904 19610 4127
cat_boundaries=0 1 2 3 4 5 6 7
cat_threshold=10731536 17219296 1738 5243144 589830 6228098 5404
is_linear=0
shrinkage=0.05


Tree=171
num_leaves=31
num_cat=5
split_feature=23 7 0 10 1 32 2 31 28 24 30 19 24 30 19 24 6 7 15 0 1 3 24 30 20 7 31 1 2 13
split_gain=6.15265 7.00825 14.5585 6.61637 16.6755 9.21407 8.48703 9.23815 9.66018 10.1795 9.18414 13.3574 10.4718 11.055 9.07222 7.59925 7.58793 13.7613 12.9503 10.6858 16.2751 11.9752 11.1136 11.4508 12.4691 10.6152 10.6083 12.9284 10.639 11.2598
threshold=5.7888888888888896 47.150000000000013 4.5000000000000009 0.22500000000000003 0 0.31315906315906322 1 59.500000000000007 1383.1804121888165 0.21050000000000005 0.016700000000000038 37.645000000000003 0.18211111111111114 -0.016523607427055689 33.815000000000005 0.16816666666666671 30.500000000000004 53.550000000000004 69.290000000000006 4.5000000000000009 2 1.5000000000000002 0.083875000000000019 -0.12429106858054229 66.365000000000023 48.95000000000001 21.500000000000004 3 4 65.655000000000015
decision_type=10 2 2 10 1 10 1 2 2 8 10 2 8 8 2 10 2 2 2 2 1 2 8 10 2 2 2 1 1 2
left_child=3 2 -2 16 6 15 7 10 -9 -10 12 -12 13 -5 -14 -6 17 -1 -19 -18 22 -22 -21 24 -24 -25 27 -23 -28 -30
right_child=1 -3 -4 4 5 -7 -8 8 9 -11 11 -13 14 -15 -16 -17 19 18 -20 20 21 26 23 25 -26 -27 28 -29 29 -31
leaf_value=0.0016775223130019346 0.14465476103717609 -0.020398724522503763 -0.0049223504140505289 0.022358555779648084 -0.030934124969993995 0.053546809355058969 -0.0068937915843966585 0.12281637348253194 0.05595154746868191 -0.0219330329038087 0.0085566923333647103 -0.065349002271184745 -0.010725398506388061 0.15022057171563008 0.046236478621377211 -0.010422954654668869 0.00026335746359398767 -0.0025426486176590782 -0.05508921030642077 -0.061307091280329185 -0.0049536491971368382 -0.0037465498717207026 0.013182872193194292 -0.0070886757811029228 -0.038961843349441791 0.00095549134505717819 -0.0049215904705081411 0.0079017568422005552 0.0027987090243122227 -0.0047051077346906859
leaf_weight=12403.282480020076 2.0084520466625682 64.996623913757503 8.5603926219046098 3.6135836392641068 56.301409114152193 5.0659659355878821 59.36954858712852 3.4385781884193447 13.635986976325514 6.0596465021371833 23.495818901807073 8.2641073483973724 16.690745702013377 3.1765398047864428 12.027103617787359 228.1457439577207 31646.762655388564 1914.9894362697378 11.797773245722054 7.21439304947853 3582.5147535540164 381.6250347495079 257.04935718327761 447.24560887366533 11.999713480472563 4940.0734032019973 1995.1656290441751 609.47575584799051 1405.1829892322421 776.01529791206121
leaf_count=66865 32 2269 374 20 395 23 378 26 63 29 133 52 150 34 76 1608 158163 10285 63 33 20009 1733 1272 2191 59 24046 9390 2794 6202 3473
internal_value=-1.77019e-07 -0.0142585 0.0235026 1.75354e-05 -0.00609657 -0.0128486 0.00732414 0.0164181 0.0454894 0.0319892 0.0088608 -0.010674 0.0263336 0.0821747 0.0131304 -0.0144828 6.20099e-05 0.00106683 -0.00286439 -0.000250604 -0.00137907 -0.002729 0.00071007 0.000790425 0.0108572 0.000287679 -0.00119197 0.00345848 -0.00229557 0.000128452
internal_weight=60905.2 75.5655 10.5688 60829.7 439.285 289.513 149.772 90.4021 23.1342 19.6956 67.2679 31.7599 35.508 6.79012 28.7178 284.447 60390.4 14330.1 1926.79 46060.3 14413.6 8749.98 5663.58 5656.37 269.049 5387.32 5167.46 991.101 4176.36 2181.2
internal_count=312240 2675 406 309565 2987 2026 961 583 118 92 465 185 280 54 226 2003 306578 77213 10348 229365 71202 43601 27601 27568 1331 26237 23592 4527 19065 9675
cat_boundaries=0 1 2 3 4 5
cat_threshold=14715160 606 2294126 21282832 7936
is_linear=0
shrinkage=0.05


Tree=172
num_leaves=31
num_cat=7
split_feature=19 1 2 30 15 30 32 31 14 28 28 17 7 4 7 1 15 2 1 11 23 24 18 31 2 23 20 32 6 1
split_gain=6.17595 12.7016 14.7684 10.0071 9.56737 9.34183 13.7715 14.2506 11.0178 10.6869 9.44893 8.99509 10.6371 10.0433 12.1255 13.8059 14.1692 11.1302 12.5215 11.1816 10.7424 11.7042 10.4488 10.3439 12.4581 11.3317 9.92564 10.1615 9.85454 18.7711
threshold=42.505000000000003 0 1 0.081602040816326535 71.515000000000015 -0.10712142857142858 0.43762550200803219 10.500000000000002 4.9350000000000014 1473.8592367880917 1472.820677198871 32.010000000000012 58.850000000000001 1.0000000180025095e-35 53.650000000000013 2 53.595000000000006 3 4 3.6750000000000003 3.7638888888888893 0.18683333333333338 63.665000000000006 68.500000000000014 5 2.2111111111111117 62.540000000000006 0.1848083659592005 29.500000000000004 6
decision_type=2 1 1 10 2 8 8 2 2 2 2 2 2 2 2 1 2 1 1 2 8 10 2 2 1 10 2 8 2 1
left_child=11 2 4 -4 -2 6 7 -3 10 -10 -9 -1 13 17 28 16 22 18 19 -13 21 23 -16 24 -17 -25 27 -21 29 -15
right_child=1 5 3 -5 -6 -7 -8 8 9 -11 -12 12 -14 14 15 20 -18 -19 -20 26 -22 -23 -24 25 -26 -27 -28 -29 -30 -31
leaf_value=-0.00089303021258293645 -0.0058233868478241553 0.11333968863567392 0.0034638872005036663 -0.010272823408162431 0.054243910908141048 0.0030071996948898075 -0.0038659404090491721 -0.025023206080118238 0.078818349318893949 0.024723781400517994 0.041749613943668516 -0.0078030474900612941 -0.010267436605260041 -0.0068664422280609151 -0.029574824664496985 0.024031197698851994 0.012706501275412183 1.7958663674914802e-05 0.0036461078521079341 0.009113041584336035 -0.014471404952370225 0.038687591610229527 0.01045000192278138 0.054073352071604901 -0.0033323652391549583 -0.017959946750028242 -0.016501471840790882 0.00046439734051948979 -0.0017267316437002509 0.0086263975292279454
leaf_weight=23986.466112168506 1107.8458975832909 4.5828445404767981 1378.6248814752325 146.68801419809461 6.6690370254218569 3177.5016635097563 56.380000222474337 17.720784857869152 10.975958615541456 54.295121736824512 7.5577378645539275 402.98061100021005 232.06691572163254 271.89202284719795 149.09872697293758 57.626226093620062 28.914054892957211 14857.894762095064 5964.2166637182236 375.12119321525097 130.58435683324933 21.123412549495697 18.308357482776046 5.8270266428589812 107.51763981208205 86.612249247729778 80.040269356220961 3589.1687244288623 3917.154133874923 642.38340121507645
leaf_count=123360 5664 22 7155 730 38 16366 287 89 52 270 35 2894 1234 1387 720 275 141 76335 31109 1778 640 100 92 28 520 429 395 17732 19118 3245
internal_value=-3.3638e-07 0.00152714 -0.00106466 0.00212888 -0.00541537 0.00357484 0.0157152 0.0273199 0.0229663 0.0338203 -0.00505956 -0.000166331 0.000397074 0.000477672 -0.00147177 -0.00814104 -0.0186643 0.000897119 0.00214965 0.000139105 -0.00257449 0.00290728 -0.0251975 -2.69311e-05 0.00746941 -0.0134192 0.000930813 0.00128278 -0.000635785 0.00403831
internal_weight=60893.8 5968.84 2639.83 1525.31 1114.51 3329.01 151.512 95.1324 90.5496 65.2711 25.2785 54925 30938.5 30706.5 5437.04 605.612 196.321 25269.4 10411.5 4447.31 409.291 278.707 167.407 257.583 165.144 92.4393 4044.33 3964.29 4831.43 914.275
internal_count=312240 30708 13587 7885 5702 17121 755 468 446 322 124 281532 158172 156938 26695 2945 953 130243 53908 22799 1992 1352 812 1252 795 457 19905 19510 23750 4632
cat_boundaries=0 1 2 3 4 5 6 7
cat_threshold=11707500 4380 6079524 810 2709906 1298 9504596
is_linear=0
shrinkage=0.05


Tree=173
num_leaves=31
num_cat=6
split_feature=8 1 28 11 1 12 32 1 28 22 30 13 17 6 15 10 13 1 19 6 1 24 28 16 32 1 30 31 20 24
split_gain=6.03109 10.6343 13.8556 6.06245 17.0951 15.75 9.83704 11.3417 11.1394 10.7737 12.8453 10.0049 13.8073 10.1062 9.94868 15.139 11.6421 9.97324 9.90651 12.3635 9.72807 9.47576 11.3668 9.36387 9.25278 10.1305 11.5292 11.2934 11.186 10.6826
threshold=1.5000000000000002 0 1499.9999219709416 7.1450000000000005 1 49.840000000000011 0.4909419100754841 2 1597.7984366466251 0.31666666666666671 0.047250757575757592 75.945000000000007 26.715000000000003 46.500000000000007 58.865000000000002 0.15500000000000003 74.500000000000014 3 40.215000000000011 39.500000000000007 4 0.13050000000000006 1634.3233433500138 84.260000000000005 0.37475868725868727 5 0.052033647798742123 122.50000000000001 40.550000000000004 0.12683333333333338
decision_type=2 1 2 2 1 2 10 1 2 10 10 2 2 2 2 10 2 1 2 2 1 10 2 2 10 1 10 2 2 10
left_child=3 2 -2 6 -5 20 8 9 -1 10 18 -11 -13 21 17 24 -17 -10 19 -8 -6 22 -14 -19 -16 28 29 -28 -26 -27
right_child=1 -3 -4 4 5 -7 7 -9 14 11 -12 12 13 -15 15 16 -18 23 -20 -21 -22 -23 -24 -25 25 26 27 -29 -30 -31
leaf_value=-6.613804434992725e-05 -0.017700234089243632 -0.017386194048679943 0.021307918577703158 0.0099361401046935693 0.002907410621725622 -0.0016207268673434569 -0.0012414860047021664 -0.00044452610246637322 0.006396573329953823 -0.0030843649517868438 -0.041549950460975454 -0.091220365742915768 0.0024778148986787738 -0.086533516716046227 0.047703058779560777 -0.015313503620926254 -0.10441533716852536 0.0013445068680294078 0.024198206044183115 -0.026379885699548716 0.023422128299187644 0.012554195796523979 -0.10960316340899544 -0.045203804476668788 0.059192365160707819 0.017116858439888201 -0.018812295876534518 -0.098498168738193059 0.0067499289911997348 -0.0090197359362610349
leaf_weight=48167.183731229976 39.00456275139004 120.46951694134623 54.67402982339263 573.352683480829 152.12132966890931 1651.4172288402915 101.43581994622946 3972.7730996608734 1679.2357084602118 1697.5338001288474 37.943340145051479 7.1027254350483409 5.0329894572496432 4.3273508548736563 10.486577630043028 138.51000825315714 3.7657124176621428 1845.6073912084103 19.282236091792583 94.456958223134279 95.771608248353004 22.283231575042009 4.1088509149849415 10.867695987224577 10.987264540046452 60.149700716137886 57.533464565873146 4.8187318667769423 136.42416950687766 111.68588287383318
leaf_count=243511 265 684 273 3293 788 9156 544 21419 8885 9150 196 38 32 23 52 740 21 9777 107 491 516 119 22 60 66 326 316 32 744 594
internal_value=-1.21959e-07 -0.0083763 0.00457761 2.94406e-05 0.00245425 0.000142592 -7.35726e-05 -0.00199696 0.000146107 -0.0050631 -0.0147269 -0.00368671 -0.0275462 -0.0148965 0.00265791 -0.00370085 -0.0176718 0.00361893 -0.00999698 -0.0133629 0.0118953 -0.00503178 -0.0478976 0.00106627 0.00136879 9.54917e-05 -0.00628523 -0.0249706 0.00998159 0.000129174
internal_weight=60890.3 214.148 93.6786 60676.2 2472.66 1899.31 58203.5 5966.28 52237.3 1993.51 253.118 1740.39 42.8551 35.7524 4070.07 534.362 142.276 3535.71 215.175 195.893 247.893 31.4251 9.14184 1856.48 392.086 381.599 234.188 62.3522 147.411 171.836
internal_count=312240 1222 538 311018 13753 10460 297265 32141 265124 10722 1338 9384 234 196 21613 2891 761 18722 1142 1035 1304 173 54 9837 2130 2078 1268 348 810 920
cat_boundaries=0 1 2 3 4 5 6
cat_threshold=19182484 25167172 25452836 15877496 8016392 6097190
is_linear=0
shrinkage=0.05


Tree=174
num_leaves=31
num_cat=7
split_feature=4 11 1 2 23 30 27 32 11 17 17 13 13 21 17 32 27 21 11 1 1 26 20 2 1 0 26 15 23 2
split_gain=6.19949 9.2825 11.6578 10.1409 11.3412 8.73194 8.59253 8.5172 12.4329 8.47973 8.98089 8.8323 8.35971 8.05746 8.05323 9.69813 9.14451 11.7151 9.62353 12.9847 11.412 9.09925 8.68036 11.9878 13.5441 12.2798 13.1742 10.6119 13.5594 10.2619
threshold=1.5000000000000002 7.4750000000000005 0 1 2.0500000000000003 -0.14976923076923074 1.0000000180025095e-35 0.55323508894314621 7.9150000000000009 43.085000000000008 38.685000000000009 81.295000000000016 79.705000000000013 0.61250000000000016 40.675000000000004 0.56455471523383249 9.5000000000000018 0.2678571428571429 7.1850000000000014 2 3 0.35388994307400384 55.105000000000011 4 5 1.5000000000000002 0.74322344322344336 31.275000000000002 2.9500000000000006 6
decision_type=2 2 1 1 10 8 10 10 2 2 2 2 2 10 2 8 10 10 2 1 1 10 2 1 1 2 10 2 10 1
left_child=1 -1 13 4 6 -6 -4 -8 -9 10 11 -5 -11 -3 15 -2 18 -18 20 21 -17 -20 23 25 -25 26 27 -16 -29 -24
right_child=14 2 3 9 5 -7 7 8 -10 12 -12 -13 -14 -15 22 16 17 -19 19 -21 -22 -23 29 24 -26 -27 -28 28 -30 -31
leaf_value=9.9303322468825454e-05 -0.0018092804427110724 0.032097079231361805 -0.0015824841656502807 0.018866516464083709 -0.056944259340021633 0.0070400052949181934 -0.12052989580699024 -0.016708642379172235 -0.1105020159992518 -0.0060602297112757218 0.044576867627606896 -0.012374049005516136 -0.10417383107004508 -0.033754972855840976 0.021949859161084252 0.0023516484739577359 0.02225979742897417 -0.072151079460538531 0.021098858074534734 -0.0095121856067731086 -0.022020783065946455 -0.019071733689012296 0.0089734813673088883 0.0082738711442526189 -0.0075149470257659503 0.018226230705325985 0.035399750523319451 0.0027034476189134369 -0.11642718196003417 -0.0084550162493942198
leaf_weight=55569.872478990816 3274.9806982092559 69.828024391084909 17.034039497375488 81.356052424758673 5.716967511922121 79.220974981784821 3.4519536457955864 17.211247194558386 4.4458492025732985 11.278235174715517 22.817365344613791 31.339568346738815 2.6886265464127055 4.9761737994849673 3.8744507655501392 71.670086376368999 4.5487386658787754 11.834403730928896 78.403978079557419 171.12154836580157 161.94527805224061 17.187388468533754 107.12518838793039 272.57297357544303 251.6960213817656 217.578986980021 6.8644180335104457 3.6689147278666479 6.8443978056311607 305.60988546535373
leaf_count=285988 15762 502 124 539 41 516 24 113 28 84 175 199 23 38 30 339 22 54 343 808 772 109 521 1311 1212 942 68 35 57 1461
internal_value=1.57359e-07 0.000150527 0.00825182 0.0028828 -0.00721985 0.00273338 -0.0289934 -0.047589 -0.0359629 0.0113858 0.0159707 0.0101788 -0.0249471 0.0244481 -0.00169261 -0.0028137 -0.00917987 -0.0459381 -0.00797623 -0.00148632 -0.0153856 0.012562 0.00192255 0.005082 0.000695044 0.0140928 -0.0215937 -0.0487853 -0.0748532 -0.0039189
internal_weight=60888.8 55921.2 351.365 276.561 127.081 84.9379 42.1431 25.1091 21.6571 149.48 135.513 112.696 13.9669 74.8042 4967.53 3791.69 516.711 16.3831 500.328 266.713 233.615 95.5914 1175.84 763.1 524.269 238.831 21.2522 14.3878 10.5133 412.735
internal_count=312240 288394 2406 1866 846 557 289 165 141 1020 913 738 107 540 23846 18209 2447 76 2371 1260 1111 452 5637 3655 2523 1132 190 122 92 1982
cat_boundaries=0 1 2 3 4 5 6 7
cat_threshold=18875784 4174 29367378 4376888 30 23253216 4864
is_linear=0
shrinkage=0.05


Tree=175
num_leaves=31
num_cat=5
split_feature=28 29 18 18 27 2 6 1 32 24 30 15 23 11 24 10 30 1 28 19 20 1 17 14 13 23 1 7 24 0
split_gain=5.9474 18.7438 20.5444 19.7038 5.8574 11.9764 8.72457 18.9153 9.85478 9.61015 9.22119 8.99443 10.5195 8.84233 8.77673 8.7323 12.3075 10.4895 11.9001 11.0544 14.4975 10.1345 9.80675 9.31677 22.1766 9.12438 11.8451 9.62371 9.0956 9.52852
threshold=1209.0985287081246 5.2500000000000009 55.495000000000012 48.195000000000007 1.0000000180025095e-35 0 24.500000000000004 1 0.57782331511839724 0.11211111111111112 0.11250819672131153 45.425000000000004 3.7071428571428577 1.8550000000000002 0.12211111111111113 0.15500000000000003 0.091645098039215736 2 1529.1478210834327 37.255000000000003 52.415000000000006 3 61.635000000000005 4.7950000000000008 37.655000000000008 4.4365079365079376 4 52.150000000000013 0.24816666666666673 1.5000000000000002
decision_type=2 2 2 2 8 1 2 1 8 10 10 2 8 2 10 10 8 1 2 2 2 1 2 2 2 10 1 2 10 2
left_child=1 2 3 -1 6 -6 7 8 -2 -9 -10 12 -11 -8 -13 25 17 18 19 -17 23 -18 28 -21 -25 -15 -27 -28 29 -22
right_child=4 -3 -4 -5 5 -7 13 9 10 11 -12 14 -14 15 -16 16 21 -19 -20 20 22 -23 -24 24 -26 26 27 -29 -30 -31
leaf_value=0.042314846267269994 0.0068933956391922253 -0.026795463192388014 -0.058636996225026994 0.2826674098895639 -0.0036652417013737556 0.00058961879336930719 0.037947318435970559 -0.023825107382129895 0.034177830216262549 0.0057699112601128618 -0.017724590599248895 0.0402482402979496 -0.0051789022552160731 0.00070602585752277576 -0.028855271534286377 0.00035222625743639075 -0.01228390484440625 -0.0025360953166093944 -0.0029199450122561373 0.032882462178437356 0.021140775270279868 -0.0030487352319908813 0.063161580890088706 -0.09091993647317137 0.016291514537710512 -0.020905717705646625 0.016364060070671496 -0.010549014830126498 -0.039765065148301248 0.0026494822878157039
leaf_weight=2.0220344848930831 704.65206938330084 47.593860723078251 1.9573797229677437 1.4744868278503416 1723.1323836036026 36225.971688685939 14.6396217495203 47.521526837721467 59.165324667468667 446.70159080997109 10.004651844501494 5.1323890425264826 431.10072797071189 7569.8520992547274 43.872427329421043 2617.1489351857454 448.81679881736636 6543.0344180166721 1773.1624240130186 78.496323063969612 76.387967057526112 908.66179159656167 6.9848496615886679 5.3130534142255774 52.335502557456493 103.71752977371216 59.394378274679184 75.364861153066158 11.883756335824726 791.88527416065335
leaf_count=33 4567 1145 25 22 8691 185326 142 292 437 2155 52 28 3459 38784 220 12870 2210 32220 8947 393 416 4386 31 25 241 543 293 386 64 3837
internal_value=1.78793e-08 -0.0167344 0.0710641 0.143672 1.46104e-05 0.00039561 -0.000617178 0.00277749 0.00855074 -0.00187619 0.0266707 -0.000771014 0.000392799 -0.000897935 -0.0216179 -0.000924858 -0.00170341 -0.00119118 0.000438198 0.00207507 0.00648139 -0.00621507 0.00414996 0.0216733 0.00641061 0.000402656 -0.00922706 0.00122209 0.00368165 0.00427629
internal_weight=60887.4 53.0478 5.4539 3.49652 60834.3 37949.1 22885.2 1748.15 773.822 974.329 69.17 926.807 877.802 21137.1 49.0048 21122.4 13314.1 11956.6 5413.6 3640.44 1023.29 1357.48 887.142 136.145 57.6486 7808.33 238.477 134.759 880.157 868.273
internal_count=312240 1225 80 55 311015 194017 116998 11210 5056 6154 489 5862 5614 105788 248 105646 65640 59044 26824 17877 5007 6596 4348 659 266 40006 1222 679 4317 4253
cat_boundaries=0 1 2 3 4 5
cat_threshold=6144 26035618 30812308 4764292 22632196
is_linear=0
shrinkage=0.05


Tree=176
num_leaves=31
num_cat=8
split_feature=14 13 28 4 1 18 24 24 1 17 1 28 19 1 2 16 19 28 1 11 24 30 16 1 31 13 2 18 30 28
split_gain=5.94936 11.5764 14.2916 11.3742 11.3739 10.5749 10.2748 10.9959 11.8642 10.824 10.8208 10.1945 10.1065 17.6896 14.5038 13.9637 10.1208 10.0168 9.87403 9.74044 10.1639 9.65895 9.64057 14.1357 14.3313 13.2868 13.8548 11.7383 15.1999 11.9983
threshold=5.8850000000000007 66.780000000000015 1507.4355907708825 1.5000000000000002 0 59.355000000000011 0.16816666666666671 0.15154761904761907 1 61.635000000000005 2 1699.045884500262 40.215000000000011 3 4 54.850000000000009 49.175000000000004 1496.0774097508299 5 5.6350000000000007 0.10050000000000002 -0.089583333333333334 61.125000000000007 6 127.50000000000001 45.965000000000011 7 53.065000000000005 -0.035139460892620433 1468.0588807493816
decision_type=2 2 2 2 1 2 8 10 1 2 1 2 2 1 1 2 2 2 1 2 8 8 2 1 2 2 1 2 10 2
left_child=3 4 -3 22 19 12 7 -4 9 -9 -8 -10 -6 14 17 16 -15 -14 -5 -2 21 -21 -1 24 -24 26 27 28 -25 -30
right_child=1 2 6 18 5 -7 10 8 11 -11 -12 -13 13 15 -16 -17 -18 -19 -20 20 -22 -23 23 25 -26 -27 -28 -29 29 -31
leaf_value=-5.8174951008119235e-05 -0.0043747754512848958 0.012507270067840612 -0.0018004061389969414 0.00035215950054849924 0.0011152033408212145 0.0067046518782620454 -0.01204560525724719 0.0099579086204442495 -0.0020371118476174626 -0.06777181222417944 -0.0019186793737508889 0.029340292990485951 -0.031100506001639844 0.056387394203328549 -0.011457570507562874 0.0089934312359504377 0.0070824172766913293 0.015861111659953103 -0.0096998513270715892 0.086987488718664366 0.00043867916474585951 0.013422252351772499 0.0013056690279910777 -0.061907860011028638 -0.065992035991749451 -0.013038226871058663 0.012480727948584788 -0.048901881070122048 -0.021835301916218693 0.047606153203510582
leaf_weight=38819.486535217613 1178.4059408158064 188.97414280474186 3804.0868077874184 421.61896146461368 6248.9106543622911 1343.9840937964618 416.44995627179742 531.57788776233792 651.74596839770675 4.5167719945311537 726.52639199048281 26.957180950790644 12.726993411779402 27.780846148729324 200.41047232598066 689.12806453183293 16.643843732774258 105.32480301335454 586.17328990623355 4.6957206428050995 3303.2647753208876 89.62562108039856 760.22370462492108 7.8044210374355307 7.9940699040889731 548.93030840158463 113.99621386826038 20.625913925468922 10.878761008381845 14.527020715177057
leaf_count=198042 5584 985 21008 2017 31661 6997 2228 3001 3588 27 4011 160 59 153 1000 3539 82 537 2837 24 17065 474 3677 39 40 2662 523 98 54 68
internal_value=-4.13691e-07 0.000717675 -0.00103684 -0.000340609 0.00156048 0.00262576 -0.00145222 -0.000477866 0.00366361 0.00913266 -0.00573066 -0.00077936 0.0018785 0.00641241 -0.00345866 0.0106005 0.0379151 0.00995498 -0.00558726 -0.000456769 0.000900792 0.0170846 -0.00020942 -0.00416317 0.000597591 -0.00914643 0.00303753 -0.0162567 -0.000876853 0.0178713
internal_weight=60884 19571.7 6350.84 41312.3 13220.9 8644.91 6161.86 5018.88 1214.8 536.095 1142.98 678.703 7300.93 1052.02 318.462 733.553 44.4247 118.052 1007.79 4575.99 3397.59 94.3213 40304.5 1484.98 768.218 716.763 167.832 53.8361 33.2102 25.4058
internal_count=312240 102183 35008 210057 67175 44028 34023 27784 6776 3028 6239 3748 37031 5370 1596 3774 235 596 4854 23147 17563 498 205203 7161 3717 3444 782 259 161 122
cat_boundaries=0 1 2 3 4 5 6 7 8
cat_threshold=16791114 23864728 25891108 5308688 1190 19021890 18328800 2752
is_linear=0
shrinkage=0.05


Tree=177
num_leaves=31
num_cat=7
split_feature=7 29 4 7 1 30 1 1 20 30 14 6 11 23 7 1 23 32 30 11 29 11 1 12 24 1 1 30 23 12
split_gain=5.83219 17.5218 15.7788 14.3414 13.3257 17.3704 12.9363 12.4222 12.8652 12.3007 11.4901 11.3154 11.1538 10.75 10.5771 13.9523 14.4293 12.9313 16.2003 12.9554 10.5091 17.541 15.1256 15.5676 11.7771 12.4831 11.4667 11.4197 11.0652 12.4076
threshold=50.550000000000004 4.7500000000000009 1.0000000180025095e-35 52.050000000000004 0 0.11692857142857144 1 2 78.080000000000013 -0.11198479262672813 3.2950000000000004 30.500000000000004 1.6950000000000001 2.8166666666666669 45.750000000000007 3 3.1055555555555561 0.27051160212243613 0.010550881834215127 5.205000000000001 3.7500000000000004 6.6650000000000009 4 50.435000000000009 0.17387500000000003 5 6 0.021000000000000012 3.7321428571428577 17.255000000000003
decision_type=2 2 2 2 1 10 1 1 2 8 2 2 2 10 2 1 10 10 10 2 2 2 1 2 10 1 1 10 8 2
left_child=1 6 3 7 5 9 -1 -2 -9 10 -3 14 -5 -13 15 17 -17 18 19 -6 24 28 23 -23 26 -26 -4 -25 29 -22
right_child=2 4 20 12 11 -7 -8 8 -10 -11 -12 13 -14 -15 -16 16 -18 -19 -20 -21 21 22 -24 27 25 -27 -28 -29 -30 -31
leaf_value=0.0038547115208851707 -0.00020230714872182586 -0.024577993786839891 -0.00851793148665945 -0.015788021737300772 0.0050640667307986584 0.043414136202347874 -0.001096631720781507 0.0029415593927750797 -0.017491777605765108 -0.0018123621858683161 0.040778772965085773 0.0063375837786744833 -4.0859540307926604e-05 -0.012312573939814516 -0.0058045244681075164 0.040741077034899542 -0.014116459863652446 -0.0068889097182159957 0.05723140782263253 0.12029633820090278 -0.040956430026259302 0.0058679291489133348 0.010717941975809005 -0.019328812052864963 0.0062344024320413124 -0.015748380623142884 -0.0012507954799239607 0.028253943554854478 -0.0061438602690992656 0.0010935685798937281
leaf_weight=1853.0350940451026 5249.1934365276247 8.5905606746673566 687.43150267377496 112.89250249322504 43.848252249881625 22.678798336535692 4510.202702652663 10253.880615731701 77.616192810237408 1062.037412202917 30.964661151170731 84.78143060952425 28692.544425873086 871.48811355605721 754.99210652243346 13.770522596314548 92.553079611621797 32.506120555102825 33.157846726477146 2.5828474164009085 17.757761433720589 235.66275189816952 578.69213748723269 133.67383123934269 77.993991784751415 334.6852869130671 2501.8108365908265 13.922709695994852 1047.6787472330034 1448.6371756792068
leaf_count=9103 27287 42 3333 2925 385 124 22198 53532 404 6618 149 409 143616 4489 5413 69 672 164 188 13 89 1134 2777 649 378 1592 12168 67 5305 6948
internal_value=-5.32028e-07 -0.00114456 0.000208808 0.000558419 -0.00425775 9.81653e-05 0.000349581 0.00178046 0.00278536 -0.000792702 0.0265847 -0.00676107 -0.000102575 -0.0106591 -0.00300117 0.00668899 -0.00640881 0.018072 0.0305373 0.0114742 -0.00198362 -2.24011e-05 0.00571966 -0.00205344 -0.00387629 -0.0118243 -0.00284783 -0.0148404 -0.00221947 0.000584351
internal_weight=60881.3 9417.19 51464.1 44386.1 3053.95 1124.27 6363.24 15580.7 10331.5 1101.59 39.5552 1929.68 28805.4 956.27 973.411 218.419 106.324 112.095 79.5889 46.4311 7077.95 3476.03 961.951 383.259 3601.92 412.679 3189.24 147.597 2514.07 1466.39
internal_count=312240 50036 262204 227764 18735 6933 31301 81223 53936 6809 191 11802 146541 4898 6904 1491 741 750 586 398 34440 16969 4627 1850 17471 1970 15501 716 12342 7037
cat_boundaries=0 1 2 3 4 5 6 7
cat_threshold=31793200 1589644 19550228 560452 22061912 15802368 6571012
is_linear=0
shrinkage=0.05


Tree=178
num_leaves=31
num_cat=4
split_feature=11 12 1 16 23 2 23 4 12 1 16 13 3 12 24 26 23 19 19 31 6 22 21 11 1 29 22 31 22 18
split_gain=5.81665 18.293 12.6054 9.79374 9.72952 8.59921 6.84857 6.6775 10.7294 14.1766 20.4907 12.5738 10.8078 13.2475 12.2105 11.9209 12.8737 11.6178 11.1985 11.1143 11.9422 10.2079 8.66445 8.10641 11.0121 12.9053 10.8859 9.51176 11.8401 11.792
threshold=7.6850000000000014 54.750000000000007 0 67.66500000000002 2.0500000000000003 1 1.2111111111111115 1.5000000000000002 52.435000000000009 2 81.870000000000019 70.305000000000021 2.5000000000000004 35.495000000000005 0.19211111111111115 0.41763565891472876 4.5277777777777786 39.335000000000008 43.815000000000005 61.500000000000007 46.500000000000007 0.31666666666666671 0.18333333333333338 6.8450000000000006 3 2.7500000000000004 0.41428571428571431 120.50000000000001 0.29285714285714287 44.865000000000002
decision_type=2 2 1 2 8 1 8 2 2 1 2 2 2 2 10 10 8 2 2 2 2 8 10 2 1 2 8 2 10 2
left_child=6 -2 3 4 -3 -5 -1 -8 12 -10 -11 22 15 14 19 16 -9 -17 -19 -14 21 -21 -12 -15 26 27 -25 28 -26 -30
right_child=1 2 -4 5 -6 -7 7 8 9 10 11 -13 13 23 -16 17 -18 18 -20 20 -22 -23 -24 24 25 -27 -28 -29 29 -31
leaf_value=0.036195060627771315 0.026011009275083714 -0.075137136193803675 0.011227286704327214 0.01679390840366355 -0.0169426282492623 -0.009542736360884119 0.0001044969542058565 -0.0024401987157833321 -0.00093506994379705284 -0.0086646714754203494 0.046136468960338878 -0.054082088245835339 0.027690121121475036 -0.0022001184409048392 0.096326306089935448 -0.019963579759494397 -0.032613346976418156 -0.14054222470780095 -0.011473315990269694 -0.011257043285848914 0.014686888930037154 -0.091956714925101629 -0.025646161945328302 0.018556352391420165 -0.04311969327867942 0.0046896193836008619 0.0019280951972529372 0.023309642493042331 -0.032389888647914762 -0.0029652414980861587
leaf_weight=13.036885004490612 88.888947170227766 8.2592336758971197 137.89262692630291 38.561170142143965 55.086388196796179 75.677155897021294 55736.969342239201 542.39304152131081 565.04427670687437 392.12939447909594 5.4961086623370674 44.363428693264723 63.611247792840004 1745.2619467750192 4.657509706914424 48.768750242888927 37.815765678882599 4.1960532814264289 2.8033463805913925 13.026574246585371 32.466748677194118 5.6045812442898741 17.87855987995863 193.86840898171067 25.84115581586957 495.78732714056969 199.93062994629145 21.948281779885292 40.429383903741837 215.75301641225815
leaf_count=81 499 43 810 218 284 452 287217 2497 2686 1853 28 206 307 8403 23 326 190 29 22 62 161 28 84 940 127 2350 972 105 188 1049
internal_value=-6.23295e-07 0.00597622 0.000331203 -0.00829467 -0.0245302 -1.80558e-05 -4.05913e-05 -4.84053e-05 -0.00185433 -0.00638064 -0.0127736 -0.0384453 -0.00059855 0.000634751 0.0169634 -0.00652906 -0.00440677 -0.0286093 -0.0888485 0.013741 -0.0036241 -0.0355329 -0.00876784 -2.84715e-05 0.00314699 -0.000280164 0.00986376 -0.00839525 -0.0108627 -0.00760889
internal_weight=60873.4 404.366 315.477 177.584 63.3456 114.238 60469.1 60456 4719.08 1024.91 459.867 67.7381 3694.16 3058.19 119.367 635.977 580.209 55.7681 6.9994 114.709 51.0979 18.6312 23.3747 2938.82 1193.56 799.759 393.799 303.972 282.024 256.182
internal_count=312240 2306 1807 997 327 670 309934 309853 22636 4857 2171 318 17779 14715 581 3064 2687 377 51 558 251 90 112 14134 5731 3819 1912 1469 1364 1237
cat_boundaries=0 1 2 3 4
cat_threshold=908834 1080 25844326 25733390
is_linear=0
shrinkage=0.05


Tree=179
num_leaves=31
num_cat=4
split_feature=11 1 12 31 1 24 13 11 2 7 10 13 29 1 25 14 29 8 12 21 18 17 13 0 12 4 26 26 25 17
split_gain=5.6906 14.6759 13.4006 9.04784 11.2053 10.6604 9.82394 15.2985 10.167 13.9831 9.59449 8.97118 11.6894 8.46215 8.44638 13.2881 8.40531 10.9786 8.92887 10.9415 9.2114 10.1614 8.29614 8.26438 8.21537 8.09081 13.8889 10.9467 15.2275 12.8573
threshold=7.1450000000000005 0 49.840000000000011 57.500000000000007 1 0.09105555555555557 79.705000000000013 7.9150000000000009 2 52.95000000000001 0.115 73.780000000000015 1.7500000000000002 3 0.83333333333333337 7.0050000000000008 3.7500000000000004 1.0000000180025095e-35 51.755000000000003 0.21111111111111114 60.435000000000009 44.470000000000006 77.00500000000001 4.5000000000000009 56.32500000000001 1.5000000000000002 0.3373983739837399 0.7372735116479725 0.83333333333333337 42.605000000000011
decision_type=2 1 2 2 1 10 2 2 1 2 10 2 2 1 8 2 2 2 2 8 2 2 2 2 2 2 8 8 10 2
left_child=25 -2 13 4 6 -5 7 8 11 14 -7 -4 -13 -3 -10 -16 18 -18 19 -6 21 -20 -11 24 -14 -1 -27 28 -28 -29
right_child=1 2 3 5 16 10 -8 -9 9 22 -12 12 23 -15 15 -17 17 -19 20 -21 -22 -23 -24 -25 -26 26 27 29 -30 -31
leaf_value=5.2266442479074408e-05 0.0093034650949445959 0.0020879785668721277 0.023176138611501682 -0.045479231977580033 0.036530742200543691 0.058357103039139394 -0.022047555948036347 0.038429799182410108 -0.0019429990152718245 -0.055576649005844928 -0.0048001773472251636 0.016531652756573503 -0.0023430469477826428 0.020925612860532794 0.0004661809000002718 -0.096499219324897148 0.039569732307078484 -0.0194509109817875 0.0066084260212761984 -0.0345641678266057 0.031280542247067215 -0.062878519388608611 0.016302789108635318 0.019391249678797309 -0.077179110301964393 -0.00092336682398046698 -0.014317322696833546 -0.0080321133447151302 -0.12363240868806312 0.01490251431116521
leaf_weight=54735.850130132399 570.49870939552784 142.97336667776108 61.598327297717333 16.049377784132957 6.9016801156103638 6.0588187463581553 59.154236774891615 24.065850581973791 226.44366930425167 21.871904030442241 800.90683396160603 26.809643369168043 5.6400317512452665 105.97748981788754 8.1757649928331357 6.2221251279115668 39.974273271858692 9.8134622126817685 245.93287383764982 25.068798672407866 38.857430007308722 5.3762313723564139 4.9166493862867346 5.6234362870454779 10.484725698828695 2995.2597909271717 326.26398744434118 256.28590231016278 3.2171412743628016 80.241853382438421
leaf_count=280860 3293 745 324 85 37 30 335 129 1229 115 4458 153 26 567 47 33 197 48 1411 127 258 30 32 26 56 13354 2144 1594 19 478
internal_value=-4.13419e-07 0.00234766 0.000214498 -0.00141041 0.00226342 -0.0051285 -0.00295946 -0.000223259 -0.00268555 -0.0078234 -0.00432598 0.00963286 -0.00556375 0.0110315 -0.00430407 -0.0414379 0.00858597 0.0279364 0.0058618 -0.0192164 0.00862491 0.0051219 -0.0423842 -0.0328014 -0.0510034 -9.9946e-05 -0.00237552 -0.00890631 -0.0153847 -0.00256357
internal_weight=60872.5 2475.4 1904.9 1655.95 832.931 823.015 461.006 401.852 377.786 267.63 806.966 110.156 48.5578 248.951 240.842 14.3979 371.925 49.7877 322.137 31.9705 290.167 251.309 26.7886 21.7482 16.1248 58397.1 3661.27 666.009 329.481 336.528
internal_count=312240 13791 10498 9186 4613 4573 2505 2170 2041 1456 4488 585 261 1312 1309 80 2108 245 1863 164 1699 1441 147 108 82 298449 17589 4235 2163 2072
cat_boundaries=0 1 2 3 4
cat_threshold=25167172 1519640 904 8000008
is_linear=0
shrinkage=0.05


Tree=180
num_leaves=31
num_cat=5
split_feature=8 2 24 1 17 10 26 0 11 1 30 28 1 23 23 17 20 1 18 30 16 7 17 28 32 32 23 18 0 30
split_gain=5.58959 7.45161 9.96418 10.4739 10.7607 10.2288 10.2917 13.1363 11.3283 10.3104 9.17006 8.80734 14.2627 21.8485 14.5055 11.4675 11.2961 11.2136 10.8577 10.012 9.26659 13.5499 8.91048 10.2033 9.01185 12.4898 13.9362 12.3305 10.4949 8.87269
threshold=1.0000000180025095e-35 0 0.18707142857142861 1 38.585000000000008 0.13500000000000004 0.031498015873015879 2.5000000000000004 6.955000000000001 2 -0.036666666666666646 1496.8340115831863 3 2.8944444444444448 5.5857142857142863 45.475000000000009 55.715000000000011 4 45.470000000000006 -0.089583333333333334 69.965000000000018 52.150000000000013 27.595000000000002 1626.7980417071897 0.41682041820418209 0.38476052249637166 2.8166666666666669 66.730000000000018 3.5000000000000004 -0.1637282051282051
decision_type=2 1 10 1 2 8 8 2 2 1 8 2 1 8 10 2 2 1 2 8 2 2 2 2 8 8 10 2 2 8
left_child=-1 11 3 4 -3 -6 10 8 -8 -9 -7 12 13 -2 15 29 -17 22 -14 20 21 -19 -13 24 25 26 -24 28 -28 -15
right_child=1 2 -4 -5 5 6 7 9 -10 -11 -12 17 18 14 -16 16 -18 19 -20 -21 -22 -23 23 -25 -26 -27 27 -29 -30 -31
leaf_value=0.0001969613564320146 0.098166415973205134 -0.0067085640006936181 -0.0050964940098702964 0.00079484857290217255 0.02005900052450842 -0.048998479120442362 -0.0090980342451164199 0.026820441942363955 -0.097419679839549342 -0.0009097694922054029 -0.0070115233012434212 0.015824001851488214 -0.012278442945524867 0.050564498989666223 -0.058769398982292768 -0.036948614175910208 0.023175670939239765 -0.073249213351175096 0.0036963522670781113 -0.0037453671614886587 -0.0010498041221369467 -0.0099166816428722677 -0.052810338809066465 0.02222862755551052 -0.010879875350191063 0.023999500914063863 0.023669401561306889 -0.079888621122058162 -0.009950839722533418 0.011614977484409802
leaf_weight=52069.069316767156 7.0782213136553755 1108.4155196622014 1876.3026076583192 3242.5319706331939 73.221298135817051 17.479495912790298 53.385591264814138 59.502235300838947 3.8954566717147818 72.303340515121818 50.79136517085135 126.17480622604489 153.74227919895202 15.135997720062731 7.6176688317209473 23.277611576020718 11.758278977125881 17.252140410244465 345.18304005078971 686.64949765428901 22.899400845170021 16.54442985355854 13.11386503279209 47.352147351950407 165.28373247385025 59.442618981003761 44.034476920962334 4.3807835057377806 49.08864614367485 430.12477445229888
leaf_count=266187 34 5644 10423 16566 384 84 319 269 28 332 291 616 875 70 210 115 61 84 1888 3352 112 81 62 248 835 296 225 21 220 2308
internal_value=-5.2497e-08 -0.00116525 -0.00201482 -0.000784028 -0.00431728 0.00356998 -0.00112135 0.00488668 -0.0151044 0.0135746 -0.0177615 0.00131828 0.00483845 0.0107345 0.00968608 0.0107718 -0.0167705 -0.00146524 -0.00120214 -0.00534093 -0.025607 -0.042246 0.00421832 0.000502158 -0.00256572 0.00551491 -0.00441815 0.0020904 0.00594693 0.012939
internal_weight=60873 8803.96 6557.83 4681.53 1438.99 330.579 257.357 189.087 57.281 131.806 68.2709 2246.13 993.918 494.993 487.914 480.297 35.0359 1252.22 498.925 743.345 56.696 33.7966 508.871 382.696 335.344 170.06 110.618 97.5039 93.1231 445.261
internal_count=312240 46053 34340 23917 7351 1707 1323 948 347 601 375 11713 5561 2798 2764 2554 176 6152 2763 3629 277 165 2523 1907 1659 824 528 466 445 2378
cat_boundaries=0 1 2 3 4 5
cat_threshold=580 731522 663680 4325252 11047160
is_linear=0
shrinkage=0.05


Tree=181
num_leaves=31
num_cat=6
split_feature=17 19 1 20 1 6 18 24 13 23 28 0 11 20 2 0 24 20 28 1 15 28 24 29 1 1 22 23 31 29
split_gain=5.56396 10.0239 10.0876 9.87213 10.1219 12.9792 10.2324 9.75114 11.0938 12.0408 10.8959 19.4327 17.025 18.2484 9.45147 9.3557 9.72152 9.58761 8.50531 8.37011 9.18388 12.5955 8.95998 8.36937 10.109 9.21009 8.80233 10.2584 11.931 9.04135
threshold=28.335000000000004 55.635000000000012 0 1.0000000180025095e-35 1 52.500000000000007 20.295000000000005 0.24400000000000005 1.905 5.7071428571428582 1390.1251382810844 4.5000000000000009 1.3050000000000004 50.295000000000009 2 4.5000000000000009 0.17950000000000008 78.080000000000013 1496.0774097508299 3 28.995000000000001 1489.7699920543344 0.17154761904761909 2.2500000000000004 4 5 0.58571428571428574 2.6458333333333335 60.500000000000007 1.7500000000000002
decision_type=2 2 1 2 1 2 2 10 2 10 2 2 2 2 1 2 10 2 2 1 2 2 10 2 1 1 10 10 2 2
left_child=3 -2 15 19 5 7 -7 8 9 10 11 -5 -13 -14 -10 16 -3 -18 -12 20 -1 -22 -23 24 -21 -25 27 29 -29 -26
right_child=1 2 -4 4 -6 6 -8 -9 14 -11 18 12 13 -15 -16 -17 17 -19 -20 23 21 22 -24 25 26 -27 -28 28 -30 -31
leaf_value=-0.030145452199454265 0.00036376516311483246 0.020424887188685084 -0.013519231289732717 -0.031224785801722822 -0.0021938592099064198 0.0078298469730471148 -0.0092427217212675775 -0.020989456587510225 0.0090852255539063832 -0.051263900048199973 -0.030747714931937523 0.012374739589129899 0.34349800125152558 0.12013915430730676 0.00083623023684703123 -0.013973495543318263 -0.033700303322277296 0.029543887400185764 0.073781551434192669 -0.0059388690971616774 0.065894856099103519 0.00035305746432501327 -0.037557178411582688 0.0071377458714197975 -0.036716878599085026 -0.0022231036073967546 0.023906008085016032 -0.0012427841506976326 0.020386451149399767 0.0080793871957663931
leaf_weight=37.099013440310955 43995.206142502837 77.815618198364973 248.2027295017615 1.9910058490932003 9401.9596719807014 106.0989080965519 507.90109803155065 47.958909374661744 368.98371070437133 2.9795770160853854 4.2101603951305151 1.5602354798465965 1.5111596882343294 2.3158052936196327 4234.8507020557299 55.720749542117119 19.207044575363401 8.7099897637963277 3.6187286153435707 91.546732928603888 6.5097631514072409 100.35396217182279 18.451705869287252 414.48519678227603 22.325822960585356 682.59071539901197 119.61913195997477 106.64505446702242 158.5437025912106 22.733556352555752
leaf_count=193 225219 390 1251 31 48608 519 2524 359 1876 144 79 50 28 55 21462 299 91 44 26 481 31 489 91 2150 122 3416 675 553 867 117
internal_value=1.73744e-07 0.000291275 -0.00749384 -0.000784816 -0.00121114 0.000540572 -0.00629259 0.00144014 0.00167287 0.0406471 0.0586556 0.102252 0.151583 0.208337 0.00151891 0.00245434 0.0113439 -0.0139684 0.0175686 0.0027308 -0.0078124 -0.00182422 -0.00553478 0.00381351 0.00905248 0.00135831 0.0121017 0.00794056 0.0116883 -0.0141161
internal_weight=60871.7 44404.9 409.656 16466.8 14685.9 5283.98 614 4669.98 4622.02 18.1867 15.2071 7.37821 5.3872 3.82696 4603.83 161.453 105.733 27.917 7.82889 1780.9 162.414 125.315 118.806 1618.49 521.414 1097.08 429.867 310.248 265.189 45.0594
internal_count=312240 227294 2075 84946 75761 27153 3043 24110 23751 413 269 164 133 83 23338 824 525 135 105 9185 804 611 580 8381 2815 5566 2334 1659 1420 239
cat_boundaries=0 1 2 3 4 5 6
cat_threshold=10900242 5361922 2 1310986 212992 4916352
is_linear=0
shrinkage=0.05


end of trees

feature_importances:
venue_code=874
lane=427
race_no=379
national_win_rate=342
kr_rank=327
form_last10_avg_finish=233
motor_2rate=216
motor_3rate=203
weight_kg=200
age=197
grade_ord=184
local_win_rate=177
career_top2=143
national_3rate=141
form_last10_avg_st=139
form_lane_win_rate=135
nobi_gap=126
kr=120
racer_class_ord=117
national_2rate=108
boat_2rate=85
avg_st=80
n_starts_period=78
form_days_since_last=73
form_last3_win_rate=69
boat_3rate=67
local_2rate=60
local_3rate=56
flying_count=47
form_last10_top2_rate=33
form_last10_win_rate=24

parameters:
[boosting: gbdt]
[objective: binary]
[metric: auc]
[tree_learner: serial]
[device_type: cpu]
[data_sample_strategy: bagging]
[data: ]
[valid: ]
[num_iterations: 500]
[learning_rate: 0.05]
[num_leaves: 31]
[num_threads: 0]
[seed: 0]
[deterministic: 0]
[force_col_wise: 0]
[force_row_wise: 0]
[histogram_pool_size: -1]
[max_depth: -1]
[min_data_in_leaf: 20]
[min_sum_hessian_in_leaf: 0.001]
[bagging_fraction: 1]
[pos_bagging_fraction: 1]
[neg_bagging_fraction: 1]
[bagging_freq: 0]
[bagging_seed: 3]
[bagging_by_query: 0]
[feature_fraction: 1]
[feature_fraction_bynode: 1]
[feature_fraction_seed: 2]
[extra_trees: 0]
[extra_seed: 6]
[early_stopping_round: 0]
[early_stopping_min_delta: 0]
[first_metric_only: 0]
[max_delta_step: 0]
[lambda_l1: 0]
[lambda_l2: 0]
[linear_lambda: 0]
[min_gain_to_split: 0]
[drop_rate: 0.1]
[max_drop: 50]
[skip_drop: 0.5]
[xgboost_dart_mode: 0]
[uniform_drop: 0]
[drop_seed: 4]
[top_rate: 0.2]
[other_rate: 0.1]
[min_data_per_group: 100]
[max_cat_threshold: 32]
[cat_l2: 10]
[cat_smooth: 10]
[max_cat_to_onehot: 4]
[top_k: 20]
[monotone_constraints: ]
[monotone_constraints_method: basic]
[monotone_penalty: 0]
[feature_contri: ]
[forcedsplits_filename: ]
[refit_decay_rate: 0.9]
[cegb_tradeoff: 1]
[cegb_penalty_split: 0]
[cegb_penalty_feature_lazy: ]
[cegb_penalty_feature_coupled: ]
[path_smooth: 0]
[interaction_constraints: ]
[verbosity: -1]
[saved_feature_importance_type: 0]
[use_quantized_grad: 0]
[num_grad_quant_bins: 4]
[quant_train_renew_leaf: 0]
[stochastic_rounding: 1]
[linear_tree: 0]
[max_bin: 255]
[max_bin_by_feature: ]
[min_data_in_bin: 3]
[bin_construct_sample_cnt: 200000]
[data_random_seed: 1]
[is_enable_sparse: 1]
[enable_bundle: 1]
[use_missing: 1]
[zero_as_missing: 0]
[feature_pre_filter: 1]
[pre_partition: 0]
[two_round: 0]
[header: 0]
[label_column: ]
[weight_column: ]
[group_column: ]
[ignore_column: ]
[categorical_feature: 1,2]
[forcedbins_filename: ]
[precise_float_parser: 0]
[parser_config_file: ]
[objective_seed: 5]
[num_class: 1]
[is_unbalance: 0]
[scale_pos_weight: 1]
[sigmoid: 1]
[boost_from_average: 1]
[reg_sqrt: 0]
[alpha: 0.9]
[fair_c: 1]
[poisson_max_delta_step: 0.7]
[tweedie_variance_power: 1.5]
[lambdarank_truncation_level: 30]
[lambdarank_norm: 1]
[label_gain: ]
[lambdarank_position_bias_regularization: 0]
[eval_at: ]
[multi_error_top_k: 1]
[auc_mu_weights: ]
[num_machines: 1]
[local_listen_port: 12400]
[time_out: 120]
[machine_list_filename: ]
[machines: ]
[gpu_platform_id: -1]
[gpu_device_id: -1]
[gpu_use_dp: 0]
[num_gpu: 1]

end of parameters

pandas_categorical:[]
