tree
version=v4
num_class=1
num_tree_per_iteration=1
label_index=0
max_feature_idx=32
objective=binary sigmoid:1
feature_names=lane venue_code race_no racer_class_ord grade_ord distance_m age weight_kg flying_count late_count avg_st national_win_rate national_2rate national_3rate local_win_rate local_2rate local_3rate motor_2rate motor_3rate boat_2rate boat_3rate form_last10_win_rate form_last10_top2_rate form_last10_avg_finish form_last10_avg_st form_last3_win_rate form_lane_win_rate form_days_since_last kr kr_rank nobi_gap n_starts_period career_top2
feature_infos=[1:6] -1:8:6:18:22:12:21:1:15:24:17:7:5:11:9:2:20:14:16:10:23:19:3:13:4 -1:2:1:5:4:6:11:7:9:8:3:10:12 [0:3] [0:4] [1200:1800] [16:77] [40:69.900000000000006] [0:3] [0:1] [0.10000000000000001:0.31] [0:8.5399999999999991] [0:75] [0:100] [0:10.710000000000001] [0:100] [0:100] [0:100] [0:100] [0:100] [0:100] [0:1] [0:1] [1:6] [0.055:0.39500000000000002] [0:1] [0:1] [0:183] [1078.6605312256454:1779.405476515765] [1:6] [-0.5948:0.76319999999999999] [0:171] [0:1]
tree_sizes=3366 3483 3467 3475 3502 3483 3497 3476 3489 3464 3494 3486 3483 3502 3499 3522 3472 3512 3509 3523 3475 3492 3520 3505 3523 3493 3491 3526 3521 3505 3512 3537 3504 3509 3507 3494 3499 3513 3505 3511 3551 3530 3500 3522 3510 3507 3527 3514 3500 3526 3527 3514 3513 3503 3523 3510 3500 3516 3518 3530 3509 3532 3533 3513 3497 3469 3494 3551 3513 3512 3528 3525 3515 3511 3523 3503 3487 3513 3504 3516 3525 3523 3518 3493 3526 3513 3516 3553 3493 3486 3509 3491 3507 3478 3491 3481 3502 3488 3498 3490 3474 3495 3496 3483 3489 3485 3472 3509 3493 3499 3465 3482 3503 3495 3458 3500 3520 3444 3507 3440 3485 3500 3507 3491 3491 3498 3458 3519 3514 3440 3472 3487 3428 3499 3504 3481 3441 3499 3513 3466 3475 3477 3425 3472 3507 3466 3423 3450 3434 3480 3465 3435 3474 3459 3489 3453 3464 3501 3468 3478 3449 3505 3462 3455 3414 3440 3484 3435 3454 3441 3470 3470 3476 3417 3472 3462 3426 3482 3452 3447 3437 3466 3453 3462 3456 3428 3454 3438 3477

Tree=0
num_leaves=31
num_cat=4
split_feature=0 11 29 0 0 29 12 29 29 2 3 29 4 11 32 2 29 29 26 0 0 12 12 2 1 12 26 26 3 11
split_gain=69232.3 6985.24 4819.77 1801.5 1054.05 893.53 843.67 691.323 463.496 285.245 267.574 250.938 221.784 208.002 195.215 183.054 156.951 138.056 110.375 98.3977 94.2973 94.0146 93.3277 100.74 78.8823 78.3383 72.3856 70.7069 69.4484 69.2011
threshold=1.5000000000000002 5.455000000000001 2.7500000000000004 4.5000000000000009 4.5000000000000009 1.2500000000000002 24.910000000000004 1.2500000000000002 4.7500000000000009 0 2.5000000000000004 2.2500000000000004 1.5000000000000002 6.3050000000000006 0.20936320467551447 1 1.7500000000000002 2.2500000000000004 0.46737588652482276 5.5000000000000009 3.5000000000000004 13.935 29.48 2 3 25.870000000000001 0.71525096525096543 0.55646630236794181 2.5000000000000004 6.955000000000001
decision_type=2 2 2 2 2 2 2 2 2 1 2 2 2 2 10 1 2 2 10 2 2 2 2 1 1 2 8 8 2 2
left_child=1 6 3 7 8 28 14 9 22 -2 17 -8 13 -11 21 -9 19 -7 -13 -5 29 -1 -4 -24 -23 -10 -12 -19 -3 -15
right_child=2 5 4 16 -6 10 11 15 25 12 26 18 -14 20 -16 -17 -18 27 -20 -21 -22 24 23 -25 -26 -27 -28 -29 -30 -31
leaf_value=-1.5753876038251862 -1.5975141838254161 -1.4022498108269157 -1.6226889942050946 -1.5991025979967002 -1.6443700386678115 -1.4318881349062362 -1.4503707566176143 -1.6088151556801367 -1.6372239349113424 -1.5696304441273075 -1.4283809865193198 -1.5092532983260085 -1.604133413235042 -1.5418741503313871 -1.5152657306838488 -1.5860486117183417 -1.628494907830397 -1.4828176988411215 -1.4803017260108637 -1.6197860476007728 -1.5590546333995687 -1.5628524524679976 -1.6214512074396981 -1.6064783305011769 -1.5249372100257521 -1.6265468185188361 -1.4043373661785881 -1.4511182095667585 -1.3809257000958841 -1.5146249434747061
leaf_weight=299.79562841355801 525.16892284154892 557.88666589558125 3119.8404084742069 1099.9059285074472 10798.680661305785 668.11597189307213 359.33349560201168 1310.8160146325827 4545.6599920392036 1163.7968001365662 642.55962324142456 800.81239758431911 233.79846431314945 768.65633252263069 570.94567921757698 2653.3668358325958 2242.780223429203 283.92822512984276 559.01002188026905 1204.939713075757 543.84471608698368 322.96484559774399 1751.1715606302023 3343.1074104309082 348.52119424939156 2761.630268856883 610.40355817973614 462.40140719711781 1209.8543955087662 334.33882494270802
leaf_count=2135 3740 3973 22218 7833 76903 4758 2559 9335 32372 8288 4576 5703 1665 5474 4066 18896 15972 2022 3981 8581 3873 2300 12471 23808 2482 19667 4347 3293 8616 2381
internal_value=-1.59294 -1.45607 -1.62037 -1.59423 -1.63237 -1.41522 -1.51162 -1.57923 -1.62403 -1.56327 -1.43349 -1.48753 -1.55746 -1.55345 -1.53847 -1.5936 -1.61908 -1.4484 -1.49735 -1.60992 -1.54202 -1.55211 -1.61588 -1.61171 -1.54171 -1.63319 -1.41667 -1.46318 -1.38766 -1.53361
internal_weight=46098 7696.53 38401.5 12081.4 26320.1 4435.15 3261.38 7533.79 15521.4 3569.6 2667.41 1719.16 3044.44 2810.64 1542.23 3964.18 4547.63 1414.45 1359.82 2304.85 1646.84 971.282 8214.12 5094.28 671.486 7307.29 1252.96 746.33 1767.74 1103
internal_count=328288 54811 273477 86038 187439 31585 23226 53652 110536 25421 18996 12243 21681 20016 10983 28231 32386 10073 9684 16414 11728 6917 58497 36279 4782 52039 8923 5315 12589 7855
cat_boundaries=0 1 2 3 4
cat_threshold=6144 7170 7168 10538326
is_linear=0
shrinkage=1


Tree=1
num_leaves=31
num_cat=3
split_feature=0 11 29 0 0 29 29 29 29 3 2 4 3 2 29 12 29 28 0 32 12 2 12 0 0 0 11 18 18 23
split_gain=58045.4 4846.54 4555.93 1640.91 1034.4 711.35 605.615 536.642 446.222 250.406 247.096 191.722 175.97 166.428 149.495 149.314 143.167 138.978 91.9068 90.4658 88.4078 94.8932 76.6868 73.0173 66.2965 62.4843 62.4405 65.6073 61.4753 61.1984
threshold=1.5000000000000002 5.2950000000000008 2.7500000000000004 4.5000000000000009 4.5000000000000009 1.2500000000000002 1.2500000000000002 4.2500000000000009 4.7500000000000009 2.5000000000000004 0 1.5000000000000002 2.5000000000000004 1 1.7500000000000002 17.555000000000003 2.2500000000000004 1543.4980731026219 5.5000000000000009 0.22096235384813057 29.48 2 25.870000000000001 3.5000000000000004 5.5000000000000009 5.5000000000000009 5.4350000000000014 55.495000000000012 58.185000000000009 3.7888888888888892
decision_type=2 2 2 2 2 2 2 2 2 2 1 2 2 1 2 2 2 2 2 10 2 1 2 2 2 2 2 2 2 10
left_child=1 7 3 6 8 -3 10 16 20 17 -2 12 -12 -8 18 -9 -1 -7 -5 -18 -4 -22 -10 28 -16 -6 -15 -28 -14 -17
right_child=2 5 4 14 25 9 13 15 22 -11 11 -13 23 26 24 29 19 -19 -20 -21 21 -23 -24 -25 -26 -27 27 -29 -30 -31
leaf_value=0.11606984553509521 -0.0043622076181031129 0.17045820279986831 -0.028841287902612363 -0.0058782245664445844 -0.046763818603498396 0.10834787561411421 -0.015249452524194507 0.021612791880012621 -0.043365659052432413 0.14896399610486777 0.021992333011757424 -0.010714268677016513 0.048670210004552544 -0.006888203870113227 -0.02607324697570737 0.073609097206162197 0.059324759855015043 0.13546703701213422 -0.025974955271176065 0.08818578414558359 -0.027622885331603061 -0.012981428776338594 -0.032668123583848734 0.032114022520870457 -0.043474493938679748 -0.054502718846062198 0.0052537309612981642 0.025331113878969688 0.07849109202945509 0.046878496753962322
leaf_weight=344.93710477650166 523.57966065406799 2055.3678630143404 3058.6185355782509 1095.4222158640623 5243.1995723247528 1002.1394672095776 1297.0661656558514 451.11849030852318 4413.121638417244 1408.6515226513147 1209.5682947486639 232.06830874085426 910.39906997978687 653.25242382287979 1115.9527204632759 339.07877860963345 380.57124875485897 893.76007881760597 1183.5942580997944 947.55566772818565 1718.2323993891478 3313.1934700012207 2700.4396895319223 551.23270583152771 1074.2656195759773 5190.1529960632324 1446.013948738575 566.21792900562286 213.31635639071465 581.04066254198551
leaf_count=2271 3740 12867 22218 7833 38647 6563 9335 3143 32372 8969 8447 1665 6259 4631 8138 2292 2613 5790 8581 6358 12471 23808 19667 3844 7834 38256 10251 4014 1466 3945
internal_value=-8.06944e-05 0.118746 -0.0265638 -0.00123694 -0.0384897 0.147362 0.0128968 0.0683646 -0.0301698 0.132996 0.0276202 0.0329017 0.0365248 -0.000628858 -0.0252801 0.0451764 0.0873697 0.121132 -0.0163153 0.0799157 -0.0221375 -0.0180622 -0.0393047 0.0470194 -0.0346083 -0.0506136 0.00651851 0.0109033 0.0543311 0.0567292
internal_weight=46113.1 8404.22 37708.9 12071.9 25637 5359.92 7602.71 3044.3 15203.6 3304.55 3640.16 3116.58 2884.52 3962.55 4469.23 1371.24 1673.06 1895.9 2279.02 1328.13 8090.04 5031.43 7113.56 1674.95 2190.22 10433.4 2665.48 2012.23 1123.72 920.119
internal_count=328288 54811 273477 86038 187439 34189 53652 20622 110536 21322 25421 21681 20016 28231 32386 9380 11242 12353 16414 8971 58497 36279 52039 11569 15972 76903 18896 14265 7725 6237
cat_boundaries=0 1 2 3
cat_threshold=6144 7170 7168
is_linear=0
shrinkage=0.05


Tree=2
num_leaves=31
num_cat=4
split_feature=0 29 11 0 0 29 29 32 29 2 4 11 2 3 29 26 29 29 1 0 12 2 12 23 0 0 0 0 18 32
split_gain=49483.2 4303.99 3584.19 1494.9 1015.43 531.997 507.431 437.687 429.374 222.133 158.23 156.743 151.244 149.022 142.297 137.854 128.625 107.778 86.709 85.7718 83.6693 89.3064 75.0783 68.0157 64.3443 63.1082 62.7449 59.629 54.4682 54.2377
threshold=1.5000000000000002 2.7500000000000004 5.2950000000000008 4.5000000000000009 4.5000000000000009 1.2500000000000002 2.2500000000000004 0.22096235384813057 4.7500000000000009 0 2.5000000000000004 6.3850000000000007 1 2.5000000000000004 1.7500000000000002 0.55646630236794181 2.7500000000000004 3.7500000000000004 2 5.5000000000000009 29.48 3 25.870000000000001 3.7071428571428577 5.5000000000000009 3.5000000000000004 5.5000000000000009 3.5000000000000004 53.135000000000012 0.12010928961748635
decision_type=2 2 2 2 2 2 2 10 2 1 2 2 1 2 2 8 2 2 1 2 2 1 2 10 2 2 2 2 2 8
left_child=2 3 7 5 8 9 13 17 20 -2 11 -11 -7 -4 19 -8 -9 -1 -19 -5 -3 -22 -10 -18 -16 -13 -6 -14 -23 -20
right_child=1 4 6 14 26 12 15 16 22 10 -12 25 27 -15 24 -17 23 18 29 -21 21 28 -24 -25 -26 -27 -28 -29 -30 -31
leaf_value=0.073908157394301052 0.0031727331408787983 -0.027951445622788465 0.12717148388542882 -0.0056067447485979426 -0.045904480879880562 -0.014644070622335024 0.087349048808351148 0.10782430376916996 -0.04246315243158643 0.022531041278635616 -0.014708384048867816 0.054200235568736238 0.011302665849727004 0.1470240836133298 -0.02522128670409219 0.11615965014947677 0.081337056563336146 0.014311076401564926 0.01766509003317079 -0.025122894085060216 -0.026752859643890139 -0.0174632200976679 -0.031745796608499216 0.060322411142111336 -0.042568516922248285 0.031956051238355786 -0.053794848892897817 -0.0046975801804136222 -0.004159251142580536 0.052003790341376116
leaf_weight=200.07554644346237 856.26931546628475 2999.7121942341328 1637.9813684076071 1091.1510517895222 5078.4895011782646 1283.9086144417524 594.92226880788803 298.78038528561592 4284.8533160090446 1250.1950306296349 166.89631488919258 953.21302007138729 1821.0054114758968 2235.1599369496107 1096.4706662297249 1374.3769386410713 867.8842716217041 405.00082375109196 144.07825702428818 1163.0807049423456 1686.5490933805704 2054.807782381773 2641.4713928103447 692.08544172346592 1043.0706895291805 479.12468868494034 5000.3462104797363 856.02401939034462 1229.7943179905415 569.65061600506306
leaf_count=1298 6003 22218 9602 7833 38647 9335 3649 1822 32372 8593 1206 6342 12853 12765 8138 8173 5529 2740 989 8581 12471 14894 19667 4455 7834 3277 38256 6043 8914 3789
internal_value=-0.000141309 -0.0257179 0.104877 -0.00118935 -0.0375622 0.012137 0.128121 0.0621392 -0.0292697 0.0257542 0.0324151 0.0354678 -0.000602664 0.138628 -0.0244423 0.107456 0.0777701 0.0401086 0.0340639 -0.0156762 -0.0213568 -0.0173775 -0.0383759 0.0720138 -0.0336784 0.0467594 -0.0498191 0.0061633 -0.0124442 0.0444492
internal_weight=46056.4 37036.4 9020 12060.4 24976 7666.64 5842.44 3177.56 14897.2 3705.7 2849.43 2682.53 3960.94 3873.14 4393.77 1969.3 1858.75 1318.81 1118.73 2254.23 7970.86 4971.15 6926.32 1559.97 2139.54 1432.34 10078.8 2677.03 3284.6 713.729
internal_count=328288 273477 54811 86038 187439 53652 34189 20622 110536 25421 19418 18212 28231 22367 32386 11822 11806 8816 7518 16414 58497 36279 52039 9984 15972 9619 76903 18896 23808 4778
cat_boundaries=0 1 2 3 4
cat_threshold=7168 7170 8408342 7168
is_linear=0
shrinkage=0.05


Tree=3
num_leaves=31
num_cat=4
split_feature=0 29 3 0 0 29 29 29 29 2 29 4 26 2 11 26 12 12 2 26 12 23 29 0 18 0 11 18 18 1
split_gain=42701.9 4063.75 2814.57 1362.18 996.925 468.417 465.049 412.917 340.04 193.261 153.067 149.59 140.038 137.439 131.601 116.754 106.455 79.1153 83.982 75.3149 73.4964 72.6844 64.1324 64.0686 60.1396 60.1015 55.6251 57.3247 54.296 56.9476
threshold=1.5000000000000002 2.7500000000000004 1.5000000000000002 4.5000000000000009 4.5000000000000009 1.2500000000000002 4.2500000000000009 4.7500000000000009 1.2500000000000002 0 2.2500000000000004 2.5000000000000004 0.097167584579071611 1 6.3050000000000006 0.68042553191489374 13.935 29.48 2 0.42980295566502463 25.870000000000001 3.8660714285714293 4.7500000000000009 3.5000000000000004 46.795000000000009 5.5000000000000009 5.4350000000000014 55.495000000000012 59.685000000000009 3
decision_type=2 2 2 2 2 2 2 2 2 1 2 2 10 1 2 8 2 2 1 10 2 10 2 2 2 2 2 2 2 1
left_child=2 3 6 5 7 9 10 17 -4 -2 -1 14 25 -7 -11 21 -8 -3 -19 -12 -9 -10 -6 28 -21 -5 -15 -28 29 -16
right_child=1 4 8 12 22 13 16 20 15 11 19 -13 -14 26 23 -17 -18 18 -20 24 -22 -23 -24 -25 -26 -27 27 -29 -30 -31
leaf_value=0.096025159472066343 -0.0043072023971988263 -0.027078348118098242 0.12956016375008919 -0.021483545116843653 -0.044540462771720683 -0.014057834669189348 0.0076210090547996975 -0.041573830148021448 0.10119082171951768 0.018557327369899273 0.05650599634216346 -0.015181533779067686 -0.009766638797909899 -0.0068475939681568003 0.026863827255408451 0.1155392879113302 0.043114744327491052 -0.025900048975768572 -0.011924379883100944 0.057356945868943125 -0.030838489433018826 0.074184287442389168 -0.052700732394649723 0.026205182068030738 0.089952348332409421 -0.035661005978460204 0.0046398018821224981 0.023248278934809234 0.07074031881395397 0.052620759642675499
leaf_weight=559.49606487154961 523.16664308309555 2943.0750340819359 2362.424990773201 1326.917589277029 4363.7822117805481 1271.3224956393242 257.01858513057232 4160.8598486185074 1784.3212669938803 1222.1621225327253 930.80316181480885 183.70391015708447 1282.2190666943789 652.86154040694237 476.38304263353348 1556.1719304025173 1186.4160805344582 1656.0948827415705 3257.2123344242573 214.28579577803612 2584.691383600235 289.57236871123314 5371.4499827027321 593.12918309867382 416.67234864830971 1711.9962117671967 1457.0213245004416 578.06556490063667 190.48943999409676 577.68684573471546
leaf_count=3169 3740 22218 12475 9816 34465 9335 1754 32372 10072 8302 5776 1339 9523 4631 3088 8568 7542 12471 23808 1282 19667 1682 42438 3984 2491 13047 10251 4014 1217 3751
internal_value=-0.000186846 -0.0248927 0.0938684 -0.00114231 -0.0366493 0.0114315 0.0586878 -0.0283864 0.114796 0.0240537 0.0735852 0.0285534 -0.0236238 -0.000576831 0.0312725 0.105188 0.0367947 -0.0205954 -0.016712 0.0655461 -0.0374604 0.09742 -0.0490429 0.0397287 0.0788823 -0.0294705 0.00582991 0.00992553 0.0461737 0.0417341
internal_weight=45941.5 36384.3 9557.18 12047.1 24337.2 7725.99 3564.69 14601.9 5992.49 3766.72 2121.26 3243.55 4321.13 3959.27 3059.85 3630.07 1443.43 7856.38 4913.31 1561.76 6745.55 2073.89 9735.23 1837.69 630.958 3038.91 2687.95 2035.09 1244.56 1054.07
internal_count=328288 273477 54811 86038 187439 53652 22014 110536 32797 25421 12718 21681 32386 28231 20342 20322 9296 58497 36279 9549 52039 11754 76903 12040 3773 22863 18896 14265 8056 6839
cat_boundaries=0 1 2 3 4
cat_threshold=6144 7170 7168 20910242
is_linear=0
shrinkage=0.05


Tree=4
num_leaves=31
num_cat=4
split_feature=0 29 11 0 0 29 29 12 29 2 29 2 4 11 29 23 26 29 3 12 23 0 3 0 29 1 3 1 29 17
split_gain=37189.5 3835.03 2258.52 1241.56 978.661 413.693 396.788 376.365 250.849 175.001 136.648 124.867 122.642 129.631 122.426 96.6764 79.1237 76.9633 74.7288 71.9281 69.117 65.4247 63.412 60.7976 60.1259 57.0842 56.2486 54.6226 48.0125 46.5032
threshold=1.5000000000000002 2.7500000000000004 5.455000000000001 4.5000000000000009 4.5000000000000009 1.2500000000000002 4.7500000000000009 21.355000000000004 1.2500000000000002 0 1.7500000000000002 1 1.5000000000000002 6.745000000000001 3.7500000000000004 2.8166666666666669 0.097167584579071611 3.7500000000000004 2.5000000000000004 25.870000000000001 4.4142857142857155 5.5000000000000009 1.5000000000000002 5.5000000000000009 1.7500000000000002 2 2.5000000000000004 3 4.2500000000000009 36.705000000000005
decision_type=2 2 2 2 2 2 2 2 2 1 2 1 2 2 2 8 10 2 2 2 10 2 2 2 2 1 2 1 2 2
left_child=2 3 7 5 6 9 17 20 -4 -2 16 -7 13 26 24 -10 -5 29 -17 -8 -1 28 25 -12 -9 -16 -11 -13 -6 -3
right_child=1 4 8 10 21 11 19 14 15 12 23 27 -14 -15 22 18 -18 -19 -20 -21 -22 -23 -24 -25 -26 -27 -28 -29 -30 -31
leaf_value=0.039302503257661686 0.0024931723769065373 -0.018730444762428931 0.11581341334343878 -0.021268014239443973 -0.038761078960548229 -0.013490443389922925 -0.040696217264534165 0.10636306216748936 0.10676735862650058 0.016475567479917987 -0.023792937605918704 0.01375810970981497 -0.0088863612336698011 0.047781239397394613 0.025122155448825814 0.081765220500289823 -0.0014967608631828765 -0.024866229502107692 0.099618494945314329 -0.029945818095022517 0.012829348947130262 -0.052498189145789811 0.079984960341272324 -0.041003513695721923 0.072811280142088028 0.056470168899186136 0.033649573656163383 -0.00061186308572302279 -0.04883810888612837 -0.0071107338709806142
leaf_weight=800.66244660317898 863.40589712560177 2611.0603062659502 2533.795469135046 1405.6485092490911 2207.8055284917355 1259.2870829999447 4041.1243529319763 152.84312444925308 1215.4218240976334 1079.799656316638 1064.6511711478233 1145.1453221589327 205.84833982586861 820.12333506345749 233.43648675084114 1361.9519101828337 790.67395216226578 3850.8316605389118 1028.941174030304 2530.0612708926201 356.26120842993259 4650.7614895999432 228.98202666640282 990.57639893889427 1056.5807341635227 1057.9033243358135 853.71419245004654 1553.0668762326241 2544.1245265826583 1284.7260808199644
leaf_count=5042 6003 19663 12589 10590 17900 9335 32372 816 6345 7216 8138 8019 1495 5194 1408 7332 5824 29194 5319 19667 2326 38256 1313 7834 5982 6339 5513 10877 20747 9640
internal_value=-0.000221223 -0.0240869 0.0848766 -0.00109391 -0.0357499 0.0107791 -0.0275196 0.0550502 0.103757 0.0225097 -0.0228216 -0.000552625 0.0282455 0.0311239 0.0651794 0.0952854 -0.0141504 -0.0198535 0.0894485 -0.0365571 0.0311504 -0.0482823 0.0557352 -0.0320881 0.0770514 0.0514352 0.0240585 0.00551516 -0.0441562 -0.0148986
internal_weight=45779.2 35752.4 10026.8 12031.9 23720.5 7780.39 14317.8 3886.67 6140.11 3822.89 4251.55 3957.5 2959.49 2753.64 2729.75 3606.31 2196.32 7746.62 2390.89 6571.19 1156.92 9402.69 1520.32 2055.23 1209.42 1291.34 1933.51 2698.21 4751.93 3895.79
internal_count=328288 273477 54811 86038 187439 53652 110536 23226 31585 25421 32386 28231 19418 17923 15858 18996 16414 58497 12651 52039 7368 76903 9060 15972 6798 7747 12729 18896 38647 29303
cat_boundaries=0 1 2 3 4
cat_threshold=7168 7170 16406 4216958
is_linear=0
shrinkage=0.05


Tree=5
num_leaves=31
num_cat=4
split_feature=0 29 3 0 0 29 29 29 29 2 29 2 29 4 11 12 0 12 2 11 12 0 26 0 26 0 1 11 29 17
split_gain=32626.9 3616.26 1854.99 1131.52 960.71 381.107 365.585 330.12 231.386 153.29 129.695 113.468 101.884 101.67 101.004 82.79 76.4358 74.8108 79.0841 74.4331 72.2702 65.8685 64.3292 58.9415 54.0332 52.8999 50.4495 47.94 47.7961 46.5893
threshold=1.5000000000000002 2.7500000000000004 1.5000000000000002 4.5000000000000009 4.5000000000000009 4.7500000000000009 1.2500000000000002 4.2500000000000009 2.2500000000000004 0 1.7500000000000002 1 2.2500000000000004 2.5000000000000004 6.4050000000000011 13.935 5.5000000000000009 28.820000000000004 2 6.3650000000000011 16.740000000000006 5.5000000000000009 0.55217785843920153 5.5000000000000009 0.42980295566502463 3.5000000000000004 3 5.6350000000000007 4.2500000000000009 37.015000000000008
decision_type=2 2 2 2 2 2 2 2 2 1 2 1 2 2 2 2 2 2 1 2 2 2 8 2 10 2 1 2 2 2
left_child=2 3 7 6 5 17 9 12 19 -2 16 -8 -1 14 29 -9 -5 -3 -19 -4 -7 28 -10 -12 -14 27 -20 -13 -6 -11
right_child=1 4 8 10 21 20 11 15 22 13 23 25 24 -15 -16 -17 -18 18 26 -21 -22 -23 -24 -25 -26 -27 -28 -29 -30 -31
leaf_value=0.078934299762014742 0.0058882315804242207 -0.025874670722104878 0.092819967687386415 -0.0040239269887103468 -0.037887401474420303 -0.044329460363059882 -0.012941601022727976 0.0058524090493166248 0.066612904643918572 0.013090297486753576 -0.022989269170105981 -0.0014514690316512848 0.047660762337180619 -0.013210014259996586 0.039444663061469265 0.036747441014229026 -0.022773306678503923 -0.024534820913715914 0.0015166586067619275 0.10582176797679824 -0.032408491686079274 -0.051853735583307831 0.085502651349722403 -0.040131220829253071 0.065936456862504128 -0.0050057197205047033 -0.014016087230023809 0.015666331223100093 -0.048099810714155533 0.034647544995829713
leaf_weight=613.17367823421955 1184.8113203644753 2672.0321295559406 2021.3156889826059 1066.6477462798357 2147.3316580057144 1749.2575356736779 1247.7820675820112 262.4095728546381 632.84931154549122 843.00694762170315 1047.2274872362614 611.017432898283 991.91098482906818 143.44960498809814 1347.9392401874065 1248.682865396142 1108.4751164913177 1631.8229529559612 654.09612311422825 2417.0761797875166 4653.892674036324 4477.5343143045902 1565.9918878376484 962.22807143628597 682.87118178606033 859.68547607958317 2683.5076476633549 1237.2169382870197 2456.2537376284599 356.67678324878216
leaf_count=3169 8065 20859 9935 7833 17900 14425 9335 1754 3393 5559 8138 4296 5776 1064 8387 7542 8581 12681 4890 11534 37614 38256 7935 7834 3773 6043 20067 8557 20747 2346
internal_value=-0.0002468 -0.0233005 0.0773813 -0.00104933 -0.0348622 -0.0266675 0.0101662 0.0495186 0.0933296 0.0210797 -0.0220395 -0.000527158 0.0614967 0.0276435 0.0300524 0.0313823 -0.0135789 -0.0191279 -0.0155002 0.0999005 -0.0356651 -0.0475359 0.080066 -0.0311977 0.0551124 0.0052218 -0.0109766 0.0100073 -0.0433363 0.0194995
internal_weight=45578.2 35141.9 10436.3 12016.2 23125.7 14044.6 7831.59 3799.05 6637.23 3875.88 4184.58 3955.7 2287.96 2691.07 2547.62 1511.09 2175.12 7641.46 4969.43 4438.39 6403.15 9081.12 2198.84 2009.46 1674.78 2707.92 3337.6 1848.23 4603.59 1199.68
internal_count=328288 273477 54811 86038 187439 110536 53652 22014 32797 25421 32386 28231 12718 17356 16292 9296 16414 58497 37638 21469 52039 76903 11328 15972 9549 18896 24957 12853 38647 7905
cat_boundaries=0 1 2 3 4
cat_threshold=7680 7170 7168 17460
is_linear=0
shrinkage=0.05


Tree=6
num_leaves=31
num_cat=4
split_feature=0 29 11 0 0 29 29 12 29 2 26 4 11 2 29 26 29 12 29 23 0 6 0 23 32 4 2 11 2 11
split_gain=28784.2 3407.71 1569.35 1031.2 942.626 365.556 323.668 278.222 185.492 141.246 125.154 107.386 107.167 104.106 99.2609 80.9652 71.9579 71.0022 66.5096 63.3065 61.5048 57.5557 53.6058 52.0872 51.7774 51.669 47.5293 48.1572 45.4409 55.1547
threshold=1.5000000000000002 2.7500000000000004 5.455000000000001 4.5000000000000009 4.5000000000000009 4.7500000000000009 1.2500000000000002 19.920000000000005 1.2500000000000002 0 0.097167584579071611 1.5000000000000002 6.955000000000001 1 3.7500000000000004 0.71525096525096543 3.7500000000000004 16.740000000000006 4.7500000000000009 2.7638888888888893 3.5000000000000004 39.500000000000007 5.5000000000000009 3.3875000000000006 0.27872479326853333 1.5000000000000002 2 7.2350000000000012 3 5.6150000000000011
decision_type=2 2 2 2 2 2 2 2 2 1 10 2 2 1 2 10 2 2 2 8 2 2 2 8 10 2 1 2 1 2
left_child=2 3 7 6 5 16 9 23 -4 -2 22 12 21 -8 -9 19 28 -7 -6 -10 -15 -11 -5 -1 -16 26 -12 -28 29 -3
right_child=1 4 8 10 18 17 13 14 15 11 25 -13 -14 20 24 -17 -18 -19 -20 -21 -22 -23 -24 -25 -26 -27 27 -29 -30 -31
leaf_value=0.062301739874799145 -0.0044954310875381619 -0.014459802179523126 0.095900486598774259 -0.019373009119062826 -0.042004296828919659 -0.043520599498972856 -0.019651328817159402 0.064229928203681813 0.087346166586600452 0.028580037062721345 -0.028191337503210807 -0.0096237678595119357 0.045116648292001703 0.0075253157624221613 0.039227914677057441 0.090288587711880974 -0.023359160045397329 -0.0315283499129589 -0.050753417712751374 0.070022066766624314 -0.0070195438223595204 0.013629467307578398 -0.03312209385794148 0.020088294358728661 0.056569000665367054 -0.034416762737381174 -0.003681726160520623 0.032257995205129154 -0.019144547057858521 0.0031120283811445623
leaf_weight=79.511578425765038 524.58191514015198 1237.023909330368 2760.7360150963068 1274.4753901809454 3961.7831539362669 1694.0891984850168 592.2270767390728 1350.3240095376968 706.07975459098816 1360.4565099924803 162.63725601881742 228.03421258926392 590.47723253071308 2298.795870795846 1060.8909299820662 1126.8152102828026 3731.576485350728 4547.3629473745823 4808.7167115658522 2083.0955321490765 1062.8833987861872 1221.9466210156679 1597.6025962680578 902.70958042144775 724.36382506787777 161.80264000594616 818.45785002410412 105.18655624240637 1873.2377604991198 698.85789494216442
leaf_count=466 3740 9519 12589 9816 34465 14425 4470 7060 3400 8654 1249 1665 3572 16163 6116 5353 29194 37614 42438 10243 7598 7790 13047 5603 3981 1242 6246 786 14544 5240
internal_value=-0.000267693 -0.0225335 0.0710029 -0.00100666 -0.0339872 -0.0258328 0.00959243 0.0467269 0.0859748 0.0197629 -0.0212764 0.0234489 0.0258997 -0.000504907 0.054001 0.0789774 -0.0184244 -0.0347834 -0.0468013 0.0744077 0.0029179 0.0215057 -0.027021 0.0235055 0.046264 -0.00805701 -0.0041307 0.000406761 -0.01359 -0.00807462
internal_weight=45346.7 34552.2 10794.5 11999.6 22552.6 13782.1 7879.4 4117.8 6676.73 3925.5 4120.16 3400.91 3172.88 3953.91 3135.58 3915.99 7540.7 6241.45 8770.5 2789.18 3361.68 2582.4 2872.08 982.221 1785.25 1248.08 1086.28 923.644 3809.12 1935.88
internal_count=328288 273477 54811 86038 187439 110536 53652 23226 31585 25421 32386 21681 20016 28231 17157 18996 58497 52039 76903 13643 23761 16444 22863 6069 10097 9523 8281 7032 29303 14759
cat_boundaries=0 1 2 3 4
cat_threshold=6144 6144 6144 476
is_linear=0
shrinkage=0.05


Tree=7
num_leaves=31
num_cat=6
split_feature=0 29 3 0 0 29 29 29 29 2 29 2 4 3 1 17 12 22 29 0 0 1 3 0 1 26 0 12 1 23
split_gain=25511.1 3208.44 1343.55 939.845 924.444 350.364 286.96 243.029 173.856 124.511 122.941 97.1303 95.0398 89.7268 82.55 71.319 70.8357 70.5362 69.2607 68.8859 68.0739 61.5546 60.522 55.7414 53.5006 52.1616 51.527 48.9696 48.6323 48.3883
threshold=1.5000000000000002 2.7500000000000004 1.5000000000000002 4.5000000000000009 4.5000000000000009 4.7500000000000009 1.2500000000000002 4.2500000000000009 2.2500000000000004 0 1.7500000000000002 1 2.5000000000000004 2.5000000000000004 2 36.705000000000005 25.870000000000001 0.18333333333333338 2.2500000000000004 5.5000000000000009 5.5000000000000009 3 2.5000000000000004 5.5000000000000009 4 0.68927203065134113 3.5000000000000004 28.415000000000003 5 3.5277777777777781
decision_type=2 2 2 2 2 2 2 2 2 1 2 1 2 2 1 2 2 8 2 2 2 1 2 2 1 8 2 2 1 8
left_child=2 3 7 6 5 15 9 14 22 -2 20 -8 13 -11 -1 -3 -7 -9 -16 27 -5 -10 -4 -12 26 -23 -15 -6 -13 -20
right_child=1 4 8 10 19 16 11 17 21 12 23 28 -14 24 18 -17 -18 -19 29 -21 -22 25 -24 -25 -26 -27 -28 -29 -30 -31
leaf_value=0.03122944350386276 -0.0042877166581339488 -0.021160373885861346 0.077050832605349201 -0.0032159976960100291 -0.046485980227262483 -0.038215715819981871 -0.012086995233419648 0.014871428186472866 0.051193390052089865 0.013894116675749565 -0.021611348338187172 0.012493314129330205 -0.013498692123220883 0.048013535598793983 0.072428180698565089 -0.010739511998218577 -0.027150878394022561 0.036257663258979181 0.061550411173225933 -0.050664085482726488 -0.021110661209894813 0.066545293270589986 0.088583652311897035 -0.038617811986658535 0.021725154486559196 0.084600141296521325 0.023670434335420751 -0.035776472982773477 -0.00099260856173175168 0.042892359493899135
leaf_weight=482.16627705097198 523.02035093307495 4999.5474537611008 1880.0982056111097 1054.3858170360327 2361.3172709196806 3718.6275982186198 1230.1067808270454 681.8129258453846 691.56615652143955 1320.0481321066618 1018.1422391608357 1161.4344271272421 178.57262386381626 638.66987834870815 542.64155568182468 2444.7214995846152 2367.2387010231614 887.3074846714735 638.02547904849052 4161.59751740098 1071.607278034091 987.40962240099907 2880.4202869981527 914.69504684954882 981.8976769298315 672.49522534012794 329.54904162883759 1947.9404347985983 1560.81945066154 763.12172093987465
leaf_count=2561 3740 39383 8665 7833 21278 32372 9335 4163 3340 8482 8138 8019 1339 3822 2625 19114 19667 5133 3357 38256 8581 4842 12804 7834 5976 3146 2062 17369 10877 4175
internal_value=-0.000283915 -0.0217846 0.065501 -0.000967541 -0.0331227 -0.0250131 0.00905415 0.0422987 0.0785346 0.0185458 -0.0205331 -0.000484084 0.0219574 0.0239607 0.0522167 -0.0177381 -0.0339118 0.0269649 0.056969 -0.0460759 -0.0122358 0.0674115 0.0840289 -0.0296595 0.0307748 0.0734177 0.0393218 -0.0416449 0.00478575 0.0513885
internal_weight=45091 33983.9 11107.1 11982.9 22001 13530.1 7924.12 3995.08 7111.99 3971.76 4058.83 3952.36 3448.74 3270.16 2425.96 7444.27 6085.87 1569.12 1943.79 8470.86 2125.99 2351.47 4760.52 1932.84 1950.12 1659.9 968.219 4309.26 2722.25 1401.15
internal_count=328288 273477 54811 86038 187439 110536 53652 22014 32797 25421 32386 28231 21681 20342 12718 58497 52039 9296 10157 76903 16414 11328 21469 15972 11860 7988 5884 38647 18896 7532
cat_boundaries=0 1 2 3 4 5 6
cat_threshold=6144 7170 8405014 8406110 12676700 4216958
is_linear=0
shrinkage=0.05


Tree=8
num_leaves=31
num_cat=6
split_feature=0 29 11 0 0 29 29 29 32 29 2 2 11 1 4 11 12 2 12 0 26 1 0 32 0 0 29 26 1 18
split_gain=22696.7 3018.85 1174.55 906.184 856.536 335.554 254.782 200.947 173.894 116.296 114.213 90.1228 84.1119 72.6262 70.9403 75.8476 70.5158 74.5851 70.0615 69.4144 65.9268 61.8087 55.5682 53.9586 53.9245 51.683 48.775 46.6349 46.2553 44.5663
threshold=1.5000000000000002 2.7500000000000004 5.245000000000001 4.5000000000000009 4.5000000000000009 4.7500000000000009 1.2500000000000002 1.2500000000000002 0.21689934340536751 1.7500000000000002 0 1 5.8250000000000011 2 2.5000000000000004 6.745000000000001 29.48 3 16.740000000000006 5.5000000000000009 0.097167584579071611 4 2.5000000000000004 0.13521462639109702 5.5000000000000009 3.5000000000000004 4.2500000000000009 0.46737588652482276 5 59.835000000000008
decision_type=2 2 2 2 2 2 2 2 10 2 1 1 2 1 2 2 2 1 2 2 10 1 2 8 2 2 2 10 1 2
left_child=2 4 8 5 6 16 10 -4 13 20 -2 -8 -9 -1 15 29 -3 -18 -7 26 -6 -10 -13 -15 -11 28 -5 -23 -19 -12
right_child=1 3 7 19 9 18 11 12 21 24 14 22 -14 23 -16 -17 17 25 -20 -21 -22 27 -24 -25 -26 -27 -28 -29 -30 -31
leaf_value=0.010772371111565987 0.0043888081029731718 -0.023457127745867602 0.081820190215471697 -0.035122360444543269 -0.018478375205838796 -0.042011990576423165 -0.018501678956970035 0.056445265703194997 0.026555321446202103 -0.020856348548880403 0.015999277643834783 0.011479707527063577 0.070275012960209868 0.0095646287090608191 -0.011702801342392752 0.037339521811849678 -0.022320409687597416 0.0088148255699291092 -0.029757906469721408 -0.05006242012930269 -0.00014361563091433622 0.04443957179812922 -0.0019965340913579714 0.041280241899797107 -0.037770204874299967 -0.018337791524307465 -0.045946833441479276 0.061364457313431223 -0.0084729491496973001 0.038420775873375709
leaf_weight=654.36688874661922 1205.2296735793352 2720.8625481128693 2992.8188025653362 1966.9130205214024 1331.8132256120443 1594.974809512496 579.40280199050903 1718.6497639417648 423.32245779037476 1002.6508222594857 1579.2375561892986 1173.2957967668772 3051.505517333746 171.95710983872414 139.93054497241974 832.42690825462341 1534.9681642130017 498.93966346979141 4341.2324952036142 4005.0098132640123 775.94002723693848 1116.6106428951025 2197.8648397922516 609.28405883908272 889.11632014065981 970.72111840546131 2210.0221357792616 640.44791649281979 1626.5612801760435 257.80348844826221
leaf_count=3897 8065 22218 12923 17900 10590 14425 4470 8231 2248 8138 9858 8205 13830 1079 1064 4854 12471 3816 37614 38256 5824 5893 15556 3449 7834 7465 20747 3261 12527 1580
internal_value=-0.00029431 -0.0210528 0.0607006 -0.0322684 -0.000926805 -0.0242081 0.00855296 0.0716642 0.0371634 -0.0198061 0.0174238 -0.000461696 0.0652923 0.0236505 0.0229185 0.0248192 -0.0170686 -0.0133153 -0.0330504 -0.0453592 -0.0117287 0.0460605 0.00268576 0.0338659 -0.0288057 -0.00875056 -0.0408496 0.0503223 -0.00441321 0.0191458
internal_weight=44813.9 33434.9 11379 21470.2 11964.7 13288.3 7965.19 7762.97 3615.99 3999.52 4014.63 3950.56 4770.16 1435.61 2809.4 2669.47 7352.05 4631.19 5936.21 8181.94 2107.75 2180.38 3371.16 781.241 1891.77 3096.22 4176.94 1757.06 2125.5 1837.04
internal_count=328288 273477 54811 187439 86038 110536 53652 34984 19827 32386 25421 28231 22061 8425 17356 16292 58497 36279 52039 76903 16414 11402 23761 4528 15972 23808 38647 9154 16343 11438
cat_boundaries=0 1 2 3 4 5 6
cat_threshold=7680 6144 11554134 7168 16918 8471572
is_linear=0
shrinkage=0.05


Tree=9
num_leaves=31
num_cat=9
split_feature=0 29 11 0 0 29 29 12 29 26 2 2 1 29 0 1 12 18 27 15 1 18 1 12 1 4 29 2 2 23
split_gain=20254.1 2838.43 1028.64 887.511 780.421 320.865 226.501 188.654 135.161 110.844 102.464 85.4838 76.6495 70.0671 69.8798 69.805 69.2283 68.9043 67.5282 57.7076 56.9151 55.3517 52.2222 49.2263 58.5919 48.663 48.5836 48.2469 44.6079 44.6068
threshold=1.5000000000000002 2.7500000000000004 5.455000000000001 4.5000000000000009 4.5000000000000009 4.7500000000000009 1.2500000000000002 19.920000000000005 2.2500000000000004 0.097167584579071611 0 1 2 4.7500000000000009 3.5000000000000004 3 25.870000000000001 52.010000000000012 1.0000000180025095e-35 36.270000000000003 4 58.185000000000009 5 41.340000000000011 6 2.5000000000000004 1.7500000000000002 7 8 3.2111111111111117
decision_type=2 2 2 2 2 2 2 2 2 10 1 1 1 2 2 1 2 2 8 2 1 2 1 2 1 2 2 1 1 8
left_child=2 4 7 5 6 15 10 28 20 26 -2 -8 -9 -5 21 -3 -7 -14 -17 -20 -4 23 -10 -12 -25 27 -6 -11 -1 -30
right_child=1 3 8 13 9 16 11 12 22 25 14 -13 17 -15 -16 18 -18 -19 19 -21 -22 -23 -24 24 -26 -27 -28 -29 29 -31
leaf_value=0.0059511597323288401 0.0011237279709983823 -0.0062155507248298674 0.061708498513661648 -0.039498237621680435 -0.017791182799437592 -0.036588192516622799 0.0064801159547765511 0.024060235121590536 0.046530507007025358 0.0062999512218170229 0.0074432552055533497 -0.0082208528753539758 0.040081455615886934 -0.048951981762359986 0.010058133120858749 -0.025646121904507185 -0.02539221171815257 0.055928673820882902 -0.01925955135926196 -0.0060364957874923797 0.07697792720154592 0.042563619898140267 0.065434653603049647 0.038382596133496448 0.016142229935263912 -0.035655763364035697 -0.031154815007173538 -0.014679618308188673 0.085748896264390639 0.024639670493214742
leaf_weight=437.07271514832973 877.94152756035328 1396.1790165454149 1513.8972388356924 3596.8330641761422 1314.5413170903921 3521.1639470532537 2090.6096756011248 533.5257615596056 956.49511627852917 604.05439314246178 437.84827187657356 1858.4568073004484 1666.0554969608784 4306.7583640366793 1052.5795781463385 2247.53842677176 2271.3171532675624 1165.973563849926 2347.5800438374281 1272.2702465131879 3482.3356143683195 400.24949429929256 1270.3112479746342 595.03949068486691 691.46596862375736 128.59174390137196 1409.1981181502342 486.34377748519182 31.549818098545074 558.41369430720806
leaf_count=2588 6003 11196 6512 34465 10590 32372 14438 2801 4365 4671 2779 13793 8461 42438 6563 18319 19667 5895 18951 10031 14961 2375 5747 3534 4167 1033 12273 3819 171 3310
internal_value=-0.000302749 -0.0203391 0.0564593 -0.0314258 -0.000888534 -0.0234206 0.00808051 0.0373792 0.0680625 -0.0190967 0.0163808 -0.000442665 0.0431033 -0.0446497 0.0205286 -0.0164209 -0.0321981 0.0464419 -0.0188067 -0.014612 0.0726288 0.0258125 0.0578174 0.0219243 0.0268528 -0.00656499 -0.0247052 -0.00313429 0.0186216 0.0274425
internal_weight=44522.2 32906.6 11615.6 20959.6 11946.9 13056 8004.19 4392.59 7223.04 3942.73 4055.12 3949.07 3365.55 7903.59 3177.18 7263.57 5792.48 2832.03 5867.39 3619.85 4996.23 2124.6 2226.81 1724.35 1286.51 1218.99 2723.74 1090.4 1027.04 589.964
internal_count=328288 273477 54811 187439 86038 110536 53652 23226 31585 32386 25421 28231 17157 76903 19418 58497 52039 14356 47301 28982 21473 12855 10112 10480 7701 9523 22863 8490 6069 3481
cat_boundaries=0 1 2 3 4 5 6 7 8 9
cat_threshold=7168 252 16406 17436 23582 14763102 12643916 492 4216
is_linear=0
shrinkage=0.05


Tree=10
num_leaves=31
num_cat=6
split_feature=0 29 3 0 0 29 29 29 29 0 4 2 28 2 0 26 12 1 29 2 23 1 18 29 18 11 6 12 1 24
split_gain=18124.1 2666.99 927.625 868.524 711.255 306.556 201.669 173.807 134.252 107.595 96.9484 80.8654 79.4168 79.2325 72.6298 69.0371 68.9623 67.0735 65.6876 63.9523 56.8951 56.7046 53.8439 53.5575 53.2455 52.4421 51.824 50.7058 49.1972 48.9552
threshold=1.5000000000000002 2.7500000000000004 1.5000000000000002 4.5000000000000009 4.5000000000000009 4.7500000000000009 1.2500000000000002 4.2500000000000009 1.2500000000000002 5.5000000000000009 1.5000000000000002 0 1670.4643386640644 1 5.5000000000000009 0.13840996168582378 16.740000000000006 2 1.7500000000000002 3 4.4365079365079376 4 55.580000000000005 1.2500000000000002 60.935000000000009 6.1750000000000007 39.500000000000007 28.415000000000003 5 0.17816666666666672
decision_type=2 2 2 2 2 2 2 2 2 2 2 1 2 1 2 8 2 1 2 1 10 1 2 2 2 2 2 2 1 10
left_child=2 4 7 5 6 15 10 18 -4 19 11 -2 24 -8 27 21 -7 -10 -1 -6 -9 -3 -15 -11 26 -21 -13 -5 -20 -19
right_child=1 3 8 14 9 16 13 20 17 23 -12 12 -14 22 -16 -17 -18 29 28 25 -22 -23 -24 -25 -26 -27 -28 -29 -30 -31
leaf_value=0.067726254099536962 -0.0019525431757154447 -0.0078312227641957437 0.071377782159125922 -0.044396027084816277 -0.021893363871686763 -0.040532261066462169 -0.017518306433424554 0.026998718153155011 0.067338832681848329 -0.019361211489100937 -0.013165638845960784 0.021802184759800058 0.044958098320378552 -0.0013805570551613951 -0.048944987151074953 -0.010116619820542957 -0.02803287473352566 0.055484596406867474 0.023213083626210995 -0.014891045273842966 0.0062519985877092987 -0.022927499167195657 0.012753893091180087 -0.036317417779124055 0.03576792215177297 0.0056140025899759924 0.0078426981199646289 -0.032968602445288812 0.043263643389255806 0.03878880887552328
leaf_weight=226.70570640265942 475.71975481510162 809.83307279646397 2996.5610823482275 2130.4272005707026 741.87056155502796 1503.0388657003641 568.70552659034729 1189.9992577433586 1581.8610768765211 1034.3307054266334 276.60414300858974 1453.2669144421816 296.67408186197281 2449.3481595367193 3722.063854560256 3069.6815562620759 4151.3652932941914 2478.3539761602879 470.01649861037731 557.07037464529276 457.50489304959774 3299.6487743109465 929.46343991160393 847.09085597842932 365.17705558240414 708.25797429680824 1225.54334166646 1783.301564194262 1887.1039650291204 533.59153060615063
leaf_count=1005 3399 6574 12475 21278 5957 14425 4470 6580 6976 8577 2006 8735 1684 17303 38256 24856 37614 10939 2404 4531 2716 27067 6458 7838 2137 5483 7460 17369 9309 2407
internal_value=-0.000304935 -0.0196409 0.0526871 -0.0305923 -0.000849176 -0.0226479 0.00764135 0.0339281 0.0631445 -0.018405 0.0154179 0.0174896 0.0202036 -0.000421817 -0.0439446 -0.0157897 -0.0313554 0.0577739 0.0420199 -0.0103528 0.0212374 -0.0200274 0.00250023 -0.0269956 0.0178574 -0.00338673 0.0154158 -0.0391891 0.0395475 0.052353
internal_weight=44220.2 32398.5 11821.7 20469.4 11929.1 12833.6 8040.5 4231.33 7590.37 3888.62 4092.99 3816.38 3340.66 3947.52 7635.79 7179.16 5654.4 4593.81 2583.83 2007.2 1647.5 4109.48 3378.81 1881.42 3043.99 1265.33 2678.81 3913.73 2357.12 3011.95
internal_count=328288 273477 54811 187439 86038 110536 53652 22014 32797 32386 25421 23415 20016 28231 76903 58497 52039 20322 12718 15971 9296 33641 23761 16415 18332 10014 16195 38647 11713 13346
cat_boundaries=0 1 2 3 4 5 6
cat_threshold=6144 6144 21799680 7682 1084 8405014
is_linear=0
shrinkage=0.05


Tree=11
num_leaves=31
num_cat=6
split_feature=0 29 0 11 0 29 29 28 32 29 4 2 2 0 29 17 12 11 0 1 12 18 0 2 0 24 1 1 11 4
split_gain=16251.7 2503.18 849.223 823.613 648.001 292.502 179.641 156.732 124.374 102.269 86.5036 74.5671 74.3065 73.144 69.8699 68.6026 67.496 65.8411 59.4753 58.8529 51.2424 50.1788 49.4566 47.6584 44.3089 44.2585 41.9342 41.0633 40.9098 46.7031
threshold=1.5000000000000002 2.7500000000000004 4.5000000000000009 5.245000000000001 4.5000000000000009 4.7500000000000009 1.2500000000000002 1592.1446842536641 0.20936320467551447 1.7500000000000002 1.5000000000000002 0 1 5.5000000000000009 2.2500000000000004 36.705000000000005 16.740000000000006 6.745000000000001 5.5000000000000009 2 18.485000000000003 45.07500000000001 5.5000000000000009 3 3.5000000000000004 0.15585714285714289 4 5 5.4350000000000014 2.5000000000000004
decision_type=2 2 2 2 2 2 2 2 10 2 2 1 1 2 2 2 2 2 2 1 2 2 2 1 2 8 1 1 2 2
left_child=3 4 5 8 6 15 10 14 19 18 11 -2 -8 20 25 24 -7 27 -6 -1 -4 -16 -11 -10 -3 -5 -25 -13 -14 -30
right_child=1 2 13 7 9 16 12 -9 23 22 -12 17 28 -15 21 -17 -18 -19 -20 -21 -22 -23 -24 26 -26 -27 -28 -29 29 -31
leaf_value=0.031131580099006562 0.0054406804628609647 -0.015335494836700171 -0.048108770844520067 0.064125063617956141 -0.0016492253987129583 -0.039755056519579668 -0.0089943685015574874 0.067041341138285845 0.052576592979124238 -0.018782301439844523 -0.012620988012604768 0.023680213287087408 -0.0066672123867390701 -0.048370144186309236 0.034184702073587557 -0.0081778707526772368 -0.027212103124893153 0.032625192708603902 -0.018676208014255603 0.0095803141742662155 -0.034930463269956698 0.05085575506742273 -0.035476501928876587 0.013924447457997771 -0.025703047825429662 0.051600026947879823 0.036068777183521861 0.0086264047541366722 0.01096608908225186 -0.018905263406229559
leaf_weight=525.64639784395695 1126.5497061759233 3243.945578970015 1002.2076622843742 1451.7264807671309 1031.0584741383791 1456.9798627868295 1529.6027577519417 3119.7471047341824 453.35113780200481 961.57111125439405 274.17713294923306 877.53843161463737 567.91314463317394 3581.5530352592468 624.61358951032162 2344.3882083371282 4064.9794810116291 839.09141482412815 1020.4475365132093 854.09206552803516 2794.390243679285 1627.3890915066004 823.65307483822107 294.31208847463131 1510.4185661822557 1371.771362438798 1676.6667308211327 1010.9184166938066 1706.8156188130379 141.71503601968288
leaf_count=2918 7389 26823 10424 6111 7833 14425 11620 12971 2211 8138 2006 5265 3993 38256 2806 19114 37614 4649 8581 4886 28223 7286 7834 1525 12560 5810 8287 6112 11652 966
internal_value=-0.000308089 -0.0189615 -0.029769 0.049297 -0.000815454 -0.0218911 0.0072237 0.0582218 0.0300701 -0.0177337 0.0145152 0.0164456 -0.000404511 -0.0432445 0.0528007 -0.0151776 -0.0305216 0.0208944 -0.0101187 0.0180859 -0.0384092 0.0462319 -0.0264845 0.0368905 -0.0186292 0.0580399 0.0328491 0.0157928 0.00504917 0.00867604
internal_weight=43909.2 31909.9 19998.9 11999.3 11911.1 12620.7 8074.32 8195.25 3804.07 3836.73 4128.28 3854.1 3946.05 7378.15 5075.5 7098.75 5521.96 2727.55 2051.51 1379.74 3796.6 2252 1785.22 2424.33 4754.36 2823.5 1970.98 1888.46 2416.44 1848.53
internal_count=328288 273477 187439 54811 86038 110536 53652 34984 19827 32386 25421 23415 28231 76903 22013 58497 52039 16026 16414 7804 38647 10092 15972 12023 39383 11921 9812 11377 16611 12618
cat_boundaries=0 1 2 3 4 5 6
cat_threshold=7680 7426 17764520 7170 16406 4287582
is_linear=0
shrinkage=0.05


Tree=12
num_leaves=31
num_cat=8
split_feature=0 29 0 3 0 29 29 23 12 29 27 11 2 0 2 4 3 1 13 26 1 1 4 17 1 32 0 1 1 0
split_gain=14598.4 2370.44 825.817 746.236 517.343 366.318 194.659 141.558 126.001 118.621 109.097 84.1564 77.7863 74.9436 69.0798 60.5254 65.9346 59.4637 56.9394 56.498 55.6995 55.6864 54.5399 51.3165 50.283 45.7602 45.7134 43.4833 41.9962 42.6805
threshold=1.5000000000000002 3.7500000000000004 4.5000000000000009 1.5000000000000002 4.5000000000000009 1.2500000000000002 1.7500000000000002 3.7321428571428577 25.685000000000006 1.2500000000000002 1.0000000180025095e-35 5.6150000000000011 0 5.5000000000000009 1 2.5000000000000004 2.5000000000000004 2 19.205000000000002 0.091750841750841763 3 4 1.5000000000000002 36.565000000000005 5 0.069848755895267539 5.5000000000000009 6 7 3.5000000000000004
decision_type=2 2 2 2 2 2 2 8 2 2 8 2 1 2 1 2 2 1 2 10 1 1 2 2 1 8 2 1 1 2
left_child=3 2 5 7 8 12 19 24 25 -5 20 -12 -2 -8 -9 16 -14 -11 -16 -4 -7 -10 23 -13 -1 -3 -6 -20 29 -18
right_child=1 4 6 9 26 10 13 14 21 17 11 22 15 -15 18 -17 28 -19 27 -21 -22 -23 -24 -25 -26 -27 -28 -29 -30 -31
leaf_value=0.025209708111197788 -0.0043833476785364919 -0.047837653495423516 -0.01629880654031322 0.063155836392107048 -0.040821460394231145 -0.004352116009397073 -0.022347419103338827 0.043437522015537876 -0.010372940279869259 0.059226904292906446 -0.0074609086967964275 0.0031485811578482559 0.0092946948189010798 -0.037334690715432682 -0.020907589296460867 -0.012374598461877466 0.039958087633408072 0.045608520675549095 0.0071028548990262237 0.00080190325242189249 -0.019543247984668902 -0.023252607804427696 -0.012012870616245199 0.019046057486452699 0.043610645612815808 -0.030152138668338664 -0.049919875815190487 0.024224304332386145 0.016753626290545023 0.016687108882957831
leaf_weight=637.61077974736691 523.7331467717886 402.70025762170553 1249.0847523510456 3063.2424069941044 2829.9293877780437 1053.9065154567361 1802.7050181552768 284.08155529201031 1207.1771430000663 1634.1857422143221 2332.190056361258 1515.1653740480542 1385.130388841033 1552.4500084668398 94.814047321677208 175.24657800793648 586.65676692128181 3101.5579494684935 575.45950995385647 787.5134499669075 1467.890930749476 3252.8486737087369 378.85599830001593 763.37401476502419 1558.9406314492226 3986.9526012688875 2695.5416187047958 1202.6119842976332 1193.6661190241575 296.67402106523514
leaf_count=3129 3740 4070 10391 12475 29964 8324 16821 1489 10518 6976 18241 11004 8482 16070 593 1339 3246 13346 3124 6023 11692 28553 2843 5430 7385 38092 30020 6294 6863 1751
internal_value=-0.000308139 -0.0182975 -0.00569632 0.0462315 -0.0332558 0.00177938 -0.0218803 0.0296481 -0.0257608 0.0554887 -0.0048133 -0.000529406 0.0136801 -0.0292821 0.0205497 0.0162484 0.0177441 0.0505293 0.0167566 -0.00968629 -0.0132893 -0.0198419 0.00555384 0.00847468 0.0385826 -0.0317746 -0.04526 0.0188593 0.023379 0.0317825
internal_weight=43591.9 31439.4 17064.2 12152.5 14375.1 11672.5 5391.75 4353.52 8849.68 7798.99 7511.38 4989.59 4161.11 3355.16 2156.97 3637.37 3462.13 4735.74 1872.89 2036.6 2521.8 4460.03 2657.4 2278.54 2196.55 4389.65 5525.47 1778.07 2077 883.331
internal_count=328288 273477 132260 54811 141217 82955 49305 22014 81233 32797 57534 37518 25421 32891 11500 21681 20342 20322 10011 16414 20016 39071 19277 16434 10514 42162 59984 9418 11860 4997
cat_boundaries=0 1 2 3 4 5 6 7 8
cat_threshold=6144 2 21799680 14699612 148510 8406046 1099862 12610652
is_linear=0
shrinkage=0.05


Tree=13
num_leaves=31
num_cat=6
split_feature=0 29 0 11 0 29 29 12 32 2 3 29 0 0 4 27 1 4 26 2 18 17 1 23 0 27 6 1 6 1
split_gain=13135 2238.39 760.545 678.72 510.18 328.801 184.54 153.373 121.602 105.321 108.263 84.5526 78.7704 72.8393 71.3541 61.5961 55.9129 55.8502 58.0939 55.2883 52.6359 50.3518 48.7918 46.9025 46.3596 46.1582 45.321 45.1627 43.5055 41.3955
threshold=1.5000000000000002 3.7500000000000004 4.5000000000000009 5.6150000000000011 4.5000000000000009 1.2500000000000002 1.7500000000000002 24.715000000000003 0.23341793570219968 0 1.5000000000000002 1.2500000000000002 3.5000000000000004 5.5000000000000009 1.5000000000000002 1.0000000180025095e-35 1 2.5000000000000004 0.097167584579071611 2 51.355000000000011 38.815000000000005 3 2.8166666666666669 5.5000000000000009 1.0000000180025095e-35 39.500000000000007 4 35.500000000000007 5
decision_type=2 2 2 2 2 2 2 2 8 1 2 2 2 2 2 8 1 2 10 1 2 2 1 8 2 8 2 1 2 1
left_child=3 2 5 7 8 14 17 19 -3 -7 29 -5 28 -8 15 -2 -9 18 -4 -1 -18 26 -10 -13 -6 -24 -17 -14 -12 -11
right_child=1 4 6 11 24 9 13 16 22 10 12 23 27 -15 -16 21 20 -19 -20 -21 -22 -23 25 -25 -26 -27 -28 -29 -30 -31
leaf_value=0.010120071815229222 0.0046635074713255722 -0.032208130853082641 -0.013728493722348193 0.059908385045858097 -0.040089039885430736 -0.018663330278238632 -0.02160117149341553 0.021852670758225768 -0.010937665897564657 -0.016715694311832143 0.018102067051368759 0.056107629159205731 0.0049752415850340612 -0.036551898937313497 -0.011917312489075777 0.021253962914916665 0.033707224594538995 -0.040091668747326357 0.0044692884402425474 0.027006942259343553 0.048028115986889539 0.030167212841206433 -0.028421105427523075 0.044821210217307457 -0.049419668381072007 -0.017681950886393859 0.0064917439365283413 -0.015075197575439337 0.0039565604921385413 -0.0039653856968067148
leaf_weight=976.32291051745415 1113.6893463134766 3476.8499980196357 1191.3553728014231 3022.7791263312101 2739.8519455045462 1119.5640602633357 1772.5153839513659 624.55378197133541 1194.2150998264551 1201.9075602889061 773.24089949578047 1428.9978592693806 452.66810317337513 1507.5624208301306 270.9528816640377 1170.5103267431259 1445.8629044890404 137.01493011415005 694.06537130475044 1045.4914779663086 1153.5203138142824 701.05294162034988 1925.9878625720739 2586.8197285979986 2589.377674549818 2082.4113540202379 935.41250495612621 722.44685645401478 1829.940465927124 1385.898393958807
leaf_count=5281 7141 34315 10019 12214 29964 9321 16821 2970 10647 9515 5629 5942 3371 16070 2006 6765 6653 1124 5271 5565 5262 3987 17599 10924 30020 18672 5522 5429 13349 10920
internal_value=-0.000306596 -0.0176508 -0.00544485 0.0434458 -0.0324454 0.00168592 -0.0211483 0.029832 -0.0249686 -0.00459237 -0.00208521 0.0535919 0.00330774 -0.0284727 0.0128981 0.0146131 0.0366025 -0.00926936 -0.00702948 0.019036 0.0399088 0.0185606 -0.0201305 0.0488374 -0.0446226 -0.0227851 0.0146969 -0.00743748 0.0081583 -0.00996719
internal_weight=43272.8 30988.5 16979.8 12284.3 14008.7 11677.3 5302.51 5245.75 8679.46 7485.67 6366.1 7038.6 3778.3 3280.08 4191.62 3920.67 3223.94 2022.44 1885.42 2021.81 2599.38 2806.98 5202.61 4015.82 5329.23 4008.4 2105.92 1175.11 2603.18 2587.81
internal_count=328288 273477 132260 54811 141217 82955 49305 25731 81233 57534 48213 29080 27778 32891 25421 23415 14885 16414 15290 10846 11915 16274 46918 16866 59984 36271 12287 8800 18978 20435
cat_boundaries=0 1 2 3 4 5 6
cat_threshold=6144 16414 632 148508 152182 10954688
is_linear=0
shrinkage=0.05


Tree=14
num_leaves=31
num_cat=6
split_feature=0 29 0 11 0 29 29 12 29 28 2 11 0 0 2 1 0 0 1 26 0 26 32 1 18 18 6 27 25 1
split_gain=11830.5 2111.46 699.978 615.811 502.657 295.251 174.71 118.62 116.758 100.884 96.9122 99.0247 71.9797 70.707 65.5694 62.6604 55.5648 53.7809 50.3119 49.9072 47.0049 46.3532 45.9419 43.8636 42.2282 39.8844 39.7332 38.0014 38.2685 37.464
threshold=1.5000000000000002 3.7500000000000004 4.5000000000000009 5.455000000000001 4.5000000000000009 1.2500000000000002 1.7500000000000002 25.685000000000006 4.2500000000000009 1592.1446842536641 0 5.4350000000000014 3.5000000000000004 5.5000000000000009 1 2 3.5000000000000004 5.5000000000000009 3 0.27055180180180188 5.5000000000000009 0.42980295566502463 0.069848755895267539 4 58.185000000000009 55.305000000000007 46.500000000000007 1.0000000180025095e-35 0.58333333333333337 5
decision_type=2 2 2 2 2 2 2 2 2 2 1 2 2 2 1 1 2 2 1 8 2 10 8 1 2 2 2 8 8 1
left_child=3 2 5 8 7 14 17 22 21 15 -7 -12 25 -8 -2 -5 24 27 -9 -10 -6 -1 -3 -21 -16 -13 -11 -4 -29 -14
right_child=1 4 6 9 20 10 13 18 19 26 11 12 29 -15 16 -17 -18 -19 -20 23 -22 -23 -24 -25 -26 -27 -28 28 -30 -31
leaf_value=0.027189670815263012 -0.0044207275619706464 -0.046807483730434953 -0.016807291388229732 0.035702221039520574 -0.0393583176356299 -0.017983378935637017 -0.020869920560566229 -0.009333653628864241 0.0045302456658088035 0.05913030694483077 -0.0097418778103349271 0.0036499194571244578 0.0029857610728294039 -0.035772266441324564 0.01560199890450116 0.049501001834830596 0.0056625107301685115 -0.017166864768460185 -0.021698037283328253 0.03467564803396142 -0.048925528832927778 0.039888653511406948 -0.028536269150264762 0.014499349501530027 0.03210982734470489 0.017072484070711276 0.04502635721599945 -0.00066980551843272458 0.027524587937595719 -0.014874186751392661
leaf_weight=1603.4810879081488 524.00224144756794 378.18573215603828 271.90785998851061 1594.6245886981487 2653.3938937485218 1104.5676897019148 1743.6391808465123 1185.5298342183232 574.62647970020771 2581.7443332076073 2500.3243870735168 1885.6977504491806 516.16556876897812 1464.5014716237783 2021.7250983715057 2885.0805574208498 1196.0986398756504 990.24330148100853 3141.716750241816 457.56364922225475 2487.3429034352303 1302.1342123001814 3810.9321947395802 778.81374453008175 479.23358382284641 783.35200034826994 619.10413935780525 595.92022747546434 150.81062372773886 671.02103104442358
leaf_count=7682 3740 4070 2121 6660 29964 9321 16821 10518 3218 10456 20026 13758 3821 16070 11800 11954 7197 8581 28553 2359 30020 5867 38092 4100 2684 5540 2515 4571 1141 5068
internal_value=-0.000306258 -0.0170204 -0.00520475 0.0408904 -0.031641 0.00159555 -0.0204323 -0.0241883 0.02667 0.0496232 -0.00438322 -0.00198853 0.00303347 -0.0276728 0.0121636 0.0447793 0.014487 -0.00886939 -0.0183823 0.0167054 -0.0439874 0.0328806 -0.0301858 0.022364 0.0187652 0.00758937 0.0564023 -0.000803214 0.00502437 -0.00720917
internal_weight=42953.5 30556.3 16899.2 12397.2 13657.1 11682.2 5217.02 8516.36 4716.62 7680.55 7461.13 6356.56 3856.24 3208.14 4221.06 4479.71 3697.06 2008.88 4327.25 1811 5140.74 2905.62 4189.12 1236.38 2500.96 2669.05 3200.85 1018.64 746.731 1187.19
internal_count=328288 273477 132260 54811 141217 82955 49305 81233 23226 31585 57534 48213 28187 32891 25421 18614 21681 16414 39071 9677 59984 13549 42162 6459 14484 19298 12971 7833 5712 8889
cat_boundaries=0 1 2 3 4 5 6
cat_threshold=6144 6144 8410206 148510 25964768 154230
is_linear=0
shrinkage=0.05


Tree=15
num_leaves=31
num_cat=6
split_feature=0 29 0 3 0 29 29 12 29 29 27 18 0 4 2 23 1 24 10 4 26 1 0 0 2 15 27 14 2 1
split_gain=10668.1 1990.01 643.96 564.103 494.638 265.175 165.187 114.629 113.097 101.702 92.7171 75.2078 68.5486 63.2203 62.5857 67.1539 54.6254 53.7831 53.1993 52.851 52.9532 52.2187 48.8158 47.6426 44.5665 43.5839 42.5498 40.1682 38.6414 37.3297
threshold=1.5000000000000002 3.7500000000000004 4.5000000000000009 1.5000000000000002 4.5000000000000009 1.2500000000000002 1.7500000000000002 22.115000000000006 3.2500000000000004 1.2500000000000002 1.0000000180025095e-35 55.580000000000005 5.5000000000000009 1.5000000000000002 0 4.4365079365079376 1 0.16050000000000006 0.15500000000000003 2.5000000000000004 0.14854215918045707 2 3.5000000000000004 5.5000000000000009 3 35.740000000000009 1.0000000180025095e-35 7.3250000000000011 4 5
decision_type=2 2 2 2 2 2 2 2 2 2 8 2 2 2 1 10 1 10 10 2 10 1 2 2 1 2 8 2 1 1
left_child=3 2 5 8 7 13 19 -3 -1 -5 21 22 -8 18 -10 -16 -9 -11 24 20 27 28 25 -6 -2 -12 -18 -4 -7 -13
right_child=1 4 6 9 23 10 12 16 14 17 11 29 -14 -15 15 -17 26 -19 -20 -21 -22 -23 -24 -25 -26 -27 -28 -29 -30 -31
leaf_value=0.035008531616684116 0.0046978955416891637 -0.031211898723483612 -0.013786887840515506 0.053587176419353837 -0.038628732194207829 0.0023173531549534406 -0.020153833512897439 -0.0096117263456977631 0.036109058671855265 0.046088393824189874 -0.0065788939536211739 0.018625340459464762 -0.034995564255860333 -0.011897696962642009 0.019433738123376613 -0.0010617255270860442 -0.027263183418309678 0.035249881798620035 0.0065138999625026887 -0.039034608110961801 0.0098968841577262122 -0.019484662035699631 -0.012830285715974327 -0.048436178589962943 0.021934974940805253 0.00670027226935563 -0.017049665774762815 0.01146443175857232 -0.015439018879687461 0.002102536373632231
leaf_weight=1610.9833129048347 504.15163883566856 3018.0787309110165 1287.8378270193934 3109.8427227884531 2570.4541307017207 758.02388699352741 1716.0289211943746 1250.7964364737272 429.50820648670197 3047.470888197422 1282.6504990756512 620.24977457523346 1423.2135243713856 270.85541288554668 1960.3949925452471 502.00907719135284 1933.0390863269567 1833.0431788563728 1741.2402584403753 132.19790796935558 396.40183442085981 1207.7478893995285 1102.6747116297483 2389.3364154845476 1732.6419545412064 1192.2871687337756 2158.3022749572992 179.43367255479097 503.88760972768068 769.73225013911724
leaf_count=7190 3370 31492 10795 12475 29964 5878 16821 11390 2172 12619 9911 4544 16070 2006 9856 2796 18357 7703 10365 1124 2999 9888 8592 30020 9680 8751 19994 1496 4250 5720
internal_value=-0.000303974 -0.0164064 -0.00497389 0.0385447 -0.0308439 0.00151111 -0.019732 -0.0234225 0.0243917 0.0465205 -0.00418177 -0.000245465 -0.0268825 0.0114759 0.0184774 0.0151936 -0.0190219 0.0420176 0.0130674 -0.00848518 -0.00631818 -0.0120995 -0.00408021 -0.0433534 0.018169 -0.000181731 -0.0218219 -0.0106989 -0.0048385 0.00962461
internal_weight=42634.5 30141.3 16821.3 12493.3 13320 11686.1 5135.11 8360.22 4502.9 7990.36 7437.25 4967.59 3139.24 4248.89 2891.91 2462.4 5342.14 4880.51 3978.03 1995.87 1863.67 2469.66 3577.61 4959.79 2236.79 2474.94 4091.34 1467.27 1261.91 1389.98
internal_count=328288 273477 132260 54811 141217 82955 49305 81233 22014 32797 57534 37518 32891 25421 14824 12652 49741 20322 23415 16414 15290 20016 27254 59984 13050 18662 38351 12291 10128 10264
cat_boundaries=0 1 2 3 4 5 6
cat_threshold=3074 148508 14961788 7168 1920 17340534
is_linear=0
shrinkage=0.05


Tree=16
num_leaves=31
num_cat=9
split_feature=0 29 0 11 0 29 29 12 32 2 11 1 0 1 2 4 10 0 1 0 11 2 1 22 1 32 4 15 1 22
split_gain=9627.19 1873.82 592.202 518.426 486.227 238.36 156.001 124.955 111.293 86.0042 73.2462 69.6364 66.3671 58.2379 56.897 49.6824 50.4348 48.2663 46.9659 45.6978 45.5692 45.5114 43.1242 39.9673 39.9663 39.1281 39.1266 38.6531 38.5635 38.2915
threshold=1.5000000000000002 3.7500000000000004 4.5000000000000009 5.6950000000000012 4.5000000000000009 1.2500000000000002 1.7500000000000002 24.715000000000003 0.23341793570219968 0 5.6150000000000011 1 5.5000000000000009 2 3 2.5000000000000004 0.15500000000000003 5.5000000000000009 4 3.5000000000000004 6.4450000000000012 5 6 0.2678571428571429 7 0.069848755895267539 2.5000000000000004 43.345000000000006 8 0.35416666666666669
decision_type=2 2 2 2 2 2 2 2 8 1 2 1 2 1 1 2 8 2 1 2 2 1 1 8 1 10 2 2 1 8
left_child=3 2 5 7 8 14 15 21 25 10 -7 29 -8 -11 -2 16 -4 -6 -9 22 -13 -1 27 -20 -16 -3 28 -10 -12 -5
right_child=1 4 6 11 17 9 12 18 19 13 26 20 -14 -15 24 -17 -18 -19 23 -21 -22 -23 -24 -25 -26 -27 -28 -29 -30 -31
leaf_value=0.0075423595341475016 0.0017392352190642711 -0.045402557537597796 0.0010841979397239643 0.029052880295459962 -0.037899845660685216 -0.0060600230284304397 -0.019453075290596703 0.022570832346520284 -0.011064816326892664 0.00064850267659007175 0.020191529908982504 0.044868708450379852 -0.034221650091095721 -0.012526798695835638 0.0068496534155513926 -0.038183921328442234 -0.01558287227174842 -0.04795041333249464 0.026490448939640528 -0.024759644424291113 0.055294561392344038 0.022581693377064574 -0.018430145848239814 0.040197289403676083 0.018941400378879959 -0.027934112901527603 -0.012608500658438458 0.012346195252437816 0.0043981486109819562 0.04240771995433637
leaf_weight=998.65355011820793 1241.6724858880043 360.72446011006832 1062.9195987582207 748.0872758179903 2490.928719624877 1504.6087264791131 1689.6378370523453 1313.5118597298861 817.88194808363914 1177.3050670027733 697.82674199342728 2081.4526218622923 1383.6442934349179 2952.6112490594387 1121.5583032816648 128.48118878901005 792.16355919092894 2295.2528232634068 817.11791616678238 1653.3434230014682 2111.0132790803909 1080.9511178284883 2274.299471244216 1523.2281640321016 1911.4350002408028 2879.6747924238443 188.59497211128473 224.76620775461197 893.7840413749218 1899.8629958927631
leaf_count=5281 8065 4122 8711 3067 29964 11877 16821 5920 7580 9311 4875 8473 16070 23771 6507 1124 6579 30020 3697 15707 8490 5565 21591 6621 10849 30193 1388 2040 6312 7697
internal_value=-0.000301188 -0.0158073 -0.00475124 0.0363781 -0.0300529 0.00143306 -0.0190468 0.0252886 -0.0226692 -0.00398812 0.00205511 0.045673 -0.0261021 -0.00877845 0.0108365 -0.00811553 -0.00603303 -0.0427197 0.0308573 -0.0179689 0.0499991 0.0155045 -0.0145841 0.035261 0.0145072 -0.0298787 0.00892547 -0.00596088 0.0114771 0.0384894
internal_weight=42317 29743.1 16746.2 12573.9 12996.9 11689.4 5056.85 5733.46 8210.69 7414.73 3284.81 6840.42 3073.28 4129.92 4274.67 1983.56 1855.08 4786.18 3653.86 4970.29 4192.47 2079.6 3316.95 2340.35 3032.99 3240.4 1780.21 1042.65 1591.61 2647.95
internal_count=328288 273477 132260 54811 141217 82955 49305 27084 81233 57534 24452 27727 32891 33082 25421 16414 15290 59984 16238 46918 16963 10846 31211 10318 17356 34315 12575 9620 11187 10764
cat_boundaries=0 1 2 3 4 5 6 7 8 9
cat_threshold=220 23678 17502 7680 1133598 632 12731420 20844832 5249846
is_linear=0
shrinkage=0.05


Tree=17
num_leaves=31
num_cat=7
split_feature=0 29 0 29 0 0 29 23 29 12 2 3 29 26 14 1 27 18 4 0 10 32 1 27 11 1 2 3 1 1
split_gain=8694.14 1762.98 552.832 478.862 477.336 206.417 156.421 154.394 145.399 107.472 70.8893 75.6032 69.8356 64.0338 62.9496 59.7786 59.073 53.9897 51.4368 48.8696 46.0616 45.0931 45.0194 44.5984 44.4593 43.7233 39.7535 43.3542 38.6733 38.1606
threshold=1.5000000000000002 3.7500000000000004 3.5000000000000004 2.2500000000000004 4.5000000000000009 5.5000000000000009 1.2500000000000002 3.7321428571428577 1.7500000000000002 25.685000000000006 0 1.5000000000000002 1.2500000000000002 0.66939890710382521 6.5650000000000004 1 1.0000000180025095e-35 55.495000000000012 1.5000000000000002 5.5000000000000009 0.16500000000000004 0.069848755895267539 2 1.0000000180025095e-35 7.0050000000000008 3 4 1.5000000000000002 5 6
decision_type=2 2 2 2 2 2 2 10 2 2 1 2 2 10 2 1 8 2 2 2 8 8 1 8 2 1 1 2 1 1
left_child=3 2 6 13 9 8 26 15 18 21 -8 29 -7 -1 22 -5 -10 -18 23 -6 -17 -3 -9 -4 -25 -11 -2 -28 -13 -12
right_child=1 4 5 7 19 12 10 14 16 25 11 28 -14 -15 -16 20 17 -19 -20 -21 -22 -23 -24 24 -26 -27 27 -29 -30 -31
leaf_value=0.039616283843501111 0.002874825228588404 -0.045199411352040551 -0.0088024320575208117 0.020372442712573588 -0.037171305554208077 -0.015831140731951375 -0.014640304972961642 0.022423118316923129 -0.022934349446503438 -0.0078247900143984719 0.0028133350598734436 0.017765362191788297 -0.033457991712848217 0.049890400039849125 0.045887186972523586 0.040523543336889255 -0.014666885510334973 0.0012812850876151175 -0.025456207324671954 -0.047467123442677707 0.027734253929694197 -0.02620866909353228 0.0081757977385379516 0.0034930077839692695 0.024907306589606458 -0.019509053196214807 -0.0010132462931547596 0.019843919481838834 0.0038078289582273422 -0.012180899117784055
leaf_weight=3208.3007694929838 637.69180049002171 342.52432366460562 576.72542415559292 1067.9995367377996 2414.7127130478621 964.51234201341867 734.04710841923952 896.41791544854641 1365.3892220258713 1155.0878268033266 721.1707229167223 663.17795407772064 1346.1690029799938 2876.084439471364 160.24936261773109 1675.9417715221643 1846.2818682193756 744.73409602791071 169.13215310126543 2204.9826891124249 1213.9874386936426 3575.9563650339842 1543.0990549623966 1339.0756945237517 295.94659335911274 2994.1473287045956 284.52018393576145 2004.1852597594261 1962.4798791855574 1019.4550639465451
leaf_count=13092 4253 4070 4088 4798 29964 8577 6369 4404 12496 10518 5716 4722 16074 11546 673 7071 16215 6368 1333 30020 5434 38092 7793 8857 1873 28553 1687 11168 14256 8208
internal_value=-0.000297148 -0.0152235 -0.00453641 0.0343703 -0.0292692 -0.0133074 0.00491346 0.0249968 -0.00864293 -0.0219303 -0.000373627 0.00205367 -0.0261003 0.0444729 0.0155306 0.0312147 -0.0145181 -0.0100829 0.00112 -0.0420855 0.0350299 -0.0278687 0.0135365 0.00315228 0.00736909 -0.0163222 0.0141282 0.017176 0.00741533 -0.00602235
internal_weight=42004.2 29362.1 16674.7 12642.1 12687.4 8647.97 8026.73 6557.7 6337.29 8067.72 5100.33 4366.28 2310.68 6084.39 2599.77 3957.93 3956.41 2591.02 2380.88 4619.7 2889.93 3918.48 2439.52 2211.75 1635.02 4149.24 2926.4 2288.71 2625.66 1740.63
internal_count=328288 273477 132260 54811 141217 75881 56379 30173 51230 81233 39271 32902 24651 24638 12870 17303 35079 22583 16151 59984 12505 42162 12197 14818 10730 39071 17108 12855 18978 13924
cat_boundaries=0 1 2 3 4 5 6 7
cat_threshold=6144 8406046 18625696 148510 7168 4197460 22564924
is_linear=0
shrinkage=0.05


Tree=18
num_leaves=31
num_cat=5
split_feature=0 29 0 0 11 29 29 29 12 17 1 0 2 11 26 4 0 17 15 4 26 29 6 26 4 1 1 17 12 1
split_gain=7857.15 1656.78 505.124 467.99 442.032 191.7 139.526 110.394 104.249 76.2911 66.9759 60.8013 59.9351 64.4347 55.8351 53.7739 49.4465 48.7928 46.2755 45.4829 48.8091 45.4048 44.8284 43.5796 42.3862 40.1123 38.2126 35.518 33.9717 33.021
threshold=1.5000000000000002 3.7500000000000004 4.5000000000000009 4.5000000000000009 5.7350000000000012 1.2500000000000002 1.7500000000000002 4.2500000000000009 16.740000000000006 40.920000000000009 0 5.5000000000000009 1 5.6350000000000007 0.14760348583878 1.5000000000000002 5.5000000000000009 37.895000000000003 26.700000000000006 2.5000000000000004 0.053342816500711245 1.7500000000000002 39.500000000000007 0.27055180180180188 2.5000000000000004 2 3 32.815000000000005 18.485000000000003 4
decision_type=2 2 2 2 2 2 2 2 2 2 1 2 1 2 8 2 2 2 2 2 10 2 2 8 2 1 1 2 2 1
left_child=4 2 5 8 7 15 19 18 -3 12 -6 -8 -7 -14 27 17 28 22 -1 20 -4 -12 -2 -9 25 -15 -25 -10 -5 -16
right_child=1 3 6 16 10 9 11 23 14 -11 21 -13 13 24 29 -17 -18 -19 -20 -21 -22 -23 -24 26 -26 -27 -28 -29 -30 -31
leaf_value=0.021092047261727309 0.013271969418281796 -0.033357465637265035 -0.014457548352524741 -0.045107290023133108 0.033645108712157368 -0.014983508056472389 -0.018243765655354644 0.0015954215339044721 -0.026492364952669753 0.0073869338983044777 0.050932269937948804 -0.03268189018585356 -0.0097618500582197145 -0.0036814476446277427 -0.0035263835989448066 -0.011890013932079405 -0.046985257862531646 0.019989881196587785 0.031926479798869874 -0.036875897025051167 0.001915557322796497 0.040713485693866451 0.00082500870295171736 0.0030986911754662763 -0.0174472566261961 0.0095930910758738764 0.022640843018582435 -0.017442293122329904 -0.03225698871725869 -0.016566056623361126
leaf_weight=1699.0315899699926 1624.2026533931494 1443.6699449419975 829.27420166134834 762.78625523298979 2295.6182686686516 1398.7324397861958 1645.4806634411216 592.70942793786526 2072.176263935864 1304.7048520892859 1967.4838425368071 1309.434334307909 2075.0506318509579 960.81760704517365 782.7954014390707 270.74974285066128 2118.4146243482828 1122.2902932167053 2346.920532181859 123.00166356563568 1008.9992991685867 2429.1244983673096 1304.2694654911757 349.93678911030293 251.32604191452265 1376.6923120170832 1017.437556296587 2273.7262872308493 1578.9141841977835 1358.5458695366979
leaf_count=7661 9352 16734 7268 9987 9277 12032 16821 3227 20924 9939 7884 16070 16683 7096 7414 2006 30020 6360 10120 1124 8022 9820 7703 1802 1902 9882 5020 22797 19977 13364
internal_value=-0.000293257 -0.014657 -0.00433253 -0.0284926 0.0325058 0.00132306 -0.0177794 0.0226585 -0.0212056 -0.00358103 0.0413434 -0.0246418 -0.00594139 -0.00319063 -0.0185014 0.00968356 -0.0414502 0.0111255 0.0273767 -0.0074402 -0.00547061 0.0451836 0.0077284 0.0129193 0.00206413 0.00416197 0.0178279 -0.0217575 -0.0364429 -0.0118931
internal_weight=41694.3 28996.1 16605 12391 12698.3 11688.8 4916.19 6006.04 7930.91 7367.32 6692.23 2954.91 6062.62 4663.89 6487.24 4321.51 4460.12 4050.76 4045.95 1961.28 1838.27 4396.61 2928.47 1960.08 2588.84 2337.51 1367.37 4345.9 2341.7 2141.34
internal_count=328288 273477 132260 141217 54811 82955 49305 27830 81233 57534 26981 32891 47595 35563 64499 25421 59984 23415 17781 16414 15290 17704 17055 10049 18880 16978 6822 43721 29964 20778
cat_boundaries=0 1 2 3 4 5
cat_threshold=23614 6146 20947072 4210718 12731422
is_linear=0
shrinkage=0.05


Tree=19
num_leaves=31
num_cat=5
split_feature=0 29 0 0 29 0 3 29 29 32 3 22 2 11 1 4 27 1 0 18 3 27 4 2 27 11 6 24 32 1
split_gain=7104.83 1555.45 476.872 458.276 412.587 180.91 131.344 125.619 123.743 100.887 64.4891 61.8478 61.8247 64.7478 60.8844 58.9932 55.1906 51.5379 49.9811 48.1551 47.1482 45.6058 43.548 40.2798 40.0079 40.068 39.9213 39.5024 37.9568 37.8555
threshold=1.5000000000000002 3.7500000000000004 3.5000000000000004 4.5000000000000009 2.2500000000000004 5.5000000000000009 1.5000000000000002 1.2500000000000002 1.7500000000000002 0.23341793570219968 2.5000000000000004 0.15476190476190479 0 5.495000000000001 1 2.5000000000000004 1.0000000180025095e-35 2 5.5000000000000009 55.495000000000012 2.5000000000000004 1.0000000180025095e-35 1.5000000000000002 3 1.0000000180025095e-35 7.2150000000000007 47.500000000000007 0.16050000000000006 0.069848755895267539 4
decision_type=2 2 2 2 2 2 2 2 2 8 2 8 1 2 1 2 8 1 2 2 2 8 2 1 8 2 2 10 10 1
left_child=4 2 7 9 14 8 11 -2 22 28 -7 23 -9 -14 20 -12 -10 -18 -5 -19 -1 -11 24 -6 -4 -26 -13 -23 -3 -8
right_child=1 3 5 18 6 10 29 12 16 21 15 26 13 -15 -16 -17 17 19 -20 -21 -22 27 -24 -25 25 -27 -28 -29 -30 -31
leaf_value=0.024830202595118721 0.01276804221302818 -0.043732660428043357 -0.0086130464666360502 -0.035715366654361647 0.03028779175517874 -0.032163964074477136 0.02222029798159773 -0.013649227824081116 -0.021816312085787829 -0.02110369652790145 -0.0098983226251681822 0.024446930738967702 -0.0052652542084561833 0.0071264473615095525 0.044019137883690156 -0.044829940523840664 -0.017790035777760681 -0.0091379582674537795 -0.046503836280707728 0.010308955179405927 0.039799484913928221 -0.0050287476146893724 -0.023976679758224064 0.0028717543603734123 0.0040828892779954697 0.02988458853918103 0.011410670274864729 -0.017587394265204604 -0.025681941582006009 0.035343624941055467
leaf_weight=1008.7363340258598 2962.781254991889 326.35670695453882 574.85582218319178 2271.7691632509232 145.54433551430702 1251.2594652026892 1058.6579869240522 720.43021991848946 1330.9798311516643 2263.3273422792554 829.18857005983591 1870.2498220950365 1780.8593331426382 2583.2944001704454 3992.7026320099831 141.49045577645302 1036.5447906330228 1062.7150273695588 2035.4349551647902 454.46597327291965 1099.2309435158968 1251.7130859941244 163.73596135526896 1018.301060333848 1478.5657723322511 167.51414246857166 856.09004709124565 1252.8837418630719 2706.0097590684891 1694.2826442569494
leaf_count=4115 17108 4122 4088 29964 739 14787 4389 6369 12496 22630 8232 8744 14437 18465 16114 1632 9220 9478 30020 3885 4409 12037 1333 5323 9691 1039 4039 12251 30193 6939
internal_value=-0.000288632 -0.0141057 -0.00413692 -0.0277229 0.0307701 -0.0124022 0.0221486 0.00458438 -0.00805747 -0.0204944 -0.0246614 0.0162343 -0.000184238 0.00206509 0.0401581 -0.0149901 -0.0135612 -0.00925865 -0.0408136 -0.00329102 0.0324821 -0.0159596 0.00090822 0.00658517 0.00274283 0.00670861 0.0203535 -0.011311 -0.0276246 0.0305061
internal_weight=41390 28646.2 16538.7 12107.5 12743.8 8491.32 6643.13 8047.37 6269.38 7800.29 2221.94 3890.19 5084.58 4364.15 6100.67 970.679 3884.71 2553.73 4307.2 1517.18 2107.97 4767.92 2384.67 1163.85 2220.94 1646.08 2726.34 2504.6 3032.37 2752.94
internal_count=328288 273477 132260 141217 54811 75881 30173 56379 51230 81233 24651 18845 39271 32902 24638 9864 35079 22583 59984 13363 8524 46918 16151 6062 14818 10730 12783 24288 34315 11328
cat_boundaries=0 1 2 3 4 5
cat_threshold=6144 23710 14624256 2 14697566
is_linear=0
shrinkage=0.05


Tree=20
num_leaves=31
num_cat=10
split_feature=0 29 0 0 11 0 29 29 12 14 26 29 2 17 22 17 18 0 2 11 1 1 1 1 25 1 2 1 12 1
split_gain=6428.66 1458.71 448.14 434.736 379.052 169.53 113.474 112.324 97.9097 96.7308 63.8343 62.5427 59.5959 56.4161 55.3425 53.1154 51.7127 50.4879 46.9005 57.3191 43.3415 41.5235 41.3034 41.1354 39.7963 38.7225 36.7596 35.2932 34.9267 34.3629
threshold=1.5000000000000002 3.7500000000000004 4.5000000000000009 3.5000000000000004 5.7350000000000012 5.5000000000000009 1.7500000000000002 1.2500000000000002 16.740000000000006 4.535000000000001 0.73123827392120078 1.2500000000000002 0 43.455000000000005 0.15476190476190479 32.375000000000007 55.580000000000005 5.5000000000000009 1 5.6150000000000011 2 3 4 5 0.58333333333333337 6 7 8 18.485000000000003 9
decision_type=2 2 2 2 2 2 2 2 2 2 10 2 1 2 10 2 2 2 1 2 1 1 1 1 8 1 1 1 2 1
left_child=4 3 8 7 9 6 20 27 -3 14 23 -7 -11 18 -1 -10 -8 28 -9 -20 -5 -18 -16 -6 29 -14 -22 -2 -4 -17
right_child=1 2 17 5 10 11 16 13 15 12 -12 -13 25 -15 22 24 21 -19 19 -21 26 -23 -24 -25 -26 -27 -28 -29 -30 -31
leaf_value=0.0024210622248484804 0.018475920162082864 -0.031899479653411916 -0.044091768651193457 -0.0095317080372625072 0.039192158667492809 -0.014124166962160685 -0.016648251238149666 -0.014744266728122513 -0.022237761112760206 0.037153557591268392 0.04392555422943311 -0.031244850287726222 0.013223537592084465 0.01410146028467376 -0.0029094407469455502 -0.0066402332187046505 0.012101073633812118 -0.046021945313567375 -0.0065643825686822867 0.0056611415808459058 -0.009845387193772915 -0.0096695169722916374 0.020809654165357024 0.028422133755235935 0.0095313499240778799 0.026275621170636837 0.0087709742472673533 0.0073050110730299659 -0.030637201444041248 -0.017802430551062204
leaf_weight=861.68291240930557 1242.60595934093 1372.3249851316214 712.75641970336437 698.72768933326006 2064.2471913397312 933.12681407481432 2764.0285861939192 621.88085620105267 2835.3225245028734 866.9806175082922 2383.3066901117563 1245.3187552466989 984.18041385710239 608.88370835781097 213.7483806014061 1056.4683287739754 292.86178024113178 1955.9298460632563 1797.7885072827339 2054.2801057100296 320.87770888954401 788.90336842089891 1499.720622882247 2251.2467396557331 185.31951249390841 1654.3765058368444 1365.6309681758285 1740.5670735239983 1492.0915805995464 2225.7487428411841
leaf_count=4496 7044 16734 9987 4768 8310 8577 25480 5575 29225 3727 9584 16074 4422 4552 1041 10590 2551 30020 14536 14608 2342 7048 6877 9087 1821 7267 9041 10064 19977 22863
internal_value=-0.000282769 -0.01357 -0.0269603 -0.00395038 0.0291534 -0.0119048 -0.00770718 0.00434275 -0.0197969 0.0201152 0.0373577 -0.0239113 0.0255202 -0.000177513 0.0127573 -0.0171618 -0.0130211 -0.0401742 -0.00212082 -4.44842e-05 0.000860552 -0.00375318 0.0179553 0.0337305 -0.0130113 0.0214755 0.00519184 0.0120445 -0.0349866 -0.0142841
internal_weight=41090.9 28311.4 11836 16475.5 12779.5 8409.48 6231.03 8066.01 7675.18 6080.69 6698.8 2178.45 3505.54 5082.83 2575.15 6302.86 3845.79 4160.78 4473.95 3852.07 2385.24 1081.77 1713.47 4315.49 3467.54 2638.56 1686.51 2983.17 2204.85 3282.22
internal_count=328288 273477 141217 132260 54811 75881 51230 56379 81233 27830 26981 24651 15416 39271 12414 64499 35079 59984 34719 29144 16151 9599 7918 17397 35274 11689 11383 17108 29964 33453
cat_boundaries=0 1 2 3 4 5 6 7 8 9 10
cat_threshold=6658 6144 5117984 6198 22 25010944 2213980 6656 12667996 1066046
is_linear=0
shrinkage=0.05


Tree=21
num_leaves=31
num_cat=6
split_feature=0 29 0 0 29 29 29 26 12 2 3 4 6 11 23 1 0 0 18 32 2 25 1 1 13 6 26 18 2 3
split_gain=5818.83 1366.85 437.617 398.416 360.175 147.359 119.715 112.326 95.4322 86.2194 75.191 80.717 82.1951 71.4482 55.4235 55.0122 52.8999 50.9394 47.5873 45.1456 44.7959 44.663 40.8358 39.8489 39.5852 41.0993 39.5809 38.9794 38.5411 36.5914
threshold=1.5000000000000002 3.7500000000000004 4.5000000000000009 4.5000000000000009 2.2500000000000004 2.7500000000000004 1.7500000000000002 0.55217785843920153 26.695000000000004 0 1.5000000000000002 2.5000000000000004 35.500000000000007 6.955000000000001 3.6458333333333335 1 5.5000000000000009 5.5000000000000009 48.925000000000004 0.069848755895267539 2 0.58333333333333337 3 4 19.205000000000002 51.500000000000007 0.66939890710382521 54.695000000000007 5 2.5000000000000004
decision_type=2 2 2 2 2 2 2 10 2 1 2 2 2 2 10 1 2 2 2 8 1 8 1 1 2 2 10 2 1 2
left_child=4 3 8 5 15 9 21 14 19 -2 -11 12 23 18 -6 29 -8 -4 -14 -3 -16 -5 -10 -12 -22 -26 -17 -21 -23 -1
right_child=1 2 17 6 7 -7 16 -9 22 10 11 -13 13 -15 20 26 -18 -19 -20 27 24 28 -24 -25 25 -27 -28 -29 -30 -31
leaf_value=0.019939349658333525 -0.0085892002985548284 -0.043138822539393162 -0.034258971893648134 -0.010601396117630583 0.021144220072615325 -0.0075145042785321097 -0.016610253962872374 0.028744485600151262 -0.0067709060230613837 -0.0036106045500084423 0.01027815882924199 -0.013433702393065714 -0.0029575910318342638 0.024317191943011424 0.028028145776166791 0.035002760888523082 -0.030476826367161682 -0.045538726574596337 0.0093118952360048256 -0.026456881450822308 -0.02383559390588354 -0.01933098043206985 -0.017673690321028005 0.026120064094070906 0.012794840186274276 -0.0038771302230039364 0.044389445466507124 -0.015133353878911439 0.015023342637826105 0.03509079229362598
leaf_weight=766.8873680382967 1042.0518365129828 301.92326453328133 2140.7910009846091 1481.6660161539912 2030.1946337819099 3436.1920814067125 1588.5624967738986 2253.4258901029825 1484.17555924505 1407.1049362421036 721.84664415568113 366.62257704138756 1423.285486318171 492.22313951700926 292.80705173313618 2347.7583011239767 1212.9591340348125 1879.7846665978432 1776.8892219290137 2494.8122455850244 97.191756293177605 97.182736523449421 2182.1781601458788 1019.26958116889 1552.8418976813555 485.14901967346668 2152.9010148048401 1092.940734565258 348.97419006377459 829.50653624534607
leaf_count=3121 8210 4071 29964 12662 8910 29303 16821 9325 14279 9806 4341 2721 8972 2666 1404 9494 16070 30020 10904 28526 586 838 21965 6032 7547 2401 8687 12392 2914 3336
internal_value=-0.000276063 -0.0130492 -0.0262058 -0.00377041 0.0276377 0.0011852 -0.016015 0.0196463 -0.0191146 0.00480901 0.00674873 0.00927353 0.0108057 0.00658277 0.0150476 0.0364345 -0.022614 -0.0395327 0.00385501 -0.02457 0.00994974 -0.00642522 -0.0133268 0.0197612 0.00730509 0.00882603 0.0394053 -0.0230074 0.00744367 0.0276391
internal_weight=40800.1 27991.4 11576.6 16414.8 12808.7 11685.5 4729.34 6711.61 7556.03 8249.29 7207.24 5800.14 5433.51 3692.4 4458.18 6097.05 2801.52 4020.58 3200.17 3889.68 2427.99 1927.82 3666.35 1741.12 2135.18 2037.99 4500.66 3587.75 446.157 1596.39
internal_count=328288 273477 141217 132260 54811 82955 49305 30173 81233 53652 45442 35636 32915 22542 20848 24638 32891 59984 19876 44989 11938 16414 36244 10373 10534 9948 18181 40918 3752 6457
cat_boundaries=0 1 2 3 4 5 6
cat_threshold=6144 21534 4098 8539422 24940704 7168
is_linear=0
shrinkage=0.05


Tree=22
num_leaves=31
num_cat=5
split_feature=0 29 0 0 29 0 23 27 26 29 11 4 3 4 17 6 11 3 1 0 1 14 1 17 1 1 28 12 26 29
split_gain=5267.75 1279.5 426.657 374.518 330.574 148.568 102.501 101.375 94.3584 92.4921 83.8386 67.9225 60.1351 56.8341 56.0767 53.5774 52.4855 51.8414 56.0409 51.3539 47.6026 46.153 42.0703 41.6378 39.433 36.7641 36.446 35.8258 35.7277 35.0165
threshold=1.5000000000000002 3.7500000000000004 4.5000000000000009 3.5000000000000004 2.2500000000000004 5.5000000000000009 3.7321428571428577 1.0000000180025095e-35 0.057983193277310933 1.2500000000000002 5.6450000000000005 1.5000000000000002 2.5000000000000004 2.5000000000000004 37.150000000000006 41.500000000000007 7.0050000000000008 2.5000000000000004 0 5.5000000000000009 1 6.5650000000000004 2 44.215000000000011 3 4 1387.6498335398157 18.215000000000003 0.6195238095238097 5.2500000000000009
decision_type=2 2 2 2 2 2 10 8 8 2 2 2 2 2 2 2 2 2 1 2 1 2 1 2 1 1 2 2 10 2
left_child=4 3 8 9 17 7 20 -5 26 -2 -9 16 -7 -14 29 23 22 18 -1 27 -6 25 -12 24 -11 -8 -3 -4 -22 -10
right_child=1 2 19 5 6 12 21 10 14 15 11 -13 13 -15 -16 -17 -18 -19 -20 -21 28 -23 -24 -25 -26 -27 -28 -29 -30 -31
leaf_value=0.021163416744135403 0.010998249409784805 -0.037854987785440192 -0.043231455549967372 -0.016771353353722009 0.014222770889385032 -0.030119542490689558 0.017164675843261798 -0.013042066759527376 -0.014757827922895778 0.010501623973473165 0.010953912848815429 -0.019622890523692812 -0.008107061360881818 -0.043578227942975077 -0.005541230720496255 -0.006242533082295579 0.022656873025796428 0.039094365275884606 0.035966232512883251 -0.045053385865675824 0.023196003787018596 0.036702915341399599 -0.0033333654643838504 0.021420795130333223 -0.0022082645092784568 0.0045625988680826606 -0.02289659787984193 -0.029090486694564599 0.034908687791757306 -0.027562863549625945
leaf_weight=1245.1146408170462 3010.8713285177946 486.81666140258312 652.85501828789711 1900.774087227881 1098.8303962945938 1168.1006161570549 925.96075123548508 1377.4489930942655 2380.9007703587413 922.55217380821705 795.69192233681679 324.09572627395391 802.4019980058074 131.42297284305096 1395.76120352 2074.2482472807169 350.198048427701 3164.2157782018185 1679.8951563686132 1806.8853333741426 2004.0035340934992 163.68550722301006 1421.7964743375778 314.54527013003826 1760.7605324983597 1582.8323823362589 2490.2519192397594 1426.6872149258852 964.39643111824989 688.21313700824976
leaf_count=5050 17108 6361 9779 16966 4798 14787 4404 12474 24717 7024 5919 2878 8232 1632 14519 16147 2258 12804 6784 30020 8603 673 10735 2329 13771 7793 27717 20185 3902 7919
internal_value=-0.000270482 -0.0125442 -0.02546 -0.00359796 0.0262147 -0.0110773 0.0185857 -0.00716626 -0.0184477 0.00405625 -0.00288982 0.00194602 -0.0225579 -0.0130991 -0.0138504 -6.46179e-05 0.00466847 0.0346587 0.0298603 -0.0388874 0.0235839 0.0109788 0.00182764 0.00420994 0.00219244 0.00930046 -0.0253426 -0.0335299 0.0269107 -0.0176292
internal_weight=40512.2 27683.3 11328.4 16354.9 12828.9 8271.93 6739.71 6170.01 7441.94 8082.98 4269.23 2891.78 2101.93 933.825 4464.88 5072.11 2567.69 6089.23 2925.01 3886.43 4067.23 2672.48 2217.49 2997.86 2683.31 2508.79 2977.07 2079.54 2968.4 3069.11
internal_count=328288 273477 141217 132260 54811 75881 30173 51230 81233 56379 34264 21790 24651 9864 47155 39271 18912 24638 11834 59984 17303 12870 16654 23124 20795 12197 34078 29964 12505 32636
cat_boundaries=0 1 2 3 4 5
cat_threshold=8475870 8406046 16779934 4213790 18625696
is_linear=0
shrinkage=0.05


Tree=23
num_leaves=31
num_cat=8
split_feature=0 29 0 3 0 29 0 12 29 2 0 32 27 23 17 6 10 4 25 29 1 1 1 25 1 11 26 2 1 1
split_gain=4770.68 1199.29 594.441 304.361 222.667 178.541 98.9591 78.5886 77.4756 64.6467 62.1883 62.0927 61.8757 56.09 55.2707 49.5081 46.4693 57.6205 45.6143 44.2784 40.1311 40.0307 39.5901 39.0292 34.9351 34.2533 31.5047 30.2662 29.322 29.007
threshold=1.5000000000000002 2.7500000000000004 4.5000000000000009 1.5000000000000002 3.5000000000000004 4.7500000000000009 5.5000000000000009 18.215000000000003 1.2500000000000002 0 5.5000000000000009 0.22506544502617803 1.0000000180025095e-35 4.2361111111111116 36.705000000000005 38.500000000000007 0.16500000000000004 2.5000000000000004 1.0000000180025095e-35 1.7500000000000002 1 2 3 0.58333333333333337 4 7.0250000000000012 0.13976744186046516 5 6 7
decision_type=2 2 2 2 2 2 2 2 2 1 2 10 8 10 2 2 8 2 8 2 1 1 1 10 1 2 8 1 1 1
left_child=3 4 5 11 12 14 9 -4 29 -6 -9 21 22 -7 20 -14 17 25 -10 -13 -3 -1 -2 -8 -16 28 -22 -23 -11 -5
right_child=1 2 7 8 6 13 23 10 18 16 -12 19 15 -15 24 -17 -18 -19 -20 -21 26 27 -24 -25 -26 -27 -28 -29 -30 -31
leaf_value=-0.0013117439129721579 0.0077132627401647613 -0.0043899130976563921 -0.045448649776448989 0.015457064103926738 -0.011129602180999116 -0.01814868594383829 -0.021761189824534011 -0.025714033793539204 0.022853908944402458 0.015503838131660737 -0.038825084793803234 0.041075638104441967 0.016252312277906914 -0.030153428583919048 0.0038677394171227003 0.0051610962783400953 -0.0084808329475626072 -0.024832559112861446 0.032487924197031511 0.01760329314065041 -0.019863769201255321 0.027137437677490956 -0.0075674737950205268 -0.0016917787396526361 -0.0088669300659466946 0.024070442244662853 -0.0095547062457718435 0.0082064937951555825 0.00071910557511088973 0.038322034795347973
leaf_weight=752.94230563938618 748.62864487618208 1183.0627379864454 1360.7857960760593 194.41857492923737 1527.5879921913147 2944.2037428468466 1205.4990061745048 2089.9582217857242 2882.8974520415068 469.83652397245169 1594.4019631519914 216.95280084013939 1953.8000886291265 1453.3121538758278 1079.3942350819707 2074.3613929674029 814.88195410370827 143.94183918088675 2141.1856532841921 2718.4179729968309 1722.1481648162007 300.45970086753368 950.90447290986776 303.17093761265278 1057.9750405550003 281.60485601425171 1300.9374992996454 765.19293561577797 1130.750810444355 2870.2798730432987
leaf_count=3936 5075 10795 22224 787 12508 33803 13311 28455 11685 3341 26224 875 11797 18236 9580 12817 6183 1247 8637 11938 16625 1444 6669 3104 9534 1746 11963 3821 8240 11688
internal_value=-0.000263649 -0.012053 -0.0210233 0.0248807 0.000149381 -0.0143736 -0.00668781 -0.0351803 0.0307817 -0.00287508 -0.0313878 0.0148403 0.00716512 -0.0221161 -0.00900637 0.0105407 0.00159686 0.00565784 0.0269598 0.0193381 -0.0123333 0.00758053 -0.000835593 -0.0177282 -0.00245918 0.00798961 -0.0153766 0.0137467 0.00516037 0.037047
internal_weight=40233.9 27391.1 15786.2 12842.7 11605 10741 5877.27 5045.15 8088.78 4368.6 3684.36 4753.97 5727.69 4397.52 6343.52 4028.16 2841.02 2026.13 5024.08 2935.37 4206.15 1818.59 1699.53 1508.67 2137.37 1882.19 3023.09 1065.65 1600.59 3064.7
internal_count=328288 273477 187439 54811 86038 110536 49680 76903 32797 33265 54679 22014 36358 52039 58497 24614 20757 14574 20322 12813 39383 9201 11744 16415 19114 13327 28588 5265 11581 12475
cat_boundaries=0 1 2 3 4 5 6 7 8
cat_threshold=7682 214044 10505558 10767452 6082684 1794 8405150 12
is_linear=0
shrinkage=0.05


Tree=24
num_leaves=31
num_cat=5
split_feature=0 29 0 0 29 26 10 26 2 3 2 4 11 6 4 18 0 17 6 26 11 1 13 32 0 1 28 12 13 1
split_gain=4321.51 1126.23 404.658 312.744 284.062 130.459 92.4656 88.6718 85.2908 84.6116 117.043 63.5456 82.6512 54.3118 52.526 52.9002 52.2075 51.2829 50.0277 48.7309 45.5286 43.0579 41.6606 40.7412 39.148 37.4333 35.1419 34.6699 34.4566 34.3554
threshold=1.5000000000000002 3.7500000000000004 4.5000000000000009 3.5000000000000004 2.2500000000000004 0.051956815114709856 0.17500000000000002 0.057983193277310933 0 1.5000000000000002 1 1.5000000000000002 5.6450000000000005 47.500000000000007 2.5000000000000004 60.935000000000009 5.5000000000000009 37.150000000000006 35.500000000000007 0.66939890710382521 7.0050000000000008 2 52.190000000000005 0.46679636835278865 5.5000000000000009 3 1387.6498335398157 18.485000000000003 45.175000000000004 4
decision_type=2 2 2 2 2 8 8 8 1 2 1 2 2 2 2 2 2 2 2 10 2 1 2 8 2 1 2 2 2 1
left_child=4 3 7 9 19 24 13 26 -7 25 -11 12 -10 21 15 18 27 -9 -12 -1 22 -6 -14 -20 29 -2 -3 -4 -15 -5
right_child=1 2 16 5 6 8 -8 17 11 10 14 -13 20 28 -16 -17 -18 -19 23 -21 -22 -23 -24 -25 -26 -27 -28 -29 -30 -31
leaf_value=0.027292951828709645 0.0017412041970236839 -0.03665098178432652 -0.041902752553710412 -0.0051979681915148065 0.032429512737541348 -0.014030454031174712 0.0080097054242889917 -0.016374109707968681 -0.012418674579641228 -0.0049507528073581553 0.018906438377503384 -0.023488195754504268 0.076379976738363761 -0.00049241510400966249 -0.0083200018265109695 0.027173641101579285 -0.044109197445869434 -0.0047069665606374487 0.0010207620390273473 0.036277251468991072 0.021688309687762513 0.019731265396606242 0.0020904353629618896 0.014290596725190306 -0.026340874974558733 -0.011581626423501707 -0.021588820154809122 -0.027602295944175338 0.017552781835894132 -0.020278157532478084
leaf_weight=3230.9764492958784 1055.9518498405814 461.38561969250441 618.11732569336891 670.82226718962193 1043.0869653820992 1946.5350425839424 2143.8245207369328 2986.2500892356038 837.26686193794012 1579.7988799288869 1138.9544957056642 287.24784076213837 19.056578353047371 408.8238904774189 328.7774416655302 531.09468497335911 1675.0927802249789 1375.7650562524796 1480.1199299320579 2832.4251706451178 381.44674850255251 2442.556767642498 1945.0673309415579 949.45982850342989 1109.4698518738151 1043.9074838906527 2410.0160937458277 1348.4054635837674 749.55372531712055 930.87336859852076
leaf_count=13092 8203 6361 9987 6149 4394 18076 10144 32636 7997 12333 6818 2795 149 1996 2430 3104 30020 14519 9835 11546 2607 10506 15211 5395 14209 8261 27717 19977 3133 8688
internal_value=-0.000256972 -0.0115774 -0.0240293 -0.00323699 0.0236246 -0.010168 0.0165988 -0.0171859 -0.00568643 0.00371093 0.00673053 -0.000962667 0.00106721 0.0205638 0.0108843 0.012451 -0.0376226 -0.0126943 0.0102599 0.0314898 0.00588109 0.0236809 0.00281122 0.0062065 -0.0191218 -0.00492886 -0.0240091 -0.0320972 0.0111841 -0.0141213
internal_weight=39962.1 27110.9 10875 16235.9 12851.2 8127.79 6787.85 7233.42 5416.62 8108.06 6008.21 3470.09 3182.84 4644.02 4428.41 4099.63 3641.62 4362.02 3568.53 6063.4 2345.57 3485.64 1964.12 2429.58 2711.17 2099.86 2871.4 1966.52 1158.38 1601.7
internal_count=328288 273477 141217 132260 54811 75881 30173 81233 46835 56379 39915 28759 25964 20029 27582 25152 59984 47155 22048 24638 17967 14900 15360 15230 29046 16464 34078 29964 5129 14837
cat_boundaries=0 1 2 3 4 5
cat_threshold=7682 7168 18624544 22892604 10539102
is_linear=0
shrinkage=0.05


Tree=25
num_leaves=31
num_cat=7
split_feature=0 29 0 0 11 29 29 12 17 6 12 0 17 26 1 2 0 2 2 25 2 1 4 3 23 24 1 12 11 16
split_gain=3914.68 1050.76 392.911 288.035 266.576 107.107 101.883 86.6208 74.5967 68.2184 66.2467 52.4333 51.0758 49.0893 48.8854 46.1469 44.6224 42.8303 39.5422 44.4691 39.2071 37.3558 37.1523 35.6259 34.9366 34.8093 34.592 34.3264 34.1603 33.6813
threshold=1.5000000000000002 3.7500000000000004 4.5000000000000009 4.5000000000000009 5.8050000000000006 2.7500000000000004 1.7500000000000002 16.740000000000006 37.245000000000012 35.500000000000007 18.780000000000005 5.5000000000000009 38.155000000000008 0.14760348583878 0 1 5.5000000000000009 2 3 0.58333333333333337 4 5 1.5000000000000002 1.5000000000000002 4.4142857142857155 0.19414285714285717 6 18.215000000000003 6.4450000000000012 57.705000000000005
decision_type=2 2 2 2 2 2 2 2 2 2 2 2 2 8 1 1 2 1 1 8 1 1 2 2 8 10 1 2 2 2
left_child=4 3 7 5 8 9 18 24 10 22 -1 27 15 20 -6 -11 -8 -12 -5 -20 -9 -17 23 -2 -3 -19 -10 -4 -16 -14
right_child=1 2 11 6 14 -7 16 13 26 12 17 -13 29 -15 28 21 -18 25 19 -21 -22 -23 -24 -25 -26 -27 -28 -29 -30 -31
leaf_value=-0.0024980682291751615 0.000953610090021999 -0.020576721847881427 -0.041484669684633692 -0.025894869903262008 0.024269846458388929 -0.0064513014648996114 -0.014611055322391337 -0.010809531062707784 0.015659428710028647 -0.023008556247136654 0.029040465940718491 -0.043613594187495122 -0.00091516379265758137 -0.0076277824368791956 0.028610322255406568 0.0063206751852482798 -0.027795270745036817 0.014638162956120178 -0.0068000034418277781 0.012568792841986502 -0.021323865840939059 -0.0042451780400121104 -0.010424141920381746 0.015201429862471392 -0.037446112962106801 0.0011008108465148567 0.029703819668309445 -0.026935040774153624 0.03837868514963428 0.014325900613173979
leaf_weight=685.41650129854679 560.5957215949893 642.83717682212591 583.16378881037235 191.07549859583378 2734.4984407573938 3376.0704259648919 1522.3910447433591 1537.9518705233932 904.51808939874172 237.54367589950562 441.82245138287544 1611.0496740266681 580.1730899810791 1979.9610433354974 1673.0468716621399 1247.6167768388987 1109.4929059371352 2861.2672649472952 1305.6460222899914 383.35143113136292 2386.0220347195864 2489.3069620802999 196.97997455298901 2018.4502658098936 587.33588819205761 569.35296431183815 1063.242411121726 1329.7417721822858 1924.4856706857681 966.13009985536337
leaf_count=3606 3931 8465 9779 1732 11079 29303 16821 17111 4076 1920 1866 30020 3771 20778 6766 7963 16070 12346 11473 3209 26610 16302 1455 12287 8269 2525 4666 20185 7881 6023
internal_value=-0.000251365 -0.0111178 -0.0233083 -0.00309004 0.0224344 0.00105695 -0.0138187 -0.0165611 0.0153425 0.00411215 0.01183 -0.0369677 0.000897174 -0.0140462 0.0297431 -0.00210258 -0.020169 0.014366 -0.00492904 -0.00238972 -0.0172848 -0.000710187 0.0105059 0.0121044 -0.0286309 0.0123555 0.0234786 -0.0313706 0.0337421 0.00860745
internal_weight=39700.5 26842.9 10658.1 16184.8 12857.7 11672.9 4511.96 7134.11 6525.62 8296.8 4557.86 3523.96 5520.77 5903.93 6332.03 3974.47 2631.88 3872.44 1880.07 1689 3923.97 3736.92 2776.03 2579.05 1230.17 3430.62 1967.76 1912.91 3597.53 1546.3
internal_count=328288 273477 141217 132260 54811 82955 49305 81233 29085 53652 20343 59984 35979 64499 25726 26185 32891 16737 16414 14682 43721 24265 17673 16218 16734 14871 8742 29964 14647 9794
cat_boundaries=0 1 2 3 4 5 6 7
cat_threshold=154750 4096 4098 6144 286 12599390 5426206
is_linear=0
shrinkage=0.05


Tree=26
num_leaves=31
num_cat=8
split_feature=0 29 0 0 26 26 12 2 27 11 2 1 22 4 11 0 1 11 29 32 17 4 11 13 1 13 1 1 14 1
split_gain=3546.91 979.67 380.831 268.741 250.655 116.276 84.15 80.3954 77.7866 73.676 98.5954 70.4624 65.7549 60.4202 63.3022 52.5921 48.0388 45.6154 44.673 44.2346 42.1992 40.1164 47.328 39.7796 39.1001 37.3155 37.1255 37.0522 37.0169 35.7471
threshold=1.5000000000000002 3.7500000000000004 4.5000000000000009 3.5000000000000004 0.55646630236794181 0.051956815114709856 28.630000000000006 0 1.0000000180025095e-35 5.495000000000001 1 2 0.2678571428571429 1.5000000000000002 5.6450000000000005 5.5000000000000009 3 7.2150000000000007 1.7500000000000002 0.069848755895267539 40.675000000000004 1.5000000000000002 6.9150000000000009 19.205000000000002 4 52.400000000000013 5 6 7.1650000000000009 7
decision_type=2 2 2 2 10 8 2 1 10 2 1 1 8 2 2 2 1 2 2 8 2 2 2 2 1 2 1 1 2 1
left_child=4 3 6 9 7 28 19 -1 -7 26 -11 -6 23 14 -10 -4 -12 25 -13 -3 -21 22 -18 -9 -8 -16 -2 -14 -5 -25
right_child=1 2 15 5 11 8 24 12 13 10 16 18 27 -15 17 -17 21 -19 -20 20 -22 -23 -24 29 -26 -27 -28 -29 -30 -31
leaf_value=0.026416070203108606 -0.01201958987014075 -0.040489283187594288 -0.030644880951972264 -0.019801464828158151 0.017671305308670886 -0.014282214298968629 -0.0032693701556764385 -0.026777815981525538 -0.010857755388246527 -0.0044947697099353926 0.017306419092256258 0.03665482852289649 0.0082324724804115935 -0.021771737218530478 0.064678072622598934 -0.043113275679274796 0.0055824469765784722 0.025524337663940733 0.027160679320249487 -0.021758622944071285 -0.0077969035780179469 -0.012127570928395261 0.025314241805558503 -0.002012443083328264 -0.014758797715227751 0.0019289065085059034 0.0013945756797225856 0.020466385439946132 0.0017112388238318217 0.011309890803394432
leaf_weight=1106.8108384758234 929.99721509218216 263.97348479926586 1861.6743649207056 2425.8780072107911 1392.8142691850662 1643.0673735328019 1358.8644208535552 93.767344728112221 873.16786187142134 1577.4963871836662 1507.336494885385 2048.8945486843586 976.4066966176033 326.41630897670984 23.943125285208225 1549.8155102357268 2345.2644445225596 239.396873280406 3134.4834334552288 3089.0288742184639 656.17636623233557 268.50048795342445 349.13639082759619 792.33981578052044 1671.3739340379834 2264.381758004427 1144.8560746088624 1938.5970927476883 217.92668138444424 1376.3958604037762
leaf_count=4725 7575 4088 29964 26836 5702 15693 13721 564 8358 12334 9018 8501 4200 3261 181 30020 14685 1627 12722 37831 7814 1984 1774 3814 17779 17715 9009 8198 2210 6385
internal_value=-0.000245182 -0.0106725 -0.0225986 -0.00294852 0.021312 -0.00944453 -0.0159541 0.0141714 -0.00521884 0.00346079 0.00625001 0.0281358 0.0114806 -0.00122353 0.00074868 -0.0363092 0.0100293 0.00475797 0.030854 -0.0207068 -0.0193125 0.00628147 0.00813926 0.00510693 -0.00966603 0.00258546 -0.00466917 0.016467 -0.0180282 0.00648549
internal_weight=39448.2 26587.7 10450.9 16136.8 12860.5 8014.18 7039.42 6284.32 5370.37 8122.59 6047.73 6576.19 5177.51 3727.31 3400.89 3411.49 4470.24 2527.72 5183.38 4009.18 3745.21 2962.9 2694.4 2262.5 3030.24 2288.32 2074.85 2915 2643.8 2168.74
internal_count=328288 273477 141217 132260 54811 75881 81233 27886 46835 56379 39795 26925 23161 31142 27881 59984 27461 19523 21223 49733 45645 18443 16459 10763 31500 17896 16584 12398 29046 10199
cat_boundaries=0 1 2 3 4 5 6 7 8
cat_threshold=6146 7168 17438 4212830 12733726 10920898 8476686 1099990
is_linear=0
shrinkage=0.05


Tree=27
num_leaves=31
num_cat=5
split_feature=0 29 0 0 29 27 11 4 23 15 17 1 0 17 3 4 0 6 1 12 25 0 2 18 11 2 1 12 12 15
split_gain=3213.91 912.546 368.517 249.971 237.213 136.84 121.796 92.9109 80.981 77.3578 67.0192 66.209 56.4194 55.5361 52.9875 53.1047 52.6981 51.9172 44.5359 42.2267 41.7394 40.6794 39.9487 39.3821 36.3382 35.095 50.0574 34.9254 34.6877 34.3337
threshold=1.5000000000000002 3.7500000000000004 4.5000000000000009 5.5000000000000009 2.2500000000000004 1.0000000180025095e-35 5.6450000000000005 1.5000000000000002 4.2361111111111116 30.320000000000004 36.32500000000001 0 3.5000000000000004 37.245000000000012 2.5000000000000004 2.5000000000000004 5.5000000000000009 37.500000000000007 1 31.840000000000003 0.58333333333333337 3.5000000000000004 2 46.985000000000007 7.2150000000000007 3 4 18.215000000000003 14.350000000000001 60.065000000000005
decision_type=2 2 2 2 2 8 2 2 10 2 2 1 2 2 2 2 2 2 1 2 8 2 1 2 2 1 1 2 2 2
left_child=4 3 8 5 18 11 23 10 12 13 17 21 20 22 -5 -16 27 -8 -1 -19 25 -2 -6 -7 -21 -3 -27 -4 -10 -12
right_child=1 2 16 14 9 6 7 -9 28 -11 29 -13 -14 -15 15 -17 -18 19 -20 24 -22 -23 -24 -25 -26 26 -28 -29 -30 -31
leaf_value=0.021146920457998555 0.0054044320214519286 -0.00059888506731316325 -0.040469855624181594 -0.027136595049250003 -0.0014673890836507618 -0.012652994493921025 0.011537040924265831 -0.010832953116723026 -0.035419104894881891 0.019385833977552194 0.013675321908231598 -0.013369011089238245 -0.019649515072393622 0.018207007331410924 -0.005788134253343187 -0.04176026435925722 -0.0426077089684751 0.16139121727548844 0.030756761657187898 -0.002195450844747465 0.013336361022306032 -0.0094005485360511443 0.011270035392457864 -0.0010750970691067005 0.023328392814207261 -0.0024290988520722229 -0.01766900502451086 -0.025353596841849454 -0.020038503396500165 0.035039637673398155
leaf_weight=2090.3916440606117 1092.0790683999658 778.49064537510276 547.42507209256291 1061.4644240364432 1295.2562552988529 1157.339190647006 1617.4182552546263 685.06173473596573 529.34582091495395 3309.0422978997231 1891.1394982337952 2421.6359945386648 1730.2212235406041 1079.2577431052923 769.54697812348604 118.38142965734005 1491.2836807630956 4.0352690666913977 3920.5592747181654 2096.5646545961499 203.99915887415409 806.72169331461191 1164.3097108304501 2010.221959784627 149.38335907459259 805.11265670508146 1709.4104275293648 1265.3679118417203 1192.1892143040895 208.81885050237179
leaf_count=8524 8039 8643 9779 14787 6075 9933 10492 5696 7917 13839 12167 20495 19747 4936 8232 1632 30020 28 16114 14342 2158 7411 5323 16900 858 8832 19497 20185 14439 1248
internal_value=-0.000238387 -0.0102408 -0.0218988 -0.00281212 0.0202527 -0.000498149 0.00276437 0.00660678 -0.0153622 0.0138901 0.00860889 -0.00791358 -0.0122646 0.00875128 -0.0195971 -0.0105841 -0.0356457 0.00470431 0.0275012 -0.000207457 -0.00861074 -0.000880951 0.00460211 -0.00530534 -0.000497799 -0.00997034 -0.0128184 -0.0299184 -0.0247678 0.0157998
internal_weight=39201.5 26342.7 10252.8 16089.8 12858.8 14140.4 9819.98 6652.42 6948.77 6847.87 5967.36 4320.44 5227.23 3538.82 1949.39 887.928 3304.08 3867.4 6010.95 2249.98 3497.01 1898.8 2459.57 3167.56 2245.95 3293.01 2514.52 1812.79 1721.54 2099.96
internal_count=328288 273477 141217 132260 54811 107609 71664 44831 81233 30173 39135 35945 58877 16334 24651 9864 59984 25720 24638 15228 39130 15450 11398 26833 15200 36972 28329 29964 22356 13415
cat_boundaries=0 1 2 3 4 5
cat_threshold=10767452 23710 248 28 12602396
is_linear=0
shrinkage=0.05


Tree=28
num_leaves=31
num_cat=6
split_feature=0 29 26 3 0 0 2 29 29 3 17 1 23 1 23 28 27 18 1 27 18 25 6 14 4 1 6 1 29 0
split_gain=2912.02 855.27 327.339 221.336 214.367 192.657 112.345 101.216 86.8716 79.3124 70.8676 51.5575 49.9193 48.6796 48.4118 45.2655 43.4505 43.1964 40.5115 40.9595 35.7965 35.4256 35.2368 35.0058 41.0837 34.8451 34.4483 33.6074 32.7759 30.4314
threshold=1.5000000000000002 4.7500000000000009 0.11583184257602865 2.5000000000000004 4.5000000000000009 4.5000000000000009 0 3.7500000000000004 2.2500000000000004 2.5000000000000004 37.150000000000006 1 3.3541666666666674 2 4.2361111111111116 1543.4980731026219 1.0000000180025095e-35 51.290000000000006 3 1.0000000180025095e-35 51.860000000000007 0.58333333333333337 59.500000000000007 6.4050000000000011 2.5000000000000004 4 40.500000000000007 5 1.7500000000000002 5.5000000000000009
decision_type=2 2 10 2 2 2 1 2 2 2 2 1 10 1 10 2 10 2 1 8 2 8 2 2 2 1 2 1 2 2
left_child=3 2 5 7 14 9 27 11 16 18 12 -1 13 -8 -3 -11 -7 25 -2 -20 -21 -12 -23 -18 -25 -9 -5 -4 -17 -6
right_child=1 4 6 26 29 8 10 17 -10 15 21 -13 -14 -15 -16 28 23 -19 19 20 -22 22 -24 24 -26 -27 -28 -29 -30 -31
leaf_value=0.012769252729352113 0.00062730333457296228 -0.015312177468030567 -0.015953524820796115 0.032348549117567259 -0.032931948022601257 -0.023849886683445155 0.011823514199993355 -0.0052815338122872545 -0.02684396091379649 0.018560297776860812 0.010244696414431582 0.023671062343343527 -0.005491579589404009 -0.00060487600750093776 -0.026975183006446787 0.0078303542239778045 -0.013898281728623793 0.014306965787135657 -0.017994001761122588 -0.011865334666855531 -0.00037781731478267537 0.026290325078915211 0.17609113048514335 0.0049740832415190788 -0.038552388151551979 0.0083241182511245276 0.02328437965016554 -0.0030224255353765734 -0.010572477901888047 -0.04466996294151776
leaf_weight=1889.7576891332865 1052.7572259306908 2762.8695287816226 752.43089577183127 2475.9369543343782 1190.0000617578626 613.0335918366909 1556.031795244664 717.271130412817 1910.7272217869759 439.69232285767794 1839.056477855891 2889.9780419170856 1507.0971369110048 1591.8625044897199 1312.4010943844914 517.49200371652842 1060.1373651251197 1731.1694379150867 1241.9308573082089 1627.3701120764017 1162.6531914025545 322.70317939668894 3.9739636853337279 580.42413524538279 59.798247538506985 1334.4434150606394 1817.8081842809916 1520.671476021409 454.40384775400162 1030.1814051121473
leaf_count=7770 8848 33803 6740 10220 20736 6811 10498 3424 30724 3211 13123 11828 12398 11138 18236 2981 11370 7962 11714 14238 9731 2075 27 5667 715 6132 7475 13179 3812 21702
internal_value=-0.000232337 -0.00982374 -0.00472285 0.0192466 -0.0258782 -0.0106418 0.00225485 0.0146009 -0.0189542 -0.00523689 0.0054599 0.0194371 0.00199157 0.00557422 -0.0190681 0.00524855 -0.0124376 0.00849034 -0.0081478 -0.0104147 -0.00707828 0.0129399 0.0281126 -0.00832317 0.00090861 0.00358247 0.0285111 -0.00735394 -0.000773775 -0.0383785
internal_weight=38966.1 26109.7 19814.2 12856.4 6295.45 10720.4 9093.83 8562.62 4224.12 6496.3 6820.73 4779.74 4654.99 3147.89 4075.27 1411.59 2313.39 3782.88 5084.71 4031.95 2790.02 2165.73 326.677 1700.36 640.222 2051.71 4293.75 2273.1 971.896 2220.18
internal_count=328288 273477 179000 54811 94477 109822 69178 37116 55287 54535 49259 19598 34034 21636 52039 10004 24563 17518 44531 35683 23969 15225 2102 17752 6382 9556 17695 19919 6793 42438
cat_boundaries=0 1 2 3 4 5 6
cat_threshold=7168 87262 12668254 1084 19038 21541024
is_linear=0
shrinkage=0.05


Tree=29
num_leaves=31
num_cat=7
split_feature=0 29 0 26 0 29 2 12 25 1 22 0 0 1 15 10 29 26 29 1 12 25 23 7 4 2 10 1 27 1
split_gain=2638.59 802.475 467.227 208.881 147.784 129.273 85.2975 79.8806 69.6889 63.6191 63.3331 56.9921 56.6055 48.7622 46.6004 41.0401 41.0076 40.8839 36.4532 34.891 34.4048 33.2958 32.7019 32.5445 32.4079 30.8865 30.8741 33.1556 30.3058 30.0234
threshold=1.5000000000000002 2.7500000000000004 4.5000000000000009 0.55217785843920153 5.5000000000000009 4.7500000000000009 0 18.215000000000003 0.58333333333333337 1 0.2678571428571429 2.5000000000000004 5.5000000000000009 2 22.890000000000004 0.16500000000000004 1.7500000000000002 0.14415584415584418 1.2500000000000002 3 13.935 0.58333333333333337 4.4722222222222232 52.150000000000013 2.5000000000000004 4 0.15500000000000003 5 1.0000000180025095e-35 6
decision_type=2 2 2 10 2 2 1 2 10 1 8 2 2 1 2 8 2 8 2 1 2 10 10 2 2 1 8 1 10 1
left_child=3 4 5 10 6 13 -2 -4 11 -5 20 23 -9 -3 22 19 -11 28 -12 -13 -1 -6 -7 -8 -10 -22 -20 -28 -15 -16
right_child=1 2 7 9 21 14 8 12 24 16 18 15 -14 17 29 -17 -18 -19 26 -21 25 -23 -24 -25 -26 -27 27 -29 -30 -31
leaf_value=-0.0090612369067396975 -0.0096877410540386882 -0.00049801811514016425 -0.042780136846016559 0.014685033382233745 -0.018660186280112921 -0.019430336744712385 0.014847214260334422 -0.021504928078454298 0.01673916097647488 0.032621959189357772 0.028343598724874932 0.0092594900035446303 -0.035065769312523143 -0.021784273306234333 -0.0040740037308744873 -0.0068233627989097261 0.023542107098408552 -0.0040671062596753793 0.022245151512241219 -0.00094311574407873679 0.022574010911371126 0.00026423255174454967 -0.033063048302584767 0.002664116290618771 -0.022119044597618057 0.0056775317055802396 0.0011506028004672538 0.014789537656056954 -0.010032926460623291 -0.017317065807412328
leaf_weight=336.97041250765324 1240.4310014545918 2030.0345110818744 1098.998299755156 1422.1754611283541 1118.2423883453012 1408.5869864448905 1184.6794661134481 1853.0686415657401 1227.9917588382959 2031.2391570359468 517.39338904619217 1275.4505694955587 1316.0501739196479 853.75780537724495 669.87329389899969 1677.1146545261145 3206.478663533926 1687.9410025179386 820.30727449059486 2408.0136149525642 307.95598049461842 293.41068512201309 639.65556398779154 1020.205959379673 56.108607314527035 2022.7073493301868 639.64198246598244 1544.5723497122526 1535.1900272741914 1293.1939865984023
leaf_count=1880 10438 18791 22224 5843 13311 18449 7158 28455 7716 8590 2129 8540 26224 8937 7974 12323 13048 15749 3386 16716 1344 3104 9621 6274 458 9267 2791 6533 15020 15995
internal_value=-0.000226027 -0.00941958 -0.0172908 0.0182964 0.000425789 -0.0114385 0.00254573 -0.0311645 0.0042666 0.0244421 0.0116836 0.00244344 -0.0271364 -0.00685811 -0.0184118 -0.000339779 0.0270118 -0.00999929 0.0160854 0.00261226 0.00587222 -0.0147268 -0.0236878 0.00921006 0.0150413 0.00803132 0.0139745 0.0108684 -0.0142326 -0.012907
internal_weight=38737.4 25888 14386.4 12849.4 11501.6 10118.2 10090 4268.12 8849.56 6659.89 6189.55 7565.46 3169.12 6106.92 4011.31 5360.58 5237.72 4076.89 3521.91 3683.46 2667.63 1411.65 2048.24 2204.89 1284.1 2330.66 3004.52 2184.21 2388.95 1963.07
internal_count=328288 273477 187439 54811 86038 110536 69623 76903 59185 27481 27330 51011 54679 58497 52039 37579 21638 39706 14839 25256 12491 16415 28070 13432 8174 10611 12710 9324 23957 23969
cat_boundaries=0 1 2 3 4 5 6 7
cat_threshold=6144 17438 152636 8439838 4098 21534 12731406
is_linear=0
shrinkage=0.05


Tree=30
num_leaves=31
num_cat=7
split_feature=0 29 0 0 23 29 3 2 3 0 2 10 4 26 25 24 11 1 1 1 6 1 12 6 18 0 1 17 17 18
split_gain=2391.56 752.641 291.643 205.939 194.491 173.191 101.449 104.508 84.5659 69.5272 67.9406 59.4307 76.9835 52.8011 47.9943 45.9771 45.7593 43.493 42.3557 38.7267 38.625 37.2466 32.8191 32.4596 32.0932 31.0399 29.7549 35.0506 29.3266 28.6288
threshold=1.5000000000000002 4.7500000000000009 3.5000000000000004 4.5000000000000009 3.5277777777777781 2.2500000000000004 1.5000000000000002 0 2.5000000000000004 5.5000000000000009 1 0.16500000000000004 1.5000000000000002 0.18808962264150947 0.58333333333333337 0.14950000000000005 7.0050000000000008 2 3 4 35.500000000000007 5 6.160000000000001 52.500000000000007 62.910000000000004 5.5000000000000009 6 45.020000000000003 33.925000000000004 48.245000000000012
decision_type=2 2 2 2 8 2 2 1 2 2 1 8 2 8 8 10 2 1 1 1 2 1 2 2 2 2 1 2 2 2
left_child=4 2 6 15 8 10 26 -8 17 19 -4 12 16 -6 20 -3 21 -1 -15 -7 -9 -12 -17 -10 -20 -5 -2 -28 -24 -22
right_child=1 3 5 25 13 9 7 14 23 -11 11 -13 -14 18 -16 22 -18 -19 24 -21 29 -23 28 -25 -26 -27 27 -29 -30 -31
leaf_value=0.011730697170416473 -0.011020446370081191 -0.0089103270533634742 -0.019795369857519451 -0.031582678869978689 -0.0070403816992722626 -0.022383129577600705 -0.0048682549743551354 0.014176882183544199 0.028865325513833903 -0.03119121874080838 0.0094506612166921859 -0.011495474359300923 -0.022645018516521193 0.0048637965158991499 0.021802312984511574 -0.042239651097185631 0.01686259802220515 0.021770809516566667 0.013615682330132273 -0.010550112095678348 -0.002225903361059611 -0.0033359964820700323 -0.024628032069087095 0.0086513548862645548 0.035412539298993767 -0.043835889606892268 -0.0034905604409969301 0.020452103167389692 -0.014209814732925534 0.0079654761968370024
leaf_weight=1999.2946688681841 1385.4677416831255 1067.884490005672 667.90904271602631 1126.0498962327838 454.13944475352764 1146.1764937192202 1853.4166419431567 1333.3663140460849 3423.849092528224 855.55591067299247 789.54771077632904 1439.3050920665264 325.59901663661003 1731.6635782122612 644.17007933557034 171.92867482453585 494.42400516569614 2620.4217794835567 2214.024553284049 1924.6816724613309 1150.692940607667 1969.8063831701875 1431.5389995500445 210.82964649796486 182.81943954527378 955.33280242234468 1777.3360099345446 167.24229030311108 1278.9815448224545 1717.7875938415527
leaf_count=8308 12721 13374 6632 20736 2316 13822 15461 8323 14287 16578 6579 12934 3303 7800 3793 2980 3461 10782 9660 22656 7655 16710 19072 870 788 21702 15862 1412 16613 11098
internal_value=-0.000219522 -0.00903003 -0.0042861 -0.0244788 0.0174016 -0.0105092 0.00167858 0.00522394 0.0219872 -0.0185859 -0.00493252 -0.00290927 0.000535206 0.00914173 0.00907514 -0.0177725 0.0028548 0.0174982 0.0109218 -0.0150739 0.00714558 0.000344873 -0.0210558 0.0276928 0.0152148 -0.0372068 -0.00545401 -0.00142406 -0.0197121 0.0038772
internal_weight=38511.2 25674.2 19642.5 6031.72 12837 9613.01 10029.5 6699.43 8254.4 3926.41 5686.59 5018.68 3579.38 4582.65 4846.02 3950.33 3253.78 4619.72 4128.51 3070.86 4201.85 2759.35 2882.45 3634.68 2396.84 2081.38 3330.05 1944.58 2710.52 2868.48
internal_count=328288 273477 179000 94477 54811 102675 76325 46330 34247 53056 49619 42987 30053 20564 30869 52039 26750 19090 18248 36478 27076 23289 38665 15157 10448 42438 29995 17274 35685 18753
cat_boundaries=0 1 2 3 4 5 6 7
cat_threshold=7168 6144 9524766 12602462 31203648 1065626 10658754
is_linear=0
shrinkage=0.05


Tree=31
num_leaves=31
num_cat=6
split_feature=0 29 26 0 29 2 11 0 4 11 24 1 17 26 17 1 23 24 6 10 2 29 17 1 0 0 1 18 14 26
split_gain=2167.21 702.54 268.319 200.472 185.293 117.297 131.112 115.532 94.1743 76.5145 66.2393 60.5523 55.6206 54.5093 46.5409 50.0642 44.1852 43.2133 40.1759 39.9243 39.0385 38.3718 37.5501 36.0276 34.6523 31.2375 30.1635 29.3957 27.4053 26.2813
threshold=1.5000000000000002 4.7500000000000009 0.097167584579071611 4.5000000000000009 2.2500000000000004 0 5.4150000000000009 5.5000000000000009 1.5000000000000002 7.2150000000000007 0.19414285714285717 1 39.515000000000008 0.30094339622641514 36.645000000000003 2 4.2361111111111116 0.14387500000000006 35.500000000000007 0.14500000000000005 3 1.7500000000000002 45.245000000000012 4 3.5000000000000004 5.5000000000000009 5 46.435000000000009 4.7150000000000007 0.057983193277310933
decision_type=2 2 8 2 2 1 2 2 2 2 10 1 2 8 2 1 10 10 2 10 1 2 2 1 2 2 1 2 2 8
left_child=4 2 7 16 19 -4 13 12 9 14 11 -6 17 22 15 -8 27 -2 -17 -1 -13 -9 28 -21 -19 -5 -26 -3 -7 -29
right_child=1 3 5 25 10 6 8 21 -10 -11 -12 20 -14 -15 -16 18 -18 24 -20 23 -22 -23 -24 -25 26 -27 -28 29 -30 -31
leaf_value=0.029149311291422314 -0.002842127021667612 -0.021279430786353189 -0.011020352294772221 -0.030877374651863285 0.0068443641802773377 -0.011709861283475707 -0.0035756153845847706 -0.012457388002107262 -0.0097435251171563014 0.027149781237322246 -4.9338965870466704e-05 0.026430050119052435 0.00062979934536121218 -0.018364815125029008 0.012406375323401686 0.016200400960473163 -0.024961106909255827 -0.0082289772437355978 0.003150016905198943 0.011979002982046644 0.014027739506528603 -0.028859263291885456 0.0232132427062028 0.023096588592539796 -0.010717282807518552 -0.043382970454598928 -0.024011856863151663 -0.017509507774422717 0.0017758527076620597 -0.0051808979322791136
leaf_weight=1839.0222095996141 1235.1070221476257 835.49140686169267 1833.9765945784748 1094.9803823977709 2335.5867730081081 707.9201869033277 1611.5664509385824 536.13045101612806 856.52159284800291 477.37056497111917 1137.4577423036098 908.48400418460369 1363.1387013159692 777.10203853622079 2137.8069768212736 898.96249908208847 1234.5407028235495 1548.6314856335521 1714.4535402543843 1067.6713841706514 2519.0207975357771 1064.7934261038899 132.62375871092081 3019.8153312504292 820.0749243311584 917.99012392759323 1043.8978459835052 705.24401751160622 805.24598499387503 1116.8127068430185
leaf_count=7732 11498 10808 17599 20736 10275 6887 11645 5639 7650 2742 5255 3779 12691 8129 14361 6064 18236 13783 12064 4370 10864 19283 1178 12536 8853 21702 11539 9377 7395 13618
internal_value=-0.000214007 -0.00865476 -0.00409274 -0.0237701 0.0165466 0.000579726 0.00269025 -0.0114304 0.0058861 0.00784323 0.0109774 0.0131537 -0.00825136 -0.00745075 0.00639475 0.00335292 -0.0171447 -0.0108561 0.00760997 0.0230311 0.0173824 -0.0233665 -0.00229739 0.0202784 -0.0137566 -0.0365804 -0.0183491 -0.0135137 -0.00453331 -0.0099528
internal_weight=38297.4 25470.4 19565.3 5905.06 12827.1 11953.6 10119.6 7611.77 7696.68 6840.16 6900.55 5763.09 6010.85 2422.89 6362.79 4224.98 3892.09 4647.71 2613.42 5926.51 3427.5 1600.92 1645.79 4087.49 3412.6 2012.97 1863.97 2657.55 1513.17 1822.06
internal_count=328288 273477 179000 94477 54811 95714 78115 83286 54526 46876 30173 24918 58364 23589 44134 29773 52039 45673 18128 24638 14643 24922 15460 16906 34175 42438 20392 33803 14282 22995
cat_boundaries=0 1 2 3 4 5 6
cat_threshold=6144 10503966 20746784 6658 21534 10635838
is_linear=0
shrinkage=0.05


Tree=32
num_leaves=31
num_cat=7
split_feature=0 29 0 0 26 29 12 2 0 2 2 26 1 4 23 12 24 25 6 1 29 1 12 17 0 18 14 6 18 1
split_gain=1964.18 655.139 253.676 194.827 173.445 154.786 89.2519 73.8533 63.4489 61.5391 60.1929 52.2747 51.6446 51.1823 47.3687 43.8113 43.0414 42.7882 37.1614 36.2596 36.2121 36.0782 32.297 31.7278 31.3919 31.2014 29.0444 28.9593 27.4673 26.9496
threshold=1.5000000000000002 4.7500000000000009 3.5000000000000004 4.5000000000000009 0.55646630236794181 2.2500000000000004 32.190000000000005 0 5.5000000000000009 1 2 0.04210992907801419 3 1.5000000000000002 4.4142857142857155 13.935 0.12950000000000006 0.58333333333333337 41.500000000000007 4 1.7500000000000002 5 48.185000000000009 40.785000000000004 5.5000000000000009 52.955000000000005 6.4450000000000012 42.500000000000007 48.845000000000006 6
decision_type=2 2 2 2 10 2 2 1 2 1 1 8 1 2 10 2 8 8 2 1 2 1 2 2 2 2 2 2 2 1
left_child=4 2 6 15 9 10 29 27 21 -1 -4 26 -6 16 18 -3 28 19 -11 -9 -14 -7 -18 -17 -5 -20 -12 -8 -13 -2
right_child=1 3 5 24 12 8 7 17 -10 14 11 13 20 -15 -16 23 22 -19 25 -21 -22 -23 -24 -25 -26 -27 -28 -29 -30 -31
leaf_value=0.020518995245405597 -0.014821630833373803 -0.028965729627122856 -0.018685589166908267 -0.030171641773040443 0.0126024546033058 -0.021993888755658483 0.001311536959521512 0.012575617520399207 -0.029922975006931286 0.013529063457184727 -0.015876527403935536 0.0021927765311509804 0.029205261579689407 -0.02001527194718998 -0.0056229856681239967 -0.016592935670122749 -0.0046616048604458853 0.020123220116583899 -0.00023255790967267745 0.0028895698943983026 0.020542153239970357 -0.010164955137736079 0.0069857778938018991 -0.0038469854178474283 -0.042923640962355902 0.011970823582713961 0.00047955171683005353 -0.009839969172981692 0.021892722386069503 -0.0032418104618067629
leaf_weight=1114.3477567583323 705.09573782980442 597.96792317554355 651.69055496528745 1065.3247367441654 1382.2064130604267 998.39954970404506 1663.2514224946499 1446.5963742509484 813.97332744300365 2436.4726416617632 939.4112625643611 321.15703224390745 1968.8139344453812 282.08829923719168 602.77578577399254 2639.4642033390701 1778.3709848970175 623.72291610389948 1333.5563843846321 2931.3191230967641 3114.5066473782063 2015.2163488194346 894.56636747717857 599.05382829159498 882.32934956625104 862.58530177175999 381.70619986206293 895.70770181715488 394.02629477530718 1755.5624131262302
leaf_count=4725 6853 9958 6632 20736 5702 12374 13118 9158 16578 10500 9953 2419 8501 2855 3086 34560 14577 3672 5833 19693 12722 24104 6473 7521 21702 3742 3769 7379 2941 16452
internal_value=-0.00020775 -0.00829234 -0.00390728 -0.0230695 0.0157378 -0.00977481 0.00163784 0.00432978 -0.0175362 0.00986813 -0.00451035 -0.00261689 0.0215023 0.000447833 0.00754749 -0.0165312 0.00215155 0.00785533 0.00927747 0.00612546 0.0238505 -0.0141905 -0.000763512 -0.0142352 -0.0359486 0.0045606 -0.0111508 -0.00258172 0.0130464 -0.00663339
internal_weight=38091.3 25276 19491.9 5784.14 12815.3 9470.61 10021.3 7560.6 3827.59 6349.74 5643.02 4991.33 6465.53 3670.21 5235.39 3836.49 3388.12 5001.64 4632.61 4377.92 5083.32 3013.62 2672.94 3238.52 1947.65 2196.14 1321.12 2558.96 715.183 2460.66
internal_count=328288 273477 179000 94477 54811 102675 76325 53020 53056 27886 49619 42987 26925 29265 23161 52039 26410 32523 20075 28851 21223 36478 21050 42081 42438 9575 13722 20497 5360 23305
cat_boundaries=0 1 2 3 4 5 6 7
cat_threshold=7200 6146 6144 17438 12602396 22815040 10625794
is_linear=0
shrinkage=0.05


Tree=33
num_leaves=31
num_cat=8
split_feature=26 26 26 29 0 29 0 11 0 26 17 28 1 14 4 1 2 4 0 24 17 27 3 1 14 1 6 1 1 2
split_gain=1781.53 481.425 258.778 192.245 146.792 122.62 96.9556 92.9542 77.2754 73.8573 59.8535 49.271 44.1108 44.0686 42.6208 35.88 35.7348 35.6614 34.6627 34.0289 33.046 32.4065 31.789 31.5792 30.4472 29.3757 27.0748 26.8632 26.1115 25.7901
threshold=0.20204081632653065 0.051956815114709856 0.55217785843920153 4.7500000000000009 3.5000000000000004 2.2500000000000004 4.5000000000000009 4.8250000000000011 5.5000000000000009 0.051956815114709856 36.010000000000012 1592.1446842536641 0 5.9450000000000012 1.5000000000000002 1 2 2.5000000000000004 5.5000000000000009 0.16683333333333339 37.245000000000012 1.0000000180025095e-35 2.5000000000000004 3 6.7550000000000008 4 40.500000000000007 5 6 7
decision_type=10 8 10 2 2 2 2 2 2 10 2 2 1 2 2 1 1 2 2 10 2 10 2 1 2 1 2 1 1 1
left_child=1 3 10 8 7 14 -5 20 13 24 17 19 -11 21 15 -6 -14 26 23 28 -3 -1 -10 -7 -9 -15 -2 -21 -4 -17
right_child=2 4 11 6 5 18 -8 9 22 12 -12 -13 16 25 -16 29 -18 -19 -20 27 -22 -23 -24 -25 -26 -27 -28 -29 -30 -31
leaf_value=-0.020911650856918984 0.0081672002459692427 -0.011748341162914868 0.025801943471933559 -0.020748864375234388 -0.0072588919498146418 -0.0080329958216579286 -0.038441446581141965 0.010271899182973446 -0.029061071504476534 0.0093341522020858932 0.012518401435389218 0.025125755529929256 -0.0091719258817694986 0.012871771191474894 -0.023711279639803993 -0.020366479625319171 0.0015869039012228966 -0.013103321966358845 -0.031349320063827929 -0.00027936842576827762 0.0011219275949223299 -0.008918585438505525 -0.011327356463943944 -0.019716784000500996 0.028806724795409907 -0.0057549349300451422 0.00096725506257820779 0.015076942075169134 0.01499931860294916 0.0054945024974074755
leaf_weight=815.1409148350358 2933.4797781817615 1651.935718730092 1086.9312484636903 1706.6597483493388 1335.9705481976271 1025.1209188178182 1417.4614832103252 1097.4719258137047 853.15845212712884 1129.1915204524994 3308.407147873193 2895.3569072261453 1149.202584117651 289.26097578927875 227.96375448256731 93.563973322510719 2305.6019999459386 288.04898250848055 375.03481007739902 446.60858590528369 714.4601202532649 1822.8773789592087 359.06259151920676 1482.7555631250143 277.61815126985312 713.23001281544566 2353.0808297246695 805.15633899345994 1448.118173725903 1483.2635833099484
leaf_count=9236 17532 15771 4564 23854 11029 13284 32467 6725 15475 8257 19534 12360 10355 2564 2395 934 16860 2496 8335 1868 6511 18624 4784 19565 1629 6546 13361 3358 6059 11956
internal_value=-0.000202133 -0.00925464 0.0127824 -0.0191021 -0.00378031 -0.00972573 -0.0287763 0.000521335 -0.0128741 0.00385064 0.00719079 0.0202156 0.0008019 -0.0092332 -0.00289104 -0.00126159 -0.00200804 0.00402897 -0.0171717 0.0164614 -0.00786256 -0.0126244 -0.0238083 -0.0150516 0.0140139 -0.000309352 0.00496246 0.00971628 0.019792 0.00384132
internal_weight=37891.2 22326 15565.2 7976.85 14349.2 6023.67 3124.12 8325.48 4852.73 5959.09 8883.02 6682.17 4584 3640.51 3140.76 2912.8 3454.8 5574.61 2882.91 3786.81 2366.4 2638.02 1212.22 2507.88 1375.09 1002.49 5286.56 1251.76 2535.05 1576.83
internal_count=328288 247156 81132 113550 133606 67498 56321 66108 57229 43826 52923 28209 35472 36970 26314 23919 27215 33389 41184 15849 22282 27860 20259 32849 8354 9110 30893 5226 10623 12890
cat_boundaries=0 1 2 3 4 5 6 7 8
cat_threshold=4211740 21934628 7200 94398 2099742 3165244 18627008 4096
is_linear=0
shrinkage=0.05


Tree=34
num_leaves=31
num_cat=7
split_feature=0 12 2 0 26 29 4 11 0 0 6 18 12 15 2 2 1 18 23 1 1 1 25 25 29 24 3 25 20 13
split_gain=1636.4 575.152 224.37 215.044 166.434 151.067 88.3959 81.9482 78.71 76.3161 56.7521 54.1473 53.9288 52.1853 51.2716 48.8261 45.0938 42.4806 38.7319 37.6153 36.458 32.5282 32.2044 30.9698 30.8491 30.7511 29.1762 28.9462 28.74 27.0639
threshold=1.5000000000000002 28.630000000000006 0 4.5000000000000009 0.097167584579071611 2.2500000000000004 2.5000000000000004 7.2150000000000007 5.5000000000000009 4.5000000000000009 51.500000000000007 43.645000000000003 13.935 46.040000000000006 1 2 3 50.100000000000009 4.8166666666666673 4 5 6 1.0000000180025095e-35 1.0000000180025095e-35 1.7500000000000002 0.14472222222222228 2.5000000000000004 1.0000000180025095e-35 69.010000000000005 47.390000000000008
decision_type=2 2 1 2 8 2 2 2 2 2 2 2 2 2 1 1 1 2 8 1 1 1 8 8 2 10 2 8 2 2
left_child=5 3 9 12 8 20 7 11 17 -3 15 -6 -2 23 16 -7 -14 25 -5 -12 -1 -17 -16 -13 -10 -4 -22 -19 -23 -21
right_child=1 2 4 18 6 10 -8 -9 24 -11 19 13 14 -15 22 21 -18 27 -20 29 26 28 -24 -25 -26 -27 -28 -29 -30 -31
leaf_value=0.025394681413193888 -0.026403182930741717 -0.010216514822619243 -0.00037555704341705516 -0.029222877846244118 -0.0032464893911530383 0.017831627109868988 -0.011527559650237832 0.024428704096772769 -0.0090686540136259656 -0.027563145580652728 0.011766987259306036 -0.00154172616562329 -0.016110559698992898 0.012832066695723579 -0.020496579846316389 0.013590995859626502 0.0006408466977532002 -0.0048196292805955448 -0.044881252387027948 -0.014582036957671744 0.012435899646361426 0.0032071986240718819 -0.0077185360264250815 0.0070844668143823526 -0.025569525026436446 -0.013656680114082075 0.02142664615102443 0.0071527775064590855 0.041987073375763503 0.0038088745727790059
leaf_weight=2248.7057627886534 743.81554272398353 2295.9498601183295 643.15537607297301 1606.5606880187988 2005.8885220736265 1968.0439927875996 878.95320070907474 516.37719116732478 475.21306000649929 875.95976036041975 411.09320805966854 1966.4072042927146 608.90205682069063 2007.6308350339532 1644.071377556771 1536.9953146874905 1150.8886816427112 1055.6433987803757 523.64956298097968 465.30512794852257 1781.0375031679869 2140.7440864145756 704.33356992527843 2209.7529098801315 701.19111693277955 1352.1434573605657 1829.016718313098 967.61799369379878 48.867041483521461 350.90188387036324
leaf_count=9548 11854 22542 5897 32862 15487 8235 8922 2958 5090 14344 1812 16345 7053 13618 20657 6659 12956 10162 12374 2239 7274 9553 8275 16556 13671 13229 7816 8625 217 1458
internal_value=-0.000195946 -0.00765252 -0.00291657 -0.019829 -0.00032165 0.0143512 0.00358429 0.00510996 -0.00752895 -0.0149598 0.00935011 0.00389188 -0.0140149 0.00620741 -0.0117719 0.0114519 -0.00521356 -0.00419901 -0.033072 -0.000402148 0.0202599 0.00801336 -0.0165935 0.0030227 -0.0189039 -0.0093757 0.0169441 0.000906134 0.00405416 -0.00659466
internal_weight=37714.8 24934.1 17951.9 6982.22 14780 12780.7 9585.01 8706.06 5194.96 3171.91 6921.95 8189.68 4852.01 6183.79 4108.2 5694.65 1759.79 4018.56 2130.21 1227.3 5858.76 3726.61 2348.4 4176.16 1176.4 1995.3 3610.05 2023.26 2189.61 816.207
internal_count=328288 273477 167446 106031 130560 54811 73886 64964 56674 36886 30173 62006 60795 46519 48941 24664 20009 37913 45236 5509 24638 16429 28932 32901 18761 19126 15090 18787 9770 3697
cat_boundaries=0 1 2 3 4 5 6 7
cat_threshold=6144 270 7682 14946048 22880392 30188288 19805472
is_linear=0
shrinkage=0.05


Tree=35
num_leaves=31
num_cat=10
split_feature=26 26 29 0 0 0 12 27 18 29 6 1 1 13 1 18 29 24 18 0 1 2 1 23 27 2 1 1 18 2
split_gain=1483.02 424.046 320.419 142.127 127.314 98.8823 88.9495 78.8598 61.0511 58.6161 51.6982 49.7562 40.0513 38.774 37.8255 37.0022 36.9739 33.6613 31.9207 32.917 38.9689 33.3468 28.56 28.1746 27.9102 27.6904 27.0671 26.0977 26.02 25.2423
threshold=0.15047169811320757 0.42980295566502463 4.7500000000000009 4.5000000000000009 5.5000000000000009 3.5000000000000004 26.540000000000003 1.0000000180025095e-35 51.705000000000005 1.7500000000000002 43.500000000000007 0 1 19.205000000000002 2 54.565000000000005 1.7500000000000002 0.14472222222222228 59.835000000000008 1.5000000000000002 3 4 5 3.6458333333333335 1.0000000180025095e-35 6 7 8 62.115000000000002 9
decision_type=8 10 2 2 2 2 2 10 2 2 2 1 1 2 1 2 2 10 2 2 1 1 1 10 8 1 1 1 2 1
left_child=2 5 4 15 7 10 -7 14 17 27 13 -11 -8 28 -1 -4 -6 -9 19 21 -21 -15 -19 -13 -22 -14 -10 -3 -2 -12
right_child=1 9 3 -5 16 6 12 8 26 11 29 23 25 18 -16 -17 -18 22 -20 20 24 -23 -24 -25 -26 -27 -28 -29 -30 -31
leaf_value=-0.0020787811760000067 -0.029919480651081212 0.0038006692184136479 -0.020665794490109968 -0.035410891159033966 -0.01055116259141765 -0.024723585814347741 -0.008515158661923105 0.0010340693433857338 0.0092520612001784699 0.019884502811998928 0.0092720287751318752 0.012652193387222319 -0.0083207513584669917 0.023766640312145586 -0.015369630217987349 -0.0086893157223550052 -0.025761782774212497 0.0014730014574051908 0.016415886449380204 0.0098011328198917488 -0.0087877093098755032 0.0079882053064044955 -0.012304964675645099 0.0026886039933401891 0.0034422829902560586 0.0066841885607797375 -0.00072024095818566366 0.023457818068978689 0.064777004330626387 -0.0020802593973028756
leaf_weight=734.97012892737985 95.946493081748486 198.75273728370667 2017.1561700254679 1577.9896644540131 641.94186949729919 484.68483740091324 1218.3723690137267 1061.895758587867 1183.9907007478178 2080.7277196310461 584.53467533364892 2841.0957788527012 389.62252144515514 449.65518915653229 2113.9209222905338 948.03005123138428 1057.9627218618989 471.28585210815072 967.91745553910732 1542.9796914942563 702.05194475501776 1394.5814399123192 1936.0332794450223 945.69716071337461 1390.3752723410726 1341.4822085537016 1585.8678144142032 2794.217837035656 7.8473192937672129 2766.2036713436246
leaf_count=7098 866 852 27901 37880 6746 7664 11820 8870 9932 8765 3481 11932 4421 1910 22272 12631 20753 4259 6105 11363 6210 6189 18135 4087 10107 11965 13840 12411 72 17751
internal_value=-0.000189625 0.0080709 -0.0121495 -0.0232881 -0.00745858 0.00243785 -0.00487296 -0.00510938 -0.00196205 0.0165494 0.00497333 0.0136449 -0.00161092 0.00755707 -0.012002 -0.0168367 -0.0200177 -0.00638152 0.00804511 0.00656651 0.00380634 0.0120074 -0.00965262 0.0101372 -0.000657984 0.00327861 0.00357327 0.0222435 -0.02276 -7.8395e-05
internal_weight=37527.8 22196.7 15331 4543.18 10787.9 13336.3 3434.16 9087.96 6239.07 8860.49 9902.09 5867.52 2949.48 6551.35 2848.89 2965.19 1699.9 3469.21 6447.56 5479.64 3635.41 1844.24 2407.32 3786.79 2092.43 1731.1 2769.86 2992.97 103.794 3350.74
internal_count=328288 137971 190317 78412 111905 99924 35870 84406 55036 38047 64054 24784 28206 42822 29370 40532 27499 31264 41884 35779 27680 8099 22394 16019 16317 16386 23772 13263 938 21232
cat_boundaries=0 1 2 3 4 5 6 7 8 9 10
cat_threshold=21770528 21967876 148508 12602716 6658 524318 6146 17877086 12 258
is_linear=0
shrinkage=0.05


Tree=36
num_leaves=31
num_cat=9
split_feature=0 29 0 0 3 29 6 17 1 0 1 1 24 14 2 1 2 29 18 1 0 12 6 11 2 17 23 0 1 18
split_gain=1353.39 510.363 190.27 168.944 133.958 124.212 71.6414 61.179 53.5055 51.5923 45.7792 43.5776 42.1756 39.4183 38.5386 36.6782 34.7771 34.6334 33.775 33.6507 33.6499 31.3646 30.4642 30.2696 27.8463 28.4738 27.6699 27.3841 26.7843 26.1737
threshold=1.5000000000000002 4.7500000000000009 3.5000000000000004 4.5000000000000009 2.5000000000000004 2.2500000000000004 41.500000000000007 35.305000000000007 0 5.5000000000000009 1 2 0.14950000000000005 5.8950000000000005 3 4 5 2.2500000000000004 49.615000000000002 6 5.5000000000000009 6.160000000000001 39.500000000000007 5.7550000000000008 7 33.925000000000004 4.0500000000000007 5.5000000000000009 8 52.640000000000008
decision_type=2 2 2 2 2 2 2 2 1 2 1 1 10 2 1 1 1 2 2 1 2 2 2 2 1 2 10 2 1 2
left_child=4 2 6 12 7 8 10 11 -4 19 -2 -1 -3 -8 27 -9 -12 -13 -16 -7 -5 -14 -6 -18 -23 -26 -17 -10 -15 -21
right_child=1 3 5 20 22 9 13 15 14 -11 16 17 21 28 18 26 23 -19 -20 29 -22 24 -24 -25 25 -27 -28 -29 -30 -31
leaf_value=9.8913372611551903e-05 0.011466746687099343 -0.0058354277869627526 -0.010137669561170811 -0.027247251779170936 0.024470690649566269 -0.0032397244373546827 -0.0081948057856674247 0.023817374750950495 -0.0044213874866858701 -0.027357242766221514 0.0062906789503523151 0.01655772859218831 -0.040100684300971842 0.0082348614401744902 -0.0030488858863076881 0.014162519707033619 -0.011837827603434303 0.0058336726862449825 0.0082945956656455423 -0.020263725319470335 -0.041285648191437881 -0.0065739644838634067 0.015878871963943136 0.0014391025796200087 -0.025337330409846009 -0.013158400985202254 0.00089150112460762614 -0.025800419188835629 -0.0041051233482392625 -0.0090417045482688359
leaf_weight=1926.8346474468708 1859.1266876682639 1007.1436385586858 2030.9922054931521 955.83422965183854 2194.2588176876307 747.23553197830915 2180.4139649607241 844.72086703777313 695.92802222818136 739.82231784984469 2251.3319844119251 1160.4825829416513 149.47675498947501 843.55029209703207 1214.5916729643941 2040.9309571385384 630.30550406128168 2143.3917945474386 1427.3904288858175 1299.4752779342234 771.32734282687306 585.00187381729484 1947.326282158494 1346.0895430222154 1004.1924924142659 919.23210285231471 486.37076222896576 190.86150711402297 898.9962627068162 865.76584370061755
leaf_count=8463 13264 13374 18553 20736 9412 9123 18747 3583 6192 16578 16259 4799 2980 5872 10393 8572 5935 9383 11882 16765 21702 8494 8283 9774 14546 12645 2316 2599 6474 10590
internal_value=-0.000182926 -0.00703078 -0.00321746 -0.0206243 0.0130429 -0.00840297 0.00155478 0.00948605 -0.00369723 -0.0155663 0.00495064 0.00610058 -0.0145488 -0.00371422 3.82055e-05 0.0147376 0.00205323 0.00957152 0.00306807 -0.0125712 -0.0335166 -0.0178505 0.0204309 -0.00278106 -0.0165246 -0.0194159 0.0115628 -0.00892213 0.00189225 -0.0157041
internal_weight=37358.4 24614.1 19221.9 5392.21 12744.3 9212.06 10009.8 8602.73 5559.76 3652.3 6086.85 5230.71 3665.05 3922.96 3528.77 3372.02 4227.73 3303.87 2641.98 2912.48 1727.16 2657.9 4141.59 1976.4 2508.43 1923.42 2527.3 886.79 1742.55 2165.24
internal_count=328288 273477 179000 94477 54811 102675 76325 37116 49619 53056 45232 22645 52039 31093 31066 14471 31968 14182 22275 36478 42438 38665 17695 15709 35685 27191 10888 8791 12346 27355
cat_boundaries=0 1 2 3 4 5 6 7 8 9
cat_threshold=21967872 4213788 115806 7170 17572128 414 131246 14 14755452
is_linear=0
shrinkage=0.05


Tree=37
num_leaves=31
num_cat=9
split_feature=26 26 29 0 0 0 12 29 11 24 18 0 1 1 24 18 14 1 18 6 2 1 7 4 2 1 14 1 1 10
split_gain=1249.14 347.197 282.042 132.699 112.101 77.6259 80.5722 72.6657 53.2419 50.0718 48.115 46.1432 36.9636 35.7899 34.304 34.1051 34.0692 32.0943 31.9302 31.6853 28.5971 28.3706 26.9775 32.7205 32.4969 31.3339 30.0307 26.156 25.7104 25.2959
threshold=0.15047169811320757 0.42980295566502463 4.7500000000000009 4.5000000000000009 5.5000000000000009 3.5000000000000004 28.820000000000004 2.7500000000000004 6.8650000000000011 0.15950000000000006 50.855000000000011 3.5000000000000004 0 1 0.18050000000000008 54.565000000000005 6.4350000000000014 2 53.055000000000007 32.500000000000007 3 4 53.350000000000001 2.5000000000000004 5 6 5.2350000000000012 7 8 0.18500000000000003
decision_type=8 10 2 2 2 2 2 2 2 10 2 2 1 1 10 2 2 1 2 2 1 1 2 2 1 1 2 1 1 8
left_child=2 5 4 15 7 9 29 19 10 22 13 -9 -8 -3 -15 -4 -6 -12 -11 -1 -14 -13 23 24 25 -2 -26 -21 -18 -7
right_child=1 8 3 -5 16 6 12 11 -10 18 17 21 20 14 -16 -17 28 -19 -20 27 -22 -23 -24 -25 26 -27 -28 -29 -30 -31
leaf_value=0.0076100017942362349 -0.0058039686072135005 0.017797526530800464 -0.019500800343420131 -0.034155930056739968 -0.0237412636565833 -0.013238260069824176 0.0072469890334914454 -0.0045868557808973849 0.023676352686864348 -0.0025235206382663231 0.022731554434536234 -0.0085962898591914715 -0.015202655908753202 0.0092691396699451662 -0.0046117122531658125 -0.0078856351405503129 0.0050105367522672454 0.012781107324358373 0.006095886497134201 0.0027139375878190916 -0.0011693574785689841 -0.020626530505825379 0.00061745402488046935 -0.0037925548500677905 0.0079782409033046855 0.0097362496426082745 0.019717317592180542 -0.0060710568485702991 -0.017387002389795018 -0.035026700763620321
leaf_weight=1005.1858562529087 442.23283506184816 962.2607627697289 1958.5180109627545 1481.3491479977965 1133.9261851832271 354.1843630336225 942.90532622858882 2478.1716174520552 1493.494783565402 2881.2486373670399 1642.1985589675605 1036.0265365242958 482.96120278537273 2334.6047554649413 549.94230242818594 933.07837948203087 216.17490208521485 1838.5107681527734 1713.3967727608979 1433.3556416332722 1402.0244560241699 1022.8840403258801 1046.4617754966021 413.66783355921507 919.34928357228637 1168.7545668892562 1337.2361293286085 2050.8594106510282 299.83200680837035 213.51416211947799
leaf_count=7481 3135 4108 27901 37880 20465 5308 8718 24063 6774 18708 7006 13215 5470 9990 2354 12631 2930 7815 10764 10498 12661 13720 6787 3420 5660 8160 7420 15429 4104 3713
internal_value=-0.000177007 0.00737832 -0.0112916 -0.0219869 -0.00691087 0.00228243 -0.00424294 -0.00472041 0.0150721 0.00451551 0.0133184 -0.00918295 -0.000792034 0.00946432 0.00659986 -0.0157527 -0.0188945 0.0175778 0.000690757 -0.000210485 -0.00482615 -0.0147149 0.007814 0.00957305 0.0110026 0.00546081 0.0148688 -0.00246667 -0.00824367 -0.021433
internal_weight=37188.3 22138.9 15049.4 4372.95 10676.4 13317.9 3395.59 9026.48 8821.01 9922.35 7327.52 4537.08 2827.89 3846.81 2884.55 2891.6 1649.93 3480.71 4594.65 4489.4 1884.99 2058.91 5327.7 4281.24 3867.57 1610.99 2256.59 3484.22 516.007 567.699
internal_count=328288 137971 190317 78412 111905 99924 35870 84406 38047 64054 31273 50998 26849 16452 12344 40532 27499 14821 29472 33408 18131 26935 34582 27795 24375 11295 13080 25927 7034 9021
cat_boundaries=0 1 2 3 4 5 6 7 8 9
cat_threshold=8389114 21897216 18199392 6656 2344126 7684 21635232 26365982 8587206
is_linear=0
shrinkage=0.05


Tree=38
num_leaves=31
num_cat=8
split_feature=26 0 29 0 11 29 0 2 4 29 2 26 1 3 28 6 13 24 4 10 15 2 18 1 1 1 1 17 17 10
split_gain=1135.16 319.414 263.966 128.564 117.451 111.494 104.985 78.6168 76.5878 69.8877 68.8002 62.3367 41.2311 41.2173 48.4242 37.0928 36.7556 34.3785 33.0634 47.0252 32.9111 34.8176 31.4041 31.1548 29.934 29.5302 27.4548 28.9472 26.3011 26.201
threshold=0.15047169811320757 1.5000000000000002 4.7500000000000009 4.5000000000000009 5.4150000000000009 1.2500000000000002 3.5000000000000004 0 2.5000000000000004 2.7500000000000004 1 0.15047169811320757 2 2.5000000000000004 1500.0001822339871 38.500000000000007 51.50500000000001 0.18707142857142861 1.5000000000000002 0.15500000000000003 22.275000000000002 3 47.565000000000005 4 5 6 7 38.335000000000008 37.655000000000008 0.14500000000000005
decision_type=8 2 2 2 2 2 2 1 2 2 1 10 1 2 2 2 2 8 2 8 2 1 2 1 1 1 1 2 2 10
left_child=2 5 6 20 11 -2 15 23 13 18 -7 -3 -12 -9 -15 -1 -16 28 19 22 -4 -22 -8 -6 -11 -17 29 -28 -14 -18
right_child=1 4 3 -5 7 10 9 8 -10 24 12 -13 17 14 16 25 26 -19 -20 -21 21 -23 -24 -25 -26 -27 27 -29 -30 -31
leaf_value=0.0045426681041092981 0.020661713191159715 -0.018639119449399059 -0.019926165190477959 -0.03350884951185068 -0.013399946840894692 0.016422762975657122 -0.0074985389797041883 0.0039420923924464481 -0.010265944022838203 -0.023432716773942805 0.00047156212490636517 -0.0022839823215553162 0.008905259887645298 0.061727075246743458 0.078393271498193362 -0.011360795882216859 0.01530122988215959 0.0012513319557031957 -0.025019638879384399 -0.010939111999279683 0.0019074492370312946 -0.015355891147105642 0.0067612558242914501 -0.00051601559248090764 -0.012251292115146285 -0.00048211526342409962 0.01000547859767742 0.023144503023543251 0.018187015902276216 -0.016044658958662375
leaf_weight=1876.5968353934586 3055.7394655048847 1031.7975968234241 1597.9910701364279 1435.6279201768339 691.42151565104723 2665.6482574343681 640.10324578359723 2299.4054558463395 596.52965987473726 1093.0260573998094 1831.1199360787868 1338.2553743049502 2649.577198266983 50.497064016759396 20.819687325507402 1001.7651201635599 112.06277632713318 1028.4935687631369 219.06506012380123 1629.9538454227149 462.32439371198416 794.15763350203633 972.99854788184166 1432.4531673975289 1540.9341221824288 1641.7675316184759 1509.5521249882877 580.36543862521648 1072.0311430245638 164.55829314514995
leaf_count=15292 13449 14024 23662 37880 6641 11091 5958 16598 5860 17492 8031 14196 11197 509 137 8509 672 4501 2527 16146 6086 10784 8846 13315 23631 13504 9007 3255 4493 995
internal_value=-0.000171389 0.00701274 -0.0108371 -0.0213039 0.000291876 0.0123816 -0.00660746 0.00337328 0.00660583 -0.010889 0.00964531 -0.00940416 0.0068648 0.00874432 0.0132738 -0.000833171 0.0122489 0.00932316 -0.0062194 -0.00494947 -0.0151655 -0.00911085 0.00110275 -0.00475348 -0.0170268 -0.00464938 0.011667 0.0135891 0.0115789 -0.00322929
internal_weight=37036.6 22130.3 14906.3 4290.1 9827.72 12302.6 10616.2 7457.67 5333.79 6096.08 9246.87 2370.05 6581.22 4737.26 2437.86 4520.13 2387.36 4750.1 3462.12 3243.06 2854.47 1256.48 1613.1 2123.87 2633.96 2643.53 2366.54 2089.92 3721.61 276.621
internal_count=328288 137971 190317 78412 85209 52762 111905 56989 37033 74600 39313 28220 28222 31173 14575 37305 14066 20191 33477 30950 40532 16870 14804 19956 41123 22013 13929 12262 15690 1667
cat_boundaries=0 1 2 3 4 5 6 7 8
cat_threshold=7168 7170 18526 286 21542944 30681920 2738562 17170432
is_linear=0
shrinkage=0.05


Tree=39
num_leaves=31
num_cat=10
split_feature=26 0 29 0 12 29 0 2 2 27 4 3 18 28 24 26 1 18 1 24 1 29 21 1 2 1 17 1 0 1
split_gain=1032.37 330.432 228.119 112.835 103.932 103.046 93.2784 84.5674 64.4887 63.6327 61.8246 50.5575 49.4822 46.925 38.6546 37.0207 35.694 34.0065 33.1514 31.2536 30.9807 30.8498 29.5408 28.4672 27.7257 26.9222 26.2409 26.2063 25.563 24.6628
threshold=0.12973352033660593 1.5000000000000002 4.7500000000000009 4.5000000000000009 28.820000000000004 1.2500000000000002 5.5000000000000009 0 1 1.0000000180025095e-35 2.5000000000000004 2.5000000000000004 51.705000000000005 1500.0001822339871 0.13788888888888892 0.66939890710382521 2 54.795000000000009 3 0.15267857142857147 4 1.7500000000000002 0.29285714285714287 5 6 7 38.335000000000008 8 5.5000000000000009 9
decision_type=8 2 2 2 2 2 2 1 1 10 2 2 2 2 8 8 1 2 1 10 1 2 10 1 1 1 2 1 2 1
left_child=2 5 6 17 15 -2 9 20 -7 18 11 22 19 -13 -10 -3 -16 -4 -1 -11 -6 29 -9 -15 -22 -14 -25 -24 -5 -8
right_child=1 4 3 28 7 8 21 10 14 12 -12 13 25 23 16 -17 -18 -19 -20 -21 24 -23 27 26 -26 -27 -28 -29 -30 -31
leaf_value=-0.018810149939613517 0.019746874584321158 -0.004966600232726881 -0.019095596805774384 -0.026657894464621197 -0.013639833426883125 0.015701679309709043 -0.020310187302310857 -0.00082206019021934169 0.014258271584480529 0.00019776267910109007 -0.0098231079809360505 0.056793158699991256 0.0092741507174866813 -0.0019595078800997354 -0.002723619321259732 -0.020539420189833575 0.0068735253252486146 -0.0068028300143531248 -0.0066685407894704384 -0.010277245117537439 0.002694898718432101 -0.023739051328960113 -0.00055760876351098579 0.0092043000259190138 -0.010207443027053332 -0.0013676274552448411 0.021122406737408832 0.014625494981323404 -0.040353323751596538 0.00030252796618003986
leaf_weight=945.4701397754252 3039.2100274711847 823.33009681105614 1788.9746652431786 742.78676824271679 850.34528985992074 2673.4200923591852 258.19962003082037 2458.779032278806 1288.1543322205544 1191.6849988438189 667.11103536561131 55.491689413785934 1107.7489816024899 405.39208831265569 1266.6560984253883 711.38354934751987 4088.515027448535 820.70160924270749 1466.5651642754674 1769.3476723320782 1128.6757432743907 963.08644528314471 471.26019861921668 1658.3102270700037 647.64335583150387 1269.6818580664694 640.13866842165589 724.4613092020154 629.46340060979128 324.94591494649649
leaf_count=10698 13456 9850 26527 17749 8618 11136 2843 20469 5388 10460 6712 533 9563 2496 5608 10505 17523 11481 15274 17343 10356 20356 3434 9941 6680 11471 3588 5028 19666 3536
internal_value=-0.000166901 0.00610858 -0.0113194 -0.0213331 -9.41255e-05 0.0117522 -0.00703043 0.00181738 0.00914431 -0.00479342 0.00465687 0.00617021 -0.00174813 0.011279 0.0064721 -0.012185 0.00461127 -0.0152297 -0.0115334 -0.00606152 -0.00583283 -0.0182435 0.00231283 0.0103449 -0.00204008 0.0036241 0.0124693 0.00875915 -0.0329401 -0.00916727
internal_weight=36876.9 23598.3 13278.7 3981.93 11242.3 12356 9296.73 9707.61 9316.75 7750.5 7080.94 6413.83 5338.46 2759.33 6643.33 1534.71 5355.17 2609.68 2412.04 2961.03 2626.66 1546.23 3654.5 2703.84 1776.32 2377.43 2298.45 1195.72 1372.25 583.146
internal_count=328288 151321 176967 75423 98210 53111 101544 77855 39655 74809 52201 45489 48837 16558 28519 20355 23131 38008 25972 27803 25654 26735 28931 16025 17036 21034 13529 8462 37415 6379
cat_boundaries=0 1 2 3 4 5 6 7 8 9 10
cat_threshold=7168 7170 1065046 22651776 21541024 17694720 3072 26265694 29172352 32798736
is_linear=0
shrinkage=0.05


Tree=40
num_leaves=31
num_cat=5
split_feature=26 26 29 0 0 17 12 27 6 18 25 0 1 1 15 0 14 15 2 0 11 25 1 11 24 4 0 27 24 1
split_gain=939.954 269.547 230.474 119.965 94.8461 78.2555 64.8895 64.4107 55.2714 48.9818 39.8736 38.2458 38.0638 32.9565 32.3471 32.6267 31.6176 31.1158 32.4795 29.7536 32.3115 28.3957 28.0561 26.4561 26.3271 26.3217 26.3143 24.7253 24.6833 29.9796
threshold=0.15047169811320757 0.55217785843920153 4.7500000000000009 4.5000000000000009 5.5000000000000009 37.150000000000006 9.1450000000000014 1.0000000180025095e-35 41.500000000000007 50.100000000000009 1.0000000180025095e-35 1.5000000000000002 0 1 46.040000000000006 1.5000000000000002 6.4350000000000014 22.275000000000002 2 2.5000000000000004 5.285000000000001 1.0000000180025095e-35 3 2.6950000000000007 0.14472222222222228 2.5000000000000004 3.5000000000000004 1.0000000180025095e-35 0.12950000000000006 4
decision_type=8 10 2 2 2 2 2 10 2 2 8 2 1 1 2 2 2 2 1 2 2 8 1 2 10 2 2 8 8 1
left_child=2 5 4 17 7 6 -2 13 11 24 22 -8 -13 26 15 -7 -6 -4 -19 28 -21 -17 -3 -5 -9 -16 -1 -14 29 -10
right_child=1 10 3 23 16 14 8 9 19 -11 -12 12 27 -15 25 21 -18 18 -20 20 -22 -23 -24 -25 -26 -27 -28 -29 -30 -31
leaf_value=0.0043113430400280369 -0.033001476106780635 0.0020371305810528454 -0.018760137119220487 -0.04492973803820912 -0.022137844388514318 0.010914459008647855 0.0092747122135575961 0.0012458753199554419 -0.006628026561802578 0.0031773401466388173 0.018835421775411889 0.006606184283272469 -0.010117567149280901 -0.014781129406989727 0.01734569051321995 -0.0050989419757583362 -0.0069680588448501439 0.0025206741807090012 -0.014256085043591216 -0.022448930175842648 -0.0052232978095948356 0.0067860602768599378 0.013394448147886349 -0.028360298575459148 -0.0088544189148991193 -0.0028680232346374596 -0.01121303769950203 0.00053448948273629611 -0.0020966113559927019 0.02635947981927779
leaf_weight=539.55409701168537 143.87330605089664 706.04985160753131 1553.0990510955453 313.81564289145172 1081.5319677554071 1560.1047455668449 2098.4292283505201 932.7115496955812 112.68345439434052 3135.3252465240657 3218.8032539188862 1754.2355046123266 819.36721798032522 1669.9664485864341 1166.6823642812669 934.88834742084146 503.34648628905416 457.78125814348459 774.91791047528386 353.7727254293859 1181.1967198066413 1086.7969336025417 2613.2113179266453 1036.9328869879246 2092.7793224714696 186.84233097732067 552.44794894382358 1625.5559734627604 2351.1498701311648 164.75469479709864
leaf_count=4645 2061 2968 23662 9553 20465 6724 9023 7855 658 27238 14055 14439 8192 18376 7444 9129 7034 6086 10784 4721 10030 8864 11186 28327 19943 1704 6349 13069 12750 954
internal_value=-0.000162061 0.00635281 -0.00998423 -0.0199815 -0.0060486 0.00276938 0.000348918 -0.00404655 0.00080759 -0.00120216 0.0148703 0.00376272 0.00100823 -0.0103912 0.00797049 0.00548213 -0.01732 -0.0140524 -0.00812099 -0.00366218 -0.00919338 0.00129008 0.0110251 -0.0322098 -0.00574066 0.0145554 -0.00351035 -0.00302297 -0.00043223 0.0136726
internal_weight=36722.6 22078.4 14644.2 4136.55 10507.7 15540.3 10605 8922.78 10461.1 6160.82 6538.06 6297.59 4199.16 2761.97 4935.31 3581.79 1584.88 2785.8 1232.7 4163.56 1534.97 2021.69 3319.26 1350.75 3025.49 1353.52 1092 2444.92 2628.59 277.438
internal_count=328288 137971 190317 78412 111905 109762 75897 84406 73836 55036 28209 44723 35700 29370 33865 24717 27499 40532 16870 29113 14751 17993 14154 37880 27798 9148 10994 21261 14362 1612
cat_boundaries=0 1 2 3 4 5
cat_threshold=8408478 2511900 286 17438 23378080
is_linear=0
shrinkage=0.05


Tree=41
num_leaves=31
num_cat=8
split_feature=26 0 29 27 29 0 0 1 12 4 2 2 11 25 2 24 1 25 24 1 2 17 15 1 17 16 17 13 21 15
split_gain=862.307 329.265 182.136 97.4476 91.7769 91.2193 73.2912 66.9611 58.1606 65.5914 56.4997 43.1453 47.0969 41.3855 39.9987 42.8738 38.7145 36.4629 36.2027 34.9533 34.3531 30.8355 29.2666 28.5734 27.9497 25.4369 25.158 24.6291 24.2661 24.2421
threshold=0.097167584579071611 1.5000000000000002 4.7500000000000009 1.0000000180025095e-35 1.2500000000000002 4.5000000000000009 4.5000000000000009 0 28.995000000000001 1.5000000000000002 1 2 6.955000000000001 1.0000000180025095e-35 3 0.14527777777777781 4 1.0000000180025095e-35 0.18707142857142861 5 6 28.445000000000004 22.275000000000002 7 49.285000000000004 52.020000000000003 37.755000000000003 69.040000000000006 1.0000000180025095e-35 63.185000000000009
decision_type=8 2 2 8 2 2 2 1 2 2 1 1 2 10 1 10 1 10 10 1 1 2 2 1 2 2 2 2 10 2
left_child=2 4 6 7 -2 22 17 29 28 11 -6 -10 16 -9 -8 23 -13 -1 19 25 -15 -18 -4 -16 -17 -12 -21 -14 -5 -3
right_child=1 3 5 8 10 -7 14 13 9 -11 18 12 27 20 15 24 21 -19 -20 26 -22 -23 -24 -25 -26 -27 -28 -29 -30 -31
leaf_value=-0.0073430090979924286 0.018230564099160001 -0.014687545486291843 -0.020408576074696757 -0.015516183130002996 0.014325442559985758 -0.032512250581530233 -0.022832532494159612 -0.0082103435840702021 -0.012164286377398409 -0.0087849269821764827 -0.0063925831248943261 -0.00061887066040944121 0.036465325129126695 -0.0092698375622918047 0.013501068001036388 -0.016747889583301038 0.00051154170636157536 0.0020926877961698191 -0.0014464290886038714 0.0073676762207723241 0.0088698793934749304 0.01084447912819996 -0.0085920913984573206 -0.0070227339129839712 0.019290839641726107 0.0081601276188296885 0.0160693120327105 0.013744084279074396 -0.0017048257601467852 0.010165370494551108
leaf_weight=2484.729924172163 3008.9448321461678 1916.2146278489381 1264.0289579294622 536.01985896006227 2684.3104406446218 1243.0917203240097 857.66592825576663 1152.2479423526675 314.35520283132792 882.13054925017059 671.57484267652035 2019.9343059025705 143.99463077634573 335.61719181016088 242.19537177681923 1284.0700323730707 991.57963974028826 1741.4585650861263 1394.6714848875999 2942.5995553731918 1077.1719216238707 2655.8428525179625 895.05006602406502 507.7490118034184 56.152174100279808 543.10621300339699 1157.3416108340025 694.55122429504991 782.00525065138936 103.41473046690226
leaf_count=23107 13461 20568 20224 7706 11214 36167 14410 12417 3180 8972 3034 15093 805 3549 3279 20116 7352 14861 6235 12465 9492 18783 12645 7032 864 2255 4853 3816 9364 969
internal_value=-0.000156568 0.00473864 -0.0121942 -0.000632889 0.010631 -0.0217223 -0.00767567 -0.00656849 0.00238391 0.00404472 0.00819669 0.0057041 0.00657606 -0.00117322 -0.0137268 -0.00983415 0.00494979 -0.0034549 0.00571477 0.00760478 0.00455784 0.00801342 -0.01551 -0.000308165 -0.015238 0.000113269 0.00980009 0.0176458 -0.00732169 -0.0133489
internal_weight=36583.8 26007.6 10576.2 13605.1 12402.5 3402.17 7174.02 4584.67 9020.41 7702.39 9393.6 6820.26 6505.9 2565.04 2947.83 2090.17 5667.36 4226.19 6709.29 5314.62 1412.79 3647.42 2159.08 749.944 1340.22 1214.68 4099.94 838.546 1318.03 2019.63
internal_count=328288 175583 152705 122066 53517 69036 83669 46995 75071 58001 40056 49029 45849 25458 45701 31291 41228 37968 28842 22607 13041 26135 32869 10311 20980 5289 17318 4621 17070 21537
cat_boundaries=0 1 2 3 4 5 6 7 8
cat_threshold=21607074 7170 6144 7170 29232128 8405022 4192 34702
is_linear=0
shrinkage=0.05


Tree=42
num_leaves=31
num_cat=10
split_feature=26 0 29 0 27 22 29 1 15 4 25 6 0 2 16 25 11 12 1 1 2 1 2 2 1 18 1 10 17 29
split_gain=785.054 297.85 172.163 95.198 88.3006 86.571 62.9815 61.4184 55.6058 56.7334 49.8067 44.8886 40.9539 39.4979 38.5404 37.489 36.6337 35.1827 32.6717 31.9873 30.988 29.3676 28.3124 28.0839 53.1113 26.6921 25.8045 25.61 26.5448 30.5029
threshold=0.097167584579071611 1.5000000000000002 5.2500000000000009 4.5000000000000009 1.0000000180025095e-35 0.38750000000000007 2.7500000000000004 0 32.370000000000012 2.5000000000000004 1.0000000180025095e-35 47.500000000000007 5.5000000000000009 1 32.45000000000001 1.0000000180025095e-35 7.2150000000000007 5.1400000000000015 2 3 4 5 6 7 8 50.945000000000007 9 0.16500000000000004 49.285000000000004 3.7500000000000004
decision_type=8 2 2 2 8 10 2 1 2 2 8 2 2 1 2 10 2 2 1 1 1 1 1 1 1 2 1 8 2 2
left_child=2 5 3 10 7 14 19 -3 17 13 23 21 -4 -10 -2 -9 18 -6 -15 -5 -17 -7 -23 24 -1 -16 -25 -19 -29 -30
right_child=1 4 12 6 8 11 -8 15 9 -11 -12 -13 -14 16 25 20 -18 27 -20 -21 -22 22 -24 26 -26 -27 -28 28 29 -31
leaf_value=-0.017676267911211747 -0.0013604073997436816 -0.012813724093814148 -0.02256080053207966 0.00022198134941516591 -0.043623556853273564 0.0049295833196965231 -0.021948435172843832 -0.0078492675820743488 -0.011716888302019186 -0.0095665198226687828 0.0014030765975459665 0.0055649277876718087 -0.042195100666606616 0.010581453582640475 0.0046040996692922271 -0.0088823492778951543 0.022452809054410848 0.0020129494339094387 0.0021595732904101253 -0.013984165715466899 0.0083784806265790671 0.023510494625707409 0.014721130591686804 -0.019942988027513778 0.0051387683612043773 0.012162709200639157 -0.0080368532701523485 -0.0084589414861967038 0.058758534748869828 -0.01254660584342831
leaf_weight=364.5514633692801 1411.663738399744 1999.2928469106555 1325.6845979690552 660.88303032517433 52.70001577027142 538.35903711616993 1781.9711426720023 1145.1752082929015 267.3048161752522 591.11602739058435 2032.1622152402997 1202.853373259306 332.12244584597647 2392.2372061330825 2555.3425434082747 333.24363661371171 391.74683095514774 1583.8969306256622 2246.5264443270862 1000.4091052412987 1083.7434210386127 1465.970006108284 3058.0802272111177 684.19683807343245 791.48470075801015 2151.3046697825193 1493.3764503151178 1441.7465368825942 32.075152009725571 28.170709641650319
leaf_count=3961 6490 21537 24929 7837 1114 2270 41103 12417 2718 6227 19015 5097 11540 16807 10970 3549 2132 13602 16312 12177 9492 6455 13054 7861 7971 9181 16311 15549 242 368
internal_value=-0.000151754 0.00450716 -0.0117124 -0.00893058 -0.000604257 0.0101161 -0.0154192 -0.00627436 0.00226075 0.00512555 -0.00476679 0.0142473 -0.0264943 0.00676486 0.00588566 -0.00111723 0.00775479 -0.00311448 0.00653025 -0.00841562 0.00431556 0.0163103 0.0176148 -0.00852793 -0.00214575 0.00805897 -0.0118518 -0.00242267 -0.00710017 0.0254166
internal_weight=36439.4 25972.5 10466.8 8809.03 13589 12383.6 3443.26 4561.46 9027.52 5888.93 5365.77 6265.26 1657.81 5297.82 6118.31 2562.16 5030.51 3138.59 4638.76 1661.29 1416.99 5062.41 4524.05 3333.61 1156.04 4706.65 2177.57 3085.89 1501.99 60.2459
internal_count=328288 175583 152705 116236 122066 53517 61117 46995 75071 44196 55119 26876 36469 37969 26641 25458 35251 30875 33119 20014 13041 21779 19509 36104 11932 20151 24172 29761 16159 610
cat_boundaries=0 1 2 3 4 5 6 7 8 9 10
cat_threshold=21607074 6144 4305374 16810958 4192 28 6146 14 14955776 17932992
is_linear=0
shrinkage=0.05


Tree=43
num_leaves=31
num_cat=7
split_feature=0 29 26 0 6 14 25 12 10 0 17 2 17 18 1 26 6 1 1 15 16 1 2 13 26 1 4 17 21 11
split_gain=719.201 257.112 246.624 99.5443 95.4191 59.8738 58.2985 57.7779 57.7053 51.5527 44.6507 39.6263 38.5807 38.341 38.0502 38.0142 36.6074 34.8301 33.16 29.9516 29.0555 27.4557 25.3092 24.8392 24.3624 24.0176 22.5642 22.2162 21.9161 21.8961
threshold=3.5000000000000004 3.7500000000000004 0.55217785843920153 5.5000000000000009 41.500000000000007 4.535000000000001 0.58333333333333337 6.160000000000001 0.17500000000000002 5.5000000000000009 35.82500000000001 0 39.515000000000008 56.745000000000012 1 0.1856158484065461 34.500000000000007 2 3 30.320000000000004 53.350000000000001 4 5 9.7800000000000029 0.19292803970223329 6 1.5000000000000002 28.605000000000004 0.29285714285714287 7.2150000000000007
decision_type=2 2 10 2 2 2 10 2 8 2 2 1 2 2 1 10 2 1 1 2 2 1 1 2 8 1 2 2 10 2
left_child=2 6 4 7 8 15 9 -3 10 12 26 24 16 28 -4 -6 21 -9 -17 -16 23 -2 -18 -10 -7 -8 29 -25 -13 -1
right_child=1 3 14 -5 5 11 25 17 20 -11 -12 13 -14 -15 19 18 22 -19 -20 -21 -22 -23 -24 27 -26 -27 -28 -29 -30 -31
leaf_value=0.0043871049694934197 0.0085620451881240588 -0.03999531102984176 0.0046266984637730619 -0.035013723239138109 -0.014657776870563811 -0.012819948204218693 -0.0072299376400383674 -0.0083673052489874021 -0.034085303795219235 -0.015536178919298134 0.011878726923125325 -0.0019312067914924278 0.0037985102265728453 0.011736622946176046 0.0079319841770865342 -0.013637801227470145 -0.018210029918348334 -0.019373507672312287 0.0058159557074827575 0.0168923197184692 0.0078784789144252902 -0.0068372435675048042 -0.0069794416909606987 -0.0114215623995216 -0.0006754096249633471 0.0094509576086915185 -0.007791195344065166 6.4904743151943155e-05 0.0088582205719929721 0.02381962403128092
leaf_weight=4315.5141393914819 553.15469631925225 238.69969759881496 1141.7638119868934 911.14271965622902 1353.3697924688458 753.48220237717032 278.72239407524467 1376.377201821655 67.534912589937449 1321.1461769752204 2927.8235865496099 2348.0379097796977 1108.3880636096001 961.14010044559836 1206.9875823408365 339.56745006516576 699.11678490787745 1638.3131890371442 577.50604117289186 4103.0016785338521 644.3554899841547 585.69480099529028 1907.574757553637 592.84074211120605 913.7198785059154 878.13324273005128 371.11403522267938 1451.8958694301546 588.65432898700237 149.99838865548372
leaf_count=30349 4977 6225 4836 30020 14741 7532 2654 23250 905 20785 20047 16283 9612 6142 5164 1822 7397 28641 3000 17987 4419 5455 16893 5187 5949 8108 3195 12294 3609 810
internal_value=-0.000147136 -0.010485 0.00464354 -0.0204064 0.00168803 -0.00248921 -0.00484959 -0.0163155 0.00479899 -0.00677937 0.00700538 0.000302547 -0.00439594 0.00306063 0.0130526 -0.00933202 -0.00682086 -0.0144406 -0.00147253 0.0148277 -0.00141562 0.000657546 -0.0100881 -0.00425082 -0.00612731 0.00545121 0.00405533 -0.00326542 0.000231513 0.00503985
internal_weight=36304.8 11496.5 24808.3 4164.53 18356.6 7835.48 7331.93 3253.39 10521.1 6175.08 7764.45 5565.03 4853.93 3897.83 6451.75 2270.44 3745.54 3014.69 917.073 5309.99 2756.63 1138.85 2606.69 2112.27 1667.2 1156.86 4836.63 2044.74 2936.69 4465.51
internal_count=328288 164017 164271 88136 136284 59078 75881 58116 77206 65119 54401 39515 44334 26034 27987 19563 34722 51891 4822 23151 22805 10432 24290 18386 13481 10762 34354 17481 19892 31159
cat_boundaries=0 1 2 3 4 5 6 7
cat_threshold=7200 17436 2312382 531798 8596406 7170 4665344
is_linear=0
shrinkage=0.05


Tree=44
num_leaves=31
num_cat=11
split_feature=26 0 29 0 25 29 2 29 27 2 25 18 0 24 12 1 6 1 1 2 1 1 1 4 1 6 23 1 12 6
split_gain=664.626 248.742 156.665 82.4113 81.0702 77.8631 57.9793 56.7283 52.2654 48.5374 44.4744 42.7173 39.5446 35.4066 33.1729 29.3949 28.0522 27.8084 26.9512 25.8352 48.5876 25.5857 24.1187 23.7548 23.5636 24.6935 23.0187 22.6788 21.5577 21.5007
threshold=0.097167584579071611 1.5000000000000002 5.2500000000000009 4.5000000000000009 1.0000000180025095e-35 1.2500000000000002 0 2.7500000000000004 1.0000000180025095e-35 1 1.0000000180025095e-35 53.830000000000005 5.5000000000000009 0.15211111111111117 29.845000000000002 2 47.500000000000007 3 4 5 6 7 8 1.5000000000000002 9 41.500000000000007 5.1339285714285721 10 63.085000000000008 50.500000000000007
decision_type=8 2 2 2 8 2 1 2 10 1 8 2 2 8 2 1 2 1 1 1 1 1 1 2 1 2 10 1 2 2
left_child=2 5 3 10 8 -2 -6 15 16 29 19 17 26 27 -10 -5 18 28 -3 20 -1 -13 -21 -16 -15 -26 -4 -11 -8 -7
right_child=1 4 12 7 6 9 11 -9 14 13 -12 21 -14 24 23 -17 -18 -19 -20 22 -22 -23 -24 -25 25 -27 -28 -29 -30 -31
leaf_value=-0.016872247890325875 0.016321326023107686 0.0038011472463535083 -0.018948563222742711 -0.00012215909872692542 -0.0060903434308009095 0.016705419038860022 -0.0035965791499391977 -0.02073688164269296 -0.0096866854447169859 0.01750847192670035 0.0014323578998955094 0.016889000841393342 -0.041376693787712193 0.0063795234132209833 0.0025202672865197221 -0.013623786486288368 -0.022769724048150371 0.0059009171012478333 -0.011751080204176751 -0.019092522972640372 0.0050740096667148821 0.0058297942860867022 -0.0074990944772697805 -0.010185372277106712 0.00404440992363218 -0.0058220215704417053 -0.039366939812215201 0.0069674132024073552 0.03410814314194343 0.0025541322736464477
leaf_weight=358.20746272802353 2966.1489735692739 357.99130352027714 1127.1392290256917 725.20218668505549 1406.0989293884486 1559.5807012319565 1680.9465698618442 1718.855836333707 968.71998291648924 691.68594373762608 2030.3686886802316 949.40509650111198 308.80478201434016 2159.9309461861849 2814.5808563344181 914.94530261680484 424.88267222233117 2021.1844659540802 1238.3909780941904 670.89831592142582 791.91076081618667 1234.1179184075445 1479.0261050499976 423.18452161177993 1313.2581436187029 1226.3767171353102 157.2941529750824 2105.919225871563 38.784489873796701 324.20932488143444
leaf_count=3961 13461 3678 20953 8688 14982 6559 13590 41103 12981 2905 19015 6930 11540 9267 21103 11326 5054 15485 14196 7861 7971 9350 16311 4479 5705 5396 3976 8855 238 1369
internal_value=-0.000143128 0.00412594 -0.0108983 -0.00825563 -0.000549569 0.0092601 0.00301409 -0.0143896 -0.00474426 0.00702742 -0.00439024 0.00517646 -0.0253115 0.00520068 -0.00156912 -0.00773776 -0.0113521 0.00194152 -0.00831327 -0.00797262 -0.00184773 0.0107424 -0.0111885 0.000859606 0.00255651 -0.000717215 -0.021449 0.0096611 -0.00273036 0.0141946
internal_weight=36188.1 25905.4 10282.7 8689.41 13558.3 12347.1 7330.54 3359 6227.75 9380.96 5330.41 5924.44 1593.24 7497.17 4206.49 1640.15 2021.26 3740.92 1596.38 3300.04 1150.12 2183.52 2149.92 3237.77 4699.57 2539.63 1284.43 2797.61 1719.73 1883.79
internal_count=328288 175583 152705 116236 122066 53517 60575 61117 61491 40056 55119 45593 36469 32128 38563 20014 22928 29313 17874 36104 11932 16280 24172 25582 20368 11101 24929 11760 13828 7928
cat_boundaries=0 1 2 3 4 5 6 7 8 9 10 11
cat_threshold=6144 6146 18908110 20879904 19476 14 14955776 8962422 17932992 30290568 17571874
is_linear=0
shrinkage=0.05


Tree=45
num_leaves=31
num_cat=7
split_feature=0 12 15 0 2 26 0 25 0 1 23 26 4 6 6 18 12 4 2 11 23 1 23 1 1 18 1 7 27 6
split_gain=610.17 248.796 137.836 100.689 92.3839 86.054 55.3598 54.8018 61.6038 46.2079 39.7391 39.4904 36.9764 34.4981 33.3163 33.1649 31.9139 31.3354 27.7389 27.2363 26.8771 26.2074 25.7077 25.1838 24.1771 23.476 23.4202 22.8337 22.6121 22.5371
threshold=2.5000000000000004 27.860000000000003 39.735000000000007 4.5000000000000009 0 0.30583900226757377 5.5000000000000009 0.58333333333333337 5.5000000000000009 1 4.8166666666666673 0.73123827392120078 1.5000000000000002 51.500000000000007 33.500000000000007 48.490000000000002 13.935 2.5000000000000004 2 6.6550000000000011 3.2928571428571431 3 5.1055555555555561 4 5 56.745000000000012 6 52.050000000000004 1.0000000180025095e-35 39.500000000000007
decision_type=2 2 2 2 1 10 2 8 2 1 8 8 2 2 2 2 2 2 1 2 8 1 10 1 1 2 1 2 10 2
left_child=2 3 5 16 6 13 14 8 9 -6 -5 12 27 18 -3 -7 -2 19 -1 -9 -11 -16 25 -15 -17 -20 -14 28 -4 -18
right_child=1 4 11 10 7 15 -8 17 -10 20 -12 -13 26 23 21 24 29 -19 22 -21 -22 -23 -24 -25 -26 -27 -28 -29 -30 -31
leaf_value=-0.0057297791825288514 -0.023560544690771339 0.00094943274080321245 0.0079950704496302705 -0.022880726619975689 0.0079732935466710134 0.0023425597550310161 -0.026763399416105199 0.00481054027751602 -0.013448432297325516 0.00035637968566066609 -0.04151266090636048 0.017082384511855547 0.0080521280520733339 -0.0013941922785977625 -0.0026489027411069205 0.016052954363612246 -0.0038357283087523866 -0.023111540311998195 0.0009602306587528439 0.020243376523154388 -0.0063561385212173478 -0.01498408150508173 -0.026862748340964505 -0.017369768516975942 0.0069045976581687436 0.011575174869644968 -0.01115733051414115 0.0072837770741021757 0.018083397217751155 -0.013720625983450025
leaf_weight=1433.1369012966752 457.59907279536128 753.27625731378794 916.72425881773233 1204.9808164741844 1241.3977736718953 2349.2872554622591 459.90200561098754 780.38661689125001 1104.3628202918917 3404.6335577480495 375.32062306813896 2121.7938008084893 283.17403575778008 457.74609716981649 634.41299594566226 1130.1105346046388 1080.4948625005782 73.645511731505394 2212.2211472243071 451.1714937556535 2653.507845852524 1452.0916544273496 71.630932800471783 549.86166931688786 2152.6533892415464 681.27435111254454 337.34825664758682 2591.791034001857 1409.4280291311443 1236.517305765301
leaf_count=12575 8672 8432 5305 31225 10006 10367 10568 6720 19214 26370 12312 10018 1867 3737 6952 4952 13930 864 17366 2949 26813 17014 717 4634 9427 5014 2190 14194 7219 16665
internal_value=-0.000138374 -0.00688753 0.0061291 -0.0172318 -0.00342462 0.00255284 -0.010638 -0.000961164 -0.00244254 -0.000777441 -0.0273058 0.0112823 0.00906023 -0.00195338 -0.00806397 0.00687809 -0.0114941 0.00856974 -4.15953e-05 0.0104642 -0.00257949 -0.011318 0.00271784 -0.0102984 0.0101239 0.00345952 -0.00244118 0.0105114 0.0141076 -0.00911099
internal_weight=36061.9 17363.7 18698.2 4354.91 13008.8 11037.9 3299.68 9709.11 8403.9 7299.54 1580.3 7660.26 5538.47 5405.87 2839.78 5632.05 2774.61 1305.2 4398.26 1231.56 6058.14 2086.5 2965.13 1007.61 3282.76 2893.5 620.522 4917.94 2326.15 2317.01
internal_count=328288 218706 109582 82804 135902 68789 42966 92936 82403 63189 43537 40793 30775 44043 32398 24746 39267 10533 35672 9669 53183 23966 23097 8371 14379 22380 4057 26718 12524 30595
cat_boundaries=0 1 2 3 4 5 6 7
cat_threshold=7168 16406 7264 2244700 14422252 17097152 31202944
is_linear=0
shrinkage=0.05


Tree=46
num_leaves=31
num_cat=7
split_feature=0 29 26 0 6 10 17 15 14 2 18 4 3 4 25 18 1 23 12 26 18 2 32 15 1 1 1 6 24 1
split_gain=562.013 216.844 187.17 92.0041 83.3808 54.129 52.3772 51.1782 50.6992 45.878 36.7169 36.0977 52.6931 34.8543 34.8361 33.2451 37.7658 32.6306 31.9314 30.5968 29.8739 29.0608 29.0497 28.8456 27.6628 25.2907 24.885 24.8779 24.6948 28.2035
threshold=3.5000000000000004 3.7500000000000004 0.55646630236794181 5.5000000000000009 41.500000000000007 0.17500000000000002 38.335000000000008 17.320000000000004 4.535000000000001 0 43.645000000000003 1.5000000000000002 2.5000000000000004 1.5000000000000002 1.0000000180025095e-35 56.265000000000008 1 4.4365079365079376 6.160000000000001 0.1856158484065461 50.945000000000007 2 0.4884168157423972 63.185000000000009 3 4 5 30.500000000000004 0.1589444444444445 6
decision_type=2 2 10 2 2 8 2 2 2 1 2 2 2 2 8 2 1 10 2 10 2 1 10 2 1 1 1 2 10 1
left_child=2 6 4 5 7 20 9 17 19 -2 -9 12 22 28 26 16 -10 -1 -7 -6 -3 -18 27 -8 -21 -14 -4 -11 -12 -30
right_child=1 3 14 -5 8 18 23 10 15 11 13 -13 25 -15 -16 -17 21 -19 -20 24 -22 -23 -24 -25 -26 -27 -28 -29 29 -31
leaf_value=0.00082294010123464814 -0.019428784022206189 -0.015561184698081194 0.012404987508725292 -0.033482274012481453 -0.013569795293397763 -0.041811432036676699 0.0010369482994956444 0.00033615302058574129 0.0047871547425783088 -0.0010250979525386397 0.012536863711041955 -0.021964744394216328 0.0098897146977447361 -0.0036280957373219882 0.015335501761944752 0.006536998011315508 -0.00059971355160254249 -0.014257572956531085 -0.019485848134101078 0.0074701828221503371 -0.0028669998269177017 -0.010864005724491988 0.008080554224465011 0.025240321031953207 -0.0096640633659745359 -0.0025331931685741243 0.0034946290413228592 -0.012790942158574046 0.011937459439306897 0.0013015639291698653
leaf_weight=2135.4416736774147 632.27059657871723 953.83428055606782 1545.3592585921288 840.29663605801761 1325.1312123127282 187.56764168478549 1862.7277479283512 1905.1706531830132 1321.7932027876377 593.77168139442801 3019.4638772830367 297.64698471873999 737.61103732138872 558.32347616180778 3083.4692081063986 1506.9934538975358 1464.9178021289408 431.11883065104485 1096.0332314316183 430.83225110173225 901.52306683734059 1305.1963567137718 246.57875348627567 131.81394903361797 496.80897703766823 902.42289112135768 1633.5430902317166 1846.1090675778687 1082.9624787010252 1473.5169840939343
leaf_count=17041 8153 16819 6726 30020 14741 5380 18798 13351 9335 6876 19563 3659 5941 4695 13697 10283 9978 4849 20755 2214 15162 10124 2178 1126 2656 7566 6986 21584 7556 10476
internal_value=-0.000134 -0.00940919 0.00407968 -0.018788 0.00154545 -0.0148543 -0.0042622 0.00443693 -0.00236034 -0.00687991 0.00639939 -0.005111 -0.00396333 0.0082825 0.011549 0.000188231 -0.00214993 -0.00171021 -0.0227482 -0.0086944 -0.00939305 -0.00545763 -0.0082747 0.00263648 -0.00172991 0.00309891 0.00787624 -0.0099276 0.00947511 0.00585887
internal_weight=35950.3 11230.2 24720 3979.25 18457.7 3138.96 7250.95 10606 7851.67 5256.41 8039.44 4624.14 4326.49 6134.27 6262.37 5598.9 4091.91 2566.56 1283.6 2252.77 1855.36 2770.11 2686.46 1994.54 927.641 1640.03 3178.9 2439.88 5575.94 2556.48
internal_count=328288 164017 164271 88136 136862 58116 75881 77531 59331 55957 55641 47804 44145 42290 27409 39720 29437 21890 26135 19611 31981 20102 30638 19924 4870 13507 13712 28460 37595 18032
cat_boundaries=0 1 2 3 4 5 6 7
cat_threshold=6144 4466204 846 16220328 11616974 20751200 4873300
is_linear=0
shrinkage=0.05


Tree=47
num_leaves=31
num_cat=9
split_feature=26 0 29 25 0 10 17 1 2 27 10 17 6 0 29 11 1 2 12 1 6 1 1 6 15 2 1 12 29 8
split_gain=523.681 188.677 136.64 68.4093 67.2994 66.2629 54.564 48.8059 48.4983 45.8157 42.5601 41.751 40.608 37.3333 36.5758 34.8388 32.9998 27.1125 26.3786 25.6662 25.3555 24.3978 23.9164 22.2293 22.6557 29.0924 21.782 21.2068 21.0136 20.7849
threshold=0.097167584579071611 1.5000000000000002 5.2500000000000009 1.0000000180025095e-35 5.5000000000000009 0.17500000000000002 40.675000000000004 0 1 1.0000000180025095e-35 0.16500000000000004 41.625000000000007 47.500000000000007 5.5000000000000009 3.7500000000000004 6.4450000000000012 2 3 29.845000000000002 4 47.500000000000007 5 6 50.500000000000007 22.275000000000002 7 8 3.1500000000000004 2.7500000000000004 1.0000000180025095e-35
decision_type=8 2 2 8 2 8 2 1 1 10 8 2 2 2 2 2 1 1 2 1 2 1 1 2 2 1 1 2 2 2
left_child=2 5 4 9 6 7 10 -2 26 20 16 19 15 27 -6 17 -1 -9 -11 -10 21 -3 -7 24 -12 -26 -5 -4 -18 -19
right_child=1 3 13 8 14 22 -8 12 11 18 23 -13 -14 -15 -16 -17 28 29 -20 -21 -22 -23 -24 -25 25 -27 -28 -29 -30 -31
leaf_value=0.0039166549288120389 0.0027060957793817058 0.0025765018370094636 -0.039693074382763344 0.0018032474303470575 -0.012179896189443618 -0.0065558489560182944 0.0036545029644254596 0.022053856420532085 0.0078738379300454762 -0.0086751354520261323 -0.014712027229873609 0.016250016873862419 0.0048815575918442367 -0.040178711243299449 -0.029750833460976539 0.019151124198176068 -0.0016037364270746293 0.011153210101220508 0.00080359651606239405 -0.00032102997211309143 -0.021597725176572092 -0.01141199527121322 0.0040397482323120621 -0.019460411690970167 -0.014634490423973854 0.0012788856166973781 -0.007155512213756556 -0.01775359497770326 -0.012736422796756009 0.00063456423559950313
leaf_weight=1056.0796462669969 1815.4209524095058 427.53824704699218 122.29404908791184 1411.4601799547672 1057.9553184844553 698.26931297779083 1361.8289270829409 495.56366474926472 1889.4384171105921 949.31588299572468 1028.6364080943167 810.12616240605712 1624.1222233623266 279.39463954605162 411.32044508308172 2015.7913288772106 821.12517131119967 2943.7494513243437 3235.984135651961 1929.5613930635154 412.59458570182323 1149.3293166514486 2142.8927074074745 697.23246370814741 446.69957168027759 776.16808405146003 1293.7609137557447 1108.6544065307826 876.16770071908832 558.79209390282631
leaf_count=11039 7791 4468 3574 13197 18084 3113 15027 2128 14060 12981 14817 5714 6990 11540 14595 9205 6679 12454 25582 14941 5054 13406 9478 9240 5613 8859 12663 21355 12283 2358
internal_value=-0.000129531 0.00364079 -0.00981616 -0.00043801 -0.0073626 0.00812251 -0.0053375 0.0101348 0.00282669 -0.0043158 -0.00748505 0.00592736 0.0118814 -0.0236784 -0.0170988 0.0137916 -0.00301472 0.0110894 -0.00134638 0.00375313 -0.0105627 -0.00767531 0.00142682 -0.0116592 -0.00924336 -0.0046433 -0.00249182 -0.0199333 -0.00730754 0.0094481
internal_weight=35847.3 25803.7 10043.6 13509.1 8533.21 12294.6 7063.94 9453.44 7334.35 6174.76 5702.11 4629.13 7638.02 1510.34 1469.28 6013.9 2753.37 3998.11 4185.3 3819 1989.46 1576.87 2841.16 2948.74 2251.5 1222.87 2705.22 1230.95 1697.29 3502.54
internal_count=328288 175583 152705 122066 116236 53517 83557 40926 60575 61491 68530 34715 33135 36469 32679 26145 30001 16940 38563 29001 22928 17874 12591 38529 29289 14472 25860 24929 18962 14812
cat_boundaries=0 1 2 3 4 5 6 7 8 9
cat_threshold=18460 7200 151070 4098 13746526 19540 9474054 7040 6571502
is_linear=0
shrinkage=0.05


Tree=48
num_leaves=31
num_cat=8
split_feature=0 29 26 0 6 12 10 4 10 14 2 17 1 18 10 17 1 2 18 14 1 26 1 16 0 1 12 13 1 18
split_gain=478.929 190.323 152.631 84.6286 73.2254 51.1066 49.2944 64.3431 44.906 44.6816 35.5055 34.479 34.053 33.9642 32.6477 35.1463 33.4857 30.1493 30.5544 27.0241 26.903 25.8857 25.5479 23.0231 22.9591 21.349 21.2035 20.9116 20.8049 20.5846
threshold=3.5000000000000004 3.7500000000000004 0.55646630236794181 5.5000000000000009 41.500000000000007 3.1500000000000004 0.15500000000000003 1.5000000000000002 0.17500000000000002 4.535000000000001 0 35.82500000000001 1 60.475000000000001 0.14500000000000005 33.545000000000009 2 3 50.665000000000006 6.8850000000000007 4 0.1856158484065461 5 53.350000000000001 5.5000000000000009 6 63.085000000000008 9.7800000000000029 7 80.165000000000006
decision_type=2 2 10 2 2 2 8 2 8 2 1 2 1 2 8 2 1 1 2 2 1 10 1 2 2 1 2 2 1 2
left_child=2 6 4 5 8 -3 7 10 11 21 -2 -1 -7 24 -4 16 -16 -11 -19 20 -12 28 -23 27 26 -15 -8 -10 -6 -25
right_child=1 3 14 -5 9 12 13 -9 23 17 19 -13 -14 25 15 -17 -18 18 -20 -21 -22 22 -24 29 -26 -27 -28 -29 -30 -31
leaf_value=0.003516791687843546 -0.007607995902513584 -0.042861966967997218 0.015495771083995869 -0.03229080234566075 -0.0051433184078531558 -0.0065073948257748778 -0.008292961715704655 -0.01818471001420564 -0.032150122902035873 -0.0054482018228854939 0.0096178669244409987 0.010347805993251784 -0.017486669099146659 -0.0075661942285410984 -0.0047546354544289425 0.012598518591437513 0.0082893241492725308 -0.0017572905750895648 0.0070607671123421312 0.014270800166271275 -0.002589579923335019 -0.013339224086720376 0.0040688223236967714 0.0062918315861344686 -0.018414902720283264 0.012458715086425759 0.03990410625099125 -0.002987860576426729 -0.018174957046088999 0.14202276037389691
leaf_weight=4885.6841226406395 659.32005651667714 145.69648928754032 2156.3795420527458 791.85087061300874 563.17885099351406 1345.7627303861082 2438.7999281361699 419.93080003559589 63.384223390370607 1659.1953919380903 745.83346789702773 2970.2935424372554 1581.3310754224658 229.9950752928853 791.36129499599338 2006.9047653228045 1273.1578690633178 1999.0268461667001 1931.542744345963 637.39814754202962 1114.7649652957916 307.17770437151194 620.05943385511637 651.32656420394778 648.77118160203099 292.22219036146998 23.035062294453382 2038.7780415341258 740.9045655913651 2.8053790330886832
leaf_count=34536 7743 4520 9663 30020 6239 24003 23923 5184 905 13547 6668 20123 29593 2457 3406 8764 5576 13643 12530 4886 10664 1661 3209 4430 11238 2962 156 17519 8502 18
internal_value=-0.000124926 -0.00876255 0.00375401 -0.0177155 0.00146762 -0.0139594 -0.00396373 0.000202534 0.004173 -0.00220325 0.00264808 0.00609955 -0.0125208 -0.00806626 0.0105214 0.00788676 0.0033065 0.000184478 0.0025695 0.00536405 0.00234163 -0.00818484 -0.00179814 -0.00131805 -0.0100472 0.00373303 -0.00784199 -0.00386716 -0.0127259 0.00687394
internal_weight=35735.9 11074.7 24661.2 3864.64 18433.4 3072.79 7210.07 3577.25 10612.3 7821.09 3157.32 7855.98 2927.09 3632.82 6227.8 4071.42 2064.52 5589.76 3930.57 2498 1860.6 2231.32 927.237 2756.29 3110.61 522.217 2461.83 2102.16 1304.08 654.132
internal_count=328288 164017 164271 88136 136862 58116 75881 35145 77531 59331 29961 54659 53596 40736 27409 17746 8982 39720 26173 22218 17332 19611 4870 22872 35317 5419 24079 18424 14741 4448
cat_boundaries=0 1 2 3 4 5 6 7 8
cat_threshold=7168 2312382 12633150 7200 10535094 7510 33499136 14293100
is_linear=0
shrinkage=0.05


Tree=49
num_leaves=31
num_cat=10
split_feature=26 0 29 0 2 25 29 23 2 12 25 23 18 27 1 1 18 24 4 8 2 1 27 23 1 1 0 11 1 1
split_gain=444.135 157.695 123.52 60.6312 60.4934 60.3601 44.4825 43.5966 43.132 42.2006 37.5119 35.5859 34.892 33.2787 30.5228 29.4392 28.9128 28.1701 26.0614 24.0845 23.7374 44.4388 22.792 35.3988 24.1784 22.358 20.9703 20.6556 21.7421 20.4416
threshold=0.097167584579071611 1.5000000000000002 5.2500000000000009 4.5000000000000009 0 1.0000000180025095e-35 1.7500000000000002 3.7638888888888893 1 20.960000000000004 1.0000000180025095e-35 5.1339285714285721 43.645000000000003 1.0000000180025095e-35 2 3 50.945000000000007 0.14527777777777781 2.5000000000000004 1.0000000180025095e-35 4 5 1.0000000180025095e-35 3.3541666666666674 6 7 5.5000000000000009 6.785000000000001 8 9
decision_type=8 2 2 2 1 8 2 10 1 2 8 10 2 10 1 1 2 10 2 2 1 1 10 10 1 1 2 2 1 1
left_child=2 4 3 10 14 9 17 16 -7 -3 20 26 -10 -11 -2 -14 27 18 29 -18 21 -1 -8 24 -24 -22 -4 28 -6 -5
right_child=1 5 11 6 7 8 22 -9 12 13 -12 -13 15 -15 -16 -17 19 -19 -20 -21 25 -23 23 -25 -26 -27 -28 -29 -30 -31
leaf_value=-0.015565522306258683 0.004468961007221447 -0.01800976059048099 -0.016600078029088621 -0.0031890395334903589 0.0094740004010509735 -0.0052597352634318906 -0.02227338014571718 -0.00014134382222025577 -0.0026371342513665432 -0.0084488645842488372 0.00185913649797027 -0.04082327013706212 0.011100257915815544 -0.00020136302169626019 0.016394774261165961 0.0030300348100203859 0.012628495530023601 -0.010885240713449207 -0.042337379419979074 -0.00025135307161346055 -0.017691389438108971 0.0056556987381550551 0.0062479698211698699 -0.019162832574388153 -0.012541286033906069 -0.0064013783403109124 -0.035449944921545344 0.015006748246947013 0.00021556801686387173 0.020253236674300932
leaf_weight=347.86474040150642 731.97857195138931 497.48760083690286 1061.5254186931998 162.29845280200243 890.78926511108875 1385.0523564480245 863.90137435495853 2555.7191043943167 1324.3509599473327 1791.8094109017402 2014.75300373137 225.49105289578438 2012.1395627204329 3853.5424161553383 2312.8246668875217 2620.2422743551433 2793.5739189088345 467.05479093268514 24.875498071312904 417.15756359696388 649.2068965062499 784.55074556544423 323.16701436787844 794.82922365516424 345.17937847785652 1449.3050464354455 171.36493546515703 402.51014070212841 2155.2045319974422 210.9947851523757
leaf_count=3961 3160 8665 20953 1700 3795 14982 20385 11591 10362 19709 19015 8060 14865 33117 10272 20366 11946 5063 345 1780 7861 7971 5922 19143 6441 16311 7456 1849 9124 2118
internal_value=-0.000121482 0.00333911 -0.00912386 -0.00680157 0.0074432 -0.000392184 -0.0122347 0.00540423 0.00266773 -0.00404932 -0.00349521 -0.0225603 0.00451227 -0.00281908 0.0135518 0.00656595 0.00754065 -0.00255515 0.00721611 0.0109551 -0.00683409 -0.0009424 -0.0158336 -0.0120313 -0.00355024 -0.00996146 -0.0192201 0.00436166 0.00295497 0.0105183
internal_weight=35640.7 25744.4 9896.36 8437.98 12259.8 13484.6 3192.3 9214.95 7341.79 6142.84 5245.68 1458.38 5956.73 5645.35 3044.8 4632.38 6659.24 865.224 398.169 3210.73 3230.93 1132.42 2327.08 1463.18 668.346 2098.51 1232.89 3448.5 3045.99 373.293
internal_count=328288 175583 152705 116236 53517 122066 61117 40085 60575 61491 55119 36469 45593 52826 13432 35231 28494 9226 4163 13726 36104 11932 51891 31506 12363 24172 28409 14768 12919 3818
cat_boundaries=0 1 2 3 4 5 6 7 8 9 10
cat_threshold=6146 6144 1049630 12633430 14 14955776 10539878 17932992 21897728 14448688
is_linear=0
shrinkage=0.05


Tree=50
num_leaves=31
num_cat=8
split_feature=0 29 26 12 6 0 17 4 14 18 10 1 14 25 1 2 12 7 1 1 1 0 0 1 26 18 25 15 1 16
split_gain=405.329 167.404 125.658 94.8628 67.1502 65.0651 44.4013 39.6695 38.9932 38.86 35.4064 34.4012 33.8818 30.5943 29.9099 23.933 23.8682 22.9243 22.0004 21.9743 21.8546 21.7877 20.878 28.0522 20.5524 20.5181 20.4867 20.2477 19.8205 22.0201
threshold=3.5000000000000004 2.2500000000000004 0.55646630236794181 6.160000000000001 49.500000000000007 5.5000000000000009 35.655000000000008 2.5000000000000004 6.9850000000000012 50.755000000000003 0.15500000000000003 0 4.9150000000000009 1.0000000180025095e-35 1 2 9.1450000000000014 53.95000000000001 3 4 5 1.5000000000000002 1.5000000000000002 6 0.051956815114709856 44.745000000000012 0.58333333333333337 29.645000000000003 7 78.600000000000009
decision_type=2 2 10 2 2 2 2 2 2 2 8 1 2 8 1 1 2 2 1 1 1 2 2 1 10 2 10 2 1 2
left_child=2 7 4 -3 6 9 10 8 11 14 -1 24 15 20 -5 18 -12 -8 -6 -15 -4 27 -18 -24 -2 -14 -13 -19 29 -11
right_child=1 3 13 5 12 -7 17 -9 -10 28 16 26 25 19 -16 -17 22 21 -20 -21 -22 -23 23 -25 -26 -27 -28 -29 -30 -31
leaf_value=0.0048270494471474345 -0.015720997156295029 -0.03941666296385702 0.01080745947687527 -0.0051950742591967787 0.0086898518602080144 -0.024425839147326201 0.0076962191427091438 -0.020187912087607188 0.0082268082336286585 -0.00011491469824066428 -0.023155633014048091 -0.0012582445195282225 -0.0084913711757091028 0.0082429622134573572 -0.018372736198731209 -0.015743811703926091 0.0026738555382985595 -0.0021992559554447227 -0.0090627774151924682 0.017023365416310349 0.0023939690262522306 -0.0072220547658750122 0.0041864432534114478 -0.0062394777944521154 -0.0042212002843214627 0.0026125603614565417 0.010828682136381326 0.022942106279154228 -0.0088041624968054396 0.053224553776734768
leaf_weight=3294.7242152430117 622.21296204999089 349.86697515845299 1391.4917132630944 636.34217963553965 244.98567779362202 940.44817124120891 4824.1119688116014 279.09553571417928 963.89192194491625 775.22445316053927 126.60274558886886 2045.3977790102363 570.75121498480439 1361.5624377205968 1526.3173544220626 850.86188517510891 2138.4183319658041 177.27924141287804 551.19413986429572 1681.0394777134061 1761.4929305464029 545.53458286076784 856.36259258911014 2554.4334342032671 1034.4956777393818 1534.6726311184466 423.09177853912115 146.0640190243721 1309.7599530741572 19.844499457627535
leaf_count=22762 7196 12964 6119 10297 1910 31650 33905 3380 7804 11795 1753 18982 4146 6010 26229 7944 9346 797 4651 7687 7593 5081 7923 25375 8674 10659 3583 610 21195 268
internal_value=-0.000117021 -0.00813139 0.00344086 -0.0142139 0.00136862 -0.0125208 0.00289596 -0.00183401 -0.000827447 -0.00989725 0.000704116 -0.00294306 -0.00459977 0.00960044 -0.0146043 -0.00997148 -0.00168918 0.00634968 -0.00356024 0.0131772 0.00614892 -0.00112645 -0.00119944 -0.00362782 -0.00848896 -0.000397562 0.000810137 0.00915786 -0.00506086 0.0012013
internal_weight=35537.6 10926 24611.6 5557.8 18416 5207.94 14663.5 5368.19 5089.09 4267.49 8970.54 4125.2 3752.47 6195.59 2162.66 1647.04 5675.82 5692.99 796.18 3042.6 3152.98 868.878 5549.21 3410.8 1656.71 2105.42 2468.49 323.343 2104.83 795.069
internal_count=328288 164017 164271 114398 136862 101434 107552 49619 46239 69784 67159 38435 29310 27409 36526 14505 44397 40393 6561 13697 13712 6488 42644 33298 15870 14805 22565 1407 33258 12063
cat_boundaries=0 1 2 3 4 5 6 7 8
cat_threshold=5193216 147854 270 5406888 2149502 20750688 4260892 87102
is_linear=0
shrinkage=0.05


Tree=51
num_leaves=31
num_cat=11
split_feature=26 0 29 27 29 27 1 18 4 10 1 2 0 1 0 1 2 0 1 18 25 25 1 1 24 2 24 2 11 15
split_gain=375.487 130.286 111.627 57.386 55.8019 54.7811 52.7814 43.7033 36.3032 47.9681 35.8779 35.3558 33.9686 32.2943 31.5525 30.5808 29.7628 29.652 29.2532 26.2786 25.2389 24.6087 24.0041 23.9439 23.6185 23.8738 22.1711 21.7522 22.5972 21.5432
threshold=0.097167584579071611 1.5000000000000002 5.2500000000000009 1.0000000180025095e-35 1.2500000000000002 1.0000000180025095e-35 0 51.955000000000005 2.5000000000000004 0.15500000000000003 1 2 5.5000000000000009 3 2.5000000000000004 4 5 4.5000000000000009 6 59.530000000000008 0.41666666666666669 1.0000000180025095e-35 7 8 0.17707142857142863 9 0.15816666666666671 10 7.0950000000000006 63.185000000000009
decision_type=8 2 2 10 2 8 1 2 2 8 1 1 2 1 2 1 1 2 1 2 10 10 1 1 10 1 10 1 2 2
left_child=2 4 3 13 -2 6 29 26 9 27 -11 -6 -4 17 15 -9 -8 24 -13 -12 23 -18 -22 -16 25 -1 -5 -7 -29 -3
right_child=1 5 12 7 11 8 16 14 -10 10 19 18 -14 -15 20 -17 21 -19 -20 -21 22 -23 -24 -25 -26 -27 -28 28 -30 -31
leaf_value=0.014567746080608802 0.012874940357865853 -0.012380159065265659 -0.017919558961463578 -0.0028046371403031376 0.011067391683974914 -0.0089236777217779582 -0.010235390700851308 0.030376115756128832 -0.009117403767239152 -0.0059534276299153073 0.00084048988380000566 0.0094852119347674114 -0.038421606962145208 -0.018114726378598966 0.0023821014133345894 0.0040972807090019102 -0.003429876777301312 -0.016571049004954121 0.0017647992736354653 0.014188511102001818 -0.0076519114017292991 0.0078398464749856837 0.025679540771573785 -0.0093311017233673119 -0.013193541042327513 -0.0050683934821288126 -0.011166652765095014 0.0062836281886313383 0.01792955184369846 0.011260051331259421
leaf_weight=278.69355901703238 2883.7497782409191 1826.3454830646515 1166.360504085198 1476.2707949522883 1863.6978926360607 199.17628807201982 551.82998279109597 153.72903279587626 690.08409901335835 1872.8381954077631 2182.7991702500731 1541.913834810257 244.36057403683662 1260.2786338143051 878.89153338596225 376.16311468929052 872.85475978069007 513.99426470510662 5937.6652410775423 443.67766522057354 81.820609724149108 1088.4323878996074 143.3196427654475 853.44903137907386 292.11170912161469 327.70941517874599 1711.915105715394 3150.6967986691743 479.9869786798954 101.73995723947883
leaf_count=2918 13461 20568 24929 18400 7928 2040 6397 1350 7423 17242 20018 6552 11540 20855 11882 3408 9569 11078 25576 3626 927 9492 1613 12031 3563 3622 24589 22140 2582 969
internal_value=-0.000113189 0.00305874 -0.00846224 -0.00626402 0.00679492 -0.000335076 -0.00488067 -0.00341923 0.00190323 0.00281631 -0.000684459 0.00491836 -0.0214709 -0.0123048 0.00154812 0.0123717 -8.37023e-05 -0.00694368 0.0033669 0.00308356 -0.00138184 0.00281002 0.0143669 -0.0034286 -0.00151363 0.00411273 -0.00729467 0.00692901 0.00780176 -0.0110753
internal_weight=35446.6 25687.5 9759.07 8348.35 12227 13460.5 4441.2 5675.56 9019.26 8329.18 4499.32 9343.28 1410.72 2672.79 2487.37 529.892 2513.12 1412.51 7479.58 2626.48 1957.48 1961.29 225.14 1732.34 898.515 606.403 3188.19 3829.86 3630.68 1928.09
internal_count=328288 175583 152705 116236 53517 122066 46995 74200 75071 67648 40886 40056 36469 42036 31211 4758 25458 21181 32128 23644 26453 19061 2540 23913 10103 6540 42989 26762 24722 21537
cat_boundaries=0 1 2 3 4 5 6 7 8 9 10 11
cat_threshold=21607074 27679360 6146 6704190 26220680 4192 17571872 11438120 2215542 1408 6144
is_linear=0
shrinkage=0.05


Tree=52
num_leaves=31
num_cat=8
split_feature=0 10 15 2 12 26 0 4 3 26 23 2 1 17 1 2 6 0 7 4 26 1 1 23 17 24 1 18 26 6
split_gain=344.955 152.259 107.245 70.5295 67.0067 60.3082 52.3254 47.0059 61.1124 47.1796 42.707 32.2356 30.6512 30.4092 30.1223 30.1183 28.589 28.2323 27.7016 28.3305 26.6734 26.3702 25.8931 23.4461 22.1423 22.0239 21.752 21.4258 21.0963 20.9652
threshold=3.5000000000000004 0.17500000000000002 32.015000000000008 0 6.160000000000001 0.59317129629629639 1.5000000000000002 1.0000000180025095e-35 2.5000000000000004 0.063164893617021281 3.7888888888888892 1 2 45.020000000000003 3 4 24.500000000000004 5.5000000000000009 52.95000000000001 1.5000000000000002 0.037386443046820407 5 6 3.7638888888888893 44.470000000000006 0.1289444444444445 7 47.275000000000013 0.067424242424242428 47.500000000000007
decision_type=2 8 2 1 2 8 2 2 2 10 10 1 1 2 1 1 2 2 2 2 10 1 1 10 2 10 1 2 8 2
left_child=2 3 6 -2 -3 18 11 8 9 17 15 22 -13 -12 -7 28 23 26 19 24 -6 -9 -1 -17 -4 -11 -5 -10 -8 -16
right_child=1 4 5 7 20 14 10 21 27 25 13 12 -14 -15 29 16 -18 -19 -20 -21 -22 -23 -24 -25 -26 -27 -28 -29 -30 -31
leaf_value=-0.0065560481916899617 -0.014937929813781586 -0.040291119850142131 0.0053090371114726184 0.0097484998957724951 -0.019629086024812004 0.0054749792710453524 -0.018810613022677905 -0.0022338673429482471 7.2349305417669313e-06 0.015240415108949438 -0.012215711771504349 0.012701893471595074 0.0019939713050767674 0.010752222339406751 0.015168230521605226 0.018938327251723012 0.0011164616341874118 -0.018912947787133726 -0.0010577396442491408 -0.0044455951217524832 -0.0088404688609271982 -0.017517609498045272 0.0034672710430942756 0.14652181573310852 0.015622102887186665 -0.00042128472286257233 -0.0080046262024104798 0.010661250971722555 -0.0033487146767676073 0.0041143440240528481
leaf_weight=1208.0727854669094 1271.2865240238607 298.10431640222669 5245.1371188163757 192.54666253179312 1374.189387826249 2061.4981330148876 283.65484498813748 497.81997363641858 750.12787145376205 267.25322475843132 1723.334136325866 1157.1029128283262 1595.0237662941217 157.26332765817642 2648.0354042313993 190.4109028801322 1735.5599171221256 552.77176045440137 2424.916075270623 681.01240270212293 982.53634896688163 681.8042802773416 1359.2991377860308 3.6703971587121478 577.79209472239017 1402.1684107966721 1251.2426516227424 1272.2904122713953 992.54016871750355 511.87017603218555
leaf_count=5484 21492 11647 34005 2645 29277 9742 3457 6925 6364 2617 24068 5037 7069 2028 12900 1654 15073 14801 16732 5709 13914 9756 6040 38 3484 15496 18862 10221 9230 2521
internal_value=-0.000108793 -0.00755853 0.00316588 -0.00416703 -0.0179564 0.00599946 -0.000687296 -0.00214843 -0.000267882 -0.00411716 -0.00431319 0.00277973 0.00652569 -0.010295 0.010268 -0.000804131 0.0031354 -0.00930389 0.00350331 0.00520384 -0.0151312 -0.0112351 -0.00125632 0.0213511 0.00633237 0.00208595 -0.00562495 0.00670961 -0.00673261 0.0133354
internal_weight=35350.3 10794.1 24556.2 8139.31 2654.83 14150.3 10405.9 6868.03 5688.4 3665.98 5086.43 5319.5 2752.13 1880.6 5221.4 3205.84 1929.64 1996.56 8928.86 6503.94 2356.73 1179.62 2567.37 194.081 5822.93 1669.42 1443.79 2022.42 1276.2 3159.91
internal_count=328288 164017 164271 109179 54838 85093 79178 87687 71006 54421 55548 23630 12106 26096 25163 29452 16765 36308 59930 43198 43191 16681 11524 1692 37489 18113 21507 16585 12687 15421
cat_boundaries=0 1 2 3 4 5 6 7 8
cat_threshold=6144 248 22586080 23742 7216 10702986 5425718 22
is_linear=0
shrinkage=0.05


Tree=53
num_leaves=31
num_cat=8
split_feature=26 29 10 2 25 0 0 0 1 24 17 13 8 2 18 7 0 1 17 1 18 1 15 0 1 4 14 17 6 2
split_gain=314.537 114.118 80.689 65.2387 64.6637 64.4634 44.2995 39.9424 39.8809 38.4917 37.208 37.201 36.1485 33.0434 30.7307 28.131 26.0863 24.7623 24.3408 24.0275 23.8937 23.6453 22.5296 22.0999 22.1192 22.0045 26.4087 20.7409 21.5984 25.9891
threshold=0.15047169811320757 5.2500000000000009 0.17500000000000002 0 1.0000000180025095e-35 1.5000000000000002 5.5000000000000009 5.5000000000000009 1 0.1589444444444445 40.920000000000009 19.205000000000002 1.0000000180025095e-35 2 42.82500000000001 53.45000000000001 5.5000000000000009 3 40.040000000000006 4 50.585000000000008 5 65.670000000000002 3.5000000000000004 6 2.5000000000000004 6.4450000000000012 45.765000000000008 39.500000000000007 7
decision_type=8 2 8 1 8 2 2 2 1 10 2 2 2 1 2 2 2 1 2 1 2 1 2 2 1 2 2 2 2 1
left_child=1 3 5 -1 6 8 9 18 -2 21 23 -4 14 15 -10 25 -13 -11 -3 22 -15 -5 -12 -6 -25 26 -7 28 29 -16
right_child=2 7 11 4 10 13 -8 -9 12 17 19 16 -14 20 27 -17 -18 -19 -20 -21 -22 -23 -24 24 -26 -27 -28 -29 -30 -31
leaf_value=-0.014607035165622593 0.00015434488235670338 -0.018690376687785473 -0.027468811537775008 0.0073196744992708928 0.0038967310602715413 0.004678497505103258 -0.018822756360960285 -0.037636522938967742 0.0042814146598680021 -0.002827508529091262 -0.0030594939572913945 -0.0010742236118642921 0.001100913287672626 -0.0053969768495532493 0.019877192090932319 -0.0042535406291439922 -0.03121094021727186 -0.0119785622994654 -0.0021873844014938066 0.016610971921093062 0.0024394387133049866 -0.0035713741077739061 0.0619583317446884 0.0029525454658860797 -0.0077615054276962501 -0.0053613447734480292 0.014226067356493255 0.021527550348210522 0.0081114735463072539 0.0090155627418236749
leaf_weight=1376.2284329589456 1393.7655419111252 1097.358979890123 143.58969859406352 742.61213766597211 1473.2096761167049 2026.160006582737 645.40871508233249 234.89819313026965 1442.8076417893171 1223.7291502077132 320.66733100079 4175.6400980018079 1132.2450920939445 1927.5556501746178 1229.9327377229929 690.10581293702126 73.062317255884409 1944.7318210788071 280.55905253440142 571.8643682282418 1963.6578838210553 1465.2353487554938 13.901440031826494 732.53865623660386 1385.0276927594095 336.39803325384855 1127.1975863110274 569.26163862645626 2414.5690680593252 1107.6883346885443
leaf_count=21488 5988 23007 2397 7505 12311 15378 16670 11741 6335 14896 3346 26838 4916 17889 5519 5675 1724 24579 5431 5784 17392 15988 106 9224 18241 3469 6616 2510 10526 4799
internal_value=-0.000105394 -0.00609813 0.00361581 -0.00440591 -0.00305447 0.00514748 -0.00644523 -0.018579 0.00798727 -0.00495935 0.00147895 -0.0024384 0.00935777 0.00187872 0.0107537 0.00495864 -0.00159247 -0.00849095 -0.0153302 0.0105309 -0.00143872 0.00010882 -0.000347593 -0.000806075 -0.00407786 0.00679458 0.00809137 0.0125085 0.0114281 0.014854
internal_weight=35261.6 13508 21753.6 11895.2 10518.9 17361.3 6021.72 1612.82 9290.27 5376.31 4497.21 4392.29 7896.5 8071.07 6764.26 4179.86 4248.7 3168.46 1377.92 906.433 3891.21 2207.85 334.569 3590.78 2117.57 3489.76 3153.36 5321.45 4752.19 2337.62
internal_count=328288 190317 137971 150138 128650 107012 79638 40179 40593 62968 49012 30959 34605 66419 29689 31138 28562 39475 28438 9236 35281 23493 3452 39776 27465 25463 21994 23354 20844 10318
cat_boundaries=0 1 2 3 4 5 6 7 8
cat_threshold=6144 16412 500 5311546 13828776 215070 34254 6946
is_linear=0
shrinkage=0.05


Tree=54
num_leaves=31
num_cat=9
split_feature=0 12 10 27 26 15 23 23 1 1 26 18 4 2 1 3 6 7 1 26 6 24 1 17 1 7 26 1 17 1
split_gain=292.454 138.834 94.4637 64.1951 52.5475 52.3256 44.6922 40.9296 42.1026 35.5709 37.7373 34.4955 34.0322 31.769 37.127 27.9383 26.3013 24.8786 23.8742 21.6234 21.3504 21.0796 20.5502 19.6244 19.0059 17.4156 17.313 17.1728 17.0063 16.8333
threshold=3.5000000000000004 20.090000000000003 0.15500000000000003 1.0000000180025095e-35 0.71525096525096543 26.945000000000004 4.8452380952380958 3.3541666666666674 0 1 0.15184453227931491 47.840000000000011 1.5000000000000002 2 3 2.5000000000000004 49.500000000000007 53.050000000000004 4 0.21778656126482215 51.500000000000007 0.15707142857142861 5 40.435000000000009 6 47.550000000000004 0.03883861236802414 7 46.455000000000005 8
decision_type=2 2 8 8 8 2 8 10 1 1 10 2 2 1 1 2 2 2 1 8 2 10 1 2 1 2 10 1 2 1
left_child=2 6 4 9 12 13 22 8 -5 -3 -11 19 17 14 -4 27 -15 20 -17 25 -1 24 26 -10 -9 -7 -2 -6 -23 -21
right_child=1 3 5 7 15 11 -8 21 23 10 -12 -13 -14 16 -16 18 -18 -19 -20 29 -22 28 -24 -25 -26 -27 -28 -29 -30 -31
leaf_value=0.008894804885269246 -0.011485014896906821 -0.019533650305286317 -0.0059627542361623239 -0.0058872532939700352 0.013218438400624533 0.011776802103613522 -0.037083371429663746 0.0053265296819764605 0.0022971465132393129 -0.011026173051526899 0.0044465608001859709 0.005302433833262476 -0.0040592582485891168 -0.0041638332441260462 0.0061093256643268701 0.022214967650860194 -0.01497987979025414 0.00071642348375995028 0.009911127347519642 -0.004699129906109701 -0.0018981652260332067 -0.013423689636827578 -0.020911109420631797 0.012597536010790736 -0.0089026304660931969 -0.0087702086267732043 0.019323816964022623 -0.0028107691713448839 0.010759712043293014 0.0048493858021085561
leaf_weight=4342.5808714665473 166.90290806815028 852.30306226573884 1103.2442993558943 1495.2172227632254 294.13859456032515 114.51575880497694 375.77975248172879 454.04993842355907 2102.171596519649 1704.9748154878616 512.53646006062627 5377.620629042387 978.91893795505166 2691.6219134293497 1479.1065996624529 895.55668533593416 710.40109565109015 1692.690974123776 809.12933357059956 671.12155256792903 512.26132170855999 1161.7768763005733 645.5155572053045 592.81372814998031 466.24243852496147 1037.1480611078441 62.741488249972463 368.31686892360449 77.549262715503573 1428.7265366055071
leaf_count=26062 4556 14783 9092 16369 1561 1037 14238 6576 21735 29470 5518 33901 7409 22550 11350 4419 6552 10879 3980 3445 3263 19012 16562 5765 6938 9489 1310 1979 1185 7303
internal_value=-0.000101374 -0.0070104 0.00290687 -0.00493202 0.00667961 0.000352661 -0.0226607 -0.00206204 0.000819863 -0.0108685 -0.00741649 0.00284424 0.00463606 -0.00324006 0.000948728 0.0131772 -0.00640359 0.00593609 0.0165634 -0.00122131 0.00775598 -0.00765365 -0.0164679 0.00454605 -0.00192117 -0.00672712 -0.00293968 0.00446351 -0.0119104 0.00179835
internal_weight=35177.7 10670.6 24507.1 9419.64 9893.59 14613.5 1250.94 6349.82 4190.2 3069.81 2217.51 8629.13 7526.45 5984.37 2582.35 2367.14 3402.02 6547.53 1704.69 3251.51 4854.84 2159.62 875.16 2694.99 920.292 1151.66 229.644 662.455 1239.33 2099.85
internal_count=328288 164017 164271 127351 59552 104719 36666 77580 43869 49771 34988 55175 47613 49544 20442 11939 29102 40204 8399 21274 29325 33711 22428 27500 13514 10526 5866 3540 20197 10748
cat_boundaries=0 1 2 3 4 5 6 7 8 9
cat_threshold=6175744 21598720 270 14967894 27374560 37158 2877858 21893560 8425714
is_linear=0
shrinkage=0.05


Tree=55
num_leaves=31
num_cat=9
split_feature=0 12 15 26 14 18 24 23 17 25 0 2 6 1 4 1 14 6 1 1 1 10 1 18 2 6 8 21 32 2
split_gain=270.789 140.982 79.9647 79.5733 48.4329 47.2195 45.5763 33.386 31.1051 31.0307 30.212 26.6765 25.4801 23.8414 23.7025 23.254 22.7857 23.7294 28.6246 22.6223 22.0062 21.7915 22.6323 20.2452 20.166 20.0774 19.3223 19.0294 20.0675 18.7913
threshold=2.5000000000000004 13.935 39.735000000000007 0.051956815114709856 6.4450000000000012 48.57500000000001 0.15472222222222229 5.154761904761906 35.245000000000012 1.0000000180025095e-35 5.5000000000000009 0 39.500000000000007 1 2.5000000000000004 2 6.7550000000000008 41.500000000000007 3 4 5 0.14500000000000005 6 44.420000000000009 7 60.500000000000007 1.0000000180025095e-35 0.23611111111111113 0.10776772247360485 8
decision_type=2 2 2 8 2 2 10 8 2 10 2 1 2 1 2 1 2 2 1 1 1 10 1 2 1 2 2 10 8 1
left_child=2 7 6 4 10 11 -1 27 24 13 19 -5 -4 -7 21 -10 17 18 -13 -3 -6 22 -11 -14 -8 26 29 -2 -29 -23
right_child=1 3 12 5 20 9 8 -9 15 14 -12 16 23 -15 -16 -17 -18 -19 -20 -21 -22 25 -24 -25 -26 -27 -28 28 -30 -31
leaf_value=0.0053163423177749487 -0.019672164275103831 -0.0029303191879130591 0.010987707996441476 -0.018458863681015163 0.013419653449664918 0.0022018858545857331 -0.00045333558443595376 -0.040145017158571883 0.010777157423723116 0.020949838201964974 -0.019936152002679949 -0.0090608469153428007 -0.0010644620064192911 -0.006633304679459601 -0.0094288271300716903 0.0001150065637444009 0.0029892198922236873 -0.011416306209802843 0.002621461172651393 -0.012333921978959078 -0.0042245601279433569 -0.0059046493767319595 0.005068578640701398 0.0072702895427159582 -0.007570100371930278 0.054845205044493008 -0.010213847029758326 0.26408318774233858 0.024705086154263669 0.0063159295905896931
leaf_weight=4327.0010152794421 515.74316661432385 986.12807705439627 3687.3141187131405 350.4971284288913 271.31166540645063 1430.2922860458493 1974.7839941419661 257.97974108345807 686.00569118186831 393.20168644748628 847.00254096835852 967.11891701817513 971.82939502596855 1622.3252058010548 288.48066301457584 1939.5452394597232 867.04673130996525 1294.3880904335529 1126.9371890928596 1933.9183163102716 467.85967836156487 376.34765817970037 555.51041880436242 2910.8039030134678 2013.1374797932804 18.514957716688514 262.79973623529077 0.9479714520275565 11.454752756282687 1751.7145955953747
leaf_count=25605 14338 14116 19714 4756 3586 15225 12865 10500 4325 3083 24966 10310 5328 18150 3440 12361 7122 14652 11232 29943 6507 4720 4362 15751 13633 169 2503 26 221 14779
internal_value=-9.78646e-05 -0.00473521 0.00406025 -0.00370769 -0.00932594 -0.00146826 0.00132662 -0.0254019 -0.00128374 0.00121117 -0.0116221 -0.00536536 0.00801103 -0.00250813 0.00432466 0.00294231 -0.00423361 -0.00609431 -0.00280465 -0.00921051 0.00237612 0.00550617 0.0119249 0.00518409 -0.00406606 0.00297873 0.00257707 -0.0182004 0.0430014 0.00415665
internal_weight=35107.9 16597.5 18510.4 15811.4 4506.22 11305.2 10940.5 786.126 6613.47 6699.19 3767.05 4605.99 7569.95 3052.62 3646.57 2625.55 4255.49 3388.44 2094.06 2920.05 739.171 3358.09 948.712 3882.63 3987.92 2409.38 2390.86 528.146 12.4027 2128.06
internal_count=328288 218706 109582 193621 79118 114503 68789 25085 43184 66431 69025 48072 40793 33375 33056 16686 43316 36194 21542 44059 10093 29616 7445 21079 26498 22171 22002 14585 247 19499
cat_boundaries=0 1 2 3 4 5 6 7 8 9
cat_threshold=4096 17026102 17076296 31236544 83038 8390606 25412900 782 6144
is_linear=0
shrinkage=0.05


Tree=56
num_leaves=31
num_cat=14
split_feature=26 0 23 27 18 29 1 17 15 29 1 2 1 25 12 2 1 18 2 1 0 1 23 1 2 1 12 1 24 1
split_gain=248.03 94.2375 86.0378 59.1915 51.4158 44.3588 40.8716 33.489 36.6479 32.9688 30.7055 29.3815 26.6457 26.2656 26.2103 25.7825 25.3468 24.7081 23.5931 23.2882 22.7063 21.8242 20.9162 21.5903 26.3105 20.9031 20.3522 19.8999 19.4738 22.9825
threshold=0.082650273224043724 1.5000000000000002 4.7638888888888902 1.0000000180025095e-35 50.425000000000004 1.2500000000000002 0 41.055000000000007 37.050000000000004 2.2500000000000004 1 2 3 1.0000000180025095e-35 6.160000000000001 4 5 46.985000000000007 6 7 5.5000000000000009 8 3.1547619047619051 9 10 11 30.215000000000003 12 0.18788888888888894 13
decision_type=8 2 10 10 2 2 1 2 2 2 1 1 1 10 2 1 1 2 1 1 2 1 10 1 1 1 2 1 8 1
left_child=2 5 3 6 9 -2 -1 8 22 18 26 25 -11 -13 -4 -12 17 -10 19 -3 -8 -20 23 -5 -25 -6 -7 -15 -17 -30
right_child=1 4 14 7 11 10 20 -9 16 12 15 13 -14 27 -16 28 -18 -19 21 -21 -22 -23 -24 24 -26 -27 -28 -29 29 -31
leaf_value=-0.020124034812890872 0.010976516273909864 0.0027461171277182546 -0.038736859170959953 -0.01142311544714939 -0.0072539971286342811 0.0026719569848134578 -0.0047292729360051307 0.0052550420289571888 -0.0029406772583834995 -0.002730203869503216 0.0056679619684402395 0.00089880616400183255 -0.012261528634174726 0.0028898296299263628 -0.016877061629980223 0.0017261002813714202 -0.0022542380956890756 0.02526416209476734 -0.0045041240553354714 -0.016586409654306463 -0.02136570196918082 0.0037898795100209381 -0.011067616979061038 0.017179422272464103 -0.0091760872784297891 0.0020836468974756413 0.014702840834908451 0.011885996246961978 -0.017032012913176849 -0.00065755845613790504
leaf_weight=1029.6885600183159 2836.6993033289909 251.26446196064353 247.94454798102379 266.41926783323288 1067.5750964339823 549.1974064707756 1351.8330732882023 962.32563406601548 130.94733270071447 1489.2036923561245 3590.0346728265285 2393.4051782786846 1473.4128210172057 1076.893527155742 306.80392120406032 3279.9131101444364 1186.8822071030736 190.77020711451769 1186.5841583684087 405.21884769201279 241.78363183327019 2344.9508556686342 2042.1448231525719 230.83090441860259 149.75068994238973 1345.423316469416 976.6548397988081 1495.0113040581346 321.39143811911345 621.24802654981613
leaf_count=19817 13461 1913 10693 3380 11229 2372 19968 12687 1590 19272 15337 22931 20016 7972 7054 14059 14549 2208 8400 3062 7632 16064 35256 2767 2026 13422 4153 10760 1444 2794
internal_value=-9.46122e-05 0.00225595 -0.00762264 -0.00626669 -0.000463072 0.00550064 -0.012382 -0.00315775 -0.00508637 -0.00348447 0.00383726 0.00246509 -0.00752107 0.00465915 -0.0266473 0.00255759 0.00115108 0.0133685 -0.000628963 -0.00925684 -0.00720812 0.000998272 -0.00858555 -0.000751343 0.00683967 -0.00206046 0.010305 0.00817662 -9.40063e-05 -0.00642806
internal_weight=35042.2 26704.1 8338.12 7783.38 14528.9 12175.1 2623.31 5160.07 4197.75 7150.63 9338.44 7378.31 2962.62 4965.31 554.748 7812.59 1508.6 321.718 4188.02 656.483 1593.62 3531.54 2689.15 647.001 380.582 2413 1525.85 2571.9 4222.55 942.639
internal_count=328288 188661 139627 121880 135041 53620 47417 74463 61776 68727 40159 66314 39288 41663 17747 33634 18347 3798 29439 4975 27600 24464 43429 8173 4793 24651 6525 18732 18297 4238
cat_boundaries=0 1 2 3 4 5 6 7 8 9 10 11 12 13 14
cat_threshold=18461568 17571840 7200 8640156 7686 8389134 4104 18454538 17406496 14036104 220 29102992 23474824 1085542
is_linear=0
shrinkage=0.05


Tree=57
num_leaves=31
num_cat=9
split_feature=0 10 10 12 2 17 26 4 3 21 6 4 3 0 1 1 7 26 1 1 7 23 28 21 1 10 2 26 1 1
split_gain=231.329 121.986 77.6761 56.9777 56.7047 44.7605 44.1503 43.6277 45.1487 36.0717 31.2758 30.5831 24.5294 24.2652 24.0423 22.7562 22.7056 22.3012 22.2301 20.9587 20.7654 20.2273 19.7863 19.7244 22.486 19.4637 19.1305 22.8599 22.3327 19.2
threshold=3.5000000000000004 0.17500000000000002 0.15500000000000003 6.160000000000001 0 28.335000000000004 0.71525096525096543 1.0000000180025095e-35 2.5000000000000004 0.2678571428571429 48.500000000000007 1.5000000000000002 2.5000000000000004 5.5000000000000009 1 2 52.050000000000004 0.037386443046820407 3 4 57.550000000000004 4.2361111111111116 1299.8084238277409 0.5277777777777779 5 0.12500000000000003 6 0.15047169811320757 7 8
decision_type=2 8 8 2 1 2 8 2 2 10 2 2 2 2 1 1 2 10 1 1 2 8 2 8 1 8 1 8 1 1
left_child=2 4 6 -3 23 -4 11 8 9 13 20 16 -8 15 -9 -6 -1 -5 -14 -12 22 -10 -7 24 -2 -11 -24 29 -29 -28
right_child=1 3 5 17 7 10 12 14 21 25 19 -13 18 -15 -16 -17 -18 -19 -20 -21 -22 -23 26 -25 -26 -27 27 28 -30 -31
leaf_value=0.0085705213881913517 -0.024513800687864448 -0.038244304394816707 -0.0043777403111427129 -0.017620964790253039 0.0011639557049518783 -0.034699651759273469 0.0038175087102643199 -0.00081950212286142638 0.0055722423221371588 0.042923910197153477 -0.007422896225475881 -0.0041230302754071213 0.0082739395456595255 -0.016393289724402318 -0.015808974537506761 -0.0089674629075429217 0.0026617445737893127 -0.007572270373099212 0.020234378987972756 0.0015177494994840918 -0.019002742474313522 0.040219600456420923 0.0071083441395273757 0.014486306650655496 -0.009361647323946105 0.0041059570290479927 0.0042378460567090879 -0.0021199426038776685 0.0064399921236334978 -0.008163824731555679
leaf_weight=2993.3109405525029 387.08082493580878 256.1266187671572 3840.3988167978823 1302.6091510932893 1137.9955415632576 33.357169684022665 661.03018207103014 435.1825715303421 1986.2208961974829 33.514774667099118 1268.4197954051197 976.72083576768637 737.23932813107967 461.31584330648184 721.98824321292341 1071.9957834072411 3558.8538973517716 958.36201793327928 950.80384583026171 1343.7502496093512 101.74302458576858 43.037614034488797 2917.6545678973198 60.874167811125517 772.29528217203915 885.34567181020975 488.50445375405252 1062.0607056804001 2677.5963201597333 836.71043065190315
leaf_count=17981 7123 11647 28568 29277 15390 527 3540 6153 16145 322 9626 7409 3629 13532 10528 15092 22223 13914 4770 10078 874 440 19349 809 13560 10085 5250 6024 15233 9190
internal_value=-9.20734e-05 -0.00629399 0.00257507 -0.0158935 -0.00327243 0.000254512 0.00599793 -0.00147252 0.000345838 -0.00302361 0.00191248 0.00413075 0.0119823 -0.00596301 -0.0103155 -0.00378578 0.00536113 -0.0133616 0.0151796 -0.00284626 0.0034438 0.00630706 0.00372871 -0.0131483 -0.0147127 0.00552181 0.00388929 0.00201691 0.00402053 -0.00362191
internal_weight=34962.1 10513.9 24448.2 2517.1 7996.85 14570.2 9877.96 6776.6 5619.43 3590.17 10729.8 7528.89 2349.07 2671.31 1157.17 2209.99 6552.16 2260.97 1688.04 2612.17 8117.63 2029.26 8015.88 1220.25 1159.38 918.86 7982.53 5064.87 3739.66 1325.21
internal_count=328288 164017 164271 54838 109179 104719 59552 87687 71006 54421 76151 47613 11939 44014 16681 30482 40204 43191 8399 19704 56447 16585 55573 21492 20683 10407 55046 35697 21257 14440
cat_boundaries=0 1 2 3 4 5 6 7 8 9
cat_threshold=6144 2314378 2210110 6178846 18960226 21666048 78 10486438 2321668
is_linear=0
shrinkage=0.05


Tree=58
num_leaves=31
num_cat=9
split_feature=26 26 23 14 2 27 17 15 1 18 12 18 1 6 24 17 1 4 24 1 15 1 1 8 1 7 6 24 12 1
split_gain=211.662 91.6909 71.0891 51.9875 46.6331 41.8398 38.4959 38.3073 32.9966 32.7768 30.1393 27.1523 27.3875 24.9514 26.3264 23.7101 23.3279 22.4543 24.0855 22.0118 21.9622 21.7936 21.6502 21.3274 20.2041 21.7727 18.1062 20.6191 17.5956 17.5861
threshold=0.051956815114709856 0.22767145135566189 4.8819444444444455 5.955000000000001 0 1.0000000180025095e-35 37.150000000000006 28.020000000000003 1 61.125000000000007 3.1500000000000004 58.185000000000009 2 46.500000000000007 0.19211111111111115 29.040000000000003 3 2.5000000000000004 0.16211111111111118 4 25.945000000000004 5 6 1.0000000180025095e-35 7 54.750000000000007 33.500000000000007 0.12400000000000003 25.870000000000001 8
decision_type=8 10 10 2 1 10 2 2 1 2 2 2 1 2 10 2 1 2 10 1 2 1 1 2 1 2 2 10 2 1
left_child=2 4 3 5 8 -1 13 9 -2 10 -6 21 -13 14 -3 -10 -5 18 -9 23 -4 26 -11 -8 25 -20 27 -7 -17 -16
right_child=1 6 20 16 7 11 19 17 15 22 -12 12 -14 -15 29 28 -18 -19 24 -21 -22 -23 -24 -25 -26 -27 -28 -29 -30 -31
leaf_value=-0.016504046005553229 0.0018453572226925263 0.0051931705877509733 -0.033115941494914529 0.010174443870909643 -0.044040494344476065 0.045223998127243425 0.00544870544144183 0.0072365233047903647 -0.013052835269694691 0.024610429199288252 -0.0042350423359245768 -0.012246656662816211 0.010838787419688153 -0.0018869589960507458 0.0065513685526304632 -0.01507691720607683 -0.003266758506743299 -0.0074107591491328929 0.0080243726407311713 0.010675073936118796 0.0059878328902641708 -0.01354833478198228 0.00089944658441482202 -0.013081377717917137 -0.0046439833315780445 -0.016547859249436855 -0.0078572555456868694 0.002018845420676436 -0.0031514469865215181 -0.0094852486157724399
leaf_weight=1514.3367013502866 1425.3943904023618 6665.6561724413186 350.35299512930214 470.31272564269602 48.339367656037211 30.219536304473877 1202.6982138901949 3224.2093632481992 1160.2851162645966 149.60227838158607 2927.2070527411997 180.09619830548763 390.65762831829488 2196.7214138805866 242.29368149116635 351.97439902275801 975.71985751017928 422.90182268433273 862.54883133620024 3157.3615315761417 40.007226696237922 1136.2230336647481 256.64364673569798 178.30397355929017 1021.1937165930867 100.67100067809224 810.44647127389908 320.3563477024436 2551.6945746894926 535.51853556185961
leaf_count=31140 14538 35158 13669 6146 1168 506 6109 24019 13317 1474 30533 2904 5962 11112 1254 5258 13399 5021 7096 16213 886 20179 2407 946 8836 905 13058 5701 26639 2735
internal_value=-8.92221e-05 0.00172392 -0.00845155 -0.00706805 -0.00107137 -0.00978062 0.0045831 0.00114223 -0.00469954 -0.00306288 -0.0048817 -0.00623058 0.00352972 0.00279551 0.0041774 -0.006994 0.00115268 0.00366947 0.0045691 0.00838022 -0.0291083 -0.00865554 0.0102591 0.00303428 0.000235171 0.00540014 -0.00371853 0.00574312 -0.00459702 -0.00452746
internal_weight=34899.9 28681.2 6218.73 5828.37 14502.7 4382.34 14178.6 9013.32 5489.35 3381.79 2975.55 2868 570.754 9640.19 7443.47 4063.95 1446.03 5631.52 5208.62 4538.36 390.36 2297.25 406.246 1381 1984.41 963.22 1161.02 350.576 2903.67 777.812
internal_count=328288 214738 113550 98995 141211 79450 73527 81459 59752 35582 31701 48310 8866 50259 39147 45214 19545 45877 40856 23268 14555 39444 3881 7055 16837 8001 19265 6207 31897 3989
cat_boundaries=0 1 2 3 4 5 6 7 8 9
cat_threshold=7712 214028 21897856 8392334 2234382 774334 18466082 1068510 31601664
is_linear=0
shrinkage=0.05


Tree=59
num_leaves=31
num_cat=5
split_feature=0 12 0 15 6 14 1 29 10 1 23 29 6 17 4 14 1 4 7 1 27 7 19 1 17 11 30 18 6 25
split_gain=200.449 112.501 65.0309 63.5192 51.2015 50.293 49.4681 40.9817 38.9596 38.9005 30.8121 29.0696 30.8917 25.6154 23.5898 28.1695 24.8942 23.414 25.1136 23.0901 21.8161 21.0784 21.0518 20.6196 20.5777 20.5516 18.6276 18.3437 24.0003 18.2667
threshold=2.5000000000000004 13.935 5.5000000000000009 39.735000000000007 35.500000000000007 6.7150000000000007 0 3.2500000000000004 0.17500000000000002 1 5.154761904761906 5.2500000000000009 24.500000000000004 32.735000000000007 2.5000000000000004 6.4350000000000014 2 1.5000000000000002 52.150000000000013 3 1.0000000180025095e-35 52.850000000000001 27.250000000000004 4 30.565000000000001 7.0550000000000006 -0.23121666666666665 45.720000000000006 59.500000000000007 1.0000000180025095e-35
decision_type=2 2 2 2 2 2 1 2 8 1 8 2 2 2 2 2 1 2 2 1 8 2 2 1 2 2 10 2 2 8
left_child=3 10 4 8 6 9 -3 14 11 13 -2 12 -1 -6 15 16 -4 18 25 -17 -11 -14 -13 -23 -19 -5 -7 -21 -29 -22
right_child=1 2 7 17 5 26 -8 -9 -10 20 -12 22 21 -15 -16 19 -18 24 -20 27 29 23 -24 -25 -26 -27 -28 28 -30 -31
leaf_value=0.015792486986713313 -0.01636433409857347 0.0088686070186186055 -0.024432349549728935 0.0095317542767831154 -0.0069603668057492719 0.033193061346251468 -0.0017836163926883255 -0.02425220683433903 -0.0032662441795797007 -0.014848690690647346 -0.038513073230333025 0.012331365223253891 0.0051469114540649936 0.0016993395561876506 -0.033298297062272393 -0.010974651062364213 -0.0057004826722556971 -0.01251126152091691 0.0047815350790587699 -0.006557607721789302 -0.0106876887229563 0.004311107726477771 -0.012263593560583574 -0.0054815143012127091 0.0040862945146517369 0.021140682148887861 0.0023269626281793511 0.016927344488798571 0.15959557115309925 -0.0020804417004121755
leaf_weight=515.76984493434429 502.53195466008037 1757.2259792387486 252.74476620927453 3072.035185996443 1552.5616741850972 50.236532598733902 2839.9919181596488 490.41575662232935 3537.4665464051068 1291.363490736112 228.38507114164531 106.9023250900209 4140.7182852774858 1897.7995296381414 83.919405991211534 179.61330963298678 612.51436335407197 252.75318317860365 3073.6877521574497 102.9753513596952 1379.6965890768915 990.40186532959342 467.40429351478815 1152.7721824236214 715.06025733798742 435.25893023610115 1810.673422018066 233.21623614430428 2.9855675026774398 1114.2117582634091
leaf_count=3008 14585 17695 4763 16263 18220 488 31015 21068 24814 18255 10500 878 23587 20422 1691 2330 11130 1514 16537 1323 16734 5894 3788 6820 4231 2248 15169 2867 30 10421
internal_value=-8.57832e-05 -0.00411141 -0.00321604 0.00348687 -0.00199725 -0.00417075 0.00230347 -0.0117383 0.00104736 -0.00605618 -0.023285 0.0031167 0.00402907 -0.00219093 -0.0075577 -0.00599697 -0.0115204 0.00701306 0.00808094 0.00321518 -0.00954843 0.00306355 -0.00768545 -0.000961617 -0.000248306 0.0109724 0.00316021 0.0107365 0.0187307 -0.0068422
internal_weight=34843.3 16383.1 15652.1 18460.2 13693.8 9096.54 4597.22 1958.38 10911.4 7235.63 730.917 7373.97 6799.66 3450.36 1467.97 1384.05 865.259 7548.8 6580.98 518.79 3785.27 6283.89 574.307 2143.17 967.813 3507.29 1860.91 339.177 236.202 2493.91
internal_count=328288 218706 193621 109582 148419 99709 48710 45202 68789 84052 25085 43975 39309 38642 24134 22443 15893 40793 35048 6550 45410 36301 4666 12714 5745 18511 15657 4220 2897 27155
cat_boundaries=0 1 2 3 4 5
cat_threshold=19894 1263742 29755648 17856568 31392960
is_linear=0
shrinkage=0.05


Tree=60
num_leaves=31
num_cat=11
split_feature=0 10 6 2 12 24 4 18 18 14 14 1 14 1 32 1 30 23 1 23 1 29 26 1 1 17 1 26 1 1
split_gain=184.177 104.803 66.4306 50.5833 50.5818 47.4546 39.5425 38.7503 34.222 30.2947 29.7409 24.7007 23.5857 23.8335 22.7116 22.402 22.1565 22.525 22.0323 22.5556 21.3367 21.1541 19.1296 19.3791 18.7911 18.6571 18.5784 18.4095 18.2282 18.1391
threshold=3.5000000000000004 0.17500000000000002 49.500000000000007 0 6.160000000000001 0.13816666666666669 1.0000000180025095e-35 48.160000000000004 46.305000000000007 6.4450000000000012 4.5650000000000004 1 7.035000000000001 2 0.25053191489361709 3 -0.048431481481481457 4.1180555555555562 4 2.0500000000000003 5 5.2500000000000009 0.25245098039215691 6 7 37.32500000000001 8 0.64334637964774966 9 10
decision_type=2 8 2 1 2 10 2 2 2 2 2 1 2 1 8 1 10 10 1 8 1 2 8 1 1 2 1 10 1 1
left_child=2 3 5 28 -3 12 7 14 22 18 11 -4 13 -1 -5 -8 -10 27 -9 -20 -16 -6 29 -24 -11 -12 -14 -18 -2 -7
right_child=1 4 10 6 21 8 15 9 16 24 25 -13 26 -15 20 -17 17 -19 19 -21 -22 -23 23 -25 -26 -27 -28 -29 -30 -31
leaf_value=0.012129881947709793 -0.019618244255177771 -0.036853935125837914 -0.017348065717359067 -0.018343900232936649 -0.010315148095759466 0.003206753436110394 -0.0028714318478711928 0.0080023839170980469 0.0089633505028922419 0.021974095278300017 -0.0031655210438763788 -0.0034264726946249334 0.020130779017422443 0.0036463067704794331 0.011216362703815453 -0.017011193038347829 0.0023128268841692235 -0.0049557445012135435 0.029281911669093854 -0.0033499302287992232 -0.0045780735829007947 -0.023970804722688956 0.0070636068541740458 -0.0018709844566465695 0.0064656199916404526 0.0051572659826510173 0.0070188696214212006 0.0088097359180566281 -0.0068168025143239622 -0.0079994769934486915
leaf_weight=1103.2726724240929 501.65007823053747 233.37587817199528 563.03106427192688 262.23762481566519 1876.8644214048982 474.44555891864002 607.70504232868552 756.82171614840627 1649.385963594541 291.7193354126066 2168.5626505576074 756.19950202479959 573.97144615650177 3364.6683117095381 233.94928211905062 534.12558242678642 5830.5601464472711 878.2584293615073 54.77799235470593 1591.5807349830866 1760.069124571979 334.08264450728893 914.92504662275314 1758.2337065357715 642.36723936162889 976.60682346299291 573.90595209226012 1341.1594314575195 695.34995671547949 1479.293534848839
leaf_count=6870 9237 11647 5129 6674 32923 4392 8604 9809 11202 2469 14576 6641 3311 20804 2598 8077 39433 8247 455 22897 20801 10268 4678 8890 5303 6285 3307 6177 12255 14329
internal_value=-8.33876e-05 -0.00566328 0.00228897 -0.00287391 -0.0147154 0.0035232 -0.00117873 0.000550448 0.00199611 0.00397232 -0.00322425 -0.00952551 0.00741888 0.00577647 -0.0045109 -0.00965986 0.00368395 0.00260223 0.00100231 -0.00225053 -0.00269169 -0.0123786 -0.00154209 0.00120643 0.0116135 -0.000581212 0.0138117 0.00352779 -0.0122998 -0.00530269
internal_weight=34783.2 10376.7 24406.5 7932.35 2444.32 19942.1 6735.35 5593.52 14326.3 3337.27 4464.4 1319.23 5615.82 4467.94 2256.26 1141.83 9699.36 8049.98 2403.18 1646.36 1994.02 2210.95 4626.9 2673.16 934.087 3145.17 1147.88 7171.72 1197 1953.74
internal_count=328288 164017 164271 109179 54838 131640 87687 71006 97348 40933 32631 11770 34292 27674 30073 16681 65059 53857 33161 23352 23399 43191 32289 13568 7772 20861 6618 45610 21492 18721
cat_boundaries=0 1 2 3 4 5 6 7 8 9 10 11
cat_threshold=6144 2125650 21250336 10737818 57398 266 14557696 4721600 29996804 21944576 4260890
is_linear=0
shrinkage=0.05


Tree=61
num_leaves=31
num_cat=9
split_feature=26 0 23 2 14 25 2 27 8 17 18 12 4 1 6 14 0 14 6 18 1 7 1 1 12 16 1 1 1 24
split_gain=168.651 74.708 61.3841 50.0945 43.5306 42.7964 37.8457 35.2861 33.5547 30.6597 28.4199 26.4316 27.7661 24.7895 23.1519 22.9161 22.7905 22.2564 22.0048 21.7957 24.5097 21.4305 22.3737 20.7776 20.7143 19.9924 20.9584 19.8634 19.5869 18.7038
threshold=0.051956815114709856 1.5000000000000002 4.7638888888888902 0 5.955000000000001 1.0000000180025095e-35 1 1.0000000180025095e-35 1.0000000180025095e-35 36.945000000000007 50.945000000000007 27.860000000000003 1.5000000000000002 2 31.500000000000004 7.3250000000000011 5.5000000000000009 4.8250000000000011 43.500000000000007 58.185000000000009 3 52.45000000000001 4 5 20.090000000000003 51.625000000000007 6 7 8 0.13707142857142862
decision_type=8 2 10 1 2 8 1 10 2 2 2 2 2 1 2 2 2 2 2 2 1 2 1 1 2 2 1 1 1 8
left_child=2 6 4 15 7 11 13 -1 10 21 28 17 14 -2 -13 18 19 -5 -3 -9 -21 22 -7 -6 -4 27 -27 -12 -8 -10
right_child=1 3 24 5 23 9 8 16 29 -11 25 12 -14 -15 -16 -17 -18 -19 -20 20 -22 -23 -24 -25 -26 26 -28 -29 -30 -31
leaf_value=-0.015089242507504956 0.0012803450177537436 -0.0043452048146137671 -0.030406804121880363 -0.01138576110871907 0.009771787539248164 0.0084369362072481083 -0.0025812933924370244 -0.0059326016259155026 0.0097488447111819532 0.0084460615627888879 0.010117589534344133 0.0077920947848992787 -0.010762898439267827 0.011996441913645378 -0.00091938210880384999 0.0054471444838651789 -0.015817237694546321 0.0022113975099597809 -0.013040646103390181 -0.0090048677269481403 0.014269006867968136 -0.0036937099652233486 -0.00070051329878233204 -0.0029150070179679625 -0.0019445165837901268 0.01758636319037276 0.0065581988544856119 -0.00050335298738918061 0.0042884497227607217 -0.0074025535650878759
leaf_weight=1451.3005293346941 725.62142969667912 2339.3718947749585 368.91425174567848 1130.3694206764922 472.33022461086512 1321.0459081232548 1844.5832955613732 1852.6739613190293 187.60598097741604 2241.9994406793267 704.79078748822212 1001.2231779489666 552.909961219877 2251.3299520760775 3201.1925318520516 411.28761147707701 446.30121191777289 410.15395956486464 1055.9955461453646 169.55592474155128 305.46662501059473 1457.5445213764906 1353.0849953200668 967.15760376490653 77.323440361768007 718.95748072862625 1166.7079111337662 1151.3755176961422 2348.8285010010004 1040.7927461639047
leaf_count=30504 3179 27370 14870 18949 6132 10305 8177 26847 821 16798 3066 8192 6446 10296 26697 4088 14020 5589 13116 2271 3829 12433 10977 13369 1708 3191 5081 5085 10336 4546
internal_value=-8.01898e-05 0.00152998 -0.00762033 -0.000662998 -0.00621385 0.000849551 0.00450611 -0.00877215 0.00290365 0.00373841 0.00409725 -0.00207367 -0.000229723 0.00939746 0.00115612 -0.00568445 -0.00546717 -0.00776561 -0.00704958 -0.0034827 0.00607238 0.00118386 0.0038424 0.00129547 -0.0254749 0.00726494 0.010891 0.00358124 0.00127068 -0.00478312
internal_weight=34727.8 28616.8 6111.02 16476.2 5664.79 12669.5 12140.6 4225.3 9163.64 6373.67 7935.24 6295.85 4755.33 2976.95 4202.42 3806.66 2774 1540.52 3395.37 2327.7 475.023 4131.68 2674.13 1439.49 446.238 3741.83 1885.67 1856.17 4193.41 1228.4
internal_count=328288 214738 113550 160960 96972 116386 53778 77471 40303 50513 34936 65873 41335 13475 34889 44574 46967 24538 40486 32947 6100 33715 21282 19501 16578 16423 8272 8151 18513 5367
cat_boundaries=0 1 2 3 4 5 6 7 8 9
cat_threshold=7168 6146 1049630 21897872 9562780 8392334 19735074 20190656 8473950
is_linear=0
shrinkage=0.05


Tree=62
num_leaves=31
num_cat=9
split_feature=0 10 6 12 2 10 4 24 18 17 17 14 26 15 1 1 1 26 1 1 29 13 4 21 1 26 14 1 13 1
split_gain=157.582 93.2623 59.2743 47.0899 44.775 39.5498 36.0184 35.8917 34.2813 31.5194 28.4195 25.7848 23.0253 22.6412 25.5182 21.2231 21.2174 21.4823 20.9968 19.6981 19.4847 18.1429 18.0946 17.9301 20.3896 17.3932 17.1092 16.5643 15.7622 15.6411
threshold=3.5000000000000004 0.17500000000000002 41.500000000000007 6.160000000000001 0 0.17500000000000002 1.0000000180025095e-35 0.12950000000000006 48.160000000000004 34.655000000000008 37.755000000000003 6.4450000000000012 0.67607313195548502 20.065000000000001 1 2 3 0.051956815114709856 4 5 5.2500000000000009 34.395000000000003 1.5000000000000002 0.5277777777777779 6 0.037386443046820407 8.1450000000000014 7 70.885000000000019 8
decision_type=2 8 2 2 1 8 2 8 2 2 2 2 8 2 1 1 1 8 1 1 2 2 2 8 1 10 2 1 2 1
left_child=2 4 5 -3 23 9 8 -4 16 15 13 19 22 21 -15 -1 -6 -18 -8 -10 25 -9 -11 24 -2 -5 -26 28 -13 -7
right_child=1 3 7 20 6 29 18 10 11 12 -12 27 -14 14 -16 -17 17 -19 -20 -21 -22 -23 -24 -25 26 -27 -28 -29 -30 -31
leaf_value=0.0071998452569711872 -0.022716353543275482 -0.035934582284426218 0.0067176948873629225 -0.014095723658589965 0.0040973391453317581 -0.0061096913154263417 -0.0011751545095318111 -0.019704191168838408 0.0069730313651000762 0.007687343492166771 0.0023687369062332275 0.027371706628494332 0.014227381043188171 -0.006510665365550671 0.0008835249222837072 0.0010923014352677751 -0.015072716729679043 -0.0030436970424834713 -0.015017850820689627 -0.0023911066713217929 -0.022993694706939655 -0.0062483818413650374 -0.0036911153562943348 0.014803865410005973 -0.0091900566402068652 -0.00436219768183664 0.045869496018678763 0.0059810681531544674 -0.00018777317622795101 0.0015503240677225295
leaf_weight=2156.8947412222624 366.63890684675425 220.24107787478715 1353.8599421903491 1015.4226290937513 572.62934715859592 963.59126208536327 488.01377722062171 339.0634673256427 877.04302536323667 3314.5863322392106 2566.0571715179831 229.32173795066774 1297.5408386290073 2043.1630396805704 2703.4154010247439 4176.098783204332 556.78240285441279 1113.3113363590091 643.33625267073512 1522.5925126932561 323.5926430253312 959.18983739241958 390.56942099705338 60.599941680207849 736.9431606689468 837.51914925128222 14.384707462042568 645.9574822653085 67.051743134856224 2104.8164007142186
leaf_count=13661 7123 11647 8392 21435 7410 7793 6925 3846 11355 20812 17335 2011 6603 13905 18360 26318 10900 11763 9756 21806 10268 7548 3045 809 13346 11488 214 5303 458 16653
internal_value=-7.62498e-05 -0.00526411 0.00211467 -0.0139026 -0.00264149 0.00416572 -0.00105293 -0.000850128 0.000593565 0.00552883 -0.00203999 0.00380269 0.00849529 -0.00391151 -0.00231116 0.00318551 -0.00418847 -0.00701199 -0.00918986 0.00105049 -0.0116732 -0.00976262 0.00648791 -0.0115866 -0.0131208 -0.00969623 -0.00802904 0.0108111 0.0204467 -0.000870058
internal_weight=34660.2 10291.4 24368.8 2396.78 7894.61 14404.1 6716.04 9964.75 5584.69 11335.7 8610.89 3341.97 5002.7 6044.83 4746.58 6332.99 2242.72 1670.09 1131.35 2399.64 2176.53 1298.25 3705.16 1178.57 1117.97 1852.94 751.328 942.331 296.373 3068.41
internal_count=328288 164017 164271 54838 109179 94885 87687 69386 71006 70439 60994 40933 30460 43659 32265 39979 30073 22663 16681 33161 43191 11394 23857 21492 20683 32923 13560 7772 2469 24446
cat_boundaries=0 1 2 3 4 5 6 7 8 9
cat_threshold=6144 1105314 5003522 69902 10702986 57462 21666048 4721600 11808848
is_linear=0
shrinkage=0.05


Tree=63
num_leaves=31
num_cat=7
split_feature=0 12 0 22 1 25 29 7 17 15 23 4 10 6 27 6 6 2 4 28 2 1 30 17 17 1 2 21 1 11
split_gain=146.151 88.0956 55.6764 52.152 44.9053 37.1743 35.7606 30.4494 29.5993 29.4843 28.6719 28.416 29.1339 27.2434 23.2916 23.339 22.0019 21.6546 21.6259 23.7414 21.7679 28.9973 21.6246 21.0805 21.0371 20.2383 19.1391 18.9443 18.1388 18.0803
threshold=2.5000000000000004 13.935 5.5000000000000009 0.2678571428571429 0 1.0000000180025095e-35 3.2500000000000004 52.45000000000001 40.435000000000009 21.075000000000006 5.154761904761906 1.5000000000000002 0.16500000000000004 39.500000000000007 1.5000000000000002 27.500000000000004 55.500000000000007 1 2.5000000000000004 1685.9703355499121 2 3 -0.069903225806451627 36.32500000000001 38.815000000000005 4 5 0.5277777777777779 6 3.3150000000000004
decision_type=2 2 2 8 1 8 2 2 2 2 8 2 10 2 10 2 2 1 2 2 1 1 8 2 2 1 1 8 1 2
left_child=3 10 4 9 13 14 18 11 22 16 -2 12 26 29 15 -6 23 -11 19 20 -4 -22 -7 -1 -9 -19 -5 -24 -13 -3
right_child=1 2 6 7 5 8 -8 24 -10 17 -12 28 -14 -15 -16 -17 -18 25 -20 -21 21 -23 27 -25 -26 -27 -28 -29 -30 -31
leaf_value=-0.0081641433091502649 -0.014434980013824181 0.11307632156529079 -0.015763950988164334 0.0067248341134221803 0.0014731725224357984 0.012861535362900715 -0.022794402249999027 -0.00046437203538200294 0.0072115651996438202 0.0062479061461605864 -0.03683276153061376 -0.0097718281366243435 0.0033158581089777501 -0.0017462509414080275 0.0024398883408658818 -0.010322726149206998 -0.022021653659683095 -0.0075792756056250882 -0.032155774840674313 0.023785125304992591 0.0074648388475379154 -0.010729561977681289 -0.0049222933349464199 0.0035304705835638261 0.007123306445189422 0.0028145172848620718 0.013155542525707505 0.010829939265907059 0.0049043928492203751 0.0053342176188008366
leaf_weight=1180.0258392151445 478.02689371723682 3.8994333688169709 441.23939652368426 2559.4754305258393 484.5997562892735 205.48241152241826 466.29144150111824 3572.5169037394226 938.51722531206906 1428.1895966380835 203.80300238355994 403.81703317910433 2738.168686516583 2508.5788642857224 535.81335861049592 3113.5706962533295 195.70104958489537 847.51649904996157 79.901366619393229 66.328504849225283 407.55600357428193 451.69483111053705 2902.6450833175331 572.19898494146764 1227.3254603520036 1025.2403683513403 2252.301816996187 204.30243096128106 420.63833666220307 2697.838918518275
leaf_count=9423 14585 77 8309 14282 6404 2166 21068 20483 8593 8880 10500 2357 15854 27227 6144 39923 1619 5282 1691 643 6230 7261 29563 4260 6850 6352 11424 1624 2516 26698
internal_value=-7.39826e-05 -0.0035398 -0.00276645 0.00297175 -0.00164265 -0.00390514 -0.010753 0.00465092 -0.000626705 -0.00124282 -0.0211298 0.00647076 0.00743323 0.00200202 -0.00728578 -0.00873406 -0.00612109 0.0016359 -0.00687194 -0.0053939 -0.00688211 -0.00211308 -0.00284754 -0.0043452 0.00147581 -0.00190447 0.00977624 -0.00388648 -0.00234304 0.00548972
internal_weight=34613.2 16190.1 15508.3 18423.1 13595.2 8384.93 1913.01 13174.2 4250.95 5248.87 681.83 8374.4 7549.95 5210.32 4133.98 3598.17 1947.93 3300.95 1446.72 1366.82 1300.49 859.251 3312.43 1752.22 4799.84 1872.76 4811.78 3106.95 824.455 2701.74
internal_count=328288 218706 193621 109582 148419 94417 45202 73766 41946 35816 25085 46433 41560 54002 52471 46327 15302 20514 24134 22443 21800 13491 33353 13683 27333 11634 25706 31187 4873 26775
cat_boundaries=0 1 2 3 4 5 6 7
cat_threshold=216094 4646 7202 10004418 3197684 7712 7029070
is_linear=0
shrinkage=0.05


Tree=64
num_leaves=31
num_cat=11
split_feature=26 8 0 13 27 2 1 18 14 4 1 15 18 29 1 1 1 6 10 23 11 15 6 1 2 17 2 18 1 2
split_gain=133.157 68.3462 54.0822 52.8047 42.667 40.8106 41.9855 36.9021 34.4492 36.0842 31.4007 28.7116 29.3053 26.63 25.9738 25.1443 24.3385 24.1411 22.6764 22.3287 21.5065 21.309 21.0522 20.6543 20.0398 19.0106 18.6911 18.5777 18.4327 18.3559
threshold=0.051956815114709856 1.0000000180025095e-35 1.5000000000000002 9.7800000000000029 1.0000000180025095e-35 0 1 61.125000000000007 5.0450000000000008 2.5000000000000004 2 25.795000000000005 45.620000000000012 1.7500000000000002 3 4 5 35.500000000000007 0.12500000000000003 3.683333333333334 4.3050000000000006 43.775000000000006 24.500000000000004 6 7 65.190000000000012 8 51.290000000000006 9 10
decision_type=8 2 2 2 10 1 1 2 2 2 1 2 2 2 1 1 1 2 10 8 2 2 2 1 1 2 1 2 1 1
left_child=3 2 10 25 14 6 24 8 19 17 -2 28 -13 26 -5 -9 18 20 -14 -7 -10 -16 29 -22 -4 -1 -12 -24 -6 -15
right_child=1 -3 5 4 11 7 -8 15 9 -11 13 12 16 22 21 -17 -18 -19 -20 -21 23 -23 27 -25 -26 -27 -28 -29 -30 -31
leaf_value=-0.034636371544602758 -0.00048773208106948213 -0.0048092693256042195 -0.0069540364272038593 -0.019371090908483955 -0.013737681240640462 0.00028018598262046505 -0.0078881968227461421 0.0018586273785962202 0.062999801514453599 -0.0097453842356491557 0.0013524204858387234 -0.0082242519520030182 0.056802431267503131 0.0045006179604537636 -0.010585893298127824 0.016070773599938443 -0.0019905994568107507 0.0021786110225008831 0.009004271982132557 -0.0086852808367025962 0.0022375119206534777 0.0064050179155710736 0.0016156028792630229 0.01407787227465967 0.0048742628046734128 0.2193406172757163 0.013826908894458671 0.0071571429429213409 -0.0030749750859759544 0.02799254576473803
leaf_weight=178.23300457652658 2067.5988309159875 3887.4622021028772 467.30341523885727 745.61737584788352 746.35601597372442 1613.8082420788705 2522.3809307040647 560.10905877780169 18.666527424007654 492.67206288874149 385.11627368628979 648.83636564109474 25.627151234075427 182.14323229342699 969.87782803922892 724.59921101946384 770.56964573916048 3601.1622822936624 781.7941254619509 1219.0901560718194 666.25379726849496 227.89070756919682 3294.7403414696455 856.01173318549991 1432.3608875069767 0.73985443823039432 1594.4422125667334 2795.7977342605591 916.12359507568181 169.36252294480801
leaf_count=9898 9141 30202 5610 16572 15095 15210 29551 4610 266 5757 1875 9590 315 812 19832 5801 10793 27620 10639 18344 4738 3592 14206 5847 14524 44 7879 12000 17180 745
internal_value=-7.14955e-05 0.00135258 0.00232381 -0.00683484 -0.00601398 0.00030968 -0.00366979 0.00211569 0.000919852 0.00318114 0.00504557 -0.00299108 0.000720836 0.00639704 -0.0120637 0.0100141 0.00439887 0.00441965 0.0103926 -0.00357795 0.00965696 -0.00729227 0.00484605 0.00900285 0.00194341 -0.0335865 0.0114767 0.00415939 -0.00796304 0.0167439
internal_weight=34562.7 28551.1 24663.6 6011.67 5832.69 14174.4 4422.05 9752.37 8467.66 5634.77 10489.2 3889.31 2226.83 8421.6 1943.39 1284.71 1577.99 5142.09 807.421 2832.9 1540.93 1197.77 6442.04 1522.27 1899.66 178.973 1979.56 6090.54 1662.48 351.506
internal_count=328288 214738 184536 113550 103608 137878 49685 88193 77782 44228 46658 63612 31337 37517 39996 10411 21747 38471 10954 33554 10851 23424 27763 10585 20134 9942 9754 26206 32275 1557
cat_boundaries=0 1 2 3 4 5 6 7 8 9 10 11
cat_threshold=7680 8801372 16414 18461568 10907272 9131214 24925344 4096 1044 30287680 4840
is_linear=0
shrinkage=0.05


Tree=65
num_leaves=31
num_cat=13
split_feature=0 10 6 23 2 14 4 14 18 1 4 1 25 0 2 1 1 14 1 26 17 2 1 6 1 1 12 2 1 7
split_gain=124.469 80.762 52.5692 41.7223 38.8468 38.3338 32.1044 30.5931 29.427 27.2467 26.02 24.8134 24.5047 24.9337 25.6323 24.6008 24.142 22.7763 22.9217 22.5549 22.0062 21.6562 21.2064 20.6327 19.2902 18.5493 18.71 18.2548 18.206 18.0516
threshold=3.5000000000000004 0.17500000000000002 49.500000000000007 4.8452380952380958 0 6.8450000000000006 1.0000000180025095e-35 7.0950000000000006 43.645000000000003 1 1.5000000000000002 2 0.58333333333333337 1.5000000000000002 3 4 5 4.5650000000000004 6 0.74388789505068587 33.265000000000008 7 8 34.500000000000007 9 10 63.085000000000008 11 12 52.45000000000001
decision_type=2 8 2 8 1 2 2 2 2 1 2 1 8 2 1 1 1 2 1 8 2 1 1 2 1 1 2 1 1 2
left_child=2 4 5 -3 -2 8 7 11 9 -1 12 -6 13 14 15 -10 21 18 -4 25 23 -15 -16 -13 -8 26 -7 -11 -21 -23
right_child=1 3 17 -5 6 19 24 -9 10 27 -12 20 -14 16 22 -17 -18 -19 -20 28 -22 29 -24 -25 -26 -27 -28 -29 -30 -31
leaf_value=0.0041588477916645198 -0.010700768442600102 -0.010424176141021365 -0.0011890713416885957 -0.031123240905200317 -0.0047111292131352157 -0.01171165257354367 -6.1477430234197302e-05 0.010734147163439876 0.019523432208854885 -0.012237985849019433 -0.0058030748655959266 0.0068615799017345096 0.010739262999121674 0.010911159558965886 0.0068323851222190368 0.0061790538404458903 -0.0028010307794295868 -0.0007427489363271148 -0.014590962692754573 0.003161895588278204 0.0066957236085468082 0.004993084367018806 -0.00054939887394432553 -0.0065134379641563159 -0.01363593536858774 0.0067646513907398641 0.095509703110546948 -0.0023766889871840581 0.019545356595413163 -0.0047805717166401291
leaf_weight=1286.5544319450855 1155.853392360732 2061.6582355741411 590.96490620076656 276.04501511901617 2106.8675272418186 192.91377585753798 429.09862820338458 673.80822630226612 529.35764620453119 608.2616066429764 759.98764437437057 425.3335463181138 1131.630555011332 774.69908225163817 1953.9560333490372 1057.3279121741652 2652.6194664537907 3135.0041093826294 708.2093440759927 256.84185803681612 1464.1929704481736 1177.4699139297009 1932.6555029526353 895.25118526257575 687.73910459969193 2169.685378536582 4.1563066020607939 2018.4505021907389 601.18273776769638 789.00302308797836
leaf_count=8824 21492 41771 5229 13067 29755 1181 6153 5345 2375 4432 5225 5864 6757 6269 8580 4697 25148 20861 6541 1281 17979 10536 8464 12063 10528 12972 26 14124 3143 7606
internal_value=-6.84995e-05 -0.00471197 0.00187352 -0.0128684 -0.00227934 0.00297069 -0.000805445 0.00074586 0.00200547 -0.00178753 0.00316883 -0.000629994 0.00373711 0.00300795 0.00538549 0.0107255 0.000595355 -0.0030496 -0.00861621 0.00796084 0.00246572 0.00387809 0.00316973 -0.00220562 -0.00854316 0.00544308 -0.00899392 -0.004698 0.0149058 0.0010662
internal_weight=34506.8 10175.8 24330.9 2337.7 7838.14 19896.8 6682.29 5565.45 16672 3913.27 12758.7 4891.65 11998.7 10867.1 5473.3 1586.69 5393.79 4434.18 1299.17 3224.78 2784.78 2741.17 3886.61 1320.58 1116.84 2366.76 197.07 2626.71 858.025 1966.47
internal_count=328288 164017 164271 54838 109179 131640 87687 71006 113037 27380 85657 65661 80432 73675 24116 7072 49559 32631 11770 18603 35906 24411 17044 17927 16681 14179 1207 18556 4424 18142
cat_boundaries=0 1 2 3 4 5 6 7 8 9 10 11 12 13
cat_threshold=6144 13126704 31398912 6274 19214624 5495836 22974632 76 17736688 2314378 160 3136 5783606
is_linear=0
shrinkage=0.05


Tree=66
num_leaves=31
num_cat=9
split_feature=0 10 29 17 4 14 13 6 26 6 8 0 1 1 2 25 2 1 21 26 12 1 17 13 30 1 24 1 1 10
split_gain=119.52 83.6116 56.981 53.978 40.776 41.0669 36.0398 32.4013 32.2078 30.1184 27.2907 22.1214 30.267 26.0289 25.5146 20.8706 20.1985 30.0405 19.7643 19.7755 19.5458 18.7487 18.7025 18.0197 17.945 17.4717 18.1773 17.0668 17.0528 17.268
threshold=5.5000000000000009 0.15500000000000003 3.2500000000000004 28.335000000000004 1.5000000000000002 7.3650000000000011 9.7800000000000029 43.500000000000007 0.19292803970223329 36.500000000000007 1.0000000180025095e-35 1.5000000000000002 0 1 2 0.58333333333333337 3 4 0.58571428571428574 0.34833164812942369 41.970000000000006 5 57.235000000000007 37.220000000000006 -0.13889545454545452 6 0.12612500000000004 7 8 0.19500000000000003
decision_type=2 8 2 2 2 2 2 2 8 2 2 2 1 1 1 8 1 1 8 10 2 1 2 2 8 1 10 1 1 8
left_child=1 4 15 8 5 9 22 10 16 -1 24 13 -13 -9 -14 -2 17 -3 19 21 -7 -11 -5 -16 -8 -22 -27 -10 29 -17
right_child=2 3 -4 6 -6 20 7 11 27 18 -12 12 14 -15 23 28 -18 -19 -20 -21 25 -23 -24 -25 -26 26 -28 -29 -30 -31
leaf_value=0.0071986174943433337 -0.0096197528740301699 -0.017549963443982752 -0.025029276138875029 -0.029494317031136391 -0.0030809148898982004 0.030211471403882431 0.023414906701764229 0.0067427729239678928 -0.0069002023237884503 0.0025968679091607017 -0.0050300422198444605 0.0023582902471379497 -0.019287180294100221 -0.0042077311812860983 -0.015789960744647794 0.016073124926863587 -0.01334063169598125 0.0041705980402005566 0.016213029979467254 0.0050148625728211422 0.0014759031051971674 -0.0043916779264635292 0.12832871717228753 -0.0033637838840268001 0.0030328952478229695 0.028677761914612816 0.01050334148287353 0.0011319790149208831 -0.005927428282471843 0.14958259251916969
leaf_weight=4074.9478889741004 1140.5223565734923 227.83634186908603 583.39406049996614 119.28410811256617 1883.6395737044513 158.57316326722503 109.57130726985633 1066.8387524038553 1120.8164210487157 1840.345981227234 1121.0639185216278 918.44575608149171 430.37249818444252 1084.957402355969 362.58860149420798 138.07252241484821 1594.4122366700321 474.92741537280381 224.57736083492637 2088.0088796801865 323.58487142249942 1985.7022665087134 1.9071631236001838 1493.3377334754914 7490.8819842087105 200.37431105226278 438.99057889170945 1591.6875089406967 163.86148673854768 2.4651436917483798
leaf_count=28336 20513 3108 30149 4209 16011 1013 984 4715 6898 15566 10251 10624 6165 4826 7012 1717 22761 6116 1411 9664 1912 17497 63 15470 65362 1155 2617 9871 2237 55
internal_value=-6.57167e-05 0.000670776 -0.0118404 -0.00143537 0.00373134 0.00486339 0.00013897 0.000372689 -0.00589763 0.0038661 0.00225255 -0.0026881 -0.00532102 0.0012332 -0.0083796 -0.0065153 -0.0102541 -0.00301865 0.00165391 0.00110105 0.0139455 -0.00103485 -0.0270107 -0.00576042 0.00332673 0.0112669 0.0159497 -0.00220821 0.00511647 0.0171917
internal_weight=34456 32427.7 2028.32 19208.9 13218.7 11335.1 14199.2 14078.1 5009.68 10213.6 8721.52 5356.54 3204.74 2151.8 2286.3 1444.92 2297.18 702.764 6138.63 5914.06 1121.52 3826.05 121.191 1855.93 7600.45 962.95 639.365 2712.5 304.399 140.538
internal_count=328288 273617 54671 178435 95182 79171 129681 125409 48754 72474 76597 48812 39271 9541 28647 24522 31985 9224 44138 42727 6697 33063 4272 22482 66346 5684 3772 16769 4009 1772
cat_boundaries=0 1 2 3 4 5 6 7 8 9
cat_threshold=1069148 31359640 7168 22 27538440 8787518 4079668 16978238 18448838
is_linear=0
shrinkage=0.05


Tree=67
num_leaves=31
num_cat=4
split_feature=0 10 17 6 29 26 26 8 12 13 6 2 4 3 1 26 6 14 14 7 27 22 20 7 1 10 4 1 14 4
split_gain=109.107 78.996 58.6883 59.1158 53.6937 37.0523 28.7417 26.7505 23.4581 23.335 22.8585 21.723 19.836 22.1921 21.2153 18.7876 18.3943 18.3514 17.9581 17.723 17.1549 19.2174 23.6487 17.1534 20.618 18.2936 19.1162 17.0862 17.064 18.6135
threshold=5.5000000000000009 0.17500000000000002 38.815000000000005 39.500000000000007 3.2500000000000004 0.051956815114709856 0.19098277608915909 1.0000000180025095e-35 3.1500000000000004 33.810000000000009 55.500000000000007 0 2.5000000000000004 2.5000000000000004 1 0.73123827392120078 57.500000000000007 5.1950000000000012 5.2150000000000007 50.750000000000007 31.500000000000004 0.11805555555555557 90.240000000000023 54.750000000000007 2 0.14500000000000005 1.5000000000000002 3 6.4350000000000014 1.5000000000000002
decision_type=2 8 2 2 2 10 8 2 2 2 2 1 2 2 1 8 2 2 2 2 10 10 2 2 1 10 2 1 2 2
left_child=1 2 3 7 12 8 11 15 17 -9 18 27 13 -2 -15 -1 -16 -3 -10 -7 21 -13 -23 25 -25 26 -8 -5 29 -4
right_child=4 5 28 6 -6 19 23 9 10 -11 -12 20 -14 14 16 -17 -18 -19 -20 -21 -22 22 -24 24 -26 -27 -28 -29 -30 -31
leaf_value=0.0033376034139535118 -0.011155550208185754 -0.032406305786350086 0.0051547405282041615 -0.0017481045212197691 -0.024370188454885436 -0.0070379478206347452 0.0089092835333799518 -0.028526108888331299 -0.0083432634239130402 -0.0011586460324633124 -0.020808092974973807 -0.01450649052502765 -0.031039364362476837 0.0096590127987191392 -0.0096895879801908256 0.0097147678893204949 0.088806732421915766 0.09651435489033787 0.0019880999381586763 0.00033832814115733798 0.055574393452572993 -0.0025844842171977114 0.14530012861745986 0.0018136491606495029 -0.016170861289980677 -0.00098382540755474973 -0.0065757649753967395 -0.018204763354485686 0.0098759069900349258 -0.008707947208458286
leaf_weight=6578.3291519843042 687.60955798625946 123.92580161523074 4172.9546405579895 238.45629690028727 569.56957564689219 1034.3391493372619 1073.958955489099 81.904106641188264 1730.312583072111 1589.0426100678742 286.74921897426248 379.50965311191976 76.285559130832553 363.75152156874537 304.43339423276484 1400.8790609873831 4.8150283880531779 2.8232428114861241 555.69955912046134 3828.5451705995947 12.122991625219582 2470.5027900002897 2.7063036467880002 305.64420078136027 326.72734091244638 3134.5226908177137 244.71822840720415 534.6952410377562 2040.9297884274274 257.06042356975377
leaf_count=52528 14617 4934 32213 3047 30149 7996 5995 1329 27595 12044 4522 5760 1691 4315 3844 8359 55 35 6334 30053 121 24534 30 1745 1898 17948 1640 7569 13172 2216
internal_value=-6.43082e-05 0.000636223 0.00199819 0.000556025 -0.0113788 -0.00383823 -0.00242691 0.00325254 -0.00853557 -0.00250011 -0.00750103 -0.00582017 -0.00622918 -0.00483814 0.00161641 0.00445722 -0.00790052 -0.0295347 -0.00583184 -0.00123061 -0.00376486 -0.00403023 -0.00242266 4.85479e-07 -0.00770544 0.00109476 0.00603559 -0.0132163 0.00609309 0.00435033
internal_weight=34413.5 32407.1 24844.7 18373.7 2006.46 7562.39 8723.56 9650.15 2699.51 1670.95 2572.76 3637.99 1436.9 1360.61 673 7979.21 309.248 126.749 2286.01 4862.88 2864.84 2852.72 2473.21 5085.57 632.372 4453.2 1318.68 773.152 6470.94 4430.02
internal_count=328288 273617 192148 144547 54671 81469 70287 74260 43420 13373 38451 41061 24522 22831 8214 60887 3899 4969 33929 38049 30445 30324 24564 29226 3643 25583 7635 10616 47601 34429
cat_boundaries=0 1 2 3 4
cat_threshold=7168 3900386 31199438 394780
is_linear=0
shrinkage=0.05


Tree=68
num_leaves=31
num_cat=9
split_feature=0 25 12 24 17 6 1 1 27 7 1 17 1 10 14 1 15 12 23 1 26 4 2 2 23 2 14 22 14 30
split_gain=103.09 68.2972 60.0253 41.5441 35.7123 35.2598 33.9485 32.4808 30.8603 24.705 21.8173 19.453 19.2226 19.1462 20.2564 18.6966 19.7276 18.594 18.5255 18.523 19.7214 17.4244 17.3708 17.2627 16.3978 15.9725 16.4161 15.5155 15.1777 15.8846
threshold=2.5000000000000004 1.0000000180025095e-35 13.935 0.16527777777777783 40.435000000000009 35.500000000000007 0 1 2.5000000000000004 53.45000000000001 2 36.705000000000005 3 0.15500000000000003 7.9150000000000009 4 22.170000000000005 63.085000000000008 5.154761904761906 5 0.14854215918045707 2.5000000000000004 6 7 2.5277777777777781 8 5.8450000000000006 0.13392857142857145 7.5050000000000008 0.056561128526645806
decision_type=2 8 2 10 2 2 1 1 10 2 1 2 1 10 2 1 2 2 8 1 10 2 1 1 8 1 2 10 2 8
left_child=3 2 18 9 7 6 -4 13 12 11 24 -1 22 -3 -15 -11 -17 21 19 20 -2 23 -7 -9 -5 -26 -27 -12 -14 -30
right_child=1 4 5 10 -6 8 -8 17 -10 15 27 -13 28 14 -16 16 -18 -19 -20 -21 -22 -23 -24 -25 25 26 -28 -29 29 -31
leaf_value=0.0038395765736090968 -0.002054805675948426 0.0059660375215043462 0.0068538140036281782 0.0087929926999079627 0.0066222878017491507 0.0053040361420973242 -0.0050378809119775289 -0.00085201715799596012 0.0025743088303961555 0.0055486506177485212 -0.0042093995864660927 0.0086971746990651601 -0.012002956320429074 -0.0024092908328727067 0.055246767715434034 -0.015218091653860301 -0.00077485192764303824 0.024681991453579646 -0.03585174387805045 -0.022863808280474799 0.11852230551213434 -0.019859358946898321 -0.0074059698282930827 -0.0086613492275832652 -0.00019792395196343467 -0.011560058276403719 -0.00022659955069250388 0.0032658775149398754 -0.0015933667617310798 0.048760493776580982
leaf_weight=5940.847786905244 112.68065082281828 1587.3981848070398 1005.1888365708292 232.79364617168903 1736.6790801817551 365.14053311385214 1458.1109592597932 1482.0959511827677 661.90913631767035 808.01251762546599 870.59916125610471 3155.8848943579942 2891.3698277622461 1540.3790616784245 15.386117100715635 305.74068764224648 1042.7364695183933 51.446986036375165 170.56714443769306 266.15466530900449 3.4963807854801408 200.94379130098969 962.36999031063169 1361.4552600141615 1032.9495133776218 1106.7563212011009 449.1864462159574 3424.8867033272982 112.55812951922417 18.193717265501618
leaf_count=34003 3698 15211 13683 1260 18124 4532 20956 16192 8437 4919 6707 17530 43832 19251 136 2095 5931 372 10212 8842 68 2952 13603 17221 6597 7623 2451 20466 1183 201
internal_value=-6.25209e-05 -0.00299621 -0.00625198 0.00249319 0.000280766 -0.0050761 -0.000177913 -0.00148442 -0.00748369 0.00438414 -0.000496667 0.0055248 -0.00901428 0.00209608 -0.00183909 -0.000427496 -0.00401976 -0.0051098 -0.0221491 -0.016036 0.00144925 -0.00563002 -0.00389648 -0.00462448 -0.00390418 -0.005061 -0.00823526 0.00174674 -0.0112123 0.00541322
internal_weight=34373.9 16003.5 8027.74 18370.4 7975.78 7474.84 2463.3 6239.11 5011.54 11253.2 7117.17 9096.73 4349.63 3143.16 1555.77 2156.49 1348.48 3095.94 552.899 382.332 116.177 3044.5 1327.51 2843.55 2821.69 2588.89 1555.94 4295.49 3022.12 130.752
internal_count=328288 218706 129247 109582 89459 106427 34639 71335 71788 64478 45104 51533 63351 34598 19387 12945 8026 36737 22820 12608 3766 36365 18135 33413 17931 16671 10074 27173 45216 1384
cat_boundaries=0 1 2 3 4 5 6 7 8 9
cat_threshold=216498 8504574 3237942 1196062 18678688 8389726 14 1740 582
is_linear=0
shrinkage=0.05


Tree=69
num_leaves=31
num_cat=11
split_feature=0 24 29 0 2 32 1 17 1 1 2 26 14 24 2 4 14 1 4 1 7 27 6 1 6 11 25 18 1 2
split_gain=96.8126 69.3767 49.4425 45.4508 41.082 36.5865 30.4496 27.5565 28.891 27.1407 26.9749 25.684 22.0389 21.6351 21.4277 21.4193 19.2414 27.2372 23.368 22.7857 18.8778 18.8339 18.7272 19.919 18.3941 18.2161 18.2087 17.4013 25.6268 16.9777
threshold=5.5000000000000009 0.17816666666666672 4.7500000000000009 1.5000000000000002 0 0.038585607940446659 1 40.675000000000004 2 3 4 0.091750841750841763 7.205000000000001 0.14894444444444452 5 1.5000000000000002 6.4350000000000014 6 2.5000000000000004 7 52.050000000000004 2.5000000000000004 40.500000000000007 8 39.500000000000007 5.3350000000000009 1.0000000180025095e-35 60.475000000000001 9 10
decision_type=2 10 2 2 1 8 1 2 1 1 1 8 2 10 1 2 2 1 2 1 2 8 2 1 2 2 10 2 1 1
left_child=1 3 16 9 6 -3 12 8 24 -1 25 27 -5 -10 -11 22 17 -2 19 -18 -12 26 29 -24 -6 -8 -16 -7 -29 -13
right_child=2 5 -4 4 7 11 10 -9 13 14 20 15 -14 -15 21 -17 18 -19 -20 -21 -22 -23 23 -25 -26 -27 -28 28 -30 -31
leaf_value=-0.0029536190152390407 -0.022685906122650774 -0.033825877422701267 -0.027728409944955918 -0.0090695886022705476 0.0086667943350683414 -0.0094127887348880983 -0.030182740620882383 0.0077546358365034431 0.0018424058687656138 0.0099643566666415724 0.0061489123041753059 0.0074003360700017843 0.0054827876901883295 -0.0049833404466895414 0.0030151247675163778 -0.020361582423714778 -0.012378764617098095 -0.0052550990125215394 -0.029039909994455129 0.0098548241129757901 -0.0018130161613099706 -0.0028739082363059458 0.001073717786158431 -0.0077845411733566466 0.00052778448030677027 -0.0058995134096058843 0.0091892253555938951 0.018489688638676317 -0.0093022347053547377 -0.00084391362275006198
leaf_weight=1032.2243014574051 337.69848037604243 98.418010690249503 354.03301220666617 2140.2859329134226 1533.8948198016733 1932.5648198779672 88.471961999312043 1869.6909572249278 2402.2678086720407 2126.2843109816313 1433.0612114435062 972.65295390225947 296.17674260213971 2246.585899213329 3330.5976085662842 143.02123529836535 154.32419777661562 689.86270741093904 61.955964490771294 380.82836788520217 1549.4157274421304 832.08400174975395 1154.2297549434006 1402.9434095676988 1268.0695761926472 607.74707173928618 1861.6928143054247 139.60745308548212 177.43697724211961 1713.5913681350648
leaf_count=4517 8186 3784 21702 25921 13697 31117 1505 15806 21616 9921 14090 6605 2741 24340 14631 1142 2203 16025 1538 5017 16468 3662 7935 9865 12092 6967 8322 1917 2638 12318
internal_value=-6.07868e-05 0.000595844 -0.0107971 0.00189363 0.000236576 -0.00353497 -0.00294535 0.00232489 0.000965487 0.004679 -6.86113e-05 -0.00314456 -0.00727076 -0.00145305 0.00564232 -0.00127056 -0.00710759 -0.0112555 3.05114e-05 0.00339607 0.00200591 0.00410289 -0.000749828 -0.00381244 0.00496565 -0.00885807 0.00522885 -0.00763164 0.00322545 0.00216563
internal_weight=34331.7 32353 1978.7 24618.6 15435.7 7734.47 6115.16 9320.51 7450.82 9182.88 3678.7 7636.05 2436.46 4648.85 8150.66 5386.44 1624.67 1027.56 597.109 535.153 2982.48 6024.37 5243.42 2557.17 2801.96 696.219 5192.29 2249.61 317.044 2686.24
internal_count=328288 273617 54671 196296 155243 77321 67692 87551 71745 41053 39030 73537 28662 45956 36536 37865 32969 24211 8758 7220 30558 26615 36723 17800 25789 8472 22953 35672 4555 18923
cat_boundaries=0 1 2 3 4 5 6 7 8 9 10 11
cat_threshold=7712 24752640 1133086 28 4096 6146 29626112 16807992 21378760 9460076 774
is_linear=0
shrinkage=0.05


Tree=70
num_leaves=31
num_cat=9
split_feature=0 25 0 27 29 17 24 26 12 2 1 1 8 6 10 1 15 6 6 28 1 7 2 25 2 1 28 19 11 1
split_gain=88.4322 65.8751 51.4744 49.7103 46.7591 34.6603 29.0153 27.8173 26.6759 25.0337 24.5362 22.4657 21.1297 21.8338 24.7652 21.1274 20.3197 20.0231 18.4458 20.9106 18.3765 18.5184 18.2445 20.9666 17.6688 16.4463 16.2115 15.9254 23.1129 15.8222
threshold=5.5000000000000009 1.0000000180025095e-35 1.5000000000000002 1.0000000180025095e-35 3.2500000000000004 39.615000000000002 0.14414285714285721 0.62583333333333346 17.990000000000006 0 1 2 1.0000000180025095e-35 39.500000000000007 0.15500000000000003 3 54.180000000000007 20.500000000000004 33.500000000000007 1442.1211282181814 4 52.550000000000004 5 0.58333333333333337 6 7 1421.0503110957995 33.265000000000008 7.6450000000000005 8
decision_type=2 8 2 10 2 2 10 10 2 1 1 1 2 2 8 1 2 2 2 2 1 2 1 8 1 1 2 2 2 1
left_child=1 2 11 8 22 7 18 9 -4 -3 -8 -1 13 20 -15 16 -10 -17 19 -5 21 -11 -2 -24 -13 -16 -7 28 -28 -21
right_child=4 5 3 6 -6 26 10 -9 15 12 -12 24 -14 14 25 17 -18 -19 -20 29 -22 -23 23 -25 -26 -27 27 -29 -30 -31
leaf_value=-0.0016460451084906857 -0.017660180378388578 -0.0079280584077449142 -0.021764916149914226 -0.016603631811034865 -0.022887499803339817 0.033049945527838173 -0.0074208953133097638 0.007454752908666199 -0.0048328477823090981 0.0040845590919230601 -0.00032142242770903223 0.0093793265425677393 -0.005166301954180462 0.0046184202816795233 0.002245213579774826 0.14655284020797732 0.015512583652445039 -0.011765950705902164 0.00038890872513756402 0.026721158954949038 0.007524940413562298 -0.0083283560891882821 -0.0063309054717490187 0.010158179533811316 0.0020936877949163969 -0.0071452981520660555 0.0023644762236375901 0.010006517143833034 0.044413917816651299 0.007829381191241637
leaf_weight=3086.2559823617339 247.80084600299597 781.63874075002968 359.28387030679733 63.417045865207911 540.52898973785341 60.321564456447959 2190.1857799906284 1748.2746370956302 1263.5622581448406 1009.2241565780714 2737.7331213932484 1099.0576705038548 1077.391373520717 1388.0810306686908 700.13396676629782 1.9998439531773318 135.9239114690572 1469.904776584357 1400.5674238465726 158.83365016616881 2448.4704593587667 427.84464276023209 927.57821004837751 243.36643194034696 3416.3251508325338 1378.7367204930633 1570.7157045956701 1898.1494052186608 33.373726282268763 416.09185250755399
leaf_count=13787 5332 8816 9847 1386 30149 839 28226 8329 15984 7972 32882 4854 8675 10426 6132 37 1316 20823 13026 1379 18914 3579 16281 2909 15211 12473 11275 13557 197 3675
internal_value=-5.89448e-05 0.000566302 -0.00147263 -0.00379416 -0.0103734 0.0030653 -0.0014169 0.00167263 -0.00892061 0.000575231 -0.00349245 0.00164166 0.00137145 0.00233132 -0.000553164 -0.00731347 -0.00283655 -0.0114729 0.00359957 0.010644 0.00490507 0.000386293 -0.0056057 -0.00287926 0.00388384 -0.00400628 0.00734968 0.00690702 0.00323933 0.0136495
internal_weight=34280.8 32321.5 17799.1 10197.5 1959.27 14522.4 6966.83 10959.8 3230.67 9211.52 4927.92 7601.64 8429.88 7352.49 3466.95 2871.39 1399.49 1471.9 2038.91 638.343 3885.54 1437.07 1418.75 1170.94 4515.38 2078.87 3562.56 3502.24 1604.09 574.926
internal_count=328288 273617 162433 128581 54671 111184 80574 85316 48007 76987 61108 33852 68171 59496 29031 38160 17300 20860 19466 6440 30465 11551 24522 19190 20065 18605 25868 25029 11472 5054
cat_boundaries=0 1 2 3 4 5 6 7 8 9
cat_threshold=4096 32301344 12735518 10898462 18744520 7168 2562 13779020 26757152
is_linear=0
shrinkage=0.05


Tree=71
num_leaves=31
num_cat=9
split_feature=0 10 6 12 2 24 4 18 1 18 2 13 30 1 24 1 3 1 4 20 1 11 18 21 1 32 23 1 23 6
split_gain=81.8702 60.6468 39.6264 34.922 31.3459 28.4957 27.8268 25.3996 21.3723 21.2076 19.673 22.5809 19.5449 19.0776 18.5051 18.2718 19.6944 18.0095 17.585 17.0227 16.9862 19.4428 16.8294 16.6889 16.2812 16.2529 16.0029 15.8592 15.2695 18.9187
threshold=3.5000000000000004 0.17500000000000002 49.500000000000007 19.070000000000004 0 0.13707142857142862 1.0000000180025095e-35 48.160000000000004 1 46.305000000000007 2 45.175000000000004 -0.048431481481481457 3 0.13387500000000005 4 1.5000000000000002 5 2.5000000000000004 1.0000000180025095e-35 6 7.5650000000000004 45.195000000000007 0.31666666666666671 7 0.22506544502617803 5.2678571428571432 8 4.4142857142857155 29.500000000000004
decision_type=2 8 2 2 1 10 2 2 1 2 1 2 10 1 8 1 2 1 2 2 1 2 2 10 1 8 8 1 10 2
left_child=2 4 5 26 24 15 7 13 -4 19 -10 -12 18 -6 -9 -1 -17 -8 23 -7 -16 -22 -13 -11 -2 -15 -3 -5 29 -14
right_child=1 3 8 27 6 9 17 14 10 12 11 22 28 25 20 16 -18 -19 -20 -21 21 -23 -24 -25 -26 -27 -28 -29 -30 -31
leaf_value=0.0097279535758530052 -0.016618415377006555 -0.017246475586760051 -0.0070983807867038649 -0.0024121064879311102 0.0058467296011611896 0.0080771541221841461 -0.015645183574089918 0.010377960628586399 0.0081619850257623385 0.0075386062950043575 -0.010247976812929972 -0.0073637980042867285 0.0065388549695351503 -0.022051521811516112 -0.0033894015141085277 -0.0033386572756645364 0.0055099914811557087 -0.0024570959111002095 -0.009721152423290913 -0.0024252265110595427 0.0044138126435112448 0.060813593546118122 0.0044716072697073448 0.026799704239115665 -0.0042465149836316907 -0.0041661801193761143 -0.037296081794848328 -0.012267998746716116 -0.0074915047638483938 0.00074115126870478087
leaf_weight=1771.8099662363529 463.55713923182338 459.3492782888934 1725.1882917266339 834.5704832309857 456.96519454848021 424.5454484988004 424.64369448740035 799.02146829478443 573.08002858608961 1418.4192354362458 618.5867923181504 418.71867365390062 1851.3336595445871 137.94987830519676 1004.0956924110651 813.13520292378962 2774.2364002093673 672.94398512039334 135.51459731534123 4230.6896083950996 1513.3267677603289 15.436570405960081 1062.5837002806365 122.1467243283987 660.78769325371832 1603.3536533936858 127.05146585870534 822.62548601534218 435.41832795552909 5863.750733371824
leaf_count=10820 9237 16033 12921 14988 6123 2974 6743 8180 4029 9747 6221 2763 12571 4097 13379 5878 16053 9938 962 29804 19287 87 6697 685 12255 19853 8385 15432 4552 37594
internal_value=-5.67954e-05 -0.0038644 0.00151337 -0.0111038 -0.00176917 0.0024652 -0.000451427 0.000991236 -0.00278051 0.0013125 3.27714e-05 -0.00221394 0.00262946 -0.00318052 0.00374363 0.00558007 0.00349456 -0.00772434 0.0075468 -0.00146744 0.00165075 0.00495092 0.0011261 0.00906576 -0.00944887 -0.00555122 -0.0215905 -0.00739312 0.00161825 0.00213238
internal_weight=34234.8 9995.68 24239.2 2243.6 7752.08 19841 6627.74 5530.15 4398.16 14481.8 2672.97 2099.89 9826.58 2198.27 3331.88 5359.18 3587.37 1097.59 1676.08 4655.24 2532.86 1528.76 1481.3 1540.57 1124.34 1741.3 586.401 1657.2 8150.5 7715.08
internal_count=328288 164017 164271 54838 109179 131640 87687 71006 32631 98889 19710 15681 66111 30073 40933 32751 21931 16681 11394 32778 32753 19374 9460 10432 21492 23950 24418 30420 54717 50165
cat_boundaries=0 1 2 3 4 5 6 7 8 9
cat_threshold=6144 10639106 6 69898 29639968 21759844 14487832 21944576 9588154
is_linear=0
shrinkage=0.05


Tree=72
num_leaves=31
num_cat=8
split_feature=0 10 6 29 17 26 4 18 10 16 14 11 26 15 1 2 10 4 18 1 25 4 1 23 1 7 1 11 2 1
split_gain=77.7799 58.3637 45.511 43.4674 38.6314 28.2753 26.2276 25.0093 23.9103 21.1198 20.148 21.605 19.8122 18.5786 18.4222 18.345 17.8314 26.1939 17.8195 18.4478 17.4695 17.2189 16.9575 16.5621 16.4833 16.4513 15.7835 15.4438 15.2195 28.1295
threshold=5.5000000000000009 0.17500000000000002 39.500000000000007 4.7500000000000009 39.715000000000011 0.051956815114709856 1.5000000000000002 45.315000000000005 0.14500000000000005 79.935000000000016 5.1950000000000012 2.0450000000000004 0.64334637964774966 33.455000000000005 0 1 0.15500000000000003 2.5000000000000004 74.13000000000001 2 0.58333333333333337 1.5000000000000002 3 2.5277777777777781 4 50.750000000000007 5 7.3350000000000009 6 7
decision_type=2 8 2 2 2 10 2 2 10 2 2 2 8 2 1 1 8 2 2 1 8 2 1 8 1 2 1 2 1 1
left_child=1 2 6 16 8 10 7 13 21 -6 11 -3 -8 24 -15 27 17 -2 19 -11 -9 -4 -17 -24 -1 -7 -12 -10 29 -13
right_child=3 5 4 -5 9 25 12 20 15 18 26 28 -14 14 -16 22 -18 -19 -20 -21 -22 -23 23 -25 -26 -27 -28 -29 -30 -31
leaf_value=-0.0091822008565862669 0.0015009707315415755 -0.034152723265117209 0.0041381070301172171 -0.026227345355083344 0.0034358512206738006 -0.0066858607112869964 -0.0070036572294120032 0.0050908358330763936 -0.0014267276533408736 0.030630118491695862 0.0093794153059452781 0.010438679014621189 0.0056976542204866375 0.009345561061425282 -0.00052661478938798576 -0.010278857057633276 -0.011797751933271268 -0.030357131236806296 0.074991961314458622 -0.0014275402637186209 0.011709408789125157 -0.0073605851670319536 0.0078019867230558941 -0.0051712421996480303 0.001218411480624064 0.00044223425228341617 -0.006375644614163881 0.033488085521716109 -0.01215813953550675 -0.010205849759973481
leaf_weight=637.32015982270241 750.79263649322093 88.150970794260502 1957.0197534840554 333.17429048661143 2573.9734085071832 1027.5866802856326 920.31619709171355 6947.5168756470084 3455.0520822312683 89.759604126214981 265.26317662745714 249.1688696295023 460.73088992014527 913.29939395003021 973.85670235939324 1482.3339956440032 778.51893961988389 70.586802400648594 13.972360422834752 88.47729285620153 1164.032605715096 390.54605651274323 295.69352844357491 1464.2568337060511 926.00579270441085 3813.275880612433 366.29105867259204 31.965013831853867 1226.8704026732594 446.87491541914642
leaf_count=5700 12241 4248 13596 21702 19308 7996 9456 52029 27773 570 3049 3405 2406 6181 6625 13208 18884 1844 87 579 7558 3375 2154 13142 8214 30053 4325 187 21531 6862
internal_value=-5.53692e-05 0.000528211 0.00169661 -0.00979733 -0.000543197 -0.00334166 0.00374606 0.00452395 -0.00211965 0.00462973 -0.0075014 -0.00994799 -0.00276637 0.00095849 0.00429781 -0.00363537 -0.00637582 -0.00123682 0.0206175 0.016355 0.00604062 0.00222516 -0.0063354 -0.00297468 -0.00307254 -0.00107087 0.000289302 -0.0011035 -0.00883839 -0.00277237
internal_weight=34202.7 32269.6 24786.1 1933.07 11843 7483.48 12943.1 11562 9076.87 2766.18 2642.62 2011.07 1381.05 3450.48 1887.16 6729.3 1599.9 821.379 192.209 178.237 8111.55 2347.57 3242.28 1759.95 1563.33 4840.86 631.554 3487.02 1922.91 696.044
internal_count=328288 273617 192148 54671 93979 81469 98169 86307 73435 20544 43420 36046 11862 26720 12806 56464 32969 14085 1236 1149 59587 16971 28504 15296 13914 38049 7374 27960 31798 10267
cat_boundaries=0 1 2 3 4 5 6 7 8
cat_threshold=16014978 366 24296194 19067298 26510924 641340 14 1708140
is_linear=0
shrinkage=0.05


Tree=73
num_leaves=31
num_cat=8
split_feature=0 12 25 0 15 1 18 2 23 1 1 4 24 18 1 12 4 2 12 6 14 24 17 0 32 1 7 27 14 1
split_gain=72.997 53.8678 42.0129 33.4008 33.2376 30.2152 27.2905 24.2449 27.482 25.1711 21.6934 23.6581 20.2077 19.9607 18.4841 18.4597 17.9706 20.8082 17.8042 18.6842 17.7815 23.2787 17.8631 17.5594 17.3049 17.1309 16.7556 16.2126 20.9942 16.1986
threshold=2.5000000000000004 3.1500000000000004 1.0000000180025095e-35 5.5000000000000009 39.735000000000007 0 43.645000000000003 1 4.0500000000000007 2 3 2.5000000000000004 0.17788888888888893 52.275000000000013 4 14.760000000000002 1.5000000000000002 5 16.740000000000006 27.500000000000004 6.9450000000000012 0.10267857142857144 45.020000000000003 1.5000000000000002 0.6680329934315522 6 52.45000000000001 2.5000000000000004 4.955000000000001 7
decision_type=2 2 8 2 2 1 2 1 10 1 1 2 8 2 1 2 2 1 2 2 2 8 2 2 10 1 2 10 2 1
left_child=4 -2 3 5 7 12 -4 9 13 15 -8 20 -3 14 -9 -1 17 26 -7 -20 -12 22 -22 29 -23 -18 -6 -25 -29 -10
right_child=1 2 6 -5 16 18 10 8 23 -11 11 -13 -14 -15 -16 -17 25 -19 19 -21 21 24 -24 27 -26 -27 -28 28 -30 -31
leaf_value=-0.028122440085109165 -0.031652334437792633 0.0032777562992616694 -0.0052776771422617967 -0.014489778140326494 0.011903608320407823 -0.017673637925398077 0.0058400200770106119 0.00389206696334813 -0.014052183413335083 0.0072869672792769402 -0.00084917091607838795 -0.014180723588445965 -0.0060241210100605205 0.0035640407724498602 -0.0042365913697728344 -0.00055090185435224294 -0.010732368563623813 0.0031061250968276374 0.0032946374368605738 -0.0068372862523341767 0.040041636295206844 0.0044524616026012159 0.17458171634089389 -0.019457648570692848 0.044312475487883911 0.0031491210992876453 0.0039789594588321188 -0.0087010925685439295 0.067614447714626325 -8.2496791820453177e-05
leaf_weight=64.7015395835042 157.30433130450547 1870.2019508546218 1714.9694120902568 807.81500434316695 1736.8645932041109 323.59820540063083 2188.9116455717012 935.84917475655675 275.16283643990755 2042.3907516654581 3105.750669810921 286.57028542365879 848.89071901142597 2652.9567374140024 2694.0707547925413 983.45339723303914 331.97110643237829 3711.3901356384158 526.13808524422348 3366.2414019051939 24.167931742966179 593.51825503073633 2.7476313859224311 371.64812632836401 28.538383785635233 627.36255874484777 1082.8962257653475 32.849931484088302 12.4187018238008 772.94831995666027
leaf_count=658 10596 21150 20246 27127 8772 8791 22866 5698 1386 12567 36729 4084 12464 15579 16417 6163 1953 20633 6679 42783 175 4813 22 5905 181 3792 5643 539 137 3740
internal_value=-5.32554e-05 -0.00253862 -0.0022467 -0.00486776 0.00209534 -0.00374696 0.000307631 0.000325283 -0.00116897 0.00406198 0.00184508 -0.000332352 0.000372375 0.000267475 -0.00214185 -0.00223157 0.00465655 0.00559516 -0.00638945 -0.00546774 0.000723707 0.00825094 0.0537759 -0.00733726 0.00628114 -0.00173352 0.00882893 -0.0160165 0.0122348 -0.00388485
internal_weight=34174.3 15845.4 15688.1 7742.89 18328.9 6935.07 7945.17 10838.5 7747.9 3090.55 6230.2 4041.29 2719.09 6282.88 3629.92 1048.15 7490.48 6531.15 4215.98 3892.38 3754.72 648.972 26.9156 1465.03 622.057 959.334 2819.76 416.917 45.2686 1048.11
internal_count=328288 218706 208110 118994 109582 91867 89116 68789 49401 19388 68870 46004 33614 37694 22115 6821 40793 35048 58253 49462 41920 5191 197 11707 4994 5745 14415 6581 676 5126
cat_boundaries=0 1 2 3 4 5 6 7 8
cat_threshold=216094 518 10904848 50294 4600064 498 2342986 1083974
is_linear=0
shrinkage=0.05


Tree=74
num_leaves=31
num_cat=10
split_feature=0 25 12 2 27 23 7 8 5 1 1 1 6 18 1 22 17 23 27 10 1 1 14 16 24 6 1 1 24 1
split_gain=66.3686 61.4088 49.0086 37.8441 33.3272 26.6605 26.1456 26.0882 26.7908 25.7008 24.3424 21.5222 23.885 20.8722 20.0285 19.2374 19.0979 24.6146 19.0024 18.8687 20.525 18.5994 18.8012 18.1404 18.0086 18.4359 21.3299 18.368 16.7498 16.5176
threshold=1.5000000000000002 1.0000000180025095e-35 18.215000000000003 0 1.0000000180025095e-35 5.154761904761906 52.550000000000004 1.0000000180025095e-35 1500.0000000000002 1 2 3 20.500000000000004 50.945000000000007 4 0.38750000000000007 51.240000000000002 3.6125000000000003 1.5000000000000002 0.15500000000000003 5 6 7.2250000000000005 24.880000000000006 0.14788888888888893 27.500000000000004 7 8 0.13816666666666669 9
decision_type=2 8 2 1 10 8 2 2 2 1 1 1 2 2 1 8 2 8 10 8 1 1 2 2 10 2 1 1 8 1
left_child=7 2 5 19 11 14 16 8 -1 -10 -8 -4 23 15 -2 -11 21 -18 24 -3 -21 -5 -23 -13 25 26 -6 -26 -9 -30
right_child=1 3 4 6 18 -7 10 28 9 13 -12 12 -14 -15 -16 -17 17 -19 -20 20 -22 22 -24 -25 27 -27 -28 -29 29 -31
leaf_value=-0.0094882433113934565 -0.018603541021911068 -0.000887968460866995 -0.0022409630626275072 0.0063577165284017514 0.026592007508797103 -0.031060954655516605 0.0039121136877476584 0.0081287490328537503 -0.0044081604919218595 -0.00029048579288488394 -0.0051902682953287671 0.045158564729610537 -0.011212497050901021 0.0075275191070810245 -0.0043039339752608671 0.0059093525158607236 0.012739593277667353 0.066160411699671809 0.0042361076368503487 -0.019022642434868387 -0.0034378081240912534 -0.00086272821703158866 0.011430986282545562 0.3082901789450937 -0.0091111470603475429 -0.00060023711668510992 -0.0012554018462483103 -0.0016933607793598441 -0.011291448696933269 -0.00022943865824814839
leaf_weight=365.2473086938262 437.25093053281307 1018.3843478523195 1199.7703600274399 3010.6139515116811 134.64936119597405 189.18637109640986 1228.4680340019986 282.54503837227821 778.94464830309153 2502.7082199007273 1798.2616266356781 2.0301826559007163 1822.1052318392321 4407.9027003422379 587.11974244285375 2502.0738348811865 203.54874318372458 24.118133879266679 1296.4108505751938 402.35964246280491 465.58680001739413 2451.7764194011688 356.17925561591983 0.96697223838418711 1376.3344987044111 1652.6368947587907 137.79364224802703 2136.3991239145398 607.984409943223 755.26488617062569
leaf_count=1653 12040 12736 16533 27233 1399 11242 12067 1267 3496 11204 18803 47 28821 19834 15337 11307 1592 293 14334 6289 6969 23727 2650 20 17637 17094 1446 25168 2689 3361
internal_value=-5.15242e-05 -0.00169606 -0.00434018 0.000951292 -0.00316183 -0.0138162 0.00229098 0.00290421 0.00381702 0.00429386 -0.00150008 -0.00752151 -0.0109207 0.00501335 -0.0106313 0.00280904 0.00419257 0.0183988 -0.00120355 -0.00547554 -0.0109213 0.00363671 0.000694214 0.130053 -0.0025004 0.00138644 0.0134376 -0.0046305 -0.00295103 -0.0052474
internal_weight=34134.6 21932 10972.7 10959.3 9759.1 1213.56 9072.97 12202.7 10556.9 10191.6 3026.73 3024.87 1825.1 9412.68 1024.37 5004.78 6046.24 227.667 6734.22 1886.33 867.946 5818.57 2807.96 2.99715 5437.81 1925.08 272.443 3512.73 1645.79 1363.25
internal_count=328288 273477 161118 112359 122499 38619 86365 54811 47494 45841 30870 45421 28888 42345 27377 22511 55495 1885 77078 25994 13258 53610 26377 67 62744 19939 2845 42805 7317 6050
cat_boundaries=0 1 2 3 4 5 6 7 8 9 10
cat_threshold=6144 20 14681422 10634270 29144192 21681088 8518100 30694052 32269056 3806606
is_linear=0
shrinkage=0.05


Tree=75
num_leaves=31
num_cat=9
split_feature=0 24 29 18 32 25 0 2 1 4 22 17 20 26 1 1 1 17 14 1 2 1 1 3 4 32 17 24 24 32
split_gain=65.2125 50.4904 38.8086 34.7312 29.3401 25.2639 26.3557 29.2811 27.8701 23.728 22.3559 23.3433 22.1396 22.0748 21.0083 19.4552 18.5539 18.4806 18.1518 17.7694 17.5212 33.4482 20.9689 16.9063 23.5364 19.2436 23.0224 20.7667 16.912 26.6872
threshold=5.5000000000000009 0.17816666666666672 4.7500000000000009 43.645000000000003 0.038585607940446659 0.58333333333333337 1.5000000000000002 0 1 1.5000000000000002 0.47222222222222227 40.785000000000004 33.470000000000006 0.20881782945736438 2 3 4 46.170000000000009 6.7150000000000007 5 6 7 8 2.5000000000000004 2.5000000000000004 0.4637989515880358 28.955000000000002 0.14527777777777781 0.13894444444444451 0.4100209205020921
decision_type=2 10 2 2 8 10 2 1 1 2 10 2 2 10 1 1 1 2 2 1 1 1 1 2 2 10 2 10 8 8
left_child=1 3 19 12 -3 6 14 8 -8 -7 11 13 -1 20 -5 -9 -15 -16 -14 -2 21 -6 -22 -21 25 26 -25 28 -28 -30
right_child=2 4 -4 5 10 9 7 15 -10 -11 -12 -13 18 16 17 -17 -18 -19 -20 23 22 -23 -24 24 -26 -27 27 -29 29 -31
leaf_value=0.0050350006833834188 -0.013586962979092315 -0.031634372976556795 -0.024997496559243222 0.00030696155593543627 -0.017797934055861584 0.009085901584164599 0.00099646036155552229 0.0056801881393773353 -0.0074131113267161403 -0.010144679034006843 0.0029554654886153669 0.0027168641749935715 -0.004896701456145818 -0.0064675189891411624 0.0054100685562044242 9.9974644839942892e-05 0.0030229840428791137 0.016496654999409891 0.0027121825731377643 -0.0082399376590124793 -0.0031478450309486896 0.0054675963410892965 -0.013517568319947321 -0.0073697207429378065 -0.027518812242456638 0.0012626703750867703 0.04240457631433573 0.014134509450628963 0.23815103839154653 0.06889350516166208
leaf_weight=966.46707926318049 495.88548514526337 88.824934027157724 317.74603471625596 2049.6138501986861 207.57383916433901 2069.7856144364923 2073.8489359198138 2714.7929963329807 1867.8748192451894 173.87960227578878 1407.4330202173442 1061.1844560625032 3683.3965626740828 957.41781001538038 3855.5095178708434 3671.8255066480488 1093.2307185828686 416.49462644010782 995.70568669773638 560.10058058518916 734.89484330546111 523.50606446433812 1578.0064069721848 42.342522183433175 52.520028956234455 334.79668368026614 34.751517172902822 49.389381304383278 3.0716372635215494 9.6309809032827616
leaf_count=7866 10784 3784 21702 9134 2969 13867 22145 25214 22673 1454 10510 10076 32231 5009 17224 35893 5672 1879 6716 14878 9944 6279 23078 662 1406 3828 472 762 49 128
internal_value=-5.04463e-05 0.000480862 -0.00905117 0.00158663 -0.0030652 0.00261488 0.0019437 0.000387381 -0.00299728 0.00759557 -0.00272967 -0.00402949 -0.00185452 -0.00543473 0.00448644 0.00247716 -0.00142479 0.00647579 -0.00327754 -0.00584933 -0.00813611 -0.00128916 -0.0102505 -0.00217312 0.00423956 0.00775857 0.0233837 0.03683 0.060451 0.109822
internal_weight=34091.5 32191.3 1900.23 24539.2 7652.07 18893.6 16650 10328.3 3941.72 2243.67 7563.25 6155.81 5645.57 5094.63 6321.62 6386.62 2050.65 4272 4679.1 1582.49 3043.98 731.08 2312.9 1086.6 526.503 473.983 139.186 96.8435 47.4541 12.7026
internal_count=328288 273617 54671 196296 77321 149483 134162 105925 44818 15321 73537 63027 46813 52951 28237 61107 10681 19103 38947 32969 42270 9248 33022 22185 7307 5901 2073 1411 649 177
cat_boundaries=0 1 2 3 4 5 6 7 8 9
cat_threshold=7712 8801406 15220764 3260958 9013094 21248024 6 10759440 8586508
is_linear=0
shrinkage=0.05


Tree=76
num_leaves=31
num_cat=10
split_feature=10 0 4 17 14 12 8 6 6 0 26 11 1 16 23 2 1 30 2 1 1 1 28 2 14 0 1 24 26 1
split_gain=59.939 68.0026 43.6625 38.2981 36.2577 26.5239 25.6546 22.5807 21.4357 21.0303 20.8648 18.6092 18.2505 18.0417 17.5008 17.4852 27.1873 16.6711 16.5466 19.4827 15.539 15.4731 15.1599 14.9072 17.1569 16.1522 15.5591 14.8737 14.7952 14.7745
threshold=0.15500000000000003 5.5000000000000009 1.5000000000000002 28.335000000000004 7.3250000000000011 26.900000000000002 1.0000000180025095e-35 43.500000000000007 36.500000000000007 5.5000000000000009 0.19292803970223329 7.535000000000001 0 71.390000000000015 4.2678571428571432 1 2 -0.13889545454545452 3 4 5 6 1299.8084238277409 7 6.7350000000000012 1.5000000000000002 8 0.1181666666666667 0.11834733893557424 9
decision_type=8 2 2 2 2 2 2 2 2 2 8 2 1 2 10 1 1 8 1 1 1 1 2 1 2 2 1 10 10 1
left_child=2 3 4 10 8 -6 7 17 -1 -4 15 23 27 -14 20 16 -2 -5 -9 -20 -3 -12 -19 25 -25 -10 -26 -7 -28 -24
right_child=1 14 9 6 5 12 -8 18 11 -11 21 -13 13 -15 -16 -17 -18 22 19 -21 -22 -23 29 24 26 -27 28 -29 -30 -31
leaf_value=0.0053381732473735512 -0.017558363452118007 -0.019491702811445015 -0.0032296326949528332 0.021970124876644154 0.11677490280156372 0.031658102634694811 -0.0057059748065309375 0.00089975250976670701 0.0023931077380817474 -0.026329084499096184 0.0018206763268706961 0.024891763584111666 0.026943357005576981 0.0017746342342087166 -0.030111986169046003 -0.011470122827732666 0.004339360081793915 -0.023754334304602838 0.0012061854430883174 -0.0086965827254102193 -0.0055557317904453537 -0.0057387711519789695 -0.00028728359625156591 0.00090585574981700905 -0.0053638759786743991 -0.0061500943638629572 0.025775750396238646 0.013130175186485335 0.007769142815271796 0.0042922072453136437
leaf_weight=4315.2349820556119 186.4819676540792 359.1875608516857 1868.168941963464 110.04053775966167 5.9389537200331679 136.3291041944176 1630.7967649828643 2662.1935556866229 922.3081239759922 104.01958269346505 1344.3765499619767 79.07268787547946 81.063391844742 585.32015007641166 151.72350625041872 1532.249541727826 500.49679034668952 55.138208709657192 792.33097218628973 1329.6678794659674 497.83577389456332 1348.7592408983037 2839.9682886926457 3422.0830466784537 133.79829708486795 1382.6840855777264 173.63806769810617 527.20616574119776 332.56328070349991 4643.3205311372876
leaf_count=33433 2692 11019 16011 984 49 855 15904 23860 4221 3215 8324 467 520 3819 11191 22761 6532 2251 7503 12819 14770 8445 25094 26405 860 16507 1388 3336 1787 41266
internal_value=-4.95216e-05 -0.0018096 0.00245053 -0.00113712 0.00357518 0.0113445 0.000190448 0.000963884 0.00261075 -0.00444797 -0.00493778 0.000784931 0.0108737 0.00476482 -0.0144597 -0.0085275 -0.00177146 0.00264917 -0.00173038 -0.00501068 -0.0116887 -0.00197975 0.00236714 0.000485549 0.00230545 -0.00271986 0.00982511 0.0166854 0.0136756 0.00255961
internal_weight=34054 19984.6 14069.4 18975.8 12097.2 1335.86 14063.5 12432.7 10761.4 1972.19 4912.36 6446.15 1329.92 666.384 1008.75 2219.23 686.979 7648.47 4784.19 2122 857.023 2693.14 7538.43 6367.07 4062.08 2304.99 640 663.535 506.201 7483.29
internal_count=328288 215415 112873 178435 93647 8579 129681 113777 85068 19226 48754 51635 8530 4339 36980 31985 9224 69595 44182 20322 25789 16769 68611 51168 30440 20728 4035 4191 3175 66360
cat_boundaries=0 1 2 3 4 5 6 7 8 9 10
cat_threshold=29387598 22 27534344 910 8130648 21387848 15527488 7200 4540418 14713516
is_linear=0
shrinkage=0.05


Tree=77
num_leaves=31
num_cat=8
split_feature=23 0 6 14 1 1 15 6 1 26 2 3 30 16 22 2 22 24 7 25 12 1 6 17 4 1 2 27 19 17
split_gain=56.5917 51.4815 32.4675 36.0965 33.799 28.8806 25.1917 27.2196 26.1582 19.38 18.7192 21.7185 19.2526 21.5494 18.4501 17.7916 19.6932 17.5357 17.3861 16.8446 16.7212 16.5259 19.1633 16.1207 16.0182 19.5539 15.9881 25.2992 29.2604 15.9372
threshold=5.1055555555555561 2.5000000000000004 35.500000000000007 6.7150000000000007 0 1 43.775000000000006 24.500000000000004 2 0.051956815114709856 3 2.5000000000000004 -0.031444610281923711 49.845000000000006 0.38750000000000007 4 0.21111111111111114 0.089500000000000024 53.150000000000013 0.58333333333333337 9.1450000000000014 5 53.500000000000007 44.470000000000006 1.5000000000000002 6 7 31.500000000000004 35.595000000000006 40.785000000000004
decision_type=10 2 2 2 1 1 2 2 1 10 1 2 10 2 10 1 10 8 2 10 2 1 2 2 2 1 1 10 2 2
left_child=1 6 4 5 17 10 7 8 -1 26 -4 23 13 14 -13 21 -17 -3 19 -18 -2 22 -9 -12 -8 -26 27 -7 -29 -11
right_child=20 2 3 -5 -6 9 24 15 -10 29 11 12 -14 -15 -16 16 18 -19 -20 -21 -22 -23 -24 -25 25 -27 -28 28 -30 -31
leaf_value=0.020698589871476242 -0.03242935197244206 0.058855696776705636 0.0046331606789039139 0.002041845987758278 -0.0028426301641089492 -0.0046597413443744268 0.0057812980288982551 0.0013582978044863485 0.0028201802943929482 -0.0068181565833756097 -0.0085028095602498206 0.094177027522076948 -0.0010960798823226891 0.0086774153866683284 0.023988133326108586 -0.0049851041690993254 0.00089602033403842418 0.004786799604140188 -0.0043277152326947959 0.011069178395841822 -0.0092775068630091672 0.0063809523790573312 -0.016140632491622477 0.0067901522546124811 -0.011621488312146412 0.0042038393125286289 -0.014218019950757933 -0.012547197081602563 0.34234346780631353 0.0027755335662481137
leaf_weight=303.71891100332141 161.29913683701307 15.078960954211651 891.43107332848012 2201.7283784812316 2652.3939610626549 538.60926889907569 4903.2088070623577 1244.2805726528168 620.6162580344826 2281.7293119151145 1508.3517969651148 15.334422732703386 434.47569373808801 119.61669483967125 24.04211310017854 2423.2938137352467 3956.9392718598247 2718.642016354017 1475.5881260447204 453.53957489877939 150.99832176044583 1785.8997192885727 178.95540694706142 194.54788691550493 303.49233499914408 509.04502736777067 1425.9771568728611 1.1901302002370351 1.1344271004199979 534.25077434815466
leaf_count=2022 10152 169 11005 20921 37382 10049 26194 7540 4118 25917 24006 183 4098 1249 232 17172 22872 35447 8941 2597 2470 10712 1242 2744 1821 3055 28593 23 20 5342
internal_value=-4.87073e-05 0.000147528 -0.00196317 -0.00362519 0.00117578 -0.00519059 0.00195601 0.000693789 0.00894912 -0.00764204 -0.00148387 -0.00386825 0.00435173 0.0192388 0.0513218 3.13159e-05 -0.00119005 0.00506651 0.000370346 0.00194215 -0.0212352 0.00318756 -0.000836115 -0.00675566 0.00470379 -0.0017984 -0.0114663 -0.00387769 0.160646 -0.00499803
internal_weight=34029.4 33717.1 15558.5 10172.4 5386.11 7970.69 18158.6 12442.8 924.335 4782.89 3187.8 2296.37 593.469 158.993 39.3765 11518.5 8309.36 2733.72 5886.07 4410.48 312.297 3209.14 1423.24 1702.9 5715.75 812.537 1966.91 540.934 2.32456 2815.98
internal_count=328288 315666 207380 134382 72998 113461 108286 77216 6140 69944 43517 32512 5762 1664 415 71076 51582 35616 34410 25469 12622 19494 8782 26750 31070 4876 38685 10092 43 31259
cat_boundaries=0 1 2 3 4 5 6 7 8
cat_threshold=97718 1261678 18881328 14 518 27682066 2343238 524
is_linear=0
shrinkage=0.05


Tree=78
num_leaves=31
num_cat=9
split_feature=10 0 17 4 7 8 12 24 1 2 6 6 15 1 15 1 1 26 2 1 6 30 32 14 1 2 17 14 27 28
split_gain=53.5635 44.2582 39.1343 37.6774 41.6429 28.9537 22.6687 21.8679 21.4164 19.9747 19.7335 19.5816 18.1937 18.7011 17.605 19.3894 17.4761 16.1283 15.7806 20.1228 15.2251 34.0111 15.1952 14.6916 16.7408 15.2019 24.6869 15.076 14.3617 14.2273
threshold=0.17500000000000002 4.5000000000000009 38.815000000000005 1.5000000000000002 52.45000000000001 1.0000000180025095e-35 18.215000000000003 0.12950000000000006 0 1 39.500000000000007 42.500000000000007 38.915000000000006 2 32.370000000000012 3 4 0.12632978723404256 5 6 19.500000000000004 0.018541798941798932 0.6680329934315522 6.4350000000000014 7 8 45.475000000000009 6.4150000000000009 27.500000000000004 1500.0001822339871
decision_type=8 2 2 2 2 2 2 10 1 1 2 2 2 1 2 1 1 8 1 1 2 10 10 2 1 1 2 2 10 2
left_child=2 14 3 4 5 7 -3 8 -1 11 -6 -9 22 -14 18 -16 -8 -5 19 -2 21 -4 -11 24 25 -22 -27 -26 -21 -10
right_child=1 6 20 17 10 -7 16 9 29 12 -12 -13 13 -15 15 -17 -18 -19 -20 28 23 -23 -24 -25 27 26 -28 -29 -30 -31
leaf_value=0.0017083906642726559 -0.0072407124869445123 -0.025492806203084636 0.46224299352584519 -0.01662606557316142 0.0006277704219821191 -0.0034752503977429961 0.002666636987201044 0.0020404612625471124 0.02636287220093857 0.0019586733268662049 -0.0047109760882911838 -0.0066270814525039665 0.0028009429712318994 0.013246939181984314 0.0072155524666403905 -0.0022063910940972957 -0.013537223476371651 -0.0047107512338359159 -0.0073034762547108945 0.0018571651860134525 0.011830211572313298 0.024458898105010219 -0.057677336971651109 0.0075968298130977751 0.00066964940774360692 -0.0028650259279618135 0.013284247954634593 -0.030711197827052408 0.070237071080393912 0.010407904185757641
leaf_weight=774.32174585573375 885.97134068235755 275.31042963545769 0.58322561718523447 364.87333776522428 3033.5764600997791 1685.7938467524946 237.00981218926609 2028.312552113086 161.40108277089894 2207.9947719527408 4030.6589854853228 960.05042675323784 815.46268640179187 939.15401105023921 867.23369014263153 1439.1780535802245 558.72804905474186 1281.3186874054372 1999.6955152051523 1520.9220241578296 747.65610321424901 1.8538191905245183 10.733365274965761 2203.4934107000008 2812.8636735640466 711.13652224745601 354.67277408391237 38.801255718804896 7.7176745655015102 1040.358352445066
leaf_count=6030 9038 17157 20 6431 27186 15195 5836 18246 1669 20087 38217 9198 5564 6185 6250 10723 14621 10100 21997 14913 6438 48 59 15560 24628 6229 3051 292 83 7237
internal_value=-4.69366e-05 -0.00368659 0.00103527 -0.000116609 0.000556759 0.0025351 -0.0131262 0.00366873 0.00831083 0.00235107 -0.00241837 -0.000741618 0.00466722 0.0084836 -0.00218225 0.00135807 -0.00884753 -0.00735174 -0.00403202 -0.00128713 0.00427647 0.129228 0.00167018 0.00423213 0.00264288 0.00638201 0.0024857 0.000241817 0.00218808 0.0124471
internal_weight=33996.8 7791.77 26205.1 19334 17687.8 10623.6 1071.05 8937.79 1976.08 6961.71 7064.24 2988.36 3973.34 1754.62 6720.72 2306.41 795.738 1646.19 4414.31 2414.61 6871.06 2.43704 2218.73 6868.62 4665.13 1813.47 1065.81 2851.66 1528.64 1201.76
internal_count=328288 100618 227670 171404 154873 89470 37614 74275 14936 59339 65403 27444 31895 11749 63004 16973 20457 16531 46031 24034 56266 68 20146 56198 40638 15718 9280 24920 14996 8906
cat_boundaries=0 1 2 3 4 5 6 7 8 9
cat_threshold=24386080 7688 18727336 4540446 1181850 398 12968002 1364194 2438
is_linear=0
shrinkage=0.05


Tree=79
num_leaves=31
num_cat=11
split_feature=0 25 29 24 6 12 17 0 27 1 26 2 12 23 1 14 32 1 1 28 1 19 11 1 2 6 1 2 1 18
split_gain=51.9803 41.4231 33.2458 31.453 32.7468 28.9234 23.7557 21.0698 34.0521 21.6758 19.8433 21.4214 19.6402 18.0307 17.9554 16.1011 18.0942 16.086 15.7195 15.3326 15.1822 14.9129 19.4394 17.0284 14.7406 14.69 20.1308 14.1452 14.1024 13.921
threshold=5.5000000000000009 1.0000000180025095e-35 4.7500000000000009 0.19387500000000005 24.500000000000004 9.1450000000000014 39.615000000000002 1.5000000000000002 1.0000000180025095e-35 0 0.66939890710382521 1 18.215000000000003 5.0500000000000007 2 7.0950000000000006 0.30633234390459829 3 4 1421.0503110957995 5 33.265000000000008 7.6450000000000005 6 7 41.500000000000007 8 9 10 40.57500000000001
decision_type=2 10 2 10 2 2 2 2 8 1 10 1 2 8 1 2 8 1 1 2 1 2 2 1 1 2 1 1 1 2
left_child=1 3 18 4 5 -1 10 17 9 -9 11 25 -11 -5 -10 27 -17 29 -2 -8 -13 22 23 -21 -20 -3 -27 -14 -12 -6
right_child=2 6 -4 13 7 -7 19 8 14 12 28 20 15 -15 -16 16 -18 -19 24 21 -22 -23 -24 -25 -26 26 -28 -29 -30 -31
leaf_value=-0.013707720122830334 -0.012615877139141508 0.0051638975959133393 -0.023417041896301935 -0.0051011263836612322 -0.010275647775574243 0.011873180252321357 0.030711309806366827 -0.013853415147952883 0.0031938259208971771 -0.024550326495449873 0.00023727353385816384 -0.0055096716696842315 0.0017728385509165143 -0.023208746065906088 -0.0026579434200652303 0.12483693448788968 0.011183047261065414 0.0034500857831001918 -0.0098828804586385856 -0.0057322064133052226 0.0002559552544310642 0.0085483328926375252 0.039650686931802986 0.0050762920391415924 0.0023733164312222783 -0.0065890977986310696 0.0043413683593625579 -0.0085583851384430521 0.010893919564895516 -0.00012318193369770288
leaf_weight=126.93557078950107 484.52480957936496 2815.8182671163231 299.83766520861536 2671.4756575291976 404.84022444486618 853.35010435339063 61.587412055581808 859.9659469416365 2119.5954849310219 107.84779410902411 502.92617027461529 1770.9219349427149 586.47311387583613 144.93546734657139 3400.4197187945247 3.6013185344636431 126.92520592547953 3603.838305324316 361.4459610292688 562.67891415953636 3186.8333358643577 1887.8460533246398 33.517036437988281 993.7113208193332 716.25149951595813 777.64720421843231 895.92587742395699 751.04055868275464 832.81081984937191 2034.4773959070444
leaf_count=4382 10784 21121 21702 28472 1799 8181 838 12887 21314 2570 2368 15823 7246 4070 36582 48 1214 16003 8770 4005 26921 13409 196 7132 13415 6424 7371 10122 4152 8967
internal_value=-4.51875e-05 0.000425682 -0.00816703 -0.0011852 -0.000273728 0.00856075 0.00242725 -0.000892365 -0.00258296 -0.00750724 0.00126059 0.000454065 -0.00393126 -0.00603296 -0.000409989 -0.00244328 0.0143188 0.00133332 -0.0052401 0.00598155 -0.00181049 0.00554362 0.00197583 0.0011645 -0.00179032 0.00295233 -0.000751044 -0.00407908 0.00696486 -0.00180075
internal_weight=33980 32117.9 1862.06 17795.7 14979.3 980.286 14322.2 13999 7955.87 2435.85 10782.9 9447.15 1575.89 2816.41 5520.02 1468.04 130.527 6043.16 1562.22 3539.34 4957.76 3477.75 1589.91 1556.39 1077.7 4489.39 1673.57 1337.51 1335.74 2439.32
internal_count=328288 273617 54671 163857 131315 12563 109760 118752 91983 34087 84180 77660 21200 32542 57896 18630 1262 26769 32969 25580 42744 24742 11333 11137 22185 34916 13795 17368 6520 10766
cat_boundaries=0 1 2 3 4 5 6 7 8 9 10 11
cat_threshold=22094784 1478 18024478 8541342 21248024 2961616 11668012 7202 19499442 1408 2246750
is_linear=0
shrinkage=0.05


Tree=80
num_leaves=31
num_cat=10
split_feature=0 12 1 6 6 18 10 26 14 4 1 18 21 26 1 17 18 20 30 1 15 1 24 1 1 1 2 12 1 5
split_gain=48.1006 39.2785 32.046 28.3614 23.6402 25.8741 21.0342 20.7927 19.0219 23.281 18.7855 17.546 16.9352 16.7866 16.8959 16.2308 16.0879 24.5648 20.2962 16.057 15.8201 15.627 14.6697 14.3947 14.1288 14.1101 13.701 14.7056 13.5524 15.791
threshold=3.5000000000000004 3.1500000000000004 0 49.500000000000007 35.500000000000007 50.665000000000006 0.15500000000000003 0.40238095238095245 6.8450000000000006 1.5000000000000002 1 51.785000000000004 0.47222222222222227 0.74388789505068587 2 39.960000000000008 43.645000000000003 33.225000000000001 -0.05486666666666664 3 23.515000000000004 4 0.17387500000000003 5 6 7 8 28.820000000000004 9 1500.0000000000002
decision_type=2 2 1 2 2 2 10 10 2 2 1 2 10 8 1 2 2 2 10 1 2 1 8 1 1 1 1 2 1 2
left_child=3 -2 12 8 20 6 25 -7 9 16 -5 -12 15 19 -15 -3 17 -1 24 -10 -4 -19 23 -11 -18 -6 27 -8 29 -29
right_child=1 2 4 10 5 7 26 -9 13 22 11 -13 -14 14 -16 -17 18 21 -20 -21 -22 -23 -24 -25 -26 -27 -28 28 -30 -31
leaf_value=0.0081428317311401845 -0.030835789641870656 -0.013748179925915075 -0.0028795956720786046 -0.0062415478665664272 -0.0083171285340345857 -0.00042051809700633107 -0.015395320994850917 0.038578386033556095 0.0081062446136861768 -0.012143399942015066 -0.0034432642612352519 0.0050081526702027875 0.010131195300869585 -0.00046091121094525664 0.015741510708032296 -0.00093220133139779952 0.013874226827041571 0.00069432660487164582 0.0017516348500948354 -0.00020967622135499521 0.0050408962282266177 -0.0063476656152149924 -0.024519106525756701 0.0015788349791628596 0.0043114248909151423 0.0027702896622405471 -0.016009519329730878 0.095886640052269448 -0.0058405448297567126 0.009554501791888298
leaf_weight=598.78770309500396 125.08329241722822 1081.4413395887241 958.59787862654775 1882.6928917355835 479.89557022973895 2701.6702978713438 280.20081085618585 34.615949595347047 1001.1512198485434 323.73474640026689 1358.3517576418817 1120.9068818110973 103.57469984702766 225.45561798661947 612.7416117452085 320.18984563834965 582.61502721346915 1545.3531959727407 10158.279116619378 1370.5578773096204 1841.6354927858338 1600.4119118005037 101.68209709972143 447.91293692588806 1206.6730007715523 685.85625631082803 682.28926702961326 5.5334525723010293 386.00733326934278 123.79110772442073
leaf_count=4174 10226 20097 21033 14227 6301 39654 7333 261 5905 2243 10401 8003 1011 1151 3273 5132 4034 10931 68253 8274 23619 11403 735 3119 8145 8762 13654 75 5183 1676
internal_value=-4.41394e-05 -0.00299631 -0.00263677 0.00115574 -0.00139448 -0.00333541 -0.00686319 7.28455e-05 0.00196069 0.00127807 -0.00249357 0.00037622 -0.00931688 0.00548351 0.0115657 -0.0108205 0.00172027 -0.00113942 0.00261654 0.00333395 0.00232949 -0.00290627 -0.00666742 -0.00431506 0.00752683 -0.00184156 -0.0108244 -0.00609948 -0.00116343 0.0122975
internal_weight=33947.7 9810.38 9685.3 24137.3 8180.09 5379.86 2643.57 2736.29 19775.4 16565.4 4361.95 2479.26 1505.21 3209.91 838.197 1401.63 15692.1 3744.55 11947.6 2371.71 2800.23 3145.77 873.33 771.648 1789.29 1165.75 1477.82 795.533 515.332 129.325
internal_count=328288 164017 153791 164271 127551 82899 42984 39915 131640 113037 32631 18404 26240 18603 4424 25229 106940 26508 80432 14179 44652 22334 6097 5362 12179 15063 27921 14267 6934 1751
cat_boundaries=0 1 2 3 4 5 6 7 8 9 10
cat_threshold=21757952 10641154 5783590 29896218 14503088 12685980 17401280 79988 630 3162376
is_linear=0
shrinkage=0.05


Tree=81
num_leaves=31
num_cat=5
split_feature=29 0 25 21 23 0 10 1 1 30 17 17 6 1 4 6 8 24 7 7 11 6 14 1 18 1 18 7 28 19
split_gain=46.6701 37.8617 27.347 30.3408 26.2179 23.337 20.7499 21.2353 19.9807 18.5534 20.1451 17.7759 15.7193 15.6044 15.3484 15.2916 15.0882 15.3003 16.5663 15.0601 15.2598 14.9862 19.7419 14.5656 14.4827 19.8265 14.4345 21.5935 15.9488 14.1259
threshold=5.2500000000000009 2.5000000000000004 0.58333333333333337 0.70714285714285718 5.154761904761906 5.5000000000000009 0.17500000000000002 0 1 -0.18623219373219374 8.9100000000000019 71.655000000000015 39.500000000000007 2 1.0000000180025095e-35 28.500000000000004 1.0000000180025095e-35 0.11105555555555559 53.750000000000007 52.850000000000001 7.535000000000001 32.500000000000007 7.705000000000001 3 50.665000000000006 4 64.625000000000014 53.45000000000001 1600.6277480283104 9.1950000000000021
decision_type=2 2 10 10 10 2 8 1 1 10 2 2 2 1 2 2 2 8 2 2 2 2 2 1 2 1 2 2 2 2
left_child=1 6 3 5 9 8 7 -1 21 10 12 -6 -2 29 24 -15 17 18 -10 -9 -21 26 -23 -7 -4 -26 -3 28 -28 -11
right_child=4 2 14 -5 11 23 -8 19 16 13 -12 -13 -14 15 -16 -17 -18 -19 -20 20 -22 22 -24 -25 25 -27 27 -29 -30 -31
leaf_value=0.005412946569955098 0.05147734146310267 -0.00096885381508397079 0.00095862157449887176 0.13452317966583818 -0.026854640629151185 -0.01508387601055996 -0.0012001319854573202 0.0027854724726351257 0.0082250732455711375 0.017212606629596058 0.010263326522848722 0.30143640297771473 0.26245795980976155 0.0066363094105639855 -0.007181512036116321 -0.0057777494236961888 -0.0057298336248418069 0.00074499134016966584 0.045357339644543304 -0.0024400817679632778 0.036483849005166623 -0.0064355238693672434 0.011802787426728158 -0.0043131583068566764 -0.00097683067380067621 0.015351264073013749 0.040860016807943593 -0.044592228065692852 -0.0021821545126016629 -0.012820245816590135
leaf_weight=5442.2111421003938 2.4829405359923835 1246.7255014693365 763.27338767983019 4.0541734322905532 161.61369248665869 507.58884527999908 3733.3970755897462 5408.43517338112 215.05246171075851 41.026185321621597 114.87391763925552 0.4133919607847919 1.3699617758393285 325.79246576875448 255.74298487324268 1039.765484536998 879.81783326528966 5157.1004154523835 34.914017343893647 2313.5111854169518 25.457104966044426 3384.6562193594873 155.17710562422872 870.29410982597619 274.31925962679088 598.99910970125347 62.775847025215626 12.178334223106502 32.749587781727314 857.42530374601483
leaf_count=31043 44 14858 7286 35 9061 14115 24025 29589 1843 808 1485 15 24 7390 2793 16956 9413 54950 314 13221 136 39931 1298 23088 2419 5201 708 151 263 15825
internal_value=-4.26649e-05 0.000485475 -0.00139374 -0.00223778 -0.00655495 -0.00228193 0.00209068 0.00302216 -0.00152531 -0.00523151 0.0140353 -0.026017 0.126495 -0.00624188 0.00420974 -0.00279555 0.000341949 0.00133056 0.0134115 0.00133404 -0.00201644 -0.00391657 -0.005636 -0.00842168 0.0059898 0.010387 0.000548278 0.0181098 0.0261036 -0.0113228
internal_weight=33923.2 31378.4 14455.4 12563.1 2544.76 12559 16923 13189.6 11181.1 2382.74 118.727 162.027 3.8529 2264.01 1892.33 1365.56 6286.88 5407.07 249.966 7747.4 2338.97 4894.26 3539.83 1377.88 1636.59 873.318 1354.43 107.704 95.5254 898.451
internal_count=328288 276680 178666 160967 51608 160932 98014 73989 123729 42532 1553 9076 68 40979 17699 24346 66520 57107 2157 42946 13357 57209 41229 37203 14906 7620 15980 1122 971 16633
cat_boundaries=0 1 2 3 4 5
cat_threshold=31208192 32256896 18690704 21248084 512040
is_linear=0
shrinkage=0.05


Tree=82
num_leaves=31
num_cat=8
split_feature=10 0 4 17 14 12 8 7 21 0 1 7 6 1 1 7 30 32 26 6 1 2 1 16 26 2 23 28 21 1
split_gain=43.6581 50.9163 35.7615 31.2343 28.648 22.7759 22.2178 18.9591 18.2224 18.1433 17.3136 17.2274 21.3416 22.1987 19.9091 19.1248 17.3092 16.3454 16.3304 16.2263 16.0906 20.3288 15.9689 16.1915 15.7294 17.1304 14.7012 14.5725 14.5382 14.1113
threshold=0.15500000000000003 5.5000000000000009 1.5000000000000002 28.335000000000004 7.3250000000000011 26.900000000000002 1.0000000180025095e-35 54.350000000000001 0.58571428571428574 5.5000000000000009 0 50.350000000000001 28.500000000000004 1 2 47.95000000000001 -0.14899999999999991 0.059191061974462784 0.19292803970223329 36.500000000000007 3 4 5 71.390000000000015 0.074537037037037054 6 4.2678571428571432 1299.8084238277409 0.5277777777777779 7
decision_type=8 2 2 2 2 2 2 2 8 2 1 2 2 1 1 2 8 8 8 2 1 1 1 2 10 1 10 2 10 1
left_child=2 3 4 18 8 -6 7 11 19 -4 -9 15 13 -13 16 -5 -14 -18 20 -1 -2 -22 -7 28 25 -19 29 -15 -24 -3
right_child=1 26 9 6 5 22 -8 10 -10 -11 -12 12 14 27 -16 -17 17 24 -20 -21 21 -23 23 -25 -26 -27 -28 -29 -30 -31
leaf_value=0.0042458600181975031 -0.013648584671131156 -0.01785613217828887 -0.0030620352615188602 0.00025339706338904075 0.10575097119309246 0.014972176637291564 -0.0052900507603835774 0.0040959988982478155 0.011885047286722872 -0.024998266087620805 -0.0070842659021288744 0.00067343967139225588 0.036666748351945798 -0.040721301624041875 0.0036370323297882086 -0.011269050232863634 0.11021332252274459 -0.00055123210174263051 -0.0018182081878809831 0.00018955046919174516 0.00053301845240315976 -0.011450703371442314 0.03007656598494737 0.0010185641402706482 4.9822223462089793e-05 -0.01554616561927772 -0.027893210887982169 0.014076613586414289 -0.059888004781951859 -0.0044008720878252463
leaf_weight=4102.8391621252522 732.89432541374117 342.80942709837109 1860.8941559586674 1521.1870639109984 6.1822096332907668 666.35964741092175 1618.1199572887272 476.3900055848062 469.1254056962207 99.290462269447744 1222.6046909242868 608.63016183953732 29.00807841680944 12.304986142553387 4425.1783388778567 471.81503456272185 3.2322869505733243 377.08955223299563 2683.9736274247989 6177.7824003854766 848.05439031682909 600.43647758942097 76.699836087413132 585.41597353015095 1993.8002482373267 389.30625229794532 137.40937803499401 864.72751655988395 4.7698903977870932 485.98067423142493
leaf_count=31955 11218 11019 16011 14127 49 4191 15904 4686 3154 3215 12357 6321 265 641 38077 4865 50 4673 16769 49959 11384 9383 491 3819 13716 5803 11191 8196 29 14770
internal_value=-4.12259e-05 -0.00155111 0.0020915 -0.000978151 0.00310728 0.0100027 0.000220202 0.000939529 0.00224811 -0.00417318 -0.00396696 0.00171887 0.00267911 0.00813642 0.00155578 -0.00247438 -0.00174914 -0.00215872 -0.00442969 0.00180836 -0.00764286 -0.00447899 0.00955868 0.00386696 -0.00229032 -0.00837825 -0.0127462 0.0131578 0.0248093 -0.0102349
internal_weight=33894.3 19845 14049.4 18878.8 12089.2 1339.43 14013.4 12395.3 10749.7 1960.18 1698.99 10696.3 8703.28 1485.66 7217.61 1993 2792.44 2763.43 4865.36 10280.6 2181.39 1448.49 1333.25 666.886 2760.2 766.396 966.199 877.033 81.4697 828.79
internal_count=328288 215415 112873 178435 93647 8579 129681 113777 85068 19226 17043 96734 77742 15158 62584 18992 24507 24242 48754 81914 31985 20767 8530 4339 24192 10476 36980 8837 520 25789
cat_boundaries=0 1 2 3 4 5 6 7 8
cat_threshold=1646692 12952776 2655142 19150400 574 29387598 542 21387848
is_linear=0
shrinkage=0.05


Tree=83
num_leaves=31
num_cat=9
split_feature=23 0 2 7 24 17 1 1 24 25 2 1 2 26 16 1 4 21 24 20 17 20 18 23 1 26 17 4 14 1
split_gain=41.8588 38.6248 47.0723 38.2656 25.0756 27.5546 23.9452 22.4838 25.381 21.8689 21.4674 18.5173 17.6762 16.9802 21.3275 16.3763 19.4308 21.1939 19.425 18.4646 15.2967 15.2209 15.1267 16.1595 15.1082 14.9296 14.8913 14.7412 17.3809 18.4878
threshold=5.1055555555555561 1.5000000000000002 0 52.45000000000001 0.13707142857142862 49.285000000000004 1 2 0.17612500000000006 1.0000000180025095e-35 3 4 5 0.12060606060606062 90.160000000000011 6 1.0000000180025095e-35 0.29285714285714287 0.18166666666666673 68.215000000000018 45.765000000000008 64.015000000000015 51.025000000000013 3.1180555555555558 7 0.84680573663624525 32.735000000000007 2.5000000000000004 7.245000000000001 8
decision_type=10 2 1 2 10 2 1 1 8 10 1 1 1 10 2 1 2 10 8 2 2 2 2 10 1 10 2 2 2 1
left_child=1 6 13 4 27 9 25 12 -9 -6 -8 -7 -5 -3 -15 21 17 20 19 24 -17 -12 23 -16 -18 -1 -26 28 -4 -30
right_child=-2 2 3 7 5 11 10 8 -10 -11 15 -13 -14 14 22 16 18 -19 -20 -21 -22 -23 -24 -25 26 -27 -28 -29 29 -31
leaf_value=0.0065823352498094448 -0.018873860166657534 -0.010985815584901505 0.0050711601818902424 0.0054448494218685755 -0.0030241989211309515 0.023071076878714326 0.0090182111078207644 -0.0032117176432706219 -0.012318421489846828 0.0022791446341255193 -0.010959966726175488 0.0013730206134181951 -0.0024782310108337827 -0.0041111967652228158 -0.028396977776415457 -0.00016818490315813196 0.00718414288009588 0.0066086119113555365 -0.018826427703906811 0.034584771449459692 0.009914234538791436 0.027473195349759855 0.088476901752377934 0.10403955124396494 -0.014914220019324728 0.02878016971883636 -0.0010519524666599827 -0.0037298380280125472 0.0016993548801374056 0.025097131190308587
leaf_weight=1877.1670535877347 292.48697736533359 1410.2300311438739 2436.5724446270615 1018.4922802243382 4136.7007637331262 201.73911649920046 838.16129602491856 2895.301948309876 1039.9239606745541 3667.0341737354174 426.58606813102961 198.59943380393088 2220.8499139323831 1521.8375861095265 8.7899115197360533 5094.3917104974389 267.5750000923872 1980.3155851364136 198.51986560970545 33.716497533023357 406.18509206920862 27.416980877518654 10.57218077406287 3.1211899481713763 315.61627893894911 78.932567983865738 501.67258488386869 392.92877567186952 145.91215064376593 227.04540577251464
leaf_count=8488 12622 27578 22678 11720 57955 2085 3784 34277 16355 35368 1905 1974 26887 17037 90 22637 1194 9249 884 154 1789 121 99 36 1388 403 2256 4980 884 1411
internal_value=-4.05334e-05 0.000123498 -0.00114473 -0.000210527 0.00158889 0.000124201 0.00239077 -0.00307164 -0.00560402 -0.000532118 0.00140315 0.0129177 2.19811e-05 -0.00699552 -0.003397 0.000704287 0.00118588 0.00217318 -0.00441281 -0.00185475 0.000576342 -0.00845283 0.0449451 0.00630674 -0.00298726 0.00744003 -0.00632779 0.00534115 0.00660977 0.0166617
internal_weight=33874.4 33581.9 21535.7 18581.1 11406.5 8204.07 12046.3 7174.57 3935.23 7803.73 10090.2 400.339 3239.34 2954.55 1544.32 9252 8797.99 7480.89 1317.1 1118.58 5500.58 454.003 22.4833 11.9111 1084.86 1956.1 817.289 3202.46 2809.53 372.958
internal_count=328288 315666 261414 216574 127335 97382 54252 89239 50632 93323 45361 4059 38607 44840 17262 41577 39551 33675 5876 4992 24426 2026 225 126 4838 8891 3644 29953 24973 2295
cat_boundaries=0 1 2 3 4 5 6 7 8 9
cat_threshold=6144 17571840 230750 2 31743088 14 4 1049762 11277076
is_linear=0
shrinkage=0.05


Tree=84
num_leaves=31
num_cat=8
split_feature=15 12 4 6 10 18 0 1 2 14 1 22 11 24 6 1 1 8 18 1 24 12 26 28 24 17 17 2 1 26
split_gain=40.5512 38.3835 30.2212 31.7357 38.4752 28.1656 28.0937 28.041 27.415 22.0207 19.9696 19.5154 19.4009 27.5429 18.8375 20.7781 18.335 18.2439 17.3078 16.5583 16.0766 17.7295 15.2017 16.274 15.1211 18.3074 16.3098 14.9778 14.9664 15.8253
threshold=23.830000000000002 3.1500000000000004 1.5000000000000002 35.500000000000007 0.14500000000000005 59.685000000000009 4.5000000000000009 0 1 7.4050000000000011 2 0.18333333333333338 3.0150000000000001 0.16267857142857148 49.500000000000007 3 4 1.0000000180025095e-35 41.775000000000013 5 0.17154761904761909 52.650000000000013 0.11834733893557424 1520.4998629759523 0.16683333333333339 18.775000000000002 37.32500000000001 6 7 0.38548951048951058
decision_type=2 2 2 2 10 2 2 1 1 2 1 10 2 8 2 1 1 2 2 1 8 2 8 2 10 2 2 1 1 10
left_child=1 11 3 -2 9 6 14 -7 10 12 22 -1 13 -5 -3 -16 -11 28 -12 -14 21 -4 -6 -24 27 -26 -27 -21 29 -10
right_child=2 5 20 4 8 7 -8 -9 17 16 18 -13 19 -15 15 -17 -18 -19 -20 24 -22 -23 23 -25 25 26 -28 -29 -30 -31
leaf_value=-0.031368600240161033 0.0044848446582842361 -0.0011749399333640649 -0.00030060575697235905 0.26306664165633287 -0.0069167779236561913 0.011274902047201697 -0.011393754784605472 -0.0026835982355925699 -0.0042108835076806695 0.0033624379642980436 -0.013913294123894705 0.053005806291938885 0.0091113923862247807 -0.030835641444890739 -0.00065178798870605531 -0.013736318735975498 0.021029930568139246 -0.0060220532515421407 -0.0044637749886121975 0.008057262824884991 -0.017111629564418387 -0.011044362038123798 0.012613017961842377 -0.00025601618588143944 0.033105784632514061 -0.023499285767195476 0.0027650587387023306 -0.00096222089808197572 0.0035440433807468032 0.0051058273569545938
leaf_weight=148.67876417096704 6584.3105537043884 5318.7044943980873 1469.0343601973727 1.7103238375857466 473.49756738729775 676.71469080355018 1018.4781545773149 752.89976520091295 1576.3069588802755 279.06759685836732 593.98185770027339 7.1844130521640173 798.1544735878706 1.4930464727804063 551.39190630055964 686.32761757075787 338.79781801067293 835.89731699414551 2630.8628041455522 709.43734877370298 228.53289789613336 519.88839925266802 355.86027109622955 793.33272736147046 22.477995610795915 162.75190118141472 92.819937418214977 1277.7010581502691 4289.5939984787256 641.19406946748495
leaf_count=10732 52513 48322 14815 27 7879 7534 30696 8161 15509 1770 6232 197 5993 23 5606 7381 2140 7246 25739 5229 2398 4747 2731 5382 171 1336 707 9385 34778 2909
internal_value=-3.79849e-05 -0.00287892 0.00101662 0.00156643 0.000355979 -0.0024531 -0.00366795 0.00398382 -0.000997268 0.00483343 -0.00391094 -0.0274794 0.00309834 0.126083 -0.00246782 -0.00802354 0.0134449 0.000930276 -0.0061851 0.00296973 -0.00455207 -0.00310894 0.000618787 0.00372902 0.000762088 -0.0101556 -0.0139605 0.00229357 0.0018248 -0.00151013
internal_weight=33837.1 9160.38 24676.7 22459.2 15874.9 9004.52 7574.9 1429.61 12190.5 3684.41 4847.54 155.863 3066.55 3.20337 6556.42 1237.72 617.865 7342.99 3224.84 3063.34 2217.46 1988.92 1622.69 1149.19 2265.19 278.05 255.572 1987.14 6507.1 2217.5
internal_count=328288 118629 209659 187699 135186 107700 92005 15695 108405 26781 47963 10929 22871 50 61309 12987 3910 60442 31971 22821 21960 19562 15992 8113 16828 2214 2043 14614 53196 18418
cat_boundaries=0 1 2 3 4 5 6 7 8
cat_threshold=19968806 7936 25627656 22714412 2052692 8786434 2822 27658756
is_linear=0
shrinkage=0.05


Tree=85
num_leaves=31
num_cat=7
split_feature=29 18 24 0 1 12 23 1 15 20 1 7 6 15 21 2 28 17 10 13 1 1 23 31 23 0 1 6 20 18
split_gain=37.4917 31.3514 24.6594 21.961 26.7513 21.765 17.9454 17.6907 16.8348 16.6741 16.403 16.1686 15.6497 14.578 14.5755 14.4279 15.3959 14.3303 14.9313 14.2238 19.4565 16.401 14.978 14.7994 14.4728 13.7154 13.7133 13.4209 15.985 21.8219
threshold=5.2500000000000009 50.505000000000003 0.13788888888888892 3.5000000000000004 0 3.1500000000000004 2.683333333333334 1 65.670000000000002 35.740000000000009 2 52.050000000000004 34.500000000000007 40.440000000000005 0.70714285714285718 3 1670.4643386640644 45.475000000000009 0.19500000000000003 62.545000000000009 4 5 1.5634920634920637 150.50000000000003 4.2678571428571432 5.5000000000000009 6 37.500000000000007 45.395000000000003 60.295000000000009
decision_type=2 2 8 2 1 2 10 1 2 2 1 2 2 2 10 1 2 2 8 2 1 1 10 2 8 2 1 2 2 2
left_child=1 3 9 10 -5 -2 26 8 27 -3 -1 13 -6 -12 -14 16 -13 18 25 21 24 22 -11 -22 -21 -4 -7 28 29 -8
right_child=5 2 17 4 12 6 7 -9 -10 19 11 15 14 -15 -16 -17 -18 -19 -20 20 23 -23 -24 -25 -26 -27 -28 -29 -30 -31
leaf_value=-0.0024098293263202018 -0.028599587783260823 -0.0076262687979850698 0.0010001288564000451 4.076253971595262e-06 -0.0018847907398908939 -0.0067830360612183595 0.013917965550763998 -0.0093779674844136698 0.064074055132029198 0.10782792332502103 0.0012935372602698922 0.0027512746248507009 -0.010962979879556259 0.0080411829074480204 0.082185749346777734 -0.0030244765697558518 0.037157306672682709 0.0047293099553893892 -0.007456431900955106 0.0097954913004618394 -0.00066541452049820185 0.013481904463237042 0.0037379629793951419 0.10190648105597794 0.11166931640748462 -0.0079725836800934417 0.026883048048212777 -0.0064103242432569296 -0.00010713282524821883 0.081960141423226801
leaf_weight=4290.0583190675825 101.42809119075537 234.03606446366757 8607.8285627067089 2050.7873568572104 738.96060870308429 49.169464734382927 85.515348146669567 1408.1633468945511 10.026543288491665 3.4693593606352797 1964.6458257399499 1155.1934371124953 1561.7755387257785 1350.7997301369905 4.210927251726388 2401.3953661862761 33.456181317567825 1960.779203559272 621.30822757072747 635.44039354659617 1315.2333485884592 1021.3482258869335 898.56094921194017 3.5260704215615979 3.5055610481649628 448.06134672649205 66.247460514307022 504.38736608996987 276.20342578133568 13.666761071886866
leaf_count=28754 8435 1850 66976 30868 11989 674 1616 25942 120 24 13683 7862 24662 7897 37 16250 191 16390 7783 4448 9298 8637 7630 26 25 11400 882 8429 5255 255
internal_value=-3.61648e-05 0.000435687 0.00200785 -0.00115687 -0.00416922 -0.00590979 -0.0049562 -0.00592246 -0.000344639 0.00533464 1.51088e-05 0.00152289 -0.00784831 0.00404271 -0.0107125 -0.000799938 0.00368865 0.000831512 4.17464e-05 0.0061162 0.00311593 0.00917002 0.00409294 -0.000388216 0.0101949 0.000556183 0.0142823 -0.00108272 0.00607572 0.0232938
internal_weight=33819.2 31304.4 15753.1 15551.3 4355.73 2514.81 2413.38 2297.96 889.799 4115.12 11195.5 6905.49 2304.95 3315.45 1565.99 3590.04 1188.65 11638 9677.2 3881.08 1957.71 1923.38 902.03 1318.76 638.946 9055.89 115.417 879.773 375.386 99.1821
internal_count=328288 276680 134487 142193 67556 51608 43173 41617 15675 31938 74637 45883 36688 21580 24699 24303 8053 102549 86159 30088 13797 16291 7654 9324 4473 78376 1556 15555 7126 1871
cat_boundaries=0 1 2 3 4 5 6 7
cat_threshold=11714958 8555628 3178982 2820 8552930 19374234 24511004
is_linear=0
shrinkage=0.05


Tree=86
num_leaves=31
num_cat=6
split_feature=8 26 27 7 7 1 30 11 17 17 25 1 28 1 18 2 23 6 24 1 24 19 19 20 23 16 18 6 30 1
split_gain=37.308 38.882 31.7907 22.1779 24.5192 20.5264 19.9683 19.9152 25.1898 19.287 18.7409 18.426 18.2494 16.9178 16.5715 16.0055 15.9447 22.1061 15.5226 15.9612 15.4802 17.5804 39.6249 18.7177 31.0228 20.4951 21.2496 15.4563 16.1864 17.3541
threshold=1.0000000180025095e-35 0.051956815114709856 1.0000000180025095e-35 52.45000000000001 51.45000000000001 0 -0.057141641337386022 2.8550000000000004 59.445000000000007 28.335000000000004 1.0000000180025095e-35 1 1436.9597033933576 2 49.615000000000002 3 4.6125000000000007 21.500000000000004 0.19683333333333339 4 0.14472222222222228 30.285000000000004 31.845000000000002 50.455000000000005 3.7071428571428577 1.0000000180025095e-35 52.275000000000013 32.500000000000007 -0.001133333333333361 5
decision_type=2 8 10 2 2 1 8 2 2 2 8 1 2 1 2 1 10 2 10 1 10 2 2 2 8 2 2 2 10 1
left_child=1 2 5 4 10 -1 -7 8 -2 13 18 15 -13 -6 -5 -4 17 20 -3 -20 -8 -22 -23 24 -24 26 -25 28 29 -11
right_child=7 3 11 14 9 6 16 -9 -10 27 -12 12 -14 -15 -16 -17 -18 -19 19 -21 21 22 23 25 -26 -27 -28 -29 -30 -31
leaf_value=-0.017172772427684942 -0.034185782756089904 -0.001969814763606372 0.0099827022028344189 -0.0028076096687463525 -0.0052265214823232035 0.01349534024841505 -0.037381613874548775 -0.003814637779992463 0.4040240136301691 0.0019873419529437743 0.0029936314515471834 -0.01538954557309806 -0.0018697415605073498 0.0029969089664049313 0.0014317481528224078 -0.00043528680025850584 -0.033173146285112552 -0.006908198312865369 -0.0013821825568991935 -0.023065962532357136 -0.003125343415196582 0.53132929747205415 0.52922720259397737 0.040176439352974977 0.027452306616058443 -0.052357915271546651 0.39955826030160191 0.0037181455004923212 0.0051020758816688501 0.017660671367817973
leaf_weight=539.1954597607255 63.559708509594202 1885.3220126247033 541.82185566052794 4204.0545618552715 922.77629006281495 127.02194038964808 2.9184160185977808 4569.9022379303351 0.32964556571096082 254.41132983006537 1897.3366025518626 311.64232859015465 1253.8134369589388 1888.339055375196 5103.4984004916623 1116.0892751007341 57.442280316725373 824.91962205991149 166.2687457613647 183.05040355399251 2.9784172596409899 0.59926990885287512 0.60087058972567287 1.0809965794906022 0.63206637650728237 2.2080190079286695 0.6639516046270727 5816.4458329174668 1379.4184270817786 683.05876142717898
leaf_count=13580 3740 14880 9422 33773 7134 2547 81 44156 23 1879 14063 10139 19990 14103 38385 19320 2827 17660 1571 1642 79 19 15 32 30 70 22 42104 9980 5022
internal_value=-3.46121e-05 0.000627485 -0.00349413 0.00143606 0.00262087 -0.00935278 -0.00500606 -0.00420221 -0.0319248 0.00385982 -0.000660782 -0.000658268 -0.00453224 0.000289556 -0.000483094 0.00300885 -0.00769066 -0.00594099 -0.00376359 -0.0134448 0.0623579 0.0955727 0.146386 0.101903 0.271992 0.0488521 0.176921 0.00509381 0.00854735 0.0136168
internal_weight=33801.4 29167.6 4783.63 24384 15076.4 1560.26 1021.07 4633.79 63.8894 10944.4 4131.98 3223.37 1565.46 2811.12 9307.55 1657.91 894.044 836.602 2234.64 349.319 11.682 8.76359 5.78517 5.1859 1.23294 3.95297 1.74495 8133.33 2316.89 937.47
internal_count=328288 280369 95833 184536 112378 36962 23382 47919 3763 80222 32156 58871 30129 21237 72158 28742 20835 18008 18093 3213 348 267 188 169 45 124 54 58985 16881 6901
cat_boundaries=0 1 2 3 4 5 6
cat_threshold=17953536 645342 17044082 1034 19181448 8704032
is_linear=0
shrinkage=0.05


Tree=87
num_leaves=31
num_cat=6
split_feature=0 8 11 14 6 13 1 0 27 1 4 23 11 1 1 1 25 6 27 31 26 30 18 4 30 10 15 16 1 4
split_gain=34.4756 30.8335 27.2346 26.4154 29.0168 26.778 26.5031 22.8412 27.6225 33.0453 22.341 21.2579 19.8907 19.8324 19.101 18.6267 17.6795 17.3348 19.9873 24.3826 16.319 15.663 15.6391 16.23 18.1718 14.8325 14.8227 15.3501 14.5654 14.5332
threshold=5.5000000000000009 1.0000000180025095e-35 5.785000000000001 6.7150000000000007 35.500000000000007 62.545000000000009 0 1.5000000000000002 1.0000000180025095e-35 1 2.5000000000000004 5.154761904761906 7.3350000000000009 2 3 4 1.0000000180025095e-35 57.500000000000007 1.5000000000000002 50.500000000000007 0.40238095238095245 -0.053643779904306181 41.945000000000007 1.0000000180025095e-35 0.05941856378915205 0.16500000000000004 8.3900000000000023 74.135000000000005 5 1.5000000000000002
decision_type=2 2 2 2 2 2 1 2 10 1 2 10 2 1 1 1 10 2 8 2 10 8 2 2 8 8 2 2 1 2
left_child=1 3 -2 4 11 -5 12 13 9 -9 17 14 -7 -6 -1 -10 -11 -4 -19 -20 -18 28 -15 -24 -25 29 -23 -28 -16 -3
right_child=2 25 10 5 7 6 -8 8 15 16 -12 -13 -14 22 21 -17 20 18 19 -21 -22 26 23 24 -26 -27 27 -29 -30 -31
leaf_value=-0.0018478483921297525 -0.014289615189623107 -0.00036591819421907676 -0.00060008685588885209 0.0097175077494597688 -0.0037127956373974843 -0.0064211963555196334 0.0053352460951224916 -0.015196432372637878 -0.0038207090849412743 -0.0076862390952784215 -0.025636697844159437 -0.019950358036963666 0.008900741244838457 -0.0029049300575237063 -0.0030767355784330785 0.0017928827802829992 0.00040527265152713029 0.020839523580245621 0.030152174844155208 0.26840341356423741 0.04599932193856817 -0.001700897673144108 0.0057947307102771423 -0.00010429915338937133 -0.027911109838487675 -0.0078132730386198477 0.0051401248508064525 -0.0196518754067041 0.015454344064789413 -0.012131403559595076
leaf_weight=1593.3961809538305 720.77218547882512 2607.2952057868242 972.07640394940972 1542.9886436555535 1451.8416710421443 1132.6897790599614 2106.3572059776634 800.29574114270508 2629.9576708953828 1141.4322428572923 89.782406308688223 102.0696031479165 260.54069294221699 895.8562419116497 136.1359553579241 3348.1219079541042 1051.6417237110436 18.278485632501546 2.3200035020709029 1.9992756415158508 19.998524341732264 1115.3429982950911 3105.5409286767244 402.69433467835188 68.790176570415497 1402.7839033342898 4207.3715062541887 63.375324159860611 503.82239272631705 291.85187871754169
leaf_count=14143 35148 19923 15986 10992 6503 7415 13627 12125 28554 17410 3206 4197 1734 3979 1249 34292 12471 278 28 25 154 12936 13793 1777 303 15027 33485 453 4457 2618
internal_value=-3.39736e-05 0.000345481 -0.00675656 0.000957513 0.000228519 0.00423019 0.0018108 -0.00105944 -0.00264769 -0.00655108 -0.00174979 0.00271655 -0.00353058 0.00135092 0.0030202 -0.000680117 -0.00334096 0.000406314 0.0436981 0.140432 0.00125613 0.00430332 0.00299614 0.00448243 -0.00416135 -0.00359256 0.00343178 0.00477223 0.0117057 -0.00155033
internal_weight=33787.4 31982.2 1805.23 27680.3 22637.7 5042.58 3499.59 14916.2 8991.45 3013.37 1084.46 7721.51 1393.23 5924.72 7619.44 5978.08 2213.07 994.674 22.5978 4.31928 1071.64 6026.05 4472.88 3577.03 471.485 4301.93 5386.09 4270.75 639.958 2899.15
internal_count=328288 273617 54671 236049 202281 33768 22776 131361 105006 42160 19523 70920 9149 26355 66723 62846 30035 16317 331 53 12625 52580 19852 15873 2080 37568 46874 33938 5706 22541
cat_boundaries=0 1 2 3 4 5 6
cat_threshold=1266084 17343106 19478 25166408 6569872 4194480
is_linear=0
shrinkage=0.05


Tree=88
num_leaves=31
num_cat=8
split_feature=10 0 4 7 25 2 12 6 1 28 24 14 24 2 6 1 17 7 1 11 11 18 1 23 15 10 20 15 1 2
split_gain=33.1023 29.2095 29.0585 29.7412 24.7006 17.5045 17.1923 16.2868 16.787 16.1144 15.5673 14.8271 14.5603 14.4117 15.1919 19.5032 14.1146 14.1311 16.2286 14.0123 18.5006 13.9859 15.4209 13.8879 14.6818 16.7725 14.3029 13.8773 16.7351 14.9603
threshold=0.17500000000000002 4.5000000000000009 1.5000000000000002 52.650000000000013 0.58333333333333337 0 18.215000000000003 26.500000000000004 1 1675.1362723369125 0.10050000000000002 6.9650000000000007 0.17316666666666672 2 23.500000000000004 3 38.815000000000005 55.250000000000007 4 6.7550000000000008 5.4750000000000005 65.425000000000026 5 3.8944444444444448 27.305000000000003 0.15500000000000003 39.735000000000007 32.570000000000007 6 7
decision_type=8 2 2 2 8 1 2 2 1 2 10 2 10 1 2 1 2 2 1 2 2 2 1 10 2 10 2 2 1 1
left_child=2 27 3 4 13 10 -3 -8 -9 16 -5 12 -4 -1 15 -15 17 -7 19 20 -19 -16 23 26 -25 -26 -23 29 -29 -2
right_child=1 6 11 5 -6 9 7 8 -10 -11 -12 -13 -14 14 21 -17 -18 18 -20 -21 -22 22 -24 24 25 -27 -28 28 -30 -31
leaf_value=-0.0010707946601793124 -0.0080331093809751786 -0.022342978949369985 -0.0062093930873023638 0.034625234970728828 0.0074925679739154365 -0.00073953874795212871 0.011957414008702805 0.0034714336053868985 -0.014490487993531379 0.017256616618314118 -0.011502500257246209 0.00015983152852164974 -0.024203884274633009 -0.0020624076269798925 0.0018295056161066075 0.018706527173731492 0.0029812800986153583 0.011080941229830913 -0.010647752365611402 0.074297051429535327 -0.012638682740171346 -0.014865200160635262 0.0020672392116501382 0.021280410971642238 0.040725257422572964 0.14811223024856854 0.020131522041678885 0.0069379909265918638 -0.0018784491250034615 -0.0015232266477392621
leaf_weight=3261.9743488905951 1223.2685431875288 245.66884328424931 1250.6833555102348 18.956357325427234 2239.3436405407265 4507.9501620875672 97.415581749752164 176.38052133563906 493.21505955792964 126.15182306617498 520.84842261858284 1006.9268954237923 123.51931437570602 179.99943457823247 8916.5044952081516 306.99215825274587 1889.184631629847 192.332185103558 823.17048757150769 6.638904243707656 143.57423081994057 34.558328110724688 316.57900496013463 20.995214403606951 8.5894600674509984 6.3052064627408972 188.12001374736428 853.64160062931478 1422.3691678959876 3159.945225821808
leaf_count=32349 14179 17157 12655 199 16241 40658 2503 4445 13509 707 6166 9618 1392 1820 70421 3298 15909 2381 8641 41 1106 226 2283 222 67 49 1221 6155 10667 32003
internal_value=-3.29999e-05 -0.00292016 0.000815988 0.00134481 0.00263596 -0.0010841 -0.0108316 -0.0071446 -0.00992364 -0.000465797 -0.00970288 -0.00444944 -0.00782682 0.00181458 0.00275611 0.0113718 -0.000762031 -0.00200846 -0.0069155 0.00229725 0.000942621 0.00231696 0.00987402 0.0186318 0.0482162 0.0861843 0.0147002 -0.00171705 0.00145048 -0.00336181
internal_weight=33761.8 7671.9 26089.9 23708.8 15480 8228.81 1012.68 767.011 669.596 7689 539.805 2381.13 1374.2 13240.6 9978.64 486.992 7562.85 5673.67 1165.72 342.545 335.906 9491.65 575.147 258.568 35.8899 14.8947 222.678 6659.22 2276.01 4383.21
internal_count=328288 100618 227670 204005 128197 75808 37614 20457 17954 69443 6365 23665 14047 111956 79607 5118 68736 52827 12169 3528 3487 74489 4068 1785 338 116 1447 63004 16822 46182
cat_boundaries=0 1 2 3 4 5 6 7 8
cat_threshold=4096 1181722 7168 271966 660006 9491820 4540446 7264
is_linear=0
shrinkage=0.05


Tree=89
num_leaves=31
num_cat=10
split_feature=0 2 14 23 1 4 0 1 24 2 17 7 1 5 8 12 2 20 1 1 13 24 24 7 1 31 21 1 7 24
split_gain=31.8886 39.2311 38.5666 32.0692 23.6402 23.3672 22.708 20.6337 20.617 20.4428 19.1359 18.6176 16.7792 15.8326 18.1106 15.687 15.6283 15.5894 17.6534 15.4543 18.9679 19.474 15.3144 15.2244 15.2669 21.5686 18.1529 14.7388 14.6992 17.8594
threshold=1.5000000000000002 0 4.5850000000000009 3.6458333333333335 1 1.5000000000000002 5.5000000000000009 2 0.16211111111111118 3 40.315000000000005 52.550000000000004 4 1500.0000000000002 1.0000000180025095e-35 22.325000000000003 5 66.285000000000011 6 7 63.665000000000006 0.10050000000000002 0.23316666666666672 52.050000000000004 8 125.50000000000001 0.2678571428571429 9 51.45000000000001 0.18788888888888894
decision_type=2 1 2 8 1 2 2 1 10 1 2 2 1 2 2 2 1 2 1 1 2 10 8 2 1 2 8 1 2 8
left_child=7 15 3 23 -4 8 10 -1 11 -9 12 16 -5 -11 17 -2 -6 18 -15 -18 -21 -22 -16 -3 -25 -26 -27 -19 29 -20
right_child=1 2 4 6 5 -7 -8 9 -10 13 -12 -13 -14 14 22 -17 19 27 28 20 21 -23 -24 24 25 26 -28 -29 -30 -31
leaf_value=0.006702911480944246 -0.023412744664364112 0.003968876096867054 0.0032522836092882972 -0.016879179967403627 -0.0032253561906128853 -0.0099720529514281918 -0.023772283304846077 0.0084836775188162038 -0.0036228971499640129 -0.0099552452981674557 0.0024379881507659031 -0.0024412709880947819 -0.0059647288893336292 -0.0092653017087350829 -0.003576048770607989 -0.0057792002883470389 0.012031902158332391 -0.0050295955676505294 -0.00013184727952385265 0.0085269400549738642 0.035512368693731207 -0.0059756048493173706 -0.02988465255357672 0.0029218504608192562 -0.0094253649057852249 0.13377692894884691 0.00080847708780560745 0.02008504017211615 0.0028701660377910307 -0.015424671133259486
leaf_weight=1962.1396854296327 132.08056467399001 1250.2063426943496 6454.0080799181014 468.28488759044558 497.69510800950229 649.10850817617029 205.58439438743517 850.53306198865175 2453.0176601689309 353.23104491084814 484.05851815268397 1397.7006069775671 1523.2027019225061 366.36280205845833 1159.0974944755435 2796.9341524317861 803.81972118653357 81.617206580936909 935.66635891795158 718.59992638416588 29.883243033662438 528.73865873739123 58.087225914001465 501.113968080841 735.7360106986016 4.8514403132721755 5.4505216442048559 198.60901385545731 5906.4702688083053 239.84949643164873
leaf_count=8966 3777 14579 61596 10419 5110 8587 15034 3861 28284 1603 8380 13690 30201 1647 5161 41243 6221 371 4219 6977 185 3445 268 6279 9391 39 40 902 26701 1112
internal_value=-3.19892e-05 -0.00118176 -0.000337429 -0.00400718 0.00106662 -0.000929482 -0.00780465 0.00202233 -1.80023e-05 0.00110976 -0.0064786 0.00220582 -0.0086459 0.000426919 0.000837345 -0.006552 0.00472458 0.00173015 0.00129458 0.0066096 0.00313011 -0.00375622 -0.00483156 6.97336e-05 -0.00383896 -0.008308 0.0634265 0.0133075 0.00185133 -0.00325216
internal_weight=33751.7 21640.1 18711.1 5178.49 13532.6 7078.56 2681.13 12111.7 6429.45 10149.5 2475.55 3976.44 1991.49 9298.99 8945.76 2929.01 2578.74 7728.58 7448.35 2081.04 1277.22 558.622 1217.18 2497.36 1247.15 746.038 10.302 280.226 7081.99 1175.52
internal_count=328288 273477 228457 94362 134095 72499 64034 54811 63912 45845 49000 35628 40620 41984 40381 45020 21938 34952 33679 16828 10607 3630 5429 30328 15749 9470 79 1273 32032 5331
cat_boundaries=0 1 2 3 4 5 6 7 8 9 10
cat_threshold=6144 8475998 17571840 2 25960704 1536 4 43648 2790442 11665456
is_linear=0
shrinkage=0.05


Tree=90
num_leaves=31
num_cat=7
split_feature=25 0 18 24 7 0 27 2 12 1 1 7 4 25 27 7 1 1 31 23 14 30 31 2 26 13 11 23 1 31
split_gain=30.8017 33.8093 21.9704 21.9679 18.8586 22.2302 26.3232 19.8054 19.5594 18.9595 17.0793 16.962 21.0052 19.3506 16.6378 14.9375 18.3117 15.2371 14.4434 14.3401 18.1285 14.4349 18.1105 14.213 13.6138 16.5384 18.786 19.1197 15.686 15.6597
threshold=1.0000000180025095e-35 5.5000000000000009 43.645000000000003 0.13788888888888892 51.45000000000001 1.5000000000000002 1.5000000000000002 0 28.630000000000006 1 2 52.95000000000001 1.5000000000000002 0.58333333333333337 7.5000000000000009 52.150000000000013 3 4 121.50000000000001 3.9500000000000006 7.0750000000000011 0.06958225344782723 39.500000000000007 5 0.68042553191489374 69.040000000000006 6.9350000000000014 3.3166666666666669 6 62.500000000000007
decision_type=8 2 2 10 2 2 10 1 2 1 1 2 2 8 10 2 1 1 2 10 2 10 2 1 10 2 2 10 1 2
left_child=1 3 -2 15 -5 -6 7 9 -9 -7 -8 12 13 24 -14 17 18 -1 23 -12 21 -21 -23 -17 25 26 28 -28 -4 -29
right_child=2 -3 11 4 5 6 10 8 -10 -11 19 -13 14 -15 -16 16 -18 -19 -20 20 -22 22 -24 -25 -26 -27 27 29 -30 -31
leaf_value=0.011163435060907861 -0.0019605439451431976 -0.011645708325103447 -0.00058370354191999735 -0.0056718345119550328 0.0015574768356075202 -0.0064468128145578653 -0.0026039861535377667 -0.013284967147933455 -0.0043099593246510616 0.0022941750052523162 0.0063114200848725065 -0.00070342755718098837 -0.0020913981663735173 0.0084446432527580349 -0.031676609552009682 0.014606230616461036 -0.0041566647155068638 0.0019590548674487058 0.047222202192382982 0.019372120875509977 0.12388457595371666 0.027177247240767866 0.24018947916037156 -0.0018031786239997927 0.010077241994344678 -0.0038610176809520725 0.017954021760454023 0.050107247736120901 0.0054175121576128943 0.18867100302596693
leaf_weight=725.30272257328033 3373.5996885281056 774.59825969580561 1843.6947883064859 2663.8259188840166 4835.9658831804991 997.07469059247524 368.98711932450533 888.83167359977961 1914.8460390903056 1607.5667099431157 313.55142488144338 2940.3458231394179 790.84375936351717 2198.9461249765009 50.559069075621665 218.74406368937343 1255.6993184778839 1195.3638353561983 21.255217663943768 123.01952189859003 4.5636000744998446 2.435485395602881 1.6904165521264074 312.86540107615292 608.44948178902268 935.83053464815021 83.994268303737044 6.6842010952532274 2657.869873562362 2.9340822361409664
leaf_count=5467 30310 32537 17553 27482 21663 13904 4628 19015 20679 20327 2974 26909 7955 16338 470 1770 10194 9457 149 2104 40 39 23 2518 3052 6265 530 49 23868 19
internal_value=-3.07973e-05 -0.0014241 0.00160822 -0.000970405 -0.00189519 -0.000985461 -0.00296174 -0.00422358 -0.00712982 -0.00106379 0.00541948 0.00260157 0.00366018 0.00441995 -0.00386914 0.00243252 -0.000828539 0.00550323 0.00668477 0.0118606 0.0259718 0.0224574 0.11445 0.00518972 0.00297844 0.00219752 0.00343137 0.0256006 0.00297035 0.0923765
internal_weight=33719.9 18226.2 15493.8 17451.6 13722.4 11058.5 6222.57 5408.32 2803.68 2604.64 814.248 12120.2 9179.81 8338.4 841.403 3729.23 1808.56 1920.67 552.865 445.26 131.709 127.145 4.1259 531.609 6139.46 5531.01 4595.18 93.6126 4501.56 9.61828
internal_count=328288 194970 133318 162433 132878 105396 83733 73925 39694 34231 9808 103008 76099 67674 8425 29555 14631 14924 4437 5180 2206 2166 62 4288 51336 48284 42019 598 41421 68
cat_boundaries=0 1 2 3 4 5 6 7
cat_threshold=782 15589888 24393056 1796098 10571044 2246 24840960
is_linear=0
shrinkage=0.05


Tree=91
num_leaves=31
num_cat=12
split_feature=32 17 6 0 1 24 2 18 1 30 1 1 2 6 7 1 27 1 11 10 13 2 1 1 10 1 24 15 29 6
split_gain=30.1077 28.4071 30.5528 26.441 31.3501 19.586 19.1538 17.6732 17.681 15.8045 17.1475 14.6394 14.5962 14.56 14.3486 14.5766 17.5315 18.5484 13.8402 13.7751 23.1335 16.2178 17.0217 14.428 14.0658 13.4401 13.3993 13.1839 13.0289 12.5696
threshold=0.020513359983168528 37.755000000000003 46.500000000000007 4.5000000000000009 0 0.18788888888888894 1 43.645000000000003 2 -0.062350829562594252 3 4 5 23.500000000000004 55.250000000000007 6 1.0000000180025095e-35 7 4.1850000000000014 0.13500000000000004 34.660000000000004 8 9 10 0.12500000000000003 11 0.11400000000000002 57.595000000000006 2.7500000000000004 22.500000000000004
decision_type=8 2 2 2 1 10 1 2 1 10 1 1 1 2 2 1 10 1 2 8 2 1 1 1 10 1 8 2 2 2
left_child=-1 2 3 5 -5 7 -7 8 27 10 18 -11 -6 -10 15 16 17 -4 -9 20 24 -21 26 -22 -3 -8 -23 -2 -17 -28
right_child=1 19 14 4 12 6 25 9 13 11 -12 -13 -14 -15 -16 28 -18 -19 -20 21 23 22 -24 -25 -26 -27 29 -29 -30 -31
leaf_value=-0.025639238867442349 -0.0063823496035106762 0.22034290109793792 0.0026615721383426434 -0.011222525386585011 -0.0072898421933374679 0.00080473770143495908 -0.015589944740331069 -0.01567285393311171 0.01699986247645531 0.0052094340125178554 0.0020727320151019556 0.00054482954772520258 0.0032392443447681676 0.00074933759151555733 -0.012127083103914251 -0.0018986841167534013 0.0024017154403951566 -0.012724400847463549 0.016504521744920463 0.0036582368214606539 0.012705421817492549 0.020424987580015822 0.0010368772534878185 0.0011711839674070689 0.048930091533040843 -0.0037300219867483493 0.03340289680624884 0.0078595245160290525 -0.0089881146496125965 -0.0089281192311075046
leaf_weight=114.37523072911426 1549.6426756912842 1.928765402175485 327.49918133858591 1040.0517494720407 464.56554044550285 1258.6581088379025 394.06374952662736 35.580485476180911 146.30936875287443 2523.073538897559 577.50113464705646 5032.7587057007477 1064.2231473163702 2380.3005529846996 508.40974657796323 1144.4799358937889 1657.426640579477 477.69818926881999 549.87968676537275 4697.347154983785 546.51062244363129 43.374095540959388 3432.0739496578462 547.42474386561662 3.1535371290519834 637.70481954328716 17.906738039106131 181.53444810211658 1494.1580689162947 848.14422017568722
leaf_count=8463 11563 27 3636 23147 11405 11173 3733 405 1321 17532 4202 36621 20869 17341 6590 8133 15538 5921 3898 40754 4149 351 32574 4130 47 5919 299 1111 19194 8242
internal_value=-2.95408e-05 5.76784e-05 -0.000898557 0.000113692 -0.00457953 0.000903377 -0.00335935 0.00165577 -0.000984713 0.00294524 0.00837138 0.00211007 1.31034e-05 0.0016837 -0.00411698 -0.00331867 -0.000536564 -0.00659141 0.0143047 0.00226913 0.00755478 0.00162646 -0.000578944 0.00706033 0.113982 -0.00836585 -0.00662183 -0.00486084 -0.00589083 -0.00805287
internal_weight=33697.8 33583.4 23445.5 17835.8 2568.84 15267 2290.43 12976.6 4257.79 8718.79 1162.96 7555.83 1528.79 2526.61 5609.67 5101.26 2462.62 805.197 585.46 10137.9 1099.02 9038.85 4341.5 1093.94 5.0823 1031.77 909.425 1731.18 2638.64 866.051
internal_count=328288 319825 229252 170240 55421 114819 20825 93994 31336 62658 8505 54153 32274 18662 59012 52422 25095 9557 4303 90573 8353 82220 41466 8279 74 9652 8892 12674 27327 8541
cat_boundaries=0 1 2 3 4 5 6 7 8 9 10 11 12
cat_threshold=21771544 1806 16950108 19609412 264990 7296 6014616 4719640 718 10488384 27559908 3967140
is_linear=0
shrinkage=0.05


Tree=92
num_leaves=31
num_cat=10
split_feature=8 26 27 1 30 17 11 17 1 6 2 1 15 10 1 10 1 2 6 1 27 24 15 7 1 12 12 11 22 1
split_gain=29.0743 27.2744 26.2332 19.1425 20.7588 17.6491 17.2681 23.6987 16.4266 16.2176 16.2021 15.9143 17.478 15.8772 15.1388 13.6182 20.7787 19.5481 16.1423 15.1452 13.8044 18.6411 13.1641 16.146 12.493 12.8653 12.5324 14.4684 16.6998 15.25
threshold=1.0000000180025095e-35 0.051956815114709856 1.0000000180025095e-35 0 -0.058399999999999987 45.245000000000012 2.8550000000000004 65.190000000000012 1 38.500000000000007 2 3 7.9500000000000011 0.14500000000000005 4 0.13500000000000004 5 6 57.500000000000007 7 28.500000000000004 0.22707142857142862 9.1300000000000008 51.95000000000001 8 23.650000000000002 50.535000000000004 7.2150000000000007 0.73214285714285732 9
decision_type=2 8 10 1 10 2 2 2 1 2 1 1 2 8 1 8 1 1 2 1 10 10 2 2 1 2 2 2 8 1
left_child=1 2 3 -1 -5 9 7 -2 -7 14 -11 12 -4 -6 -3 16 -8 20 -18 -19 -17 -22 23 -14 25 -12 -26 -28 29 -29
right_child=6 5 11 4 13 8 15 -9 -10 10 24 -13 22 -15 -16 17 18 19 -20 -21 21 -23 -24 -25 26 -27 27 28 -30 -31
leaf_value=-0.014610090304356694 -0.032810615117698477 0.0045742570419132732 -0.020013621375508356 0.017404841536674955 0.014061711846874112 0.011545195011798834 -0.0067656345000718255 0.38261152299433293 0.0024316800176927833 0.0013658371348979313 -0.020173631719059316 0.002079251093163433 0.16518399701375577 -0.0087918693745892614 0.00064744575393725808 -0.0014701416323679838 0.008505955343421228 -0.017988808161692394 0.069345641929401805 -0.0060528797609224758 0.023979724386585188 0.18440934280563956 -0.0032434139069037349 0.018093380316544307 0.00059385211494079957 -0.0044525240007063181 -0.011880741534789043 0.014746707726144531 0.034372338490379926 -0.015509717495987261
leaf_weight=665.81623094948009 59.463906561490148 4174.1010898128152 172.45437351521105 106.37586327502504 85.760018437169492 731.23819412384182 320.22893913742155 0.34530283324420352 1540.3074261825532 6052.7127516763285 139.98043972812593 2172.1410548533313 2.4752192152664048 667.68710955092683 5966.5202070781961 1903.8059727270156 417.24650080315769 324.39776658173651 11.195173326879738 1545.4265641458333 19.147903032600883 1.9997882787138213 847.5611586230807 7.5760853895917535 3256.0344183705747 1850.2884482573718 454.02204859815538 63.288795434869826 37.685758281499147 87.298835013061762
leaf_count=16863 3750 31407 5460 2125 1607 5113 2574 13 10882 44181 1573 38881 48 16367 45339 19049 3404 3294 79 15540 194 22 14302 180 26954 14518 3250 451 242 626
internal_value=-2.88456e-05 0.000555587 -0.00291969 -0.00831557 -0.0032338 0.00123026 -0.00372103 -0.0304122 0.00542696 0.000798547 -0.000450132 -0.000348905 -0.00543666 -0.00619059 0.00226896 -0.00336967 0.00279323 -0.00458555 0.00986543 -0.00820833 -0.00101859 0.0391504 -0.00256882 0.0543157 -0.0023151 -0.00553044 -0.000663577 -0.00704828 0.00460521 -0.00284425
internal_weight=33684.6 29081.3 4727.85 1525.64 859.823 24353.5 4603.26 59.8092 2271.55 22081.9 11941.3 3202.21 1030.07 753.447 10140.6 4543.45 748.671 3794.78 428.442 1869.82 1924.95 21.1477 857.612 10.0513 5888.6 1990.27 3898.33 642.295 188.273 150.588
internal_count=328288 280369 95833 36962 20099 184536 47919 3763 15995 168541 91795 58871 19990 17974 76746 44156 6057 38099 3483 18834 19265 216 14530 228 47614 16091 31523 4569 1319 1077
cat_boundaries=0 1 2 3 4 5 6 7 8 9 10
cat_threshold=20181760 17338662 486 5515040 2649874 2780312 2886 2103300 2643266 21268484
is_linear=0
shrinkage=0.05


Tree=93
num_leaves=31
num_cat=10
split_feature=23 18 0 1 24 19 1 7 12 2 1 26 1 25 1 6 27 22 2 2 1 2 6 27 19 19 18 14 31 13
split_gain=27.4388 25.123 23.239 23.9672 20.8683 17.9378 15.792 16.1755 15.2115 14.6353 14.9758 14.4476 17.0082 14.2574 14.2066 13.5867 13.5346 13.6486 13.4113 13.1559 12.8989 15.1939 16.9915 18.4799 14.1422 14.6512 12.8685 13.6123 12.4499 12.3763
threshold=5.1055555555555561 50.505000000000003 3.5000000000000004 0 0.13788888888888892 19.460000000000004 1 55.250000000000007 23.110000000000003 2 3 0.12973352033660593 4 0.58333333333333337 5 38.500000000000007 3.5000000000000004 0.15476190476190479 6 7 8 9 22.500000000000004 14.500000000000002 26.975000000000005 35.725000000000009 60.475000000000001 5.0850000000000009 26.500000000000004 65.315000000000012
decision_type=10 2 2 1 8 2 1 2 2 1 1 8 1 8 1 2 10 8 1 1 1 1 2 8 2 2 2 2 2 2
left_child=1 2 5 -4 13 -1 7 16 -5 10 26 12 -11 29 -15 -8 17 -7 -10 -19 21 22 -2 24 -24 -26 27 -6 -25 -3
right_child=20 4 3 8 9 6 15 -9 18 11 -12 -13 -14 14 -16 -17 -18 19 -20 -21 -22 -23 23 28 25 -27 -28 -29 -30 -31
leaf_value=0.0054970981802476455 -0.026773865746870209 0.00528079984151196 0.00119222691372189 -0.015846539258874557 -0.0018069635723111108 -0.0052028700315268706 0.00015548473295449628 -0.010058910727344966 -0.011854108472428066 -0.00019408607755255105 0.00014877758186858709 0.00047196589392033118 -0.0088785301398261914 -0.0016415225887258915 0.014679615185682489 -0.0043416140423210188 -0.0058121906512235396 0.0009076479136163033 -0.003506855036875658 0.0078380182456772914 -0.022855992346564283 -0.017082107248652403 -0.04726226499122109 0.013824922562050972 0.08608253848903577 0.0084329624385176306 0.011167367800466114 0.0073590391808187362 0.30389468712812001 -0.00089428732334181915
leaf_weight=1270.142875123769 11.405500604305415 2361.5784336472861 1392.859927544836 396.79277452966198 772.04385327128693 376.62313357368112 3136.1826927307993 269.83846258744597 618.48645526822656 1177.8611644785851 3271.7386303050444 4710.3302885582671 1081.6246925550513 180.15839733649045 549.07511718757451 3616.0522281043231 419.63651764579117 1197.48103989847 2203.0920354397967 1626.5561039112508 182.2723258016631 46.401061954908073 4.3852967638522449 0.55578468320891161 13.164259604644032 11.280284215696154 686.45604929514229 852.10803867504001 1.1061114119365809 1236.1541146626696
leaf_count=8867 841 20767 22664 13407 8267 3487 21146 2204 12274 18848 29454 31982 18110 1310 3940 25694 2714 8176 30491 10879 8619 2278 139 22 376 314 5829 6312 33 8844
internal_value=-2.83133e-05 0.000100144 -0.00128577 -0.00429959 0.00145687 -0.00011914 -0.000789426 0.00174623 -0.00665937 0.000424655 0.00232993 -0.0011031 -0.00439152 0.00445125 0.0108262 -0.00224953 0.00263094 0.00373792 -0.005391 0.00493029 -0.0158868 0.000977502 0.020416 0.0447631 0.0354175 0.05025 0.00540442 0.00300196 0.206887 0.00315909
internal_weight=33673.4 33402.9 16523.7 4611.23 16879.1 11912.5 10642.4 3890.14 3218.37 12552.2 5582.35 6969.82 2259.49 4326.97 729.234 6752.23 3620.3 3200.66 2821.58 2824.04 270.571 88.2983 41.8972 30.4917 28.8298 24.4445 2310.61 1624.15 1.6619 3597.73
internal_count=328288 315666 162003 78836 153663 83167 74300 27460 56172 118802 49862 68940 36958 34861 5250 46840 25256 22542 42765 19055 12622 4003 1725 884 829 690 20408 14579 55 29611
cat_boundaries=0 1 2 3 4 5 6 7 8 9 10
cat_threshold=10617102 13576704 206 18993764 16809390 353290 6656 5172 1098456 3142
is_linear=0
shrinkage=0.05


Tree=94
num_leaves=31
num_cat=11
split_feature=8 0 2 7 5 1 27 1 18 1 15 25 2 24 1 3 1 12 17 1 2 20 27 1 1 11 30 31 32 30
split_gain=26.2257 24.6396 28.8384 26.6034 22.4917 18.5895 17.5453 22.9116 17.3922 31.6381 20.4165 17.0206 18.7847 16.7627 16.6295 16.221 17.1651 15.8272 15.4323 14.5914 18.555 16.1317 14.4622 20.8921 18.6686 15.0035 31.5237 14.3574 13.6841 14.8148
threshold=1.0000000180025095e-35 1.5000000000000002 0 52.45000000000001 1500.0000000000002 1 3.5000000000000004 2 60.040000000000006 3 17.675000000000001 1.0000000180025095e-35 4 0.13707142857142862 5 1.5000000000000002 6 6.160000000000001 65.190000000000012 7 8 66.800000000000026 1.0000000180025095e-35 9 10 3.0150000000000001 0.0046941707717569623 152.50000000000003 0.069848755895267539 -0.13106544715447152
decision_type=2 2 1 2 2 1 8 1 2 1 2 10 1 10 1 2 1 2 2 1 1 2 8 1 1 2 10 2 8 8
left_child=1 4 -3 13 -1 -6 11 -8 10 -10 15 19 -13 -4 -14 -5 -17 18 -2 20 -7 -21 24 -24 -12 26 -26 -25 -15 -30
right_child=17 2 3 8 5 6 7 -9 9 -11 22 12 14 28 -16 16 -18 -19 -20 21 -22 -23 23 27 25 -27 -28 -29 29 -31
leaf_value=-0.0097690890026812995 -0.035468589091116789 -0.0055294793625567341 0.0050338676946597837 -0.013178519318937564 -0.0045003575416044878 0.01257043613516144 -0.012794753422527514 0.0024188902073628334 0.011993015382900887 -0.0059509642626526648 0.001208554375926596 0.011542013523643571 -0.0018297422005577584 -0.01827991683076521 0.0082982603732714173 -0.011233698783699689 0.014513543299296048 -0.0032415682118780934 0.24100351784256999 0.00019110708828274647 0.001816783937556777 0.021047545283723254 0.0057523152158988422 -0.003087314870458221 -0.051904823789201228 -0.013019355847844173 0.40620647727546139 0.14310178616216776 0.017504352622662724 0.00044347669243247599
leaf_weight=362.44443923979998 46.326901190914214 2517.5793293770403 2892.3681364161894 798.25338018266484 775.09611425548792 703.93189349770546 346.41764031350613 804.25201754271984 525.44992978544906 446.89085596008226 420.14703626837581 1402.3660638928413 757.61348973214626 95.621991278603673 859.90976884961128 120.68018509168178 118.57681771554053 4544.8595096948557 0.51029971614479919 3406.1121224090457 944.02005807310343 95.306899398565292 986.95308120641857 2205.4651340814307 0.88047485053539165 620.84421129059047 0.65478984266519547 1.6808026582002629 129.69607759639621 6725.7956814784557
leaf_count=1653 3341 38868 26625 18079 3496 3199 1553 3599 5834 5133 5429 6499 3539 6674 4034 1131 1157 44565 13 15258 4233 431 10252 24291 29 9218 24 12 1597 78522
internal_value=-2.8043e-05 0.000526709 -0.000564657 0.000215486 0.00246864 0.00290801 0.00352518 -0.00225146 -0.0023366 0.00380805 -0.00346943 0.00434315 0.00732336 0.00183521 0.00357242 -0.00975577 0.00166383 -0.00353957 -0.0324564 0.00259538 0.00645838 0.000756648 -0.00192996 -0.000260997 -0.00704333 -0.0124335 0.143479 -0.00296257 0.000504238 0.000766244
internal_weight=33656.7 29065 18607.5 16090 10457.5 10095 9319.93 1150.67 6246.48 972.341 5274.14 8169.26 3019.89 9843.48 1617.52 1037.51 239.257 4591.7 46.8372 5149.37 1647.95 3501.42 4236.63 3194.1 1042.53 622.379 1.53526 2207.15 6951.11 6855.49
internal_count=328288 280369 232875 194007 47494 45841 42345 5152 80589 10967 69622 37193 14072 113418 7573 20367 2288 47919 3354 23121 7432 15689 49255 34555 14700 9271 53 24303 86793 80119
cat_boundaries=0 1 2 3 4 5 6 7 8 9 10 11
cat_threshold=6144 20 25232650 18187126 2282 7691328 29723448 19670272 4546 4296718 10898452
is_linear=0
shrinkage=0.05


Tree=95
num_leaves=31
num_cat=8
split_feature=10 0 4 17 14 2 12 0 7 6 1 1 12 30 11 18 29 24 6 1 1 1 6 22 6 12 11 1 1 21
split_gain=25.5823 32.4902 25.6888 21.1759 20.2922 16.0247 15.0104 14.5822 14.5601 13.8544 19.5061 13.8266 13.6818 15.0549 13.5029 13.3682 14.7128 13.1102 13.0013 16.5112 12.9212 12.913 16.6937 13.1924 12.3692 12.2828 12.2657 15.5827 12.1512 14.4268
threshold=0.15500000000000003 5.5000000000000009 1.5000000000000002 28.335000000000004 7.3650000000000011 0 26.900000000000002 5.5000000000000009 58.050000000000004 24.500000000000004 1 2 60.70000000000001 0.081567783094098914 3.3750000000000004 1.0000000180025095e-35 5.2500000000000009 0.12683333333333338 36.500000000000007 3 4 5 62.500000000000007 0.68333333333333346 64.500000000000014 38.965000000000011 7.535000000000001 6 7 1.0000000180025095e-35
decision_type=8 2 2 2 2 1 2 2 2 2 1 1 2 8 2 2 2 8 2 1 1 1 2 10 2 2 2 1 1 8
left_child=2 3 4 12 9 -5 -6 -4 24 10 14 17 15 -14 -1 -2 18 -8 -17 -20 -18 -3 -23 -24 -7 -13 -11 -28 29 -10
right_child=1 21 7 5 6 8 11 -9 28 26 -12 25 13 -15 -16 16 20 -19 19 -21 -22 22 23 -25 -26 -27 27 -29 -30 -31
leaf_value=0.11109854528631261 0.0023415968694457346 -0.016982765111466149 -0.0027605678490828772 -0.0024136822563827019 0.1087229230747179 0.0016354400523681625 0.024447196968238334 -0.02304902555851239 0.044656936482092416 0.0011618287357170413 0.0020121858483675699 0.030101872144244229 0.01394324641848721 0.10909929878254035 0.021103284548844588 -2.1607735571997733e-05 -0.0044805434774035187 0.0087608307518152653 -0.0020285715678714359 -0.010530666626139978 -0.023398368183876066 -0.005594607064474913 0.056199871363020182 0.3019822510734157 -0.029642581591480806 0.00088282939711921892 -0.0047045187787427391 0.028291938231237157 -0.027142625166796663 -0.015002999087222968
leaf_weight=4.263410583138465 744.08529845299199 403.75286216661334 1849.0114384349436 4021.5339809209108 3.7266569621860972 9747.8891599741764 192.45603339187801 93.021110688336194 16.150798640213907 10163.060313628986 336.70058558508754 38.383443085476756 22.675009034574032 5.0896908640861538 186.22203076630831 1324.822964980267 200.86299074627459 432.62102403398603 1180.6869195587933 1127.3641079422086 184.0310296965763 505.33731400221586 2.7248080186545844 0.68276401422917832 31.711263012140989 571.32621000986546 60.424958821386099 81.915742227807641 70.556294369976968 27.196387084200978
leaf_count=89 7656 17082 16011 39461 29 88452 1176 3215 221 80545 2747 263 137 34 1560 12169 3846 2786 10765 10388 3759 19791 101 6 315 3628 346 478 904 328
internal_value=-2.67311e-05 -0.00119226 0.00160491 -0.000742824 0.00246358 0.000244193 0.00852643 -0.00373236 0.00132567 0.00177041 0.00967625 0.00822403 -0.00361035 0.0313868 0.0219645 -0.00381441 -0.0049545 0.0133765 -0.00396965 -0.00623582 -0.0142501 -0.010405 -0.00475734 0.105446 0.00153402 0.00267835 0.00136597 0.0159417 -0.0164463 0.00587131
internal_weight=33630.3 19617.2 14013.1 18704.7 12071.1 13915 1238.51 1942.03 9893.5 10832.6 527.186 1234.79 4789.62 27.7647 190.485 4761.85 4017.77 625.077 3632.87 2308.05 384.894 912.498 508.745 3.40757 9779.6 609.71 10305.4 142.341 113.903 43.3472
internal_count=328288 215415 112873 178435 93647 129681 7882 19226 90220 85765 4396 7853 48754 171 1649 48583 40927 3962 33322 21153 7605 36980 19898 107 88767 3891 81369 824 1453 549
cat_boundaries=0 1 2 3 4 5 6 7 8
cat_threshold=6192 18617312 29403978 16467144 5213416 21396040 22160502 6754450
is_linear=0
shrinkage=0.05


Tree=96
num_leaves=31
num_cat=9
split_feature=32 17 15 4 2 0 26 2 3 13 11 1 1 11 1 6 1 6 29 32 1 11 20 1 32 14 13 31 1 31
split_gain=24.8425 22.9737 23.3003 26.5222 24.7398 22.6659 19.6976 21.2918 22.6663 30.3018 21.7418 21.2079 19.3801 19.148 23.6689 19.0225 18.1926 17.8258 17.6598 17.3141 15.3868 14.1845 13.8873 13.5332 14.2066 15.917 14.2803 14.7159 13.5223 15.1302
threshold=0.020513359983168528 45.245000000000012 24.010000000000002 1.5000000000000002 0 4.5000000000000009 0.48683298683298687 1 2.5000000000000004 58.765000000000008 2.0450000000000004 2 3 6.3050000000000006 4 29.500000000000004 5 26.500000000000004 3.2500000000000004 0.61556267806267817 6 6.7650000000000006 53.965000000000011 7 0.51650622105167565 5.3350000000000009 49.390000000000008 110.50000000000001 8 12.500000000000002
decision_type=8 2 2 2 1 2 10 1 2 2 2 1 1 2 1 2 1 2 2 8 1 2 2 1 8 2 2 2 1 2
left_child=-1 2 5 4 -4 13 7 -6 10 28 -9 21 -8 15 -15 -2 18 -13 -7 20 -11 -12 -5 -24 25 -25 -27 -28 29 -10
right_child=1 -3 3 22 6 16 12 8 9 19 11 17 -14 14 -16 -17 -18 -19 -20 -21 -22 -23 23 24 -26 26 27 -29 -30 -31
leaf_value=-0.023972084739517788 0.0013984902505602245 0.0041411452794461239 0.0031340913351064117 -0.0081806555914119266 -0.0083013861797892382 0.0059400866004840677 -0.0017414112873608955 0.12934609091553997 0.090819051084739574 0.0069972845124607833 -0.0092119121887501917 0.010573950544897263 0.0060516922575288498 -0.0039710105588397797 0.013370765281169894 -0.0044483947663494627 -0.01586672570845107 -0.0018949994796634757 -0.011967186233673486 0.012637155361073758 -0.0030116394045581738 0.020497730724475832 -0.0065970897873475695 -0.044920427796733539 -0.0077056918751832806 0.11924457333391181 0.019905482991726172 -0.018255048238710166 0.0079761028940898843 0.027348187108720313
leaf_weight=107.96831332799047 2067.4255317281932 3113.2799092722125 8160.7893301383592 1271.0623578671366 1051.8592609874904 281.02450909186155 1346.7760670091957 3.1153915580362073 10.285440267063676 498.73699487745762 1276.7006558980793 312.50220618955791 1942.2648461069912 350.22567206248641 434.12330583482981 4252.3969219848514 532.45815403200686 3462.8564216513187 269.91546454466879 282.51900571584702 1556.9356684787199 41.480541177093983 327.85970811359584 10.957919366657732 107.81454234011471 3.3479419024661174 207.08074900507927 28.774225202389061 198.54132138006389 107.77111200429499
leaf_count=8463 21052 27012 64036 12813 14913 4767 6275 42 87 3644 15305 3185 9234 2190 2657 41091 17658 37932 12745 1845 11547 316 3292 140 1015 40 2106 292 1709 885
internal_value=-2.67566e-05 5.03926e-05 -0.000368577 0.000471916 0.00100899 -0.00264854 -0.000427412 -0.00166125 -0.000748519 0.00299676 -0.00270086 -0.00278163 0.00287373 -0.0016212 0.0057472 -0.00253568 -0.00938515 -0.000860613 -0.00278251 0.00103113 -0.000563936 -0.00821469 -0.00508665 0.000647503 0.00726399 0.014006 0.0167054 0.0152499 0.0175137 0.0303105
internal_weight=33618.8 33510.9 30397.6 22210 20253.1 8187.57 12092.3 8803.3 7751.44 2654.79 5096.66 5093.54 3289.04 7104.17 784.349 6319.82 1083.4 3775.36 550.94 2338.19 2055.67 1318.18 1956.9 685.835 357.975 250.161 239.203 235.855 316.598 118.057
internal_count=328288 319825 292813 190653 170955 102160 106919 91410 76497 19717 56780 56738 15509 66990 4847 62143 35170 41117 17512 17036 15191 15621 19698 6885 3593 2578 2438 2398 2681 972
cat_boundaries=0 1 2 3 4 5 6 7 8 9
cat_threshold=406 4096 3711616 10731692 8894640 3201906 8652424 6429146 2303340
is_linear=0
shrinkage=0.05


Tree=97
num_leaves=31
num_cat=7
split_feature=8 7 7 0 27 1 1 6 1 11 10 27 10 30 24 23 1 32 25 1 24 28 23 24 26 30 1 31 2 16
split_gain=23.9173 21.7469 29.025 18.8998 17.9442 24.2411 19.827 17.131 16.1782 17.2925 16.0833 14.697 17.4184 14.6676 14.8072 14.5071 14.5062 13.919 13.8485 13.7542 21.3731 13.7597 21.9217 20.4999 23.8914 33.7863 13.3697 12.8332 12.7961 13.5725
threshold=1.0000000180025095e-35 52.45000000000001 51.45000000000001 1.5000000000000002 1.0000000180025095e-35 0 1 32.500000000000007 2 7.5050000000000008 0.17500000000000002 inf 0.14500000000000005 -0.047491562238930675 0.13707142857142862 4.8660714285714297 3 0.24331474331474334 1.0000000180025095e-35 4 0.10267857142857144 1435.7069180925098 3.5277777777777781 0.13292857142857148 0.064866760168302964 0.0062420203735144295 5 153.50000000000003 6 77.820000000000007
decision_type=2 2 2 2 8 1 1 2 1 2 10 8 8 8 10 10 1 8 10 1 8 2 8 10 10 8 1 2 1 2
left_child=1 2 10 -3 5 17 -6 8 9 -4 -1 -10 -13 16 19 -2 -9 -5 -12 20 -15 22 -21 -24 25 -25 -16 -8 29 -22
right_child=15 3 7 4 6 -7 27 13 11 -11 18 12 -14 14 26 -17 -18 -19 -20 21 28 -23 23 24 -26 -27 -28 -29 -30 -31
leaf_value=0.00028552478225104394 -0.0029046655949033413 0.0014643734598365631 0.014169654797314087 -0.013428790495941145 0.0042104922203432399 -0.01143978602020519 -0.0030815030714473478 -0.00047463381631021736 0.0044307850297140017 0.070101017761849113 -0.0090419023766469039 0.17901725496037268 0.030813245789465999 0.043360455552851118 -0.0033740430148469884 -0.019905261122528953 0.010062612669235796 0.0014161142836063281 0.0010087065723453654 0.22843125489033503 0.012417417298543603 0.0013438256280671336 -0.016305744874300514 0.45028426626930013 -0.0081129366090691366 0.042045909077137067 0.0016400655828001801 0.11997160893487704 0.0010493969483780844 0.048510697150711907
leaf_weight=3422.2417581621557 4450.7647962854244 4148.2503772079945 321.76661018561572 190.35836924472824 1297.8054957157001 1164.8148620715365 3515.89309653081 511.75282352324575 3290.1979861021973 14.439506206661461 1069.6269926936366 2.3501463960856173 12.675901438109577 45.807627909816802 2404.3058164939284 129.12611064314842 916.54822831600904 926.16717838402838 504.3383356211707 1.558748015202579 242.99802565947175 1688.3126685703173 8.0516008445993048 0.99308917112648598 1.8057205975055692 1.0350543754175308 2950.1808000029996 2.1200843378901473 331.61608288623393 29.173402089625597
leaf_count=31693 43299 18625 2870 4852 14670 20000 43587 4670 30868 93 14973 16 129 349 22181 4620 8219 12051 5285 24 1777 13222 113 23 19 21 27118 14 2719 188
internal_value=-2.60218e-05 0.000503978 0.00159282 -0.00121678 -0.00278389 -0.00643672 -0.00105348 0.00285645 0.00575626 0.0160931 -0.00163836 0.00464206 0.0539931 0.00170041 0.000837793 -0.00338398 0.0063543 -0.00110492 -0.00582143 0.00414527 0.010275 0.00173484 0.0521281 0.0290065 0.124168 0.241942 -0.00061464 -0.00299882 0.00793511 0.015709
internal_weight=33597.1 29017.2 17771.8 11245.4 7097.16 2281.34 4815.82 12775.6 3641.43 336.206 4996.21 3305.22 15.026 9134.14 7705.84 4579.89 1428.3 1116.53 1573.97 2351.35 649.595 1701.76 13.4442 11.8855 3.83386 2.02814 5354.49 3518.01 603.788 272.171
internal_count=328288 280369 166570 113799 95174 36903 58271 114619 33976 2963 51951 31013 145 80643 67754 47919 12889 16903 20258 18455 5033 13422 200 176 63 44 49299 43601 4684 1965
cat_boundaries=0 1 2 3 4 5 6 7
cat_threshold=10902556 4292622 2304 11803140 8430786 19500210 826
is_linear=0
shrinkage=0.05


Tree=98
num_leaves=31
num_cat=8
split_feature=32 18 4 3 13 2 1 2 1 10 28 11 13 1 24 29 0 23 6 23 1 27 10 20 11 13 2 1 7 7
split_gain=22.5647 21.3986 20.6664 20.5901 33.0398 24.2643 21.7305 21.7168 26.2497 21.6921 20.6544 17.6856 26.4382 17.1513 16.62 15.3559 15.8803 14.8685 13.9929 15.9097 13.6445 15.6516 13.7719 13.3039 13.2144 12.9125 12.7996 14.4148 14.3667 12.2203
threshold=0.020513359983168528 50.505000000000003 1.5000000000000002 2.5000000000000004 59.425000000000004 0 1 2 3 0.19500000000000003 1494.9990409472512 5.7550000000000008 52.585000000000008 4 0.13788888888888892 2.7500000000000004 3.5000000000000004 4.6125000000000007 23.500000000000004 5.154761904761906 5 9.5000000000000018 0.15500000000000003 35.740000000000009 7.2150000000000007 68.475000000000009 6 7 58.050000000000004 54.850000000000001
decision_type=8 2 2 2 2 1 1 1 1 8 2 2 2 1 8 2 2 10 2 8 1 8 10 2 2 2 1 1 2 2
left_child=-1 2 3 7 9 6 29 13 15 11 -7 -5 -13 -2 23 -9 -17 -10 19 -15 21 22 -12 -3 -20 -21 27 -16 -29 -6
right_child=1 14 -4 4 5 10 -8 8 17 -11 20 12 -14 18 26 16 -18 -19 24 25 -22 -23 -24 -25 -26 -27 -28 28 -30 -31
leaf_value=-0.023143720578458527 -0.0045757656391095481 -0.007354286930477516 -0.0081526663026918918 -0.0026561385186763607 0.020154651332706927 0.056674339376395266 -0.00012316669652184871 0.0056769115256648855 -0.0071241256297130857 0.094606731976688993 0.0046460311742401519 0.057341648561424291 0.013189428629171274 0.015916693514220561 -0.0014316250839977466 -0.0002225640169995985 -0.012611992959464828 -0.027119242541533264 0.00064367146721791405 -0.034665150145009926 -0.0046252006310562024 0.03544124873137515 -0.0065639967088621954 0.0046429107705017068 0.054131849057288683 0.2158196922640217 -0.0010544141258947693 0.0042875282169438731 -0.024167260714007485 -0.019727247470442216
leaf_weight=105.21803643507883 1560.1542891799472 244.89969871845096 1012.4631435573101 157.43656773678958 331.33325002714992 15.165366070345042 359.70812760572881 708.71850301139057 2526.6340833250433 8.0066891890019161 885.36447945609689 36.938486396335065 412.89288081042469 253.37512778490782 1871.0768270716071 1006.3910809196532 348.10154621209949 96.525591906160116 4539.7592159085907 21.264748539309952 1806.08210465312 34.218014048412442 396.75972627941519 4094.3160222992301 11.576521459966896 0.52725930511951347 6967.0460261628032 3705.2585453307256 44.897001339122653 20.389466263353825
leaf_count=8463 17206 2016 10539 1285 2043 134 2201 5403 29968 58 6171 245 3009 3247 17607 8804 9625 2328 45084 887 12697 223 3032 32934 65 3 69633 32671 580 127
internal_value=-2.52902e-05 4.73703e-05 -0.00123109 -0.00078006 0.00208655 0.000366773 0.00863581 -0.00193579 -0.00451597 0.0128451 -0.00153083 0.0117671 0.016815 -3.53848e-05 0.00129731 -0.000285021 -0.00340662 -0.00783005 0.00143871 0.0123908 -0.00181843 0.00205213 0.00117703 0.0039658 0.000779721 -0.0286047 0.000377468 0.00215022 0.00393637 0.0173494
internal_weight=33582.5 33477.3 16549.8 15537.3 4464.3 3849.02 711.431 11073 4686.37 615.275 3137.59 607.268 449.831 6386.66 16927.5 2063.21 1354.49 2623.16 4826.5 275.167 3122.42 1316.34 1282.12 4339.22 4551.34 21.792 12588.3 5621.23 3750.16 351.723
internal_count=328288 319825 164384 153845 31225 26628 4371 122620 56128 4597 22257 4539 3254 66492 155441 23832 18429 32296 49286 4137 22123 9426 9203 34950 45149 890 120491 50858 33251 2170
cat_boundaries=0 1 2 3 4 5 6 7 8
cat_threshold=322 27577226 798 15619080 19153984 27067970 206 13508866
is_linear=0
shrinkage=0.05


Tree=99
num_leaves=31
num_cat=8
split_feature=0 6 7 29 8 1 2 14 28 2 1 1 1 2 22 12 7 13 16 4 13 17 11 32 15 6 19 1 26 32
split_gain=22.1347 19.9903 19.8329 19.4733 18.3952 18.0171 18.1587 14.7738 25.3319 21.0245 20.7656 16.7564 15.8493 14.5578 20.6534 14.4979 19.0299 15.2544 14.303 14.5086 13.2952 13.8494 13.6316 12.9214 12.5179 14.2555 13.9949 12.4886 12.345 13.0713
threshold=5.5000000000000009 50.500000000000007 57.550000000000004 4.7500000000000009 1.0000000180025095e-35 0 1 6.7150000000000007 1528.9458702750692 2 3 4 5 6 0.23611111111111113 35.055000000000007 52.250000000000007 73.160000000000011 69.820000000000007 1.5000000000000002 64.565000000000012 30.915000000000003 5.5550000000000006 0.13119877049180331 21.075000000000006 27.500000000000004 1.0000000180025095e-35 7 0.15470085470085473 0.37897140110550354
decision_type=2 2 2 2 2 1 1 2 2 1 1 1 1 1 8 2 2 2 2 2 2 2 2 8 2 2 2 1 8 10
left_child=1 2 4 -2 7 13 -7 9 11 10 23 -9 20 -3 -15 16 -13 28 19 -11 21 -10 -23 -1 -12 26 -26 -21 29 -17
right_child=3 5 -4 -5 -6 6 -8 8 12 18 24 15 -14 14 -16 17 -18 -19 -20 27 -22 22 -24 -25 25 -27 -28 -29 -30 -31
leaf_value=0.027040133944188513 -0.003327802442637594 0.0065272986459021139 -0.012461228660070373 -0.018313393082764872 -0.0023312247703881164 -0.011926039837276664 -0.0027759110006138404 0.0043307859916059208 -0.0054964389189942021 0.00079777362739637519 -0.0061883125788304389 -0.026188903833680544 0.0052890415576269563 -0.01069618963177627 0.0016320700894079763 0.097513032553381007 0.030565184506495171 -0.0068429282375395686 -0.0061619892676277703 0.0061228375464980273 -0.0045829083454247584 -0.04456624152378226 0.012042177202190035 0.0073307972328807876 0.095245344918818892 0.0011084698679237179 0.014907165746138857 -0.010278945481478065 0.030250632078699775 0.026109224597070286
leaf_weight=87.677097734529525 1501.2028915667906 706.6091812569648 278.28533789562061 253.37612097337842 3666.7159381336533 761.45864148624241 1897.0063900463283 236.58755995519459 210.74980849027634 13559.5970647824 502.52196856820956 29.213713904842734 2413.3712830655277 483.36040419433266 1143.2469293484464 15.226340323686602 29.873917799443007 23.72827916406095 869.31396881490946 144.15534366108477 1018.8411815743893 10.944775890558956 375.3544269874692 1613.4389068679884 5.6437284322455517 922.28558955714107 137.25928529165685 519.02916613779962 146.57732149586082 11.068569444119928
leaf_count=1593 32969 6099 3305 21702 31837 7865 17405 1754 1445 121055 5914 247 16062 5947 9701 158 252 154 6285 1228 6548 76 2517 12202 42 7115 993 4803 906 109
internal_value=-2.46454e-05 0.000276829 0.00081742 -0.00549185 0.000956605 -0.00262855 -0.00543163 0.00148345 0.00404362 0.000852987 0.00448174 0.0147507 0.00273549 0.000586061 -0.00201897 0.0233111 0.00250521 0.0307499 6.40171e-05 0.000444603 -0.0011042 0.00481358 0.0104383 0.00829786 0.000314537 0.00338533 0.01808 -0.00677639 0.0359098 0.0674563
internal_weight=33573.7 31819.1 26827.5 1754.58 26549.2 4991.68 2658.47 22882.5 4521.54 18360.9 3268.83 492.276 4029.26 2333.22 1626.61 255.688 59.0876 196.601 15092.1 14222.8 1615.89 597.049 386.299 1701.12 1567.71 1065.19 142.903 663.185 172.872 26.2949
internal_count=328288 273617 226600 54671 223295 47017 25270 191458 30228 161230 27859 3580 26648 21747 15648 1826 499 1327 133371 127086 10586 4038 2593 13795 14064 8150 1035 6031 1173 267
cat_boundaries=0 1 2 3 4 5 6 7 8
cat_threshold=22587612 6178 6 1675518 17614054 5392612 38 147552
is_linear=0
shrinkage=0.05


Tree=100
num_leaves=31
num_cat=11
split_feature=23 27 18 18 25 7 6 7 27 30 27 1 11 7 17 2 1 31 26 2 25 13 1 1 2 1 1 0 1 2
split_gain=21.3069 21.9487 20.0951 20.3041 19.9828 17.6265 16.6095 16.5635 16.2864 15.1415 15.3219 20.611 18.2657 20.7802 14.1813 16.7828 17.8884 17.6227 13.836 13.5666 14.672 18.2572 16.8234 13.5611 13.2829 14.1615 13.3029 13.2245 14.4865 14.3163
threshold=5.4142857142857155 38.500000000000007 43.765000000000008 1.0000000180025095e-35 1.0000000180025095e-35 50.750000000000007 43.500000000000007 52.150000000000013 1.5000000000000002 -0.046523857302118159 2.5000000000000004 0 4.7250000000000005 47.45000000000001 48.415000000000006 1 2 80.500000000000014 0.5887605042016808 3 0.58333333333333337 73.160000000000011 4 5 6 7 8 1.5000000000000002 9 10
decision_type=10 8 2 2 8 2 2 2 10 8 10 1 2 2 2 1 1 2 10 1 10 2 1 1 1 1 1 2 1 1
left_child=2 -2 3 -1 5 14 27 -5 -8 23 18 12 13 -12 -4 -16 -17 -18 19 -11 21 -21 -23 -6 25 -20 -26 28 29 -7
right_child=1 -3 4 7 9 6 8 -9 -10 10 11 -13 -14 -15 15 16 17 -19 24 20 -22 22 -24 -25 26 -27 -28 -29 -30 -31
leaf_value=0.0034796170959434645 -0.025530971273384676 0.36611922432243871 -0.0058916126832712053 -0.00085326020005287335 -0.00017661398782207853 0.015467661722409723 -0.0033832072327751022 -0.0058967299106740464 0.0055583888701184088 -0.0030649876216386073 0.18165493057924637 -0.0066198107361818987 0.0057603218724507372 0.035339866483421238 -0.0088106289046315164 -0.0034402305906377885 0.07448555073127644 -0.001427727418605613 0.0037534661410406132 0.0018385430763561126 0.0068164074971551348 0.0017639407964502468 -0.021695837093160069 0.010096648292469814 -0.0024989197827541883 0.021261190355362582 0.008660962290346623 -6.9675248684660524e-05 0.00094907127174394419 0.004307199283091325
leaf_weight=1320.5358283761889 91.987304366659373 0.35912460321560402 1969.3222622866742 3328.8481405009516 475.16153484862298 442.7398424744606 3875.0479523572139 3185.9714411771856 586.30796465231106 1404.9083582041785 2.7952179219573763 1025.2614664146677 194.79335858486593 18.405004937201738 63.477543639484793 36.479010066017509 30.955330861266702 10.152270386926828 230.04821003228426 4628.1829210468568 1428.4094736548141 148.00374191626906 153.83894996531308 1023.2942671915516 512.40768593549728 259.71295151859522 543.51228754967451 4227.1344520128332 1484.7159739807248 862.696886472404
leaf_count=13344 7127 22 22023 32450 4143 2003 40363 33426 5512 17969 31 7602 1331 206 607 365 344 89 1139 42162 10740 959 992 8719 2476 1300 2716 57654 6611 3863
internal_value=-2.38928e-05 -0.0240079 4.22748e-05 -0.00217377 0.000719536 -0.000594886 0.000177252 -0.00331969 -0.00220811 0.00220199 0.001534 -0.00368415 0.01009 0.0546313 -0.00479464 0.0105197 0.024334 0.0448315 0.00222978 0.00136966 0.00235063 0.0010615 -0.0108531 0.00690519 0.00654981 0.0132772 0.00327275 0.00169378 0.00436546 0.00818109
internal_weight=33565.5 92.3464 33473.1 7835.36 25637.8 13589 11478.6 6514.82 4461.36 12048.7 10550.3 1241.26 215.994 21.2002 2110.39 141.064 77.5866 41.1076 9309.02 7763.34 6358.44 4930.03 301.843 1498.46 1545.68 489.761 1055.92 7017.29 2790.15 1305.44
internal_count=328288 7149 321139 79220 241919 139434 116006 65876 45875 102485 89623 9170 1568 237 23428 1405 798 433 80453 72822 54853 44113 1951 12862 7631 2439 5192 70131 12477 5866
cat_boundaries=0 1 2 3 4 5 6 7 8 9 10 11
cat_threshold=45060 1082 4085806 6144 29149460 2574856 2242 13142710 3365988 17120098 2626
is_linear=0
shrinkage=0.05


Tree=101
num_leaves=31
num_cat=12
split_feature=10 0 1 4 6 15 22 2 1 6 26 2 2 1 1 14 15 13 24 1 19 6 20 26 1 1 7 2 1 0
split_gain=20.5173 28.007 22.4055 21.8747 19.8264 18.8796 18.8504 22.1882 15.6573 15.8388 15.1549 17.4648 15.0704 37.4373 21.6907 15.9545 15.917 19.2217 14.5477 17.8558 16.1604 13.1387 13.9133 12.8763 19.8657 12.8717 12.922 14.2428 12.7892 12.7428
threshold=0.14500000000000005 4.5000000000000009 0 1.5000000000000002 35.500000000000007 6.1550000000000002 0.35416666666666669 1 2 24.500000000000004 0.71525096525096543 3 4 5 6 6.9450000000000012 37.945000000000007 60.540000000000006 0.16707142857142862 7 50.215000000000011 62.500000000000007 54.945000000000007 0.6195238095238097 8 9 50.250000000000007 10 11 1.5000000000000002
decision_type=8 2 1 2 2 2 10 1 1 2 8 1 1 1 1 2 2 2 10 1 2 2 2 10 1 1 2 1 1 2
left_child=3 4 -3 10 5 28 25 -8 9 -7 18 -12 13 29 15 -14 -16 -18 -1 -20 -21 -9 -23 -5 -25 26 -4 -28 -2 -6
right_child=1 2 6 23 12 8 7 21 -10 -11 11 -13 14 -15 16 -17 17 -19 19 20 -22 22 -24 24 -26 -27 27 -29 -30 -31
leaf_value=0.0032527923311527068 0.001389222420312318 -0.018181904877582245 -0.018644842703365014 -0.0065698184207170834 0.00047796099757338581 0.0084398737111131741 -0.0097200082812122883 0.0026787651901160666 0.0055480722194745594 -0.0013020544999959305 0.015305642051636502 0.0031642459498364833 -0.00067112226846583562 0.0051231021746078334 -0.0067658818344370798 0.0085513629344835512 0.0034290031486956434 -0.0051292065230847603 -0.014278944601563252 0.0013656936552118805 0.093733134441691013 0.095746378230758197 -0.056288470793294978 0.018574530521010931 -0.0038786079308473194 -0.012263623277726565 0.01038422420982134 -0.0055761069749922162 -0.0083547160473902218 -0.0087585238966627517
leaf_weight=4571.7864465983585 697.89199400506914 280.48193107591942 108.73346425266936 983.66789559647441 657.12537898868322 509.91772075276822 444.40239729825407 1321.2005609683692 3314.0662561021745 2295.3121430072933 519.8839055635035 712.49414796289057 4470.3306541955099 2579.9278978062794 2956.5891023129225 523.91189908608794 1152.4354863129556 1523.3556889258325 269.96329081151634 357.49577803257853 4.7989549189805976 7.0662668375298363 1.9119975017383692 139.38821943849325 284.17637177556753 766.04313109163195 207.15535887051374 382.31877371948212 640.71860706340522 864.90226179175079
leaf_count=34982 7803 8064 4275 11978 2984 4043 11277 19619 24249 16726 3168 4325 36118 18711 27659 3277 8679 9648 2373 3025 45 95 27 657 1315 27132 6722 12870 7578 8864
internal_value=-2.27281e-05 -0.000705744 -0.00484959 0.0022157 -4.84305e-05 0.00205205 -0.00362767 -0.000173936 0.00322867 0.000467109 0.00345035 0.00843602 -0.00111202 0.00146093 -0.0021046 0.000295754 -0.00422975 -0.00144327 0.00226969 -0.00483905 0.00251965 0.00306536 0.0633693 -0.00343134 0.00385731 -0.00783817 -0.00276747 0.000114303 -0.0033267 -0.00473959
internal_weight=33549.5 25705.8 3519.31 7843.66 22186.5 7457.91 3238.83 1774.58 6119.3 2805.23 6436.42 1232.38 14728.6 4101.96 10626.6 4994.24 5632.38 2675.79 5204.04 632.258 362.295 1330.18 8.97826 1407.23 423.565 1464.25 698.208 589.474 1338.61 1522.03
internal_count=328288 266420 90081 61868 176339 60399 82017 31018 45018 20769 47918 7493 115940 30559 85381 39395 45986 18327 40425 5443 3070 19741 122 13950 1972 50999 23867 19592 15381 11848
cat_boundaries=0 1 2 3 4 5 6 7 8 9 10 11 12
cat_threshold=4456448 7168 27363048 2502 14 10898690 31867992 32613128 1355044 2346754 1300 2219690
is_linear=0
shrinkage=0.05


Tree=102
num_leaves=31
num_cat=8
split_feature=8 7 7 18 15 18 24 21 1 12 18 30 19 19 1 2 1 32 2 13 3 21 23 26 1 13 1 32 1 29
split_gain=19.835 18.4294 24.6232 16.6397 19.8318 14.8221 13.9854 18.2582 13.7811 13.1587 13.9199 13.1491 12.8494 15.6968 15.0241 14.7797 14.1394 14.09 13.8721 12.7137 32.3575 15.476 19.8034 22.0267 14.4592 15.109 15.922 13.012 12.9775 16.0999
threshold=1.0000000180025095e-35 52.45000000000001 51.45000000000001 59.835000000000008 10.570000000000002 42.82500000000001 0.17816666666666672 0.47222222222222227 0 6.160000000000001 89.27500000000002 -0.047491562238930675 34.695000000000007 27.455000000000002 1 2 3 0.5383147386964181 4 53.710000000000008 2.5000000000000004 0.35416666666666669 4.1180555555555562 0.22111111111111112 5 47.135000000000012 6 0.49183659869385582 7 1.7500000000000002
decision_type=2 2 2 2 2 2 10 10 1 2 2 10 2 2 1 1 1 10 1 2 2 10 8 10 1 2 1 8 1 2
left_child=1 2 6 4 -3 -4 12 8 -8 10 -2 -7 13 -1 -14 16 17 -15 -16 20 24 22 27 -24 25 -13 -27 -22 29 -21
right_child=9 3 5 -5 -6 11 7 -9 -10 -11 -12 19 14 15 18 -17 -18 -19 -20 28 21 -23 23 -25 -26 26 -28 -29 -30 -31
leaf_value=0.0035515629932471402 -0.032799873822074138 -0.0081085353811482692 -0.00070574027553995224 0.0032791636733797572 -0.0011112197485543636 0.0075461005265725929 -0.013024765821602793 0.034045253162699372 -0.0025230104762293606 -0.0028254034204647921 0.33895567656215586 -0.0058356221021835112 -0.0021736331566289415 -0.0059395938478511677 0.016535277876723705 -0.010825176352605451 0.0054010980591557203 -0.046480118171644269 0.0032436323913879969 0.010031212253102148 0.0099009041063402407 0.066842934569267029 0.22236616599176318 0.023939339014955565 0.0070987562641977274 -0.011576883375893087 0.014746119821395526 0.12840363920873557 -0.00019660515630211094 0.00055181753495991829
leaf_weight=701.60164651414379 42.763092683628201 1154.1544031337835 2648.2087133480236 1798.7354927267879 8256.4964597104117 1672.7159215705469 512.83933075377718 28.090763691812754 817.39456414896995 4516.8812067690305 0.25329429283738036 545.72578158974648 673.79430547822267 236.32924611587077 291.01710261171684 674.1791301202029 411.00664863688871 23.569936520420015 612.86220451164991 832.07471191883087 64.087795037776232 25.973223604261875 2.5034169545397154 3.1690289219841361 1705.5256912801415 70.55819960590452 215.15855931118131 2.4033432789146891 4018.5485599134117 970.19231645949185
leaf_count=6797 3351 16849 24873 16672 80278 14676 6768 202 10579 44565 3 7582 6321 2374 2674 6372 3917 161 5786 5068 539 189 35 21 20715 659 2057 17 29877 8311
internal_value=-2.22735e-05 0.000460217 0.00146214 -0.00112717 -0.00196939 0.00262478 -0.00151917 -0.00584619 -0.00668859 -0.00308752 -0.0306109 0.00349557 0.000102503 -0.00251133 0.00349338 -0.00567376 -0.000330934 -0.00925988 0.00765718 0.00269431 0.00557581 0.0337467 0.0218346 0.111511 0.00448608 -0.000947239 0.00835654 0.0141842 0.00138985 0.00490109
internal_weight=33528.8 28968.9 17759.5 11209.4 9410.65 12776.8 4982.68 1358.32 1330.23 4559.9 43.0164 10128.6 3624.36 2046.69 1577.67 1345.08 670.906 259.899 903.879 8455.92 2635.11 98.1368 72.1636 5.67245 2536.97 831.443 285.717 66.4911 5820.82 1802.27
internal_count=328288 280369 166570 113799 97127 114619 51951 17549 17347 47919 3354 89746 34402 19621 14781 12824 6452 2535 8460 75070 31814 801 612 56 31013 10298 2716 556 43256 13379
cat_boundaries=0 1 2 3 4 5 6 7 8
cat_threshold=11747878 8071240 4810 43478 294 729538 65538 141762
is_linear=0
shrinkage=0.05


Tree=103
num_leaves=31
num_cat=9
split_feature=32 4 10 6 23 0 27 1 26 2 1 30 1 2 1 1 16 18 15 30 6 32 1 16 9 15 17 14 1 6
split_gain=19.043 18.2872 27.5933 24.3903 19.9429 19.2615 16.7512 16.4738 13.8598 16.3746 21.3554 16.6906 15.1552 13.7541 17.6958 16.7808 17.047 16.3906 13.7242 19.1658 15.5955 15.292 14.5853 16.3212 15.4823 13.9523 13.6698 13.5825 13.18 13.1855
threshold=0.020513359983168528 1.5000000000000002 0.14500000000000005 35.500000000000007 5.154761904761906 4.5000000000000009 34.500000000000007 0 0.71525096525096543 1 2 0.10769003139717427 3 4 5 6 80.66500000000002 41.775000000000013 6.1550000000000002 -0.086315732290308533 22.500000000000004 0.42831449126413162 7 90.160000000000011 1.0000000180025095e-35 39.485000000000007 14.335000000000003 7.0550000000000006 8 58.500000000000007
decision_type=8 2 8 2 10 2 8 1 8 1 1 10 1 1 1 1 2 2 2 8 2 10 1 2 2 2 2 2 1 2
left_child=-1 2 8 4 18 13 -6 -7 28 10 -10 -12 -11 14 -5 16 -15 26 19 21 25 -4 23 24 -22 -20 27 -17 29 -2
right_child=1 -3 3 5 6 7 -8 -9 9 12 11 -13 -14 15 -16 17 -18 -19 20 -21 22 -23 -24 -25 -26 -27 -28 -29 -30 -31
leaf_value=-0.02174730428744516 0.0063553022860597958 -0.0041295875024240283 0.023202671448123935 0.0044052337766636992 -0.022504314410371304 -0.014839819396719776 0.28489599591099507 -0.0037177772247215472 -0.0024426120932915887 -0.0029261691318195815 0.035467394340180487 -0.0098436677912104396 0.0098541629736906625 6.3867730009289377e-05 -0.0014615951470587384 -0.0038397045528139658 0.019219689824153646 -0.0024067493736747297 0.016704772356052746 -0.0033280925294149424 0.0050541811723710892 0.15992877945054162 8.4238327999047386e-05 -0.043600157747428883 0.10229425258999464 -0.010444117327278294 -0.013308119943948656 0.035874534270280402 0.00080719251896863736 0.057876881619569304
leaf_weight=100.5581516912207 1137.2313696080819 2433.6633621314541 43.295110637322068 2352.6415680516511 93.74284963356331 409.17381471022964 0.44528325507417221 1749.8218524772674 85.943390432745218 380.6085492214188 161.19423027709126 23.255878329277039 578.5714044496417 3296.9597380720079 2812.7958227600902 324.99458500929177 120.38163549825549 4511.4866394232959 330.09340978972614 1415.3016662662849 3068.4010092359968 2.1464180871844283 3213.3190517257899 17.241170107387006 4.09887421876192 55.244320106692612 708.95531515777111 23.056495681405067 4056.8002847479656 12.555321336723862
leaf_count=8463 8410 24515 512 17163 3959 10204 19 39656 538 2316 950 135 3533 26014 21582 2900 761 36602 3638 20351 27619 14 29574 128 44 415 6187 144 31827 115
internal_value=-2.14844e-05 4.38802e-05 0.000371628 -0.00039224 0.00182442 -0.00151256 -0.0210511 -0.00591159 0.00328574 0.00806032 0.0187375 0.0282243 0.00480498 -0.000841419 0.00121385 -0.00202198 0.000736509 -0.00371312 0.00208882 -0.00230185 0.00304774 0.0296609 0.00245077 0.00489584 0.0051839 0.0128125 -0.00932407 -0.00120885 0.00215819 0.00685825
internal_weight=33524 33423.4 30989.8 24553.6 8243.33 16310.3 94.1881 2159 6436.16 1229.57 270.393 184.45 959.18 14151.3 5165.44 8985.83 3417.34 5568.49 8149.14 1460.74 6688.4 45.4415 6303.06 3089.74 3072.5 385.338 1057.01 348.051 5206.59 1149.79
internal_count=328288 319825 295310 247486 86273 161213 3978 49860 47824 7472 1623 1085 5849 111353 38745 72608 26775 45833 82295 20877 61418 526 57365 27791 27663 4053 9231 3044 40352 8525
cat_boundaries=0 1 2 3 4 5 6 7 8 9
cat_threshold=4599808 326 1590068 5418124 142 5873900 29770776 1997078 147974
is_linear=0
shrinkage=0.05


Tree=104
num_leaves=31
num_cat=10
split_feature=17 12 6 14 28 3 23 6 1 14 13 2 1 29 2 1 6 24 11 1 18 12 1 13 13 1 26 21 2 1
split_gain=18.3801 20.7493 22.8653 20.373 24.2597 22.4014 20.0528 19.0703 18.6814 18.5973 26.8364 17.7639 17.9242 15.7158 15.6144 18.1394 19.0405 17.0346 16.7179 16.5178 15.4896 14.9516 15.2785 14.5865 14.4609 14.4577 14.1446 14.0704 13.5675 18.5118
threshold=45.245000000000012 13.935 24.500000000000004 4.5850000000000009 1514.1852209229755 2.5000000000000004 5.154761904761906 41.500000000000007 0 6.7150000000000007 52.585000000000008 1 2 2.7500000000000004 3 4 44.500000000000007 0.1052777777777778 7.4150000000000009 5 45.470000000000006 32.995000000000012 6 60.945000000000007 79.705000000000013 7 0.25866188769414583 0.15476190476190479 8 9
decision_type=2 2 2 2 2 2 8 2 1 2 2 1 1 2 1 1 2 8 2 1 2 2 1 2 2 1 10 10 1 1
left_child=1 6 8 5 14 28 7 25 -3 13 -11 12 23 -6 15 18 17 -17 -5 -16 24 -7 -23 -12 26 -1 -21 -19 29 -4
right_child=-2 2 3 4 9 21 -8 -9 -10 10 11 -13 -14 -15 19 16 -18 27 -20 20 -22 22 -24 -25 -26 -27 -28 -29 -30 -31
leaf_value=0.010858656481958421 0.0036298106417242491 0.013610737435427673 0.0040110839459882777 0.0098154172215601434 -0.00062405984260119861 0.059336928644014443 -0.024474467129853308 -0.015102099599647263 0.0019810312199053273 0.024911295679536864 0.0056627144449057504 0.0038705571578552343 0.0013365754029412164 -0.0047121203791091401 -0.0048177954094484913 0.061740717163505848 -0.0053242867312826457 0.0013961646670098155 0.13124161777471546 -0.009100253509051897 0.00638640204551772 0.013565739868781687 -0.0014266878311159433 -0.011052708299501363 0.12614613392389637 -0.0061451465537448527 0.0077473864702651829 0.014955895230471725 -0.0065356153656630309 -0.0044418812284724839
leaf_weight=213.66870813025162 3126.0408538491465 492.50488098803908 963.31441530724987 1300.5587767008692 7273.4221074264497 12.581334406509994 150.91908244369552 273.08110716333613 1141.7617995142937 121.75228824280202 160.92063578870147 2718.7997246021405 1419.2887791618705 3473.7327854558825 972.60621448233724 13.669622616842387 564.54622631240636 631.31054398603737 2.8408186063170424 406.29741690866649 1244.8093047738075 265.53590049594641 444.69934938102961 690.7016200684011 2.1443573813885441 274.08262978773564 179.6736720893532 274.49780393671244 2769.3840284640901 1932.6497025336139
leaf_count=5242 27782 4833 10808 12490 49265 105 10402 5323 11146 996 1343 19315 10719 36521 11540 132 6070 6340 17 5989 13580 2019 3353 5260 19 6974 854 2478 35311 22062
internal_value=-2.09463e-05 -0.000396531 -0.000166728 -0.000504145 0.000233969 -0.00298275 -0.00782532 -0.00452279 0.00558118 -0.000764584 0.00171819 0.00115226 -0.00210991 -0.00194542 0.00306533 0.00570643 0.00189083 0.00634137 0.0100033 0.000419442 0.00320954 0.00530656 0.00434945 -0.00780258 -0.00346004 0.00140033 -0.00393434 0.00550533 -0.00404034 -0.00162596
internal_weight=33511.8 30385.8 29474 27839.7 21451.6 6388.16 911.752 760.832 1634.27 15858.6 5111.46 4989.71 2270.91 10747.2 5592.95 2787.42 1484.02 919.478 1303.4 2805.53 1832.92 722.817 710.235 851.622 588.115 487.751 585.971 905.808 5665.35 2895.96
internal_count=328288 300506 272565 256586 182928 73658 27941 17539 15979 123419 37633 36637 17322 85786 59509 27527 15020 8950 12507 31982 20442 5477 5372 6603 6862 12216 6843 8818 68181 32870
cat_boundaries=0 1 2 3 4 5 6 7 8 9 10
cat_threshold=11537312 5644 3348642 310 25789086 3672994 3688006 6403656 782 1725088
is_linear=0
shrinkage=0.05


Tree=105
num_leaves=31
num_cat=9
split_feature=8 0 2 5 7 1 27 1 2 1 16 32 21 24 30 27 1 1 7 1 21 20 13 6 2 6 23 24 11 32
split_gain=18.3942 17.5755 21.5536 20.4435 18.2272 17.0462 15.7439 20.6357 13.535 13.529 13.5189 19.4735 12.9382 13.9842 13.598 12.8931 19.699 17.2135 13.2759 12.5789 15.1006 15.1014 12.8071 14.3797 12.4437 12.3367 12.5141 13.7324 14.4575 12.1018
threshold=1.0000000180025095e-35 1.5000000000000002 0 1500.0000000000002 52.45000000000001 1 3.5000000000000004 2 3 4 95.120000000000019 0.42159512453630105 1.0000000180025095e-35 0.15105555555555558 0.045572584630590586 1.0000000180025095e-35 5 6 53.850000000000001 7 0.31666666666666671 66.800000000000026 44.715000000000011 55.500000000000007 8 35.500000000000007 3.0500000000000003 0.19527777777777786 5.455000000000001 0.54415184678522588
decision_type=2 2 1 2 2 1 8 1 1 1 2 8 10 10 10 10 1 1 2 1 8 2 2 2 1 2 8 10 2 8
left_child=1 3 9 8 -4 -5 19 -8 -1 -3 -11 -12 14 -14 -9 16 18 25 -6 -7 21 24 23 -23 -21 -17 27 -27 -29 -26
right_child=-2 2 4 5 15 6 7 12 -10 10 11 -13 13 -15 -16 17 -18 -19 -20 20 -22 22 -24 -25 29 26 -28 28 -30 -31
leaf_value=-0.017952550111688528 -0.0029747103861138234 -2.5144648282057104e-05 0.0015283110034777665 -0.0045903967440126901 0.0063058251588764035 0.0075109211013286714 -0.012391296775838549 0.018054513471682417 0.0014385204354282802 -0.0081311093380910075 0.19720984741363648 0.018578639834572055 0.0068582613586375381 -0.0082447761623314145 -0.028834355051270091 0.0027752966348137511 -0.010832516957414927 0.0012784191680516514 -0.0076697740378229365 0.0091858790089491878 0.0084810756975838824 0.052242743032413087 0.0081984761473516236 -0.032665408455257498 0.0012232971160107545 -0.0032376375809396278 -0.012879994897461873 -0.022610647401646394 0.074441290321202475 -0.008713842522858806
leaf_weight=197.13561281561852 4551.7268006484956 932.75757176382467 9858.0303090275265 773.51937555894256 406.54930975893512 1839.504897415638 345.68221462517977 167.23928186297417 164.23133220523596 1537.1710083209909 1.784662206657228 10.514612749218941 281.13401921093464 336.98265723884106 17.037566624581814 329.06004436500371 865.78096528304741 3351.8930179141462 291.9602323602885 445.50203455984592 987.5263375043869 36.624058201909065 106.7247951477766 5.7723652124404898 4384.5530770421028 334.83840948715806 595.54520687321201 5.729793916456404 11.617955585941671 329.40299781411886
leaf_count=896 47919 14041 113418 3496 5591 8543 1553 747 757 24682 29 116 1295 1481 76 4384 14497 39940 4681 2012 4805 165 485 27 19583 2747 8592 67 90 1573
internal_value=-2.00035e-05 0.000444528 -0.000479138 0.0020876 0.000192723 0.00250744 0.00310044 -0.00237742 -0.00959683 -0.00480506 -0.00766389 0.0444986 0.00206538 -0.00137556 0.0137193 -0.00193297 -0.00585732 -0.000606707 0.000457806 0.00387727 0.00279927 0.00174759 0.0174339 0.0406823 0.00129421 -0.00552239 -0.00846168 -0.00099034 0.042386 0.000527788
internal_weight=33503.5 28951.8 18533.2 10418.6 16051 10057.2 9283.69 1148.08 361.367 2482.23 1549.47 12.2993 802.394 618.117 184.277 6192.97 1564.29 4628.68 698.51 8135.61 6296.11 5308.58 149.121 42.3964 5159.46 1276.79 947.731 352.186 17.3477 4713.96
internal_count=328288 280369 232875 47494 194007 45841 42345 5152 1653 38868 24827 145 3599 2776 823 80589 24769 55820 10272 37193 28650 23845 677 192 23168 15880 11496 2904 157 21156
cat_boundaries=0 1 2 3 4 5 6 7 8 9
cat_threshold=6144 20 25232650 3792 1098940 8801814 8678528 17572096 2
is_linear=0
shrinkage=0.05


Tree=106
num_leaves=31
num_cat=5
split_feature=0 11 4 6 7 1 2 6 27 31 8 26 2 23 24 28 18 19 26 13 11 21 1 20 21 30 17 30 1 32
split_gain=17.9759 16.5649 17.8289 15.6286 17.003 15.6779 16.7765 14.1724 15.0095 15.4127 13.9246 12.9987 12.2879 15.9699 12.8023 12.2451 13.964 15.608 13.9047 13.7876 13.9826 21.849 15.603 15.1421 12.4185 16.835 12.1829 12.0133 14.4985 12.0102
threshold=5.5000000000000009 5.785000000000001 2.5000000000000004 50.500000000000007 57.550000000000004 0 1 57.500000000000007 1.5000000000000002 50.500000000000007 1.0000000180025095e-35 0.10102040816326532 2 3.8944444444444448 0.22105555555555562 1685.9703355499121 54.295000000000009 38.995000000000012 0.17445652173913045 58.765000000000008 6.6850000000000014 0.38750000000000007 3 57.835000000000008 0.47222222222222227 0.042654093567251479 32.315000000000005 -0.062350829562594252 4 0.13521462639109702
decision_type=2 2 2 2 2 1 1 2 8 2 2 8 1 10 8 2 2 2 10 2 2 10 1 2 10 10 2 8 1 8
left_child=3 -2 7 4 10 12 -7 15 11 -10 27 -9 14 -14 -5 19 18 24 -17 20 22 -22 -3 -24 25 -18 -13 28 -1 -30
right_child=1 2 -4 5 -6 6 -8 8 9 -11 -12 26 13 -15 -16 16 17 -19 -20 -21 21 -23 23 -25 -26 -27 -28 -29 29 -31
leaf_value=0.0086273578080904439 -0.011167112842288858 -0.014035604845565619 -0.023374570485670501 0.0057440434089686444 -0.011647387830175259 -0.011229845938515587 -0.0023999008396842002 -0.038113923694884339 0.027166634288705929 0.20538716342226482 -0.0020102465330147259 -0.013602340179586475 1.3851110998235644e-06 -0.014498380418696609 -0.016175062737670016 -0.011761568019150565 0.064382722549984048 -0.029002918149016895 0.058916308296714875 -0.0039059400317140538 0.21017711109450687 -0.02810472606231719 0.018503680551798719 0.087504784229116755 0.027177902832263248 0.1992192424877316 0.089331220666946348 0.00092527444304866765 0.024918042495137981 -0.00023674551855401029
leaf_weight=1165.7636821400374 665.73431299626827 33.794301087968051 83.013946136459708 1074.0985444579273 274.66917646164075 753.14014230202883 1887.1010331446305 6.5325484424829545 2.3948597759008399 2.4584472104907036 3650.8599226316437 4.6964909825474006 943.80815452244133 237.73049009311944 71.02125945687294 34.077173355035484 7.7113450244069153 5.1093717589974394 8.7444969657808524 797.62171875871718 2.2533124992623921 1.6787661816924808 49.374361055903137 9.4769189385697228 9.6502579338848573 3.3079942259937525 7.4101588279008865 20486.175054523628 49.48526113666594 1154.4771466795355
leaf_count=9852 35148 746 3206 9077 3305 7865 17405 144 28 25 31837 58 8424 3518 728 355 71 50 63 13382 31 17 986 175 78 32 76 171654 701 9251
internal_value=-1.96908e-05 -0.0049754 -0.00112054 0.000251138 0.000728883 -0.00232485 -0.00495155 0.000752531 0.0391226 0.117444 0.000857128 0.018729 0.000674252 -0.00289156 0.00434664 -0.000183706 0.0201743 0.0492487 0.00267137 -0.00174552 0.0160971 0.108445 0.0121776 0.0253137 0.0685919 0.104861 0.0494006 0.00131515 0.00468556 0.0007906
internal_weight=33483.4 1735.04 1069.31 31748.3 26781.4 4966.9 2640.24 986.293 23.4925 4.85331 26506.8 18.6392 2326.66 1181.54 1145.12 962.8 68.6006 25.779 42.8217 894.199 96.5777 3.93208 92.6456 58.8513 20.6696 11.0193 12.1066 22855.9 2369.73 1203.96
internal_count=328288 54671 19523 273617 226600 47017 25270 16317 331 53 223295 278 21747 11942 9805 15986 649 231 418 15337 1955 48 1907 1161 181 103 134 191458 19804 9952
cat_boundaries=0 1 2 3 4 5
cat_threshold=22587612 6178 62 4922412 17804610
is_linear=0
shrinkage=0.05


Tree=107
num_leaves=31
num_cat=8
split_feature=10 4 11 26 6 6 10 2 11 23 1 7 30 1 14 24 24 1 28 19 1 16 32 1 20 0 1 28 14 1
split_gain=17.3605 19.4948 18.6388 15.5598 15.3001 15.215 17.517 19.3732 14.9268 14.1077 13.1254 12.5935 12.4485 12.8505 12.2466 12.7629 11.9919 11.8922 11.4463 17.2491 13.0385 11.4321 14.9086 14.8348 14.5289 11.897 15.4648 14.7133 11.2759 11.2239
threshold=0.17500000000000002 1.5000000000000002 7.6450000000000005 0.03883861236802414 55.500000000000007 37.500000000000007 0.14500000000000005 0 3.0150000000000001 5.4722222222222232 1 57.850000000000001 -0.081527536231884051 2 6.9650000000000007 0.17316666666666672 0.13050000000000006 3 1610.9921837025945 30.365000000000006 4 53.875000000000007 0.38920537303770847 5 75.120000000000019 1.5000000000000002 6 1440.8140401658873 7.8050000000000006 7
decision_type=8 2 2 10 2 2 10 1 2 10 1 2 10 1 2 10 10 1 2 2 1 2 8 1 2 2 1 2 2 1
left_child=1 2 5 4 9 -1 8 10 -7 21 -8 -9 -10 -14 15 29 -12 -13 19 -4 -20 25 23 24 -23 26 -2 -28 -15 -3
right_child=3 14 18 -5 -6 6 7 11 12 -11 16 17 13 28 -16 -17 -18 -19 20 -21 -22 22 -24 -25 -26 -27 27 -29 -30 -31
leaf_value=0.0023836278065371215 0.01332544418696293 0.0012278273796824438 0.082835162354422121 -0.00050167576370042488 -0.016796647941644528 0.11185285011376547 -0.011966554341004736 -0.00011398867739294531 0.012052976338006626 -0.029751116785515022 0.012480311299937354 0.0044888961849893459 0.0060522705156349742 -0.0015591182808255381 0.00045612623924369886 -0.022399169594692486 -0.0048854911633770849 -0.024071276203034692 -0.0095903206742200941 0.017384396804250565 0.017704439456216203 0.02557909163135812 -0.0057617782995884291 0.00050108838223369523 0.20317933593708346 -0.0071771980103263093 0.022891076924382546 -0.016115542433332877 0.014467646700095269 -0.0087756778417681838
leaf_weight=9826.6552922292612 170.73777136951685 431.91960216220468 14.296257562935351 4976.1808863184415 259.92227650573477 3.139382852241396 637.02472252212465 8528.8072440600954 327.29637624789029 51.982709638308734 117.47493697982281 57.405216861516237 1122.3799470188096 1876.2785962326452 996.77956021670252 120.21010437235236 646.53334365598857 95.147367648780346 59.226375706493855 34.023877145722508 126.27857548743486 103.58597405999899 226.59522496256977 142.14233853947371 1.1645019743591536 1452.4686313574202 30.063814617693424 123.42898117005825 116.56723584420979 800.53612267971039
leaf_count=83395 835 4375 83 42913 5386 43 7856 74660 2543 5991 1266 801 8366 14198 9618 1392 7553 1266 338 200 708 1868 2575 2559 22 37677 205 587 729 8280
internal_value=-1.95656e-05 0.000594268 0.00102687 -0.00213167 -0.00529749 0.000886241 -0.000201447 -0.00125326 0.00287626 -0.0039992 -0.00668671 -0.000368256 0.00277688 0.0018023 -0.00374912 -0.00684797 -0.00218668 -0.0146078 0.0150734 0.036749 0.00942742 -0.00340429 0.00349931 0.011999 0.0251523 -0.00524409 0.00341571 -0.00795712 -0.000618563 -0.00533115
internal_weight=33476.3 25938 23588.5 7538.27 2562.09 23354.7 13528.1 10082.4 3445.66 2302.17 1401.03 8681.36 3442.52 3115.23 2349.45 1352.67 764.008 152.553 233.825 48.3201 185.505 2250.19 473.488 246.893 104.75 1776.7 324.231 153.493 1992.85 1232.46
internal_count=328288 227670 204005 100618 57705 202676 119281 93402 25879 52319 16675 76727 25836 23293 23665 14047 8819 2067 1329 283 1046 46328 7024 4449 1890 39304 1627 792 14927 12655
cat_boundaries=0 1 2 3 4 5 6 7 8
cat_threshold=6144 12822946 25862662 14758002 24654856 580916 17822112 3817570
is_linear=0
shrinkage=0.05


Tree=108
num_leaves=31
num_cat=10
split_feature=17 12 6 15 4 11 1 28 1 11 13 14 13 2 1 1 16 1 6 1 27 1 24 1 28 24 23 1 23 16
split_gain=17.1547 22.8205 21.3204 21.0744 21.3888 18.5544 28.1954 14.1565 24.8689 21.0488 20.1389 15.2713 22.999 22.3015 19.8402 16.8127 15.5349 20.0551 16.1858 15.6734 14.6441 13.2971 13.1591 16.7316 16.6316 15.0018 22.5434 12.9889 12.9344 12.7362
threshold=37.755000000000003 8.1900000000000013 24.500000000000004 23.550000000000004 1.5000000000000002 6.3650000000000011 0 1495.6293628441651 1 6.2750000000000012 52.015000000000008 6.7550000000000008 58.635000000000005 2 3 4 73.355000000000004 5 34.500000000000007 6 1.0000000180025095e-35 7 0.16894444444444451 8 1500.0001822339871 0.16683333333333339 5.3875000000000011 9 4.4722222222222232 41.205000000000005
decision_type=2 2 2 2 2 2 1 2 1 2 2 2 2 1 1 1 2 1 2 1 10 1 8 1 2 8 8 1 10 2
left_child=1 22 21 5 7 -4 -7 8 10 -10 -5 16 -13 14 -14 -15 18 -18 19 -9 27 -3 23 25 -25 -1 28 -20 -27 -21
right_child=-2 2 3 4 -6 6 -8 11 9 -11 -12 12 13 15 -16 -17 17 -19 20 29 -22 -23 -24 24 -26 26 -28 -29 -30 -31
leaf_value=0.024279007690976712 0.0016966694721606349 0.013442495555651635 -0.0048064783542296321 0.0084962193282321803 -0.0061200673816490768 -0.010491112260485191 0.012477416124401605 -0.0023345841876484005 -0.00012958369186246146 0.049162688162923386 0.036174050286619269 0.012857317672109948 -0.0029874074006101922 0.0030295322988410042 0.011825325659866985 -0.0070753910566987493 0.0018140070875867144 -0.022207652234788336 -0.0095746878711004766 0.025400838131353416 -0.00046967723334619214 0.0023613292819672348 -0.024109418235114286 -0.02759303076189254 0.17084178178793297 0.2093109533344647 0.45975541522803492 -0.001924537323861431 -0.052394222430609018 0.0049234947677845638
leaf_weight=26.684323207475249 10149.493900237139 366.21600998938084 4652.0185856511816 782.231679584831 1360.5120193697512 195.19864344503731 379.77478559035808 918.42382812965661 1865.1574996188283 21.911964941769838 71.750426379963756 474.9489316502586 341.76021793019027 727.1358246114105 656.46031953766942 929.26292249746621 160.55779716279358 186.78259705379605 1020.818411692977 80.706167172640562 4352.1812912030146 1017.9732404868118 163.08799311891198 38.676280412357301 1.0855750925838936 0.93679969757795267 0.48442129092290986 1239.5006535388529 0.95183538040146232 1284.0382953304797
leaf_count=1384 92901 4097 58686 9164 14103 1505 2862 7201 23457 184 668 3577 2223 4980 4288 6434 1261 1457 10364 657 32562 10961 9169 2032 15 21 38 12455 50 9532
internal_value=-1.91505e-05 -0.00076601 -0.000609233 -0.00099299 -0.00011532 -0.00375918 0.00471434 0.00042522 0.00367635 0.000440446 0.0106964 -0.000295044 0.00272381 0.000910784 0.00677457 -0.00264791 -0.00131719 -0.0116908 -0.000912143 0.00271749 -0.00216538 0.00540726 -0.0163725 0.00196256 -0.0177191 0.0260334 0.155465 -0.00543042 0.0774166 0.00608983
internal_weight=33466.7 23317.2 23085.3 21701.1 16474.1 5226.99 574.973 15113.6 2741.05 1887.07 853.982 12372.6 3129.57 2654.62 998.221 1656.4 9243.01 347.34 8895.67 2283.17 6612.5 1384.19 231.907 68.8192 39.7619 29.0574 2.37306 2260.32 1.88864 1364.74
internal_count=328288 235387 222678 207620 144567 63053 4367 130464 33473 23641 9832 96991 21502 17925 6511 11414 75489 2718 72771 17390 55381 15058 12709 3540 2047 1493 109 22819 71 10189
cat_boundaries=0 1 2 3 4 5 6 7 8 9 10
cat_threshold=4667408 213148 2386 4329844 17400670 15664448 28934792 11536800 5882068 1173444
is_linear=0
shrinkage=0.05


Tree=109
num_leaves=31
num_cat=7
split_feature=0 29 10 8 1 6 1 14 2 1 26 0 18 19 19 20 13 3 1 7 1 23 11 32 26 31 4 1 31 12
split_gain=16.3659 15.0197 14.7271 14.0215 13.1157 12.9074 18.6705 15.0389 16.3708 16.3257 15.6563 20.0379 17.7847 16.3637 14.7316 13.3459 13.3179 17.2931 20.2256 14.6045 15.5755 16.1339 13.8289 18.0753 14.7217 15.2948 13.3171 13.2791 12.8402 12.7484
threshold=5.5000000000000009 4.7500000000000009 0.21500000000000002 1.0000000180025095e-35 0 28.500000000000004 1 7.205000000000001 2 3 0.36451048951048953 4.5000000000000009 61.560000000000009 28.540000000000003 35.095000000000006 49.895000000000003 57.195000000000007 1.5000000000000002 4 52.050000000000004 5 4.2361111111111116 3.0150000000000001 0.11437177280550775 0.097167584579071611 39.500000000000007 1.5000000000000002 6 97.500000000000014 41.82500000000001
decision_type=2 2 8 2 1 2 1 2 1 1 10 2 2 2 2 2 2 2 1 2 1 10 2 8 10 2 2 1 2 2
left_child=2 -2 3 5 -3 6 -1 8 16 -9 -10 12 26 -13 -14 -15 17 18 22 20 -18 29 23 24 25 -7 27 -12 -4 -22
right_child=1 4 28 -5 -6 7 -8 9 10 -11 11 13 14 15 -16 -17 19 -19 -20 -21 21 -23 -24 -25 -26 -27 -28 -29 -30 -31
leaf_value=0.0074827364001605993 -0.0028890453474730341 0.0045849607393635989 -0.010277844407653936 -0.0023236260791471958 -0.022507881198455367 0.29287464970107679 0.00072977848958644511 0.0089109257395041577 -0.0023242626256852208 0.00041140875175549606 -0.0052276488132506939 0.14297737475000691 0.0027843322884835708 -0.061128356079774432 0.020142618965709236 0.06006486018648597 0.017336964579461704 0.0096551123198324543 -0.0012714684939058489 -0.0042971141262659147 -0.0070969825558205805 -0.0392053260974944 0.0062900749191158708 -0.0093720818451227973 0.022996931233031929 0.047180251409474669 -0.010803732639585222 0.0023646764484431169 0.049700771082872006 0.0048878255703062928
leaf_weight=1632.0021669687703 1486.6956888558343 60.694460902363062 416.95018524583429 4199.8656201004051 178.62333928374574 1.8506364300847029 2740.6761112189852 996.67435890436172 9128.4714060425758 1302.2552216034383 718.62399978935719 4.1485100500285617 295.85809471830726 3.1202738285064688 208.27668968588114 8.3518804050981981 154.61562858894467 918.59453198127449 2008.0437404625118 1468.6922548171133 300.55259938165545 24.560010673478246 1330.3448989884928 3.8118040310218939 1.717028548941016 0.9630500841885804 267.26991906017065 2742.6395830251276 9.1183028602972609 847.75375747308135
leaf_count=14823 32969 5256 8030 36592 16446 36 25382 6416 95774 8902 3246 33 1397 27 978 81 995 6193 20840 9245 1944 189 13168 58 13 24 1274 12795 85 5077
internal_value=-1.88743e-05 -0.0047604 0.000239003 0.00036465 -0.0163857 0.000781119 0.00326895 0.000302675 -0.000128597 0.00413683 -0.00115646 0.00135011 0.0011415 0.0578759 0.00995568 0.0271019 0.00181758 0.00357826 0.00191031 -0.000861688 0.00293918 0.000885791 0.00664288 0.0708663 0.138373 0.20878 -5.02614e-05 0.000780094 -0.00899424 0.00175098
internal_weight=33461.8 1726.01 31735.8 31309.7 239.318 27109.9 4372.68 22737.2 20438.3 2298.93 13376.8 4248.29 4232.67 15.6207 504.135 11.4722 7061.5 4265.33 3346.73 2796.17 1327.48 1172.87 1338.69 8.34252 4.53072 2.81369 3728.53 3461.26 426.068 1148.31
internal_count=328288 54671 273617 265502 21702 228910 40205 188705 173387 15318 115605 19831 19690 141 2375 108 57782 40332 34139 17450 8205 7210 13299 131 73 60 17315 16041 8115 7021
cat_boundaries=0 1 2 3 4 5 6 7
cat_threshold=8422422 17308054 390 27366938 3883112 16850944 33836
is_linear=0
shrinkage=0.05


Tree=110
num_leaves=31
num_cat=7
split_feature=18 0 1 19 19 24 27 1 22 15 6 32 1 26 2 6 23 17 26 2 19 12 10 29 4 28 7 31 2 1
split_gain=16.0209 17.45 21.6267 16.889 15.517 13.667 13.2949 12.9378 12.7671 12.8379 14.9022 14.4352 12.7446 16.7749 13.0062 13.5314 13.352 12.7514 12.15 17.7266 13.2723 12.5044 11.885 11.8689 14.0727 16.0061 11.8563 12.2462 14.9279 11.8207
threshold=50.505000000000003 3.5000000000000004 0 19.460000000000004 32.285000000000004 0.23600000000000004 3.5000000000000004 1 0.15476190476190479 21.460000000000004 58.500000000000007 0.20723054660878495 2 0.41240409207161127 3 60.500000000000007 1.8452380952380956 42.890000000000008 0.079682539682539702 4 26.975000000000005 25.100000000000005 0.115 2.7500000000000004 2.5000000000000004 1419.3887251575638 52.050000000000004 18.500000000000004 5 6
decision_type=2 2 1 2 2 10 8 1 8 2 2 8 1 8 1 2 8 2 8 1 2 2 8 2 2 2 2 2 1 1
left_child=1 3 5 -1 12 -3 23 8 9 -5 -11 -12 14 -14 16 -16 17 -2 19 29 -21 -22 -18 24 25 -4 27 28 -20 -10
right_child=4 2 6 7 -6 -7 -8 -9 18 10 11 -13 13 -15 15 -17 22 -19 26 20 21 -23 -24 -25 -26 -27 -28 -29 -30 -31
leaf_value=0.0053240436661069722 0.055684779509957795 0.00069834588388053046 0.14838990074790476 -0.015793656423270915 0.0023465802958749465 -0.03772895832415174 0.002431861735568982 -0.0019914985459106057 0.044599240584606674 -0.00099972630263260175 0.15572045199832085 0.018880807296770163 -0.0048047521017778134 0.0019899139666532191 -0.0011376024780625725 -0.049242702232965639 0.082334137558354836 -0.028757501135516606 -0.01453399120052023 -0.028249722898251974 -0.013119038601599032 0.015654171167338776 0.0040976706335216226 -0.01206376450976419 -0.031698051580657166 -0.0039850960878140386 -0.0014442517340987665 0.0078878124309723768 0.006187151111039583 0.0073662994099522837
leaf_weight=1273.2252819361165 22.6858896445483 1938.4237754377536 1.7259393539279688 195.35682471375912 9846.2959389085881 23.417969955597073 344.07098903506994 7132.852042587474 52.046673208475113 245.37748676910996 2.9492692202329609 5.5615660492330798 2725.7972855591215 1362.3876911723055 1453.6065348363481 14.766881222836671 4.8699791915714732 5.5679931882768861 146.67893579974771 29.354554537683725 51.788553409278393 139.39131981879473 1500.6549133136868 1036.387782998383 46.857106050476432 1194.5559192923829 1399.0734411310405 1006.8378435149789 187.43971717916429 57.010493537411094
leaf_count=8973 129 33670 28 2293 92433 1061 5781 50236 610 2051 30 42 30895 8065 13957 162 42 37 895 346 837 1417 13640 30817 768 12460 8679 6086 1200 648
internal_value=-1.81325e-05 -0.00112646 -0.00374783 -0.000118485 0.00106231 0.000238434 -0.00670398 -0.000769043 0.00170971 -0.00615798 0.00125629 0.0663 -0.000721156 -0.00253423 0.00175041 -0.00161041 0.00495751 0.0390437 0.00286673 0.0119367 0.00292096 0.00785982 0.00435075 -0.00811235 -0.00481812 -0.00376526 0.00177573 0.00513527 -0.0031593 0.027389
internal_weight=33447 16510.4 4585.44 11924.9 16936.6 1961.84 2623.6 10651.7 3518.87 449.245 253.888 8.51084 7090.34 4088.18 3002.15 1468.37 1533.78 28.2539 3069.62 329.592 220.534 191.18 1505.52 2279.53 1243.14 1196.28 2740.03 1340.96 334.119 109.057
internal_count=328288 168928 84585 84343 159360 34731 49854 75370 25134 4416 2123 72 66927 38960 27967 14119 13848 166 20718 3858 2600 2254 13682 44073 13256 12488 16860 8181 2095 1258
cat_boundaries=0 1 2 3 4 5 6 7
cat_threshold=11682190 13568512 2218340 910 1412 4380 330240
is_linear=0
shrinkage=0.05


Tree=111
num_leaves=31
num_cat=7
split_feature=18 18 24 7 23 29 26 1 11 30 18 1 1 24 32 7 21 0 24 29 11 13 15 2 2 26 1 11 23 1
split_gain=15.2739 17.5565 17.2168 14.4738 14.4643 14.2772 14.1147 14.897 18.3406 13.4328 13.0232 17.3858 13.7222 13.4753 21.3317 17.735 20.1926 28.5595 44.0963 14.6007 12.7099 12.4417 26.1166 14.5799 14.2233 19.531 15.4257 14.2135 17.5254 18.5349
threshold=43.765000000000008 1.0000000180025095e-35 0.18683333333333338 59.850000000000001 5.0500000000000007 5.2500000000000009 0.77303030303030307 0 6.9150000000000009 -0.047491562238930675 65.155000000000015 1 2 0.20950000000000005 0.30444664031620561 52.95000000000001 0.10555555555555557 4.5000000000000009 0.22316666666666671 3.7500000000000004 8.1250000000000018 56.275000000000006 23.830000000000002 3 4 0.69292803970223338 5 6.0150000000000006 4.1833333333333345 6
decision_type=2 2 10 2 8 2 10 1 2 10 2 1 1 10 8 2 10 2 8 2 2 2 2 1 1 8 1 2 10 1
left_child=1 -1 3 9 10 20 7 -7 -9 -2 12 13 -4 -12 15 16 17 -15 -19 -18 -3 22 23 -11 -23 -26 -27 -24 29 -29
right_child=2 5 4 -5 -6 6 -8 8 -10 21 11 -13 -14 14 -16 -17 19 18 -20 -21 -22 24 27 -25 25 26 -28 28 -30 -31
leaf_value=0.0033014773052770195 0.003849723085211264 -0.002451147213047674 0.0012516233576481408 -0.02918890007383574 -0.019867858455412848 0.0010613109017254645 -0.11031975865021622 -0.019797584796106993 0.11357114327671987 0.0028149002197516608 0.010996168818847121 -0.0034149997950645656 -0.0050387139281947921 0.10516373396322465 -0.0014919782654759105 0.0067096741587149905 0.143999555296072 0.57397249496668279 0.066935973774464794 -0.0030452030494354781 0.076942008160535147 -0.0026116277832537861 0.0039622705604048106 -0.004261732437731364 -0.00022309971288418624 0.0145014501692367 0.0019599506618903037 0.030334055435404378 0.087611481577909212 0.0015176146661221781
leaf_weight=1321.1881904788315 3908.2199755762704 6040.5878937989473 1373.3484019511379 39.256404486950487 114.85696427663788 172.47790092462674 3.5956759527325621 267.1894238810055 2.6028969101607791 1213.6354530183598 110.56938753696159 176.43211745144799 2339.6621802579612 9.9476722162216955 16.580770621076226 7.9517092239111653 2.3110669218003732 0.87691568257287023 0.83914880128577363 6.2633234076201916 5.045186784118413 4520.9645960442722 4102.3136688377708 1791.1808669934981 4635.1364154936746 429.19093890860677 581.77007713541389 88.781655984930694 8.3555764202028495 143.41930661350489
leaf_count=13641 35699 56835 15517 693 5783 4022 16 6682 37 16131 1116 1876 26641 102 135 115 19 25 34 78 39 34864 40567 24908 35129 2415 3199 706 81 1183
internal_value=-1.70736e-05 -0.00195239 0.000573048 0.00114365 -0.00237104 -0.00302169 -0.0116562 -0.0108541 -0.0178493 0.00119923 -0.00187419 0.00761709 -0.00272228 0.0191351 0.0435099 0.0699792 0.0948383 0.13766 0.326034 0.036588 -0.00238489 0.000607803 0.00217539 -0.00140832 -0.000525082 0.00114826 0.00744712 0.00465494 0.0164673 0.0139073
internal_weight=33434.6 7812.69 25621.9 21462.2 4159.64 6491.5 445.866 442.27 269.792 21423 4044.78 331.772 3713.01 155.34 44.7706 28.1898 20.2381 11.6637 1.71606 8.57439 6045.63 17514.7 7347.69 3004.82 10167.1 5646.1 1010.96 4342.87 240.557 232.201
internal_count=328288 81272 247016 195575 51441 67631 10757 10741 6719 194882 45658 3500 42158 1624 508 373 258 161 59 97 56874 159183 83576 41039 75607 40743 5614 42537 1970 1889
cat_boundaries=0 1 2 3 4 5 6 7
cat_threshold=2157792 30687518 18981976 774 5396 27075128 10699352
is_linear=0
shrinkage=0.05


Tree=112
num_leaves=31
num_cat=8
split_feature=25 0 6 23 7 27 1 13 1 2 11 30 7 27 1 0 1 24 32 2 7 19 1 14 14 2 17 18 12 26
split_gain=14.9648 17.7555 14.6848 22.9016 13.4672 13.1574 19.4071 13.0482 19.2257 19.2988 16.161 17.2537 15.0931 12.9452 20.3499 17.8514 20.057 17.1007 16.2786 16.2351 15.2493 16.6907 14.9841 14.3685 12.8435 14.5311 19.7734 14.4928 12.798 12.2422
threshold=1.0000000180025095e-35 5.5000000000000009 24.500000000000004 5.154761904761906 51.45000000000001 2.5000000000000004 0 67.985000000000014 1 2 6.5650000000000004 0.0056908033826638402 52.550000000000004 7.5000000000000009 3 1.5000000000000002 4 0.16050000000000006 0.10031446540880505 5 52.350000000000001 37.525000000000006 6 8.6350000000000033 6.8450000000000006 7 61.32500000000001 1.0000000180025095e-35 45.485000000000007 0.03883861236802414
decision_type=8 2 2 10 2 10 1 2 1 1 2 10 2 10 1 2 1 10 8 1 2 2 1 2 2 1 2 2 2 10
left_child=1 2 3 -1 -4 7 28 10 12 -10 -2 -12 -9 15 18 -6 24 -18 20 22 -15 -22 -19 -21 25 26 27 -17 -7 -24
right_child=5 -3 4 -5 13 6 -8 8 9 -11 11 -13 -14 14 -16 16 17 19 -20 23 21 -23 29 -25 -26 -27 -28 -29 -30 -31
leaf_value=0.0064918044711296547 0.0017697181432675309 -0.0086779400367702781 -0.0042479778514970543 -0.02210918324675407 0.0012790203634863032 -0.013641606809104296 0.0017765725287573271 -0.003973925126716767 -0.0037392466630457484 0.005465231147485706 0.013716481579611925 0.002262936871708462 -0.019739877999424862 0.22494218556498133 0.01117981292023984 0.026920752642954921 -0.0017216798499735766 -0.011406878489853516 -0.0042287815142531644 -0.011655194803540381 -0.037255068366778998 0.18552395729420273 -0.0065580537933400095 0.11408474550348564 0.0096818342684899718 -0.0049270410039719244 0.068804885020826489 0.0012058109358762288 -0.0008729490225332431 0.011579924903526056
leaf_weight=1112.3330191378482 9093.1177877644077 721.96929042250849 2762.3591192425229 74.691115939524025 5452.2180172204971 497.41713741282001 1023.8764841039665 698.57314374111593 1031.8622972313315 1247.9268474262208 625.17221692018211 693.61579021159559 193.94792133104056 1.4078041184693564 567.39163265796378 57.151528428308666 2128.869892118033 226.05984898284078 432.67035065125674 1303.9124515983276 2.6683640684932475 1.2275176830589769 151.47160576470196 2.2759462669491759 348.49952102638781 1070.957961355336 11.256498737260697 1327.4769801404327 324.10889318957925 241.11580624477938
leaf_count=13383 87071 32537 25159 4649 24487 4097 7649 5055 7420 8506 4905 5054 1484 27 4955 704 24162 3316 3766 20477 57 18 2499 19 2804 13925 111 15266 2077 2649
internal_value=-1.61895e-05 -0.00099572 -0.000674678 0.00469214 -0.00107064 0.00112639 -0.00283501 0.00166454 -0.00114286 0.00130103 0.00251991 0.0076925 -0.00731793 -0.000412032 0.0050434 -0.000857173 -0.00255275 -0.00479781 -0.00309096 -0.00822494 0.0839036 0.0329383 -0.00142204 -0.0113492 0.000694408 -0.000572462 0.00278383 0.00226721 -0.00850064 0.00446796
internal_weight=33427.6 17998 17276 1187.02 16089 15429.6 1845.4 13584.2 3172.31 2279.79 10411.9 1318.79 892.521 13326.6 1005.37 12321.3 6869.05 4053.71 437.974 1924.84 5.30369 3.89588 618.647 1306.19 2815.34 2466.84 1395.89 1384.63 821.526 392.587
internal_count=328288 194970 162433 18032 144401 133318 13823 119495 22465 15926 97030 9959 6539 119242 8823 110419 85932 53122 3868 28960 102 75 8464 20496 32810 30006 16081 15970 6174 5148
cat_boundaries=0 1 2 3 4 5 6 7 8
cat_threshold=3885720 17985568 4900 406982 138334 22 14966784 814
is_linear=0
shrinkage=0.05


Tree=113
num_leaves=31
num_cat=9
split_feature=4 10 0 1 22 2 16 1 25 1 2 1 0 1 2 22 27 21 7 6 26 13 0 32 18 1 11 12 6 18
split_gain=14.5176 20.8772 19.2172 18.9714 14.5883 21.771 14.1361 16.3262 15.5323 15.0982 12.8225 37.1419 18.7715 17.8179 17.4373 16.2574 20.1604 17.4139 14.0116 14.0028 13.9708 13.7259 29.7406 15.3516 13.4657 12.728 12.2019 14.1496 14.5772 11.9704
threshold=1.5000000000000002 0.14500000000000005 4.5000000000000009 0 0.35416666666666669 1 71.080000000000013 2 inf 3 4 5 1.5000000000000002 6 7 0.58571428571428574 1.0000000180025095e-35 0.23611111111111113 53.550000000000004 36.500000000000007 0.5887605042016808 60.790000000000006 1.5000000000000002 0.56607671916419788 57.315000000000005 8 6.0250000000000012 36.20000000000001 44.500000000000007 57.525000000000013
decision_type=2 8 2 1 10 1 2 1 8 1 1 1 2 1 1 8 10 10 2 2 10 2 2 10 2 1 2 2 2 2
left_child=1 -1 10 -4 -5 -6 8 -8 9 -7 11 12 14 18 19 16 21 24 -12 -3 -16 22 25 -24 -18 -15 -2 -28 -29 -14
right_child=26 2 3 4 5 6 7 -9 -10 -11 13 -13 29 15 20 -17 17 -19 -20 -21 -22 -23 23 -25 -26 -27 27 28 -30 -31
leaf_value=0.0028092606978457973 -0.015159630775514236 0.029827452852847047 -0.016608440510594132 -0.0065811403676982938 -0.0094564456892038979 -0.00087004357296145219 0.0086689446699264872 -0.016542280991369451 0.18160670718798155 0.01144663031396149 0.0023565782409248988 0.0059498448415946405 -0.013166804294517474 0.014504334639986441 0.0027240973090798658 0.0025004342908356526 -0.0040895427478548508 0.0051503928178585415 -0.0027725720141717771 0.0041328462948954378 -0.020841245292408311 -0.011713024027297925 -0.0089781231669939544 0.15917643450429314 0.0029953817486237586 -0.00015871602704013444 0.020587400610063429 -0.0011046179908013188 -0.010966478839205296 0.0025810001910469638
leaf_weight=6439.7812314350158 213.47567861806601 81.172999203205109 261.60659792087972 1386.2246685016435 414.4371493300423 446.98187077976763 99.696625329554081 153.25147740356624 1.2619754532352079 559.81889588758349 6398.5197475417517 2740.8524615615606 559.78132015513256 194.99859348684549 169.23846289515495 1689.2015493642539 2903.3556639496237 940.67259321734309 1681.3748840005137 152.90224449336529 100.09191597998142 824.66347020864487 1225.5671658911742 1.3588026463985432 872.10048068780452 540.71268847212195 63.669754185713828 1659.8345813471824 483.96727292984724 153.83434468321502
leaf_count=47918 2586 391 7830 49733 10747 6820 991 1570 19 8838 49075 20459 6327 844 747 10997 23701 5751 14452 718 452 5875 19354 12 6336 2376 686 16421 4822 1440
internal_value=-1.59403e-05 0.000275338 -0.000389243 -0.00392476 -0.00277768 0.00035264 0.00362271 -0.00691683 0.00630327 0.00608354 0.000164186 0.00272734 -0.0045194 -0.000424476 0.00283685 -0.00192911 -0.00292888 -0.000936423 0.00128764 0.0125089 -0.00581755 -0.00630013 -0.00402573 -0.00879189 -0.00245298 0.00392268 -0.00374495 -0.00264108 -0.00333095 -0.00977205
internal_weight=33414.4 30993.5 24553.7 3323.28 3061.67 1675.45 1261.01 252.948 1008.06 1006.8 21230.4 3957.87 1217.02 17272.5 503.406 9192.63 7503.43 4716.13 8079.89 234.075 269.33 2787.3 1962.64 1226.93 3775.46 735.711 2420.95 2207.47 2143.8 713.616
internal_count=328288 303773 255855 86548 78718 28985 18238 2561 15677 15658 169307 30534 10075 138773 2308 75246 64249 35788 63527 1109 1199 28461 22586 19366 30037 3220 24515 21929 21243 7767
cat_boundaries=0 1 2 3 4 5 6 7 8 9
cat_threshold=4456448 7168 8946632 763996 6 10898688 12999960 2 18358272
is_linear=0
shrinkage=0.05


Tree=114
num_leaves=31
num_cat=9
split_feature=8 7 7 18 15 1 13 18 2 1 26 26 18 1 27 26 20 10 1 2 15 2 3 6 32 1 16 14 1 30
split_gain=14.0993 12.9242 20.2884 12.3747 15.5299 12.3308 15.0875 11.705 11.6821 12.8126 13.0803 13.0113 12.7507 12.052 11.8232 12.6994 17.471 11.5106 12.6762 13.8086 11.268 16.5225 15.0159 16.7418 13.3314 14.4641 12.1332 11.5243 11.4061 11.166
threshold=1.0000000180025095e-35 52.45000000000001 51.45000000000001 59.835000000000008 10.570000000000002 0 59.685000000000009 42.82500000000001 1 2 0.12158167036215818 0.34833164812942369 58.185000000000009 3 1.0000000180025095e-35 0.20881782945736438 57.585000000000008 0.17500000000000002 4 5 56.275000000000006 6 1.5000000000000002 44.500000000000007 0.6680329934315522 7 76.490000000000023 6.4650000000000007 8 0.18112982456140353
decision_type=2 2 2 2 2 1 2 2 1 1 10 8 2 1 10 10 2 10 1 1 2 1 2 2 10 1 2 2 1 8
left_child=1 2 17 4 8 29 -7 -4 13 10 -10 -11 -13 -3 15 16 -12 -1 -19 -20 -2 24 23 -23 25 -22 -27 -24 -29 -5
right_child=20 3 7 5 -6 6 -8 -9 9 11 14 12 -14 -15 -16 -17 -18 18 19 -21 21 22 27 -25 -26 26 -28 28 -30 -31
leaf_value=0.0001415440656416148 -0.0034767092888338203 0.014100878720864258 -0.00068191578329265855 0.0073371062400958411 -0.00091608136123564807 0.0040288001176987951 -0.0078901571940174636 0.0030573774025229334 -0.016158127904589731 -0.011499764207209186 0.052212774753404634 -0.035484322879194181 0.030568303587413283 -0.0050697629788587148 -0.0016982465961699429 0.014094366871478534 0.23513982232358466 0.00055015512114337558 -0.0021624122505939781 -0.014474352803300342 -0.0027963919618477317 -0.0046983347165556058 0.059954118923513655 0.093456436892331185 0.128213653685298 0.05267371098257824 0.014002923570590055 0.0041284255382605297 -0.014462040811768143 0.047769151054733117
leaf_weight=3410.4194160569459 4039.2281964048743 89.720506040379405 2638.0189097891562 630.83504877332598 8210.8657999206334 732.79946237849072 416.36969616916031 10126.544486958068 90.189752613194287 256.39583777775988 9.1201844718307239 115.05143658164889 7.8016687855124465 456.07543869968504 81.593663616571575 27.573608884587884 1.5232834424823511 619.37420432223007 444.96596797043458 487.73151821037754 62.495603126473725 8.8358389940112847 6.8638170547783366 8.5461813714355213 2.7516583278775206 39.416602024808526 41.787514892406762 157.682587005198 159.01790828257799 17.551077496260405
leaf_count=31693 44126 1398 24873 5839 80278 7720 2951 89746 2216 4620 124 792 48 6939 534 160 18 8024 6113 6121 472 99 54 72 18 310 322 1177 1269 162
internal_value=-1.56468e-05 0.000391147 0.0012299 -0.000943151 -0.00167388 0.00285609 -0.000287206 0.00228459 -0.00715578 -0.0119573 -0.0016948 -0.0174503 -0.0312897 -0.0017214 0.00905128 0.0320016 0.0783931 -0.00148296 -0.00505255 -0.00868589 -0.00261015 0.00457133 -0.00166231 0.0435612 0.0179701 0.0171096 0.0291803 -0.00414312 -0.00553229 0.00830349
internal_weight=33397.1 28870.5 17727.1 11143.5 9345.91 1797.56 1149.17 12764.6 1135.05 589.249 210 379.249 122.853 545.796 119.811 38.2171 10.6435 4962.49 1552.07 932.697 4526.63 487.398 340.946 17.382 146.451 143.7 81.2041 323.564 316.7 648.386
internal_count=328288 280369 166570 113799 97127 16672 10671 114619 16849 8512 3052 5460 840 8337 836 302 142 51951 20258 12234 47919 3793 2671 171 1122 1104 632 2500 2446 6001
cat_boundaries=0 1 2 3 4 5 6 7 8 9
cat_threshold=1344294 902 18158912 82560 11029928 5826 594 7474322 31204118
is_linear=0
shrinkage=0.05


Tree=115
num_leaves=31
num_cat=7
split_feature=32 4 11 13 1 2 0 1 1 12 12 6 23 14 13 12 28 26 11 24 20 1 11 1 19 6 23 1 32 23
split_gain=13.7658 13.7602 18.199 25.5098 19.2441 15.5781 19.5212 22.0252 20.3081 16.0065 15.5946 15.0451 17.1434 15.177 18.0917 24.021 18.9216 18.271 15.7672 15.7364 15.5603 14.3481 14.3184 21.0337 14.1428 15.6236 15.0177 19.3113 16.5266 14.3918
threshold=0.013937451437451438 1.5000000000000002 6.955000000000001 69.455000000000013 0 1 1.5000000000000002 2 3 25.870000000000001 49.615000000000002 24.500000000000004 5.154761904761906 4.5850000000000009 58.635000000000005 44.635000000000012 1500.0001822339871 0.89009661835748799 6.245000000000001 0.14788888888888893 47.07500000000001 4 6.3450000000000006 5 32.285000000000004 62.500000000000007 3.0500000000000003 6 0.45802861260876532 3.3875000000000006
decision_type=8 2 2 2 1 1 2 1 1 2 2 2 10 2 2 2 2 8 2 8 2 1 2 1 2 2 8 1 8 10
left_child=-1 2 5 21 -5 6 8 -8 -2 -9 -10 12 -7 22 15 18 19 -17 -15 -16 -20 -4 -13 -24 26 -26 27 -11 -28 -27
right_child=1 -3 3 4 -6 11 7 9 10 24 -12 13 -14 14 16 17 -18 -19 20 -21 -22 -23 23 -25 25 29 28 -29 -30 -31
leaf_value=-0.020757494128010156 0.0062282044483417225 -0.0035984022146494637 0.022193491340245813 -0.0057390791540260231 0.005273052640962176 0.0066776233473339504 0.0031779770305496815 -0.013050868218785218 -0.00018000620143590327 -0.00284673021576811 -0.013441354893551444 -0.0023768758150631546 -0.022379539948884492 0.0022712782863457581 0.044144148551047632 0.016938483378443916 -0.0012708866229946669 0.07479628476414453 0.056650394394222085 0.0074513838099723485 0.0096906711345914748 0.0045805899522623744 -0.0072377293896024111 0.02176972535765017 -0.0015442784648479211 0.10902434131965977 -0.0062166641194955794 -0.017519246073845366 0.011646224018699485 -0.054486860989649125
leaf_weight=79.799464114708826 1241.4389545619488 2417.7480143904686 268.27438183594495 569.01837809570134 1255.7393815405667 1400.8796820468269 952.24205972277559 566.65350968018174 1602.0345712006092 398.10173786152154 257.28935666382313 5350.9562909319066 52.669663757551461 7043.8737746588886 38.006367681547999 132.49587945453823 5717.3394158892334 15.211709933355449 25.583382053300738 126.39908118639141 56.816998284310102 229.94572676997632 103.78838388621807 139.95967029221356 2072.5530131235719 5.7465965878218404 550.10334357153624 552.2858087271452 169.34631584398448 1.7572528384625909
leaf_count=7224 5726 24515 1610 3506 7698 17183 12420 15015 7153 4671 1247 63929 3413 64294 307 880 37123 100 159 937 350 1415 672 866 27862 75 9113 6734 2060 31
internal_value=-1.55011e-05 3.41833e-05 0.000318444 0.00457441 0.00183656 -2.7558e-05 -0.00184017 -0.00369483 0.00130533 -0.0052063 -0.0020043 0.000723873 0.00562473 0.00034434 0.001272 0.00293932 -0.000789984 0.022897 0.00252565 0.0159338 0.0242706 0.0146019 -0.00183701 0.0100145 -0.00403477 -0.00128354 -0.00746189 -0.0115875 -0.00201204 0.0707333
internal_weight=33394.1 33314.3 30896.5 2322.98 1824.76 28573.5 8369.55 5268.79 3100.76 4316.55 1859.32 20204 1453.55 18750.4 13155.7 7273.98 5881.74 147.708 7126.27 164.405 82.4004 498.22 5594.7 243.748 3749.89 2080.06 1669.84 950.388 719.45 7.50385
internal_count=328288 321064 296549 14229 11204 282320 92107 77981 14126 65561 8400 190213 20596 169617 104150 65783 38367 980 64803 1244 509 3025 65467 1538 50546 27968 22578 11405 11173 106
cat_boundaries=0 1 2 3 4 5 6 7
cat_threshold=5394450 7200 17420 18625170 30410226 30356496 2562066
is_linear=0
shrinkage=0.05


Tree=116
num_leaves=31
num_cat=6
split_feature=17 10 1 18 4 3 13 2 2 31 1 13 1 28 20 32 0 26 18 1 17 28 7 28 15 12 14 11 23 6
split_gain=13.3648 15.1784 15.7697 24.1122 14.9156 16.9124 38.1709 32.0785 21.6564 17.5109 31.4614 18.4758 16.9986 16.774 16.4379 16.433 15.7972 19.5622 15.3119 14.7287 14.4132 14.4998 14.291 14.516 15.1293 14.8356 13.5535 13.4497 13.3569 14.9024
threshold=45.765000000000008 0.21500000000000002 0 14.460000000000003 1.5000000000000002 2.5000000000000004 58.635000000000005 1 2 18.500000000000004 3 54.215000000000011 4 1488.2736701641361 58.350000000000001 0.45951696377228296 4.5000000000000009 0.40238095238095245 52.085000000000008 5 31.755000000000006 1548.2683058071361 53.95000000000001 1509.6842646312193 39.735000000000007 20.300000000000001 5.1750000000000007 7.5050000000000008 4.2928571428571436 24.500000000000004
decision_type=2 8 1 2 2 2 2 1 1 2 1 2 1 2 2 8 2 10 2 1 2 2 2 2 2 2 2 2 10 2
left_child=1 4 3 -3 5 8 9 -8 -1 10 11 -7 18 -9 -6 -16 22 27 28 -15 -20 -22 23 24 -14 -26 -24 -18 29 -10
right_child=-2 2 -4 -5 14 6 7 13 12 -11 -12 -13 16 19 15 -17 17 -19 20 -21 21 -23 26 -25 25 -27 -28 -29 -30 -31
leaf_value=0.0018997629283915214 0.0032454414596505979 0.13223499057714078 -0.013795978938626483 0.0059417939286029921 -0.0060645608904029659 0.078952731887915906 -0.0046024225191659395 0.076582243679476109 0.0085103590847671311 0.0079604927274200595 0.0025960877197704312 0.032049069207845442 0.0025029938908944253 0.0075285975380985724 0.020172140400426676 -0.0026304703297217518 -0.0066563665617843911 0.089224590146116486 0.014183616500095609 0.0012265921336705287 -0.0046427124399213348 0.0049720978497571049 -0.0086604792143602175 -0.00083252023543760811 -0.021905099675576037 0.015124983708680657 0.0013845162821062153 0.11403088010476091 -0.015385571442529403 -0.0059563472304141659
leaf_weight=5813.8166871718131 2873.0217483742163 4.0257056737318626 351.29817966208793 61.758372790180147 1824.814637885429 32.328609570860863 1995.693886549212 7.7065132502466431 190.59608300821856 810.45557895954698 100.05004675034434 59.892958237789571 2542.1591783235781 1217.4392635477707 126.79551588837057 209.65348453912884 1106.2740019280463 5.3737472575157872 152.99083304591477 3844.2322427798063 1315.7106460880022 558.603510835208 759.22536368668079 3337.2593698427081 28.998997159302235 402.02701297588646 602.13559309300035 2.3133356608450404 346.87266943021677 2696.7257167981006
leaf_count=58992 25496 90 10281 1730 18749 216 15359 63 2202 5965 722 427 25548 7591 1386 2006 31494 53 1723 24821 15505 4325 7796 22297 302 3078 4470 22 6619 28960
internal_value=-1.47137e-05 -0.000321739 -0.00979463 0.0118665 -0.000190435 0.00011924 0.00204974 0.000754076 -0.00066495 0.0111788 0.0247444 0.0437476 -0.00172654 0.00286623 -0.0041922 0.00596301 -0.000378818 -0.00594321 -0.00397202 0.00275966 -0.000572717 -0.0017772 0.000428649 0.00143098 0.00397164 0.0126336 -0.00421754 -0.00640452 -0.0061151 -0.00500138
internal_weight=33380.2 30507.2 417.082 65.7841 30090.1 27928.9 8067.8 7065.07 19861.1 1002.73 192.272 92.2216 14047.3 5069.38 2161.26 336.449 8785.77 1113.96 5261.5 5061.67 2027.3 1874.31 7671.81 6310.44 2973.19 431.026 1361.36 1108.59 3234.19 2887.32
internal_count=328288 302792 12101 1820 290691 268550 55164 47834 213386 7330 1365 643 154394 32475 22141 3392 95060 31569 59334 32412 21553 19830 63491 51225 28928 3380 12266 31516 37781 31162
cat_boundaries=0 1 2 3 4 5 6
cat_threshold=16778512 4612 518 9914058 17925058 8405704
is_linear=0
shrinkage=0.05


Tree=117
num_leaves=31
num_cat=10
split_feature=8 0 5 2 1 27 1 7 6 21 30 24 2 1 24 7 1 16 30 1 12 1 12 2 17 25 15 12 1 15
split_gain=12.9133 11.6666 18.5293 16.2497 15.45 14.0106 18.9297 13.3889 12.8574 13.4241 14.2269 13.066 12.224 12.0532 11.854 11.7234 12.6991 11.603 14.0577 11.1848 12.9225 10.9586 12.6507 10.9083 12.7718 11.5009 12.1699 10.9538 17.2358 14.911
threshold=1.0000000180025095e-35 1.5000000000000002 1500.0000000000002 0 1 3.5000000000000004 2 52.45000000000001 60.500000000000007 1.0000000180025095e-35 0.045572584630590586 0.15105555555555558 3 4 0.15387500000000007 50.45000000000001 5 95.120000000000019 -0.027425543478260869 6 13.525 7 17.555000000000003 8 61.32500000000001 1.0000000180025095e-35 24.570000000000004 16.340000000000003 9 22.675000000000004
decision_type=2 2 2 1 1 8 1 2 2 8 10 10 1 1 10 2 1 2 8 1 2 1 2 1 2 8 2 2 1 2
left_child=1 2 12 13 -4 15 -7 -5 9 10 -8 -11 19 -3 -13 16 -6 -15 -19 -1 -21 22 -9 24 -23 26 -26 28 -25 -30
right_child=-2 3 4 7 5 6 8 21 -10 11 -12 14 -14 17 -16 -17 -18 18 -20 20 -22 23 -24 27 25 -27 -28 -29 29 -31
leaf_value=0.012863660505547448 -0.0024998372999968481 0.00035257445858318762 -0.0046438395098458143 0.0013442248234188407 0.0048599205814368069 -0.012089633810920538 0.022712393712314573 -0.0170116882306969 -0.05340341443513013 0.0067331917695934527 -0.026665339780322313 -0.046448739789795773 0.0011163219221757643 -0.0073330706899531212 -0.0051275279268166137 0.0041624478121272219 -0.0059976228370686169 0.14891538750072089 0.015129444278500029 0.061905350093822475 -0.025332416003521215 -0.0037694877965530034 -0.0031468997950588663 -0.0092618451865696377 0.21653372076722174 -0.0053015211188003402 0.052364475106510856 0.0015233471241344126 0.018680984576102729 0.066669546955455891
leaf_weight=23.258861474692822 4518.7708695312031 926.04398381011561 772.35376619547606 9859.6610704464838 457.87207183614373 344.98609203100204 120.60606168955564 176.33444067277014 10.412577643990515 320.87409919500351 16.594974145293236 18.37169885635376 163.83027968555689 1512.3672464978881 314.04854445159435 7026.330182403326 626.44437043741345 2.4241781486198306 10.332802762277423 4.3541546314954749 169.3114769756794 1332.3873591832817 2456.3151146620512 43.445523001719266 1.6495507652871282 4.4334702268242845 3.5763292573392391 2053.4125862484798 58.035401328932494 22.448398011270911
leaf_count=110 47919 14041 3496 113418 2103 1553 546 6188 47 1469 74 81 757 24682 1382 32217 2873 28 117 28 758 17515 29928 1416 31 46 40 22917 2001 507
internal_value=-1.45082e-05 0.000374735 0.00171503 -0.000379491 0.0021155 0.00268162 -0.00249072 0.000202004 0.00177276 0.00252198 0.01674 -0.000463999 -0.00941815 -0.00416182 -0.00741121 0.00341568 -0.00142332 -0.00688737 0.0405525 -0.0173575 -0.021885 -0.00162827 -0.00406014 0.00020184 -0.00332937 0.0539324 0.104185 0.00238364 0.0168304 0.028522
internal_weight=33371.3 28852.5 10389.6 18462.9 10028.9 9256.54 1145.89 16011.7 800.908 790.495 137.201 653.294 360.755 2451.17 332.42 8110.65 1084.32 1525.12 12.757 196.924 173.666 6152.04 2632.65 3519.39 1342.05 9.65935 5.22588 2177.34 123.929 80.4838
internal_count=328288 280369 47494 232875 45841 42345 5152 194007 3599 3552 620 2932 1653 38868 1463 37193 4976 24827 145 896 786 80589 36116 44473 17632 117 71 26841 3924 2508
cat_boundaries=0 1 2 3 4 5 6 7 8 9 10
cat_threshold=6144 20 25232650 3792 1098940 27567240 16973956 29124992 928 4264976
is_linear=0
shrinkage=0.05


Tree=118
num_leaves=31
num_cat=5
split_feature=23 18 18 25 27 6 23 1 1 7 1 20 15 17 30 27 1 4 30 1 6 10 31 10 31 30 27 32 18 20
split_gain=12.7134 12.5405 15.2616 12.8705 14.2858 16.1538 13.526 15.9654 13.6789 12.5333 12.4136 11.9079 18.6084 18.4828 11.8781 12.9234 15.3827 16.4495 12.5291 12.4906 11.8407 11.7745 11.585 13.1099 13.5885 11.3916 12.1242 11.3128 11.5691 19.0698
threshold=5.5857142857142863 43.765000000000008 1.0000000180025095e-35 1.0000000180025095e-35 1.5000000000000002 43.500000000000007 3.8660714285714293 0 1 52.150000000000013 2 46.365000000000002 5.0650000000000004 40.675000000000004 -0.046523857302118159 4.5000000000000009 3 2.5000000000000004 0.023476066627703133 4 29.500000000000004 0.115 78.500000000000014 0.19500000000000003 27.500000000000004 -0.017684168157423959 33.500000000000007 0.49008261753327659 68.595000000000013 49.895000000000003
decision_type=10 2 2 10 8 2 10 1 1 2 1 2 2 2 8 10 1 2 10 1 2 8 2 10 2 10 10 8 2 2
left_child=1 2 -1 4 5 -3 8 -8 20 10 21 13 -13 -9 19 -16 17 -17 -18 -5 -6 -4 23 -15 -25 26 -11 28 -14 -30
right_child=-2 3 9 14 6 -7 7 11 -10 25 -12 12 27 22 15 16 18 -19 -20 -21 -22 -23 -24 24 -26 -27 -28 -29 29 -31
leaf_value=0.0031669641012957231 -0.02544848676386019 0.00025327263175599167 0.06889812998243737 0.00081425265037629059 0.032092382577807325 -0.0036029203981118685 -0.0012138047225650568 -0.010429655510977107 -0.001874425632378939 -0.0089932713738005762 0.0022841231743231903 -0.011765131393521085 0.028843496070669911 0.03950264724738814 0.0017644189705910607 0.0070747229976158219 -0.0024435569230167598 -0.034931699923049404 -0.015791560747983564 0.010015611830813223 0.0057390236604091321 -0.004121894035310855 -0.032624140120740351 0.30777441645869302 0.057960517207004042 -0.002601228224626705 0.10694091911332104 -0.010991547778639948 0.23276917975825784 0.049678412512904127
leaf_weight=1317.9056221249048 49.059897637693211 7587.7624427981209 5.5405538976192465 680.02323300763965 53.740989710204303 4229.6734417122789 208.86559007875621 75.456176064442843 1019.4635380133986 1217.5045853117481 1757.1823666689452 33.958229774842039 190.87958915252239 21.235761601477869 9290.2694493434392 350.7211384344846 396.56536692986265 24.964549237862229 315.8021168410778 821.01431532111019 206.02672498626634 1544.8399148152675 4.9483968093991271 0.96895301295444314 1.2422160170972345 1922.8024157525506 2.2593084387481204 17.094516423530877 1.802697591483591 6.7374053383246064
leaf_count=13404 5379 79564 43 5957 484 44671 2740 1017 8302 13025 17120 852 2132 223 80242 2506 3017 250 2310 6890 1686 15539 39 21 24 20579 21 162 20 69
internal_value=-1.42697e-05 2.31937e-05 -0.00173597 0.000558263 -0.000488471 -0.00112693 0.00360664 0.0100633 0.000764065 -0.00273775 -0.000589398 0.0162855 0.0226473 0.00251001 0.00176188 0.0011606 -0.00399506 0.00417231 -0.00824516 0.00591922 0.0107762 -0.0038362 0.0368952 0.051567 0.167431 -0.0049989 -0.00877853 0.0280446 0.0313908 0.0883263
internal_weight=33356.3 33307.3 7768.03 25539.2 13659.9 11817.4 1842.42 563.19 1279.23 6450.13 3307.56 354.324 250.472 103.852 11879.4 10378.3 1088.05 375.686 712.367 1501.04 259.768 1550.38 28.3953 23.4469 2.21117 3142.57 1219.76 216.514 199.42 8.5401
internal_count=328288 322909 79731 243178 142006 124235 17771 7299 10472 66327 32702 4559 3235 1324 101172 88325 8083 2756 5327 12847 2170 15582 307 268 45 33625 13046 2383 2221 89
cat_boundaries=0 1 2 3 4 5
cat_threshold=31728208 2230800 18256230 17084486 11491848
is_linear=0
shrinkage=0.05


Tree=119
num_leaves=31
num_cat=8
split_feature=0 1 9 21 7 6 1 2 2 15 13 2 23 16 16 19 32 6 17 31 7 24 1 2 17 23 7 11 26 2
split_gain=12.5119 14.0899 18.0185 14.5857 12.8068 11.7673 14.388 12.9023 12.0747 11.7649 15.1901 11.5125 14.8608 13.5487 22.1742 39.4276 44.8655 11.3741 11.2475 10.8143 10.2118 10.1739 13.5978 10.9076 17.4616 12.756 12.6458 10.1518 10.0745 9.96512
threshold=5.5000000000000009 0 1.0000000180025095e-35 0.11805555555555557 60.45000000000001 50.500000000000007 1 2 3 34.635000000000005 62.545000000000009 4 3.7888888888888892 40.060000000000009 58.650000000000006 36.660000000000004 0.34291617473435659 60.500000000000007 27.790000000000003 27.500000000000004 56.150000000000013 0.098166666666666694 5 6 43.275000000000013 3.683333333333334 53.250000000000007 3.1450000000000005 0.063164893617021281 7
decision_type=2 1 2 8 2 2 1 1 1 2 2 1 10 2 2 2 8 2 2 2 2 8 1 1 2 10 2 2 8 1
left_child=4 2 -2 -3 5 21 8 -8 -7 19 20 12 17 -14 15 16 -15 27 -16 -10 -11 22 23 24 26 -25 -1 -5 -21 -23
right_child=1 3 -4 11 -6 6 7 -9 9 10 -12 -13 13 14 18 -17 -18 -19 -20 28 -22 29 -24 25 -26 -27 -28 -29 -30 -31
leaf_value=-0.0074967694363393947 -0.013006024672113979 -0.0095833336368968663 0.24810334811658838 0.27450543307880237 -0.025865457930531733 0.0044409757849556255 -0.0012590562582157348 -0.0080643831909245761 -0.019822900246429843 0.010778720669228616 -0.009147537858862206 0.0047274813723867312 -0.051239140306477249 0.17639531103820394 0.21464149456752063 -0.050929525615330776 0.93118638267080989 0.16336003795126239 -0.051859691313875834 -0.017957361856384701 -0.048122180792499469 0.0039249403343646514 0.015633748192539581 -0.007653082847494822 0.10821188737764541 -0.062533776230991392 0.081015932001767668 -0.013144655136943859 0.0027675602521864263 0.00026962912593710907
leaf_weight=25.41256072558463 399.5347086249385 398.63679356733337 0.66180993616580863 0.30725588276982208 47.015288001857698 1191.4019134622067 1568.3597125941887 1262.5015406971797 153.4654206559062 286.03047361038625 181.17004538886249 721.8411906096153 1.3849399252794672 0.44005491212010406 0.56244257371872652 0.50428329966962337 0.35627539362758398 0.92261622846126456 1.3371331635862587 83.096330815926194 7.5529809612780801 2009.9645385001786 236.98953145928681 75.372032618150115 4.9113496840000144 12.318542314227669 4.7970396745949975 178.2755366070196 199.22151707485318 24300.656114063226
leaf_count=192 13988 20964 19 20 772 10494 14376 12728 1964 2537 1229 13231 94 30 22 32 17 28 59 1790 81 17910 1694 508 39 110 38 6167 1742 205413
internal_value=-1.38045e-05 -0.00418642 -0.0122677 -0.00160105 0.000210943 0.000249736 -0.00199368 -0.00431179 0.00114338 -0.00317276 0.00223762 0.00189371 -0.00898649 0.0794125 0.135954 0.295014 0.514086 -0.0117451 0.0270483 -0.00913978 0.00926339 0.000664666 0.00901556 -0.00464992 0.0161697 -0.01379 0.00655833 -0.0126497 -0.00333253 0.000550466
internal_weight=33355 1704.77 400.197 1304.57 31650.2 31603.2 4932.8 2830.86 2101.94 910.537 474.753 905.932 184.091 4.58513 3.20019 1.30061 0.79633 179.505 1.89958 435.783 293.583 26670.4 359.801 122.812 35.121 87.6906 30.2096 178.583 282.318 26310.6
internal_count=328288 54671 14007 40664 273617 272845 46941 27104 19837 9343 3847 19700 6469 254 160 79 47 6215 81 5496 2618 225904 2581 887 269 618 230 6187 3532 223323
cat_boundaries=0 1 2 3 4 5 6 7 8
cat_threshold=21239816 22587596 972 1086 7168 4868688 5184 2
is_linear=0
shrinkage=0.05


Tree=120
num_leaves=31
num_cat=5
split_feature=32 25 4 0 24 1 10 0 14 12 26 29 1 30 32 24 26 21 30 23 20 28 17 1 10 6 1 2 13 27
split_gain=11.9279 11.4807 18.8358 14.7283 13.2188 13.0551 14.6574 14.5222 24.5708 12.0296 22.3583 15.7824 12.0256 11.6986 14.9784 14.759 13.8453 12 11.6173 19.1395 10.9233 11.5073 10.889 15.3383 11.815 14.602 17.875 11.5492 12.0857 11.2319
threshold=0.013937451437451438 0.58333333333333337 1.5000000000000002 5.5000000000000009 0.1081666666666667 0 0.19500000000000003 5.5000000000000009 6.0750000000000011 17.275000000000002 0.043797953964194385 4.7500000000000009 1 -0.042984033613445376 0.32234123531970427 0.15211111111111117 0.095695970695970703 0.2678571428571429 -0.04554522215459527 3.0500000000000003 51.275000000000013 1461.4742469019527 45.475000000000009 2 0.21500000000000002 24.500000000000004 3 4 69.455000000000013 8.5000000000000018
decision_type=8 10 2 2 8 1 8 2 2 2 10 2 1 8 8 10 10 10 8 10 2 2 2 1 8 2 1 1 2 10
left_child=-1 3 5 22 18 6 9 20 -9 10 -3 -12 -5 14 -7 16 -16 -17 19 -4 -8 -22 24 27 25 26 -2 -24 -29 -25
right_child=1 2 4 12 -6 13 7 8 -10 -11 11 -13 -14 -15 15 17 -18 -19 -20 -21 21 -23 23 29 -26 -27 -28 28 -30 -31
leaf_value=-0.019640389698416815 0.010861855140331863 0.0013654635077027532 0.0094468086923579046 -0.012168890831619391 -0.016339287551469652 -0.033891983271054041 0.0012461522727872257 0.034392610304681583 0.34603758339211677 0.0056948374891268999 0.047382425272630951 0.23008662658753753 -0.00206687527682281 -0.00094875006166844568 0.038907466818270231 -0.0056572945196309114 -0.0055871367445794878 0.051204274738573544 0.0048763332908697415 0.20268304241162555 0.15104858438811825 0.039430353065203448 0.014670421590894742 -0.0011411054765259774 -0.0094880675430533169 -0.00052890236561737864 5.5011244949304118e-05 0.0058049856208847762 -0.018715009432763819 0.017087505188752482
leaf_weight=77.231068513123319 631.91546117747203 7.3906940603628737 3.2154798954725266 430.77325093536638 188.86361348256469 15.251267719082533 18.123159939423203 1.7294920580461615 0.99710493348538864 1627.1398163270205 2.3172069117426872 2.4127186900004745 930.92879276373424 1466.1577542396262 23.569086618721485 11.867091591469942 67.711996745318174 42.538530549034476 23.76211325079203 2.1304376637563109 2.7147478479892042 15.453312978148459 386.58662598533556 1413.2101647541858 348.65616416092962 23982.62810667092 957.84317264333367 520.29322762554511 55.6269107516855 89.880627716425806
leaf_count=7224 6804 121 28 15507 1895 182 168 64 19 12130 21 35 30423 11406 213 100 419 315 223 24 32 126 3104 11340 5675 205329 10255 4101 335 670
internal_value=-1.34922e-05 3.20662e-05 0.00273086 -0.000287575 -0.0115054 0.00366966 0.00674522 0.0370726 0.14836 0.00606451 0.0556919 0.140579 -0.00536718 0.000453122 0.0132524 0.0181878 0.00590152 0.0388015 0.0198588 0.0864547 0.0287114 0.0561088 -4.39067e-05 0.00313131 -0.000345932 -0.000221287 0.00441931 0.00801776 0.003378 -5.07479e-05
internal_weight=33348.9 33271.7 3523.35 29748.3 217.972 3305.37 1678.28 39.0178 2.7266 1639.26 12.1206 4.72993 1361.7 1627.1 160.938 145.687 91.2811 54.4056 29.108 5.34592 36.2912 18.1681 28386.6 2465.6 25921 25572.4 1589.76 962.507 575.92 1503.09
internal_count=328288 321064 27521 293543 2170 25351 12716 409 83 12307 177 56 45930 12635 1229 1047 632 415 275 52 326 158 247613 19550 228063 222388 17059 7540 4436 12010
cat_boundaries=0 1 2 3 4 5
cat_threshold=23620044 21248080 16930146 15735712 5194
is_linear=0
shrinkage=0.05


Tree=121
num_leaves=31
num_cat=6
split_feature=10 4 11 7 1 20 30 1 26 6 27 2 26 32 1 23 1 20 11 25 14 6 12 27 28 16 7 18 1 7
split_gain=11.6743 12.4832 15.504 11.7332 12.7413 13.3065 12.6125 17.5768 14.6153 12.7213 13.5407 11.7317 14.4191 15.3236 13.4859 12.9185 15.1312 13.9124 12.7586 11.5192 11.3665 11.1462 12.378 11.9196 11.1083 16.8084 13.461 10.7634 10.7602 10.7442
threshold=0.17500000000000002 1.5000000000000002 7.6450000000000005 50.750000000000007 0 51.435000000000009 -0.083699122807017537 1 0.03883861236802414 55.500000000000007 1.0000000180025095e-35 2 0.24764150943396229 0.50811909470446071 3 3.4365079365079372 4 51.620000000000012 5.5850000000000009 0.58333333333333337 3.9050000000000007 23.500000000000004 23.465000000000003 2.5000000000000004 1456.103671972756 43.780000000000008 47.350000000000001 53.545000000000009 5 52.650000000000013
decision_type=8 2 2 2 1 2 8 1 10 2 10 1 10 8 1 10 1 2 2 8 2 2 2 8 2 2 2 2 1 2
left_child=1 2 11 4 5 -2 7 -5 9 10 -8 12 15 -14 29 -1 -17 -18 -19 -13 -20 -9 23 -23 25 26 -21 -25 -10 -15
right_child=3 -3 -4 6 -6 -7 8 21 28 -11 -12 19 13 14 -16 16 17 18 20 24 -22 22 -24 27 -26 -27 -28 -29 -30 -31
leaf_value=-0.010221451214777719 -0.0056842560721961687 -0.0030005254575290212 0.013626702203926906 0.021255381025735164 -0.008155186417867567 0.012079117655214168 -0.0099390919396589381 0.10738623955900146 0.0042277854404215902 -0.016903694623316378 -0.00016434953478895636 0.00061566142768089763 0.0067648442186692727 0.011489005717659997 -0.013397127160592432 -0.013356018321395938 0.035625320602856385 -0.035763977930157252 0.160494822926631 0.14658886030521673 0.012752221245884571 0.011032351698668435 -0.013273091335838164 0.035280262093998482 0.0038664678783408776 -0.036877639436309548 0.039063701509244986 0.21083592242900245 -0.0013882273400779507 -0.019959603693461347
leaf_weight=763.27221743576229 246.02864719438367 2330.9418359678239 234.53429501317441 141.34191673016176 1187.4093605289236 184.48006228427403 536.07576004532166 2.2384355380199841 1279.7152585838921 198.63266016589478 1044.8657047210727 18943.130953217391 536.64467927068472 133.73697381094098 239.25288414396346 56.878423818387091 54.083210764918476 17.130673859268427 1.4029005542397524 3.4497314579784932 18.071328985504806 30.75496047642082 109.43159674201161 2.1359802745282646 2478.2369008809328 6.2737697698175898 18.627734890207648 1.4767029425129292 2509.792341442313 34.079555789008737
leaf_count=11618 3613 23665 1329 1686 17027 2511 13912 33 10652 4321 22800 164195 3280 879 1523 1154 1092 403 29 47 289 534 1244 41 17574 102 269 22 22222 222
internal_value=-1.31024e-05 0.00048978 0.000835409 -0.00175364 -0.00552267 0.00188388 -0.000712401 0.00950211 -0.0012395 -0.00497729 -0.00347883 0.000706678 -0.00309885 0.00121577 -0.00609965 -0.00760321 0.00593935 0.0175758 -0.0042905 0.00103667 0.0233954 -0.00311539 -0.00505216 0.0211245 0.00422248 0.0353423 0.0558651 0.10704 0.000515791 0.00481558
internal_weight=33344.1 25869.7 23538.8 7474.38 1617.92 430.509 5856.46 287.38 5569.08 1779.57 1580.94 23304.3 1854.55 943.714 407.069 910.839 147.567 90.6881 36.6049 21449.7 19.4742 146.038 143.799 34.3676 2506.59 28.3512 22.0775 3.61268 3789.51 167.817
internal_count=328288 227670 204005 100618 23151 6124 77467 3560 73907 41033 36712 202676 20489 5904 2624 14585 2967 1813 721 182187 318 1874 1841 597 17992 418 316 63 32874 1101
cat_boundaries=0 1 2 3 4 5 6
cat_threshold=8932624 4972954 4096 23600960 4397880 4262460
is_linear=0
shrinkage=0.05


Tree=122
num_leaves=31
num_cat=4
split_feature=8 0 5 1 27 1 6 14 13 11 1 12 15 32 16 30 27 1 16 24 27 17 31 32 25 6 21 15 28 28
split_gain=11.6885 10.3423 16.6304 15.3406 17.9573 16.8017 14.9269 14.3044 15.7521 17.8275 14.1768 14.1652 15.383 13.7207 13.1989 14.2113 12.9547 17.0576 12.7125 15.4753 12.181 17.3813 13.8312 13.8888 12.1664 15.6629 17.3057 23.7942 15.9396 20.3841
threshold=1.0000000180025095e-35 1.5000000000000002 1500.0000000000002 0 1.0000000180025095e-35 1 28.500000000000004 4.4050000000000011 58.360000000000007 6.1550000000000011 2 37.830000000000005 65.670000000000002 0.35116775717920762 88.950000000000017 -0.0016899537620849445 3.5000000000000004 3 33.435000000000009 0.24600000000000005 9.5000000000000018 48.795000000000009 81.500000000000014 0.36589784376104634 1.0000000180025095e-35 24.500000000000004 0.18333333333333338 7.9500000000000011 1434.3330569363659 1419.3887251575638
decision_type=2 2 2 1 8 1 2 2 2 2 1 2 2 10 2 8 8 1 2 10 10 2 2 8 10 2 8 2 2 2
left_child=1 2 -1 6 5 14 -3 18 9 20 -4 13 -13 -11 -5 -16 -12 -18 -8 -20 -9 22 23 -22 25 26 27 -7 29 -29
right_child=-2 3 10 4 -6 24 7 8 -10 11 16 12 -14 -15 15 -17 17 -19 19 -21 21 -23 -24 -25 -26 -27 -28 28 -30 -31
leaf_value=-0.0089229992245278816 -0.002379645291275078 0.0073222706082861719 -0.0044762897663892104 -0.01036412228567252 -4.6736171835874415e-05 0.0026157275030014391 -0.0020473467970016797 0.0034593604976233421 -0.00086828998077043097 0.18715696875592622 0.0032487453970660267 0.028155080921631083 -0.049845303901788242 0.052899700380914995 0.071355630186579019 -0.017048995327906914 -0.011538499128125462 0.001618661116778582 -0.018900002470512003 0.09498027853878975 0.022397752743014032 0.13473470125489989 0.068822851282972289 -0.030102513331478054 0.00076990265535618256 -0.0071215419564845247 -0.023371021628305896 0.070771617855660607 0.041571619817005245 0.26060752269629939
leaf_weight=361.05078430473804 4511.2362074705306 1013.878978230292 772.02793126925826 1022.8234019053634 8834.862829409074 40.869069699663669 654.33798717381433 1449.265293085482 2143.8229885585606 2.2053622566163567 8102.6223082579672 49.061402887105942 7.2558408565819255 13.880744840949772 10.29580478556454 8.1400324925780314 345.1967641338706 800.97690600901842 178.62175073008984 3.0338600305840364 53.117360659874976 3.3416460501030079 11.643114113248883 16.513895341195166 1623.7575186248869 1251.8813378368504 22.850710461847484 4.4645452252589193 21.186355417128652 2.06959557114169
leaf_count=1653 47919 13896 3496 18027 103003 2213 9968 18608 17477 21 37193 430 59 129 106 82 1553 3599 3071 71 706 34 113 151 21120 22650 388 146 357 49
internal_value=-1.30297e-05 0.000357355 0.00161969 -0.000353225 -0.00130504 -0.00408175 0.00182877 0.000618273 0.00193672 0.00568042 0.00199954 0.0299253 0.0181056 0.071306 -0.00951695 0.0323221 0.00254219 -0.00243047 -0.00529604 -0.0169981 0.004536 0.0229761 0.0183811 0.00994668 -0.00213507 -0.00566238 0.0143145 0.0268695 0.0626275 0.130899
internal_weight=33336.3 28825.1 10381.9 18443.2 12843.2 4008.34 5599.98 4586.1 3750.11 1606.28 10020.8 72.4034 56.3172 16.0861 1041.26 18.4358 9248.8 1146.17 835.994 181.656 1533.88 84.616 81.2744 69.6313 2967.08 1343.32 91.4403 68.5896 27.7205 6.53414
internal_count=328288 280369 47494 232875 168141 65138 64734 50838 37728 20251 45841 639 489 150 18215 188 42345 5152 13110 3142 19612 1004 970 857 46923 25803 3153 2765 552 195
cat_boundaries=0 1 2 3 4
cat_threshold=19486 17342976 20 25232650
is_linear=0
shrinkage=0.05


Tree=123
num_leaves=31
num_cat=7
split_feature=18 20 10 1 12 28 18 15 28 32 0 6 7 1 24 8 7 6 30 1 20 1 14 28 16 1 2 26 1 20
split_gain=11.3675 14.0719 11.403 29.2486 19.144 17.7368 30.8581 16.7761 13.6584 14.001 13.7335 12.4537 12.2158 14.543 12.1696 11.5855 14.085 12.4192 11.5754 13.2095 16.3897 11.8999 11.5447 19.2272 18.7743 15.3468 13.3075 13.1111 12.1717 14.544
threshold=45.315000000000005 32.250000000000007 0.13500000000000004 0 53.875000000000007 1432.9930274509584 58.185000000000009 58.365000000000002 1530.6439543106374 0.35305051388585179 1.5000000000000002 58.500000000000007 57.550000000000004 1 0.11050000000000003 1.0000000180025095e-35 51.45000000000001 28.500000000000004 -0.030755050505050518 2 68.215000000000018 3 4.535000000000001 1514.1852209229755 53.815000000000005 4 5 0.088562091503267992 6 40.375000000000007
decision_type=2 2 8 1 2 2 2 2 2 10 2 2 2 1 8 2 2 2 10 1 2 1 2 2 2 1 1 10 1 2
left_child=1 -1 3 5 7 6 -2 -5 9 14 -11 -6 15 -14 -9 16 -4 18 19 -18 -21 -20 24 25 27 26 -24 -19 29 -29
right_child=2 -3 12 4 11 -7 -8 8 -10 10 -12 -13 13 -15 -16 -17 17 22 21 20 -22 -23 23 -25 -26 -27 -28 28 -30 -31
leaf_value=0.0033995811311903698 0.024312727297798931 -0.0022680208711276404 -0.0021329247836219738 -0.00062113128629078841 -0.014330014501148897 0.0093773884006294814 0.27454924900438055 0.10971085767550191 0.011216082536571498 0.039023245894684283 0.19744589182463185 0.07231609631089396 0.0059099800100917907 -0.018630458693471696 -0.0030516996753395436 -0.0027707721534708783 0.0019613472569194866 -0.0063830587645791418 -0.0021126005132640446 0.018080075923171554 0.094609731437115971 0.0062023677482508409 0.00070578408854128952 0.00025587934770288269 0.090433575013640299 0.00098801401998865434 0.011456862441125031 -0.032785842238677997 0.0032645127114350764 -0.0033899920031860951
leaf_weight=1267.8547345199622 4.3592346813529721 8042.4823766374029 3435.4619466254953 1112.676491481252 264.0094764335081 1114.0284834336489 1.7173424307256935 3.2804674012586483 168.58930534496903 2.5605222433805457 2.9373183324933052 4.213244028389453 89.307146154809743 168.88234790693969 8.8413096657022834 2669.1405508113094 202.9727376839146 1127.7715969765559 691.11798516404815 236.80757662560791 7.2090183040127149 1122.0244252672419 403.86914476845413 7250.9646302741021 5.4745392259210339 1222.3658212544397 1087.465578507632 47.352469220757484 1178.5193540845066 377.72576281987131
leaf_count=12896 61 84361 35700 9078 1879 8609 24 25 1225 12 34 28 1201 2358 72 28808 2031 21178 7936 2420 55 12446 4425 55634 62 13264 10862 330 8582 2692
internal_value=-1.31381e-05 -0.00149622 0.000561917 0.00363134 -0.000802721 0.00975498 0.0950338 0.00170346 0.0155939 0.0574816 0.123663 -0.012969 0.000175122 -0.0106347 0.0274648 0.000307607 0.000754234 0.00141718 0.00483215 0.0120389 0.0195402 0.0030555 0.000809509 0.00159951 -0.00206683 0.00518967 0.00856945 -0.00225223 0.000652881 -0.00651142
internal_weight=33322 9310.34 24011.6 2687.21 1567.11 1120.11 6.07658 1298.89 186.209 17.6196 5.49784 268.223 21324.4 258.189 12.1218 21066.2 18397.1 14961.6 2260.13 446.989 244.017 1813.14 12701.5 9964.67 2736.84 2713.7 1491.33 2731.37 1603.6 425.078
internal_count=328288 97257 231031 21047 12353 8694 85 10446 1368 143 46 1907 209984 3559 97 206425 177617 141917 24888 4506 2475 20382 117029 84185 32844 28551 15287 32782 11604 3022
cat_boundaries=0 1 2 3 4 5 6 7
cat_threshold=27362148 2072672 11162096 12789320 29709390 5200 4264978
is_linear=0
shrinkage=0.05


Tree=124
num_leaves=31
num_cat=11
split_feature=23 17 10 4 3 13 2 2 23 1 31 1 13 28 6 1 20 32 1 28 1 1 2 26 20 1 14 13 3 1
split_gain=11.2268 10.3176 12.7391 11.9148 15.7459 33.6478 27.98 20.9228 18.7706 17.485 15.4956 30.1753 16.4676 15.3723 14.9704 17.2273 14.8473 14.5001 13.7008 13.3099 12.9823 12.9625 14.2266 12.7197 14.4251 13.5801 13.4206 12.5672 12.427 12.3294
threshold=5.5857142857142863 45.765000000000008 0.25500000000000006 1.5000000000000002 2.5000000000000004 58.635000000000005 0 1 4.4142857142857155 2 18.500000000000004 3 54.215000000000011 1501.4216207328761 24.500000000000004 4 58.350000000000001 0.45656275635767024 5 1498.4875606915471 6 7 8 0.051956815114709856 57.170000000000009 9 8.7750000000000004 58.765000000000008 1.0000000180025095e-35 10
decision_type=10 2 10 2 2 2 1 1 10 1 2 1 2 2 2 1 2 8 1 2 1 1 1 10 2 1 2 2 2 1
left_child=1 3 -3 4 7 10 19 29 14 -10 11 -6 -13 18 -9 -16 -5 -18 -8 -7 -19 22 -15 -17 26 27 -25 -26 -29 -1
right_child=-2 2 -4 16 5 6 13 8 9 -11 -12 12 -14 21 15 23 17 20 -20 -21 -22 -23 -24 24 25 -27 -28 28 -30 -31
leaf_value=-0.0019596701358812209 -0.024362362644344309 0.0027632081425238929 0.093580914758661773 -0.0056232493992110465 0.0025972956159057777 0.038553699625697463 -0.0011382726402390927 0.0046425485436672135 -0.016029349325943024 -0.0026395724913189124 0.0074211740542571404 0.078692740217383705 0.032514585691745458 -0.00032923206818156667 0.00045323841325459115 -0.0068812509192844708 0.019623280461720745 0.013328571226872294 0.037884941928107742 -0.0047555128373119246 -0.010956760569414012 0.00065149137932942239 0.010100592195282906 -0.0031337423708510804 0.016541531378400403 -0.0025261907113183265 -0.07283270518043472 0.093138446270065706 -0.003482896012795902 0.0031567360176310687
leaf_weight=1610.1922751001548 47.271011153236032 2870.0826816658955 3.8665368733927599 1815.4355130745098 105.4465452618897 17.901332123205066 45.102659446187317 994.00736807612702 416.79211478307843 601.491874237312 811.66813082434237 28.620162412524223 59.325205912813544 519.4218780035153 5179.9766329051927 1871.7239786246791 121.44544073566794 78.420285955071449 47.449252957478166 1968.9755124486983 136.59033353067935 3560.7747532678768 896.68233483377844 4316.5431596143171 278.14918694552034 424.28025345318019 6.9175961259752503 3.4038740843534461 148.94362658355385 4331.3100041849539
leaf_count=17832 5379 25079 50 18743 764 147 329 11268 8754 11889 5965 184 416 3399 52656 33232 1330 732 338 15212 1330 22976 5432 34567 2358 3319 47 18 1044 43499
internal_value=-1.27433e-05 2.18524e-05 0.00288539 -0.000248887 2.43478e-05 0.00189236 0.000673223 -0.000721733 -0.00176089 -0.00830346 0.0104516 0.0231705 0.0426884 0.00264278 -0.00125842 -0.00173803 -0.00383529 0.00581211 0.0228384 -0.00434345 -0.00198892 0.00227252 0.00629949 -0.00334398 -0.00207185 0.00386325 -0.00324526 0.00998711 -0.0013241 0.00176919
internal_weight=33318.2 33270.9 2873.95 30397 28245.1 8061.37 7056.31 20183.7 14242.2 1018.28 1005.06 193.392 87.9454 5069.43 13223.9 12229.9 2151.89 336.456 92.5519 1986.88 215.011 4976.88 1416.1 7049.96 5178.24 854.777 4323.46 430.497 152.348 5941.5
internal_count=328288 322909 25129 297780 275645 55162 47833 220483 159152 20643 7329 1364 600 32474 138509 127241 22135 3392 667 15359 2062 31807 8831 74585 41353 6739 34614 3420 1062 61331
cat_boundaries=0 1 2 3 4 5 6 7 8 9 10 11
cat_threshold=4612 518 30769922 21805364 29762588 5925552 29592080 8406728 2088 2660386 31728640
is_linear=0
shrinkage=0.05


Tree=125
num_leaves=31
num_cat=7
split_feature=32 7 27 26 1 4 12 17 2 24 7 18 1 7 10 1 17 16 30 4 18 13 1 1 7 20 1 20 3 15
split_gain=10.5209 10.3465 12.5352 11.6654 18.3099 13.77 13.5905 13.2642 12.4365 11.1515 10.5379 10.4771 10.4421 10.419 14.4575 18.3577 14.6602 20.7168 13.3524 13.3026 15.8988 20.2007 16.2231 13.3592 18.5402 12.5992 13.8351 13.1345 12.3003 11.3329
threshold=0.013937451437451438 52.650000000000013 50.500000000000007 0.73385416666666681 0 1.5000000000000002 27.860000000000003 28.335000000000004 1 0.24800000000000005 46.250000000000007 69.460000000000022 2 51.45000000000001 0.12500000000000003 3 44.835000000000008 42.800000000000004 0.014834577114427856 1.0000000180025095e-35 50.665000000000006 69.625000000000014 4 5 48.150000000000013 51.275000000000013 6 41.945000000000007 1.0000000180025095e-35 38.32500000000001
decision_type=8 2 10 10 1 2 2 2 1 10 2 2 1 2 10 1 2 2 8 2 2 2 1 1 2 2 1 2 2 2
left_child=-1 2 3 5 6 7 -5 9 11 -2 -10 -6 -7 14 15 -9 -17 18 -18 25 21 22 -21 24 -22 26 27 -16 -26 -27
right_child=1 -3 -4 4 8 12 -8 13 10 -11 -12 -13 -14 -15 19 16 17 -19 -20 20 23 -23 -24 -25 28 29 -28 -29 -30 -31
leaf_value=-0.018696628469523437 -0.0013132955872149532 -0.0012142966640768906 -0.063600129635651315 -0.072123847441330463 -0.0048716804447530839 -2.6561487836836389e-05 0.013386397918657703 -0.0066680310325316159 -0.027212246111620819 -0.03461153597553282 0.006277567528338468 -0.053736129580995544 -0.0081972502294570208 0.0023641740927062725 0.01372515022259084 0.028023255428591055 0.40404273167923166 0.052102206172049817 0.13912095159145152 -0.0065376232620557003 0.016864517791855566 0.053834190158355888 0.019402816303238101 -0.0067242916375551791 0.07955921962375917 -0.0026881679426880942 -0.0091325658121063219 -0.0038527742562002713 -0.027299994541631845 0.00691464342760802
leaf_weight=75.169612930389121 4965.7464152954053 11114.680801855866 7.5874717156402758 4.6888149157166472 370.14811300486326 785.08050908148289 516.68685781955719 53.173020415939391 24.362445913255215 25.271777525544167 655.25477872788906 11.304756939411162 779.4303483562544 10115.999545912724 142.89521598396823 57.042126988293603 0.76305142045020968 5.5506518054753542 1.2626688154414298 95.715863951016217 169.81209965748712 28.931492673233151 144.74338645092212 329.45333275711164 2.8891411405056706 845.77083642571233 1044.9707880108617 414.64349032891914 39.661138287745416 482.53336365800351
leaf_count=7224 50046 114287 92 20 1751 8750 2704 728 121 530 3302 56 8844 91083 1472 700 18 40 34 1046 1599 201 1455 3167 48 9850 10768 4332 374 3646
internal_value=-1.19823e-05 3.02765e-05 0.000655601 0.000677648 0.00481415 0.000358828 0.0123799 0.000730723 0.000970741 -0.0014819 0.00500343 -0.00615838 -0.00414972 0.00152089 -0.000689229 0.0165584 0.031784 0.10205 0.238912 -0.00123215 0.00443433 0.0143614 0.00961214 -0.000501416 0.00904338 -0.00280055 -0.00578521 0.000640891 -0.0200443 0.000800247
internal_weight=33311.2 33236.1 22121.4 22113.8 1582.45 20531.3 521.376 18966.8 1061.07 4991.02 679.617 381.453 1564.51 13975.8 3859.81 117.792 64.6185 7.57637 2.02572 3742.02 811.206 269.391 240.459 541.816 212.362 2930.81 1602.51 557.539 42.5503 1328.3
internal_count=328288 321064 206777 206685 7954 198731 2724 181137 5230 50576 3423 1807 17594 130561 39478 1520 792 92 52 37958 7890 2702 2501 5188 2021 30068 16572 5804 422 13496
cat_boundaries=0 1 2 3 4 5 6 7
cat_threshold=17605024 1936 31610962 8760210 22389252 1175688 25838304
is_linear=0
shrinkage=0.05


Tree=126
num_leaves=31
num_cat=5
split_feature=7 0 1 9 21 18 31 7 17 12 12 2 15 6 1 2 26 2 28 15 23 25 23 31 12 25 19 19 31 21
split_gain=10.4426 10.3877 12.1592 13.4022 12.766 10.527 17.4554 26.7315 12.7991 13.4612 13.8448 10.4592 10.2238 10.0934 12.8369 11.5511 17.3907 10.3707 9.98173 9.59092 11.6888 11.3175 22.8927 11.0761 17.4217 9.32269 9.28368 12.3846 23.2677 13.0223
threshold=60.350000000000001 5.5000000000000009 0 1.0000000180025095e-35 0.11805555555555557 60.295000000000009 7.5000000000000009 47.250000000000007 36.945000000000007 42.275000000000013 45.485000000000007 1 40.57500000000001 50.500000000000007 2 3 0.17192118226600989 4 1711.8984028075131 33.455000000000005 2.4365079365079372 0.41666666666666669 3.4722222222222228 24.500000000000004 44.265000000000008 0.41666666666666669 34.195000000000007 34.770000000000003 4.5000000000000009 0.47222222222222227
decision_type=2 2 1 2 8 2 2 2 2 2 2 1 2 2 1 1 10 1 2 2 8 8 10 2 2 8 2 2 2 10
left_child=1 13 3 -3 -4 11 7 -7 -9 -10 -11 18 -8 -1 15 -15 -17 -16 -6 26 -21 -22 -23 -24 -25 -12 -13 28 -28 -29
right_child=-2 2 4 -5 5 6 12 8 9 10 25 19 -14 14 17 16 -18 -19 -20 20 21 22 23 24 -26 -27 27 29 -30 -31
leaf_value=0.0006111430008846504 -0.022695623714386964 -0.012107273301526937 -0.0089683279289038808 0.19131526318434414 -0.019035077378607723 0.27014790237071507 0.023927170467942807 0.20298374648409348 -0.028118817311105021 0.18021762413660922 -0.011873214463304249 -0.016847425334807379 -0.0047910957356799636 0.0053394915340768817 -0.0011907140969160948 -0.0095909851766555407 0.0040971739653637134 -0.007057336685546727 0.09252577121897787 -0.0046853531419199191 0.0061323292034618252 0.021774177020704714 0.28303838065055514 -0.022762388699892503 0.20659465897582702 0.097201459619655262 0.36876744578542925 -0.0072493131862006264 0.041039078800130836 0.061085384307711058
leaf_weight=26644.884853012394 50.659298294223845 391.05754833202809 390.74210840719752 0.8113656947389235 94.094209101982415 1.3914854563772703 54.257773075252771 1.1568300863727952 6.051965698599818 2.1068184059113246 4.4576420960947871 112.3310483917594 72.270063261501491 929.42446549423039 1686.4278538255021 450.12603813037276 478.93586309812963 1372.9597606565803 2.0486905137076965 170.12037024833262 221.76349627692252 69.176389283500612 1.0327349305152882 1.6055379025638106 1.7095368737354872 3.4948933962732553 0.59218365233391423 72.071581412106752 6.3383406763896346 7.718440623022615
leaf_count=225859 972 13943 20882 19 3717 36 1373 27 179 28 55 3195 1119 8032 15424 6927 2792 13751 42 1956 4411 988 21 41 23 31 22 2133 174 116
internal_value=-1.19477e-05 2.26117e-05 -0.00379837 -0.0113953 -0.00140353 0.00184429 0.0141817 0.0593269 0.0423387 0.030804 0.0662536 -0.000510727 0.0075239 0.000227009 -0.00185421 0.00142424 -0.00250768 -0.00383789 -0.0150885 0.00179859 0.0057542 0.0117686 0.0287687 0.140056 0.0955138 0.0360617 -0.00735978 0.00492977 0.0690421 -0.000638997
internal_weight=33301.8 33251.2 1688.4 391.869 1296.53 905.79 145.187 18.6596 17.2681 16.1113 10.0594 760.603 126.528 31562.8 4917.87 1858.49 929.062 3059.39 96.1429 664.46 465.408 295.288 73.5242 4.34781 3.31507 7.95254 199.052 86.7205 6.93052 79.79
internal_count=328288 327316 54531 13962 40569 19687 2848 356 320 293 114 16839 2492 272785 46926 17751 9719 29175 3759 13080 7440 5484 1073 85 64 86 5640 2445 196 2249
cat_boundaries=0 1 2 3 4 5
cat_threshold=21239816 6144 22587592 62 972
is_linear=0
shrinkage=0.05


Tree=127
num_leaves=31
num_cat=4
split_feature=24 28 30 13 1 31 1 32 21 15 11 6 27 1 1 17 27 26 24 20 14 12 13 11 26 20 12 24 24 11
split_gain=9.99366 12.7621 12.6322 13.2381 18.4751 15.9124 12.8915 12.3678 12.2105 11.6346 11.3995 10.8389 15.1167 24.4931 16.6117 11.3265 11.5558 14.1409 11.5903 16.9394 12.1932 11.2949 13.4904 13.566 17.2023 15.6108 11.0823 11.3339 12.2733 10.8096
threshold=0.13292857142857148 1315.0215911357861 0.11537051282051286 67.490000000000023 0 4.5000000000000009 1 0.21882773631840799 0.23611111111111113 68.020000000000024 8.1250000000000018 41.500000000000007 1.0000000180025095e-35 2 3 37.755000000000003 2.5000000000000004 0.18808962264150947 0.21414285714285719 49.675000000000004 5.1050000000000013 17.990000000000006 60.225000000000001 6.0250000000000012 0.15849282296650721 50.605000000000011 35.220000000000006 0.1641428571428572 0.19527777777777786 7.5650000000000004
decision_type=8 2 8 2 1 2 1 8 10 2 2 2 10 1 1 2 10 8 10 2 2 2 2 2 10 2 2 8 8 2
left_child=2 -2 3 6 5 -5 8 -4 -1 -9 11 -3 13 -13 -14 29 -17 18 -18 20 -20 -15 23 -23 25 -25 -27 -28 -29 -16
right_child=1 10 7 4 -6 -7 -8 9 -10 -11 -12 12 14 21 15 16 17 -19 19 -21 -22 22 -24 24 -26 26 27 28 -30 -31
leaf_value=0.003549361295820775 -0.01760503086656148 0.00044857610359402421 0.090709118686786577 0.047714119946196093 -0.0042670945389743356 0.0051379148024047819 0.0013369528572515091 -0.0094634756132884936 0.011630433311190243 0.033238637905925884 0.039846545120654636 0.0022265231841014704 0.0020088038070644842 -0.019630413192345986 -0.0048650086882340987 -0.0010079083413337821 0.021231238454110894 -0.00046432450915931959 0.089040003367380785 0.0019628884038979219 0.29252095643116721 -0.0041954087132963632 -0.01057979436439728 0.01079394568062266 0.00048009488605663434 0.20251242706460137 0.027827213843667514 0.16817778693306018 0.0018362315978942157 0.037944104871554113
leaf_weight=1143.7296369408723 107.8857048980426 15572.556392904604 3.220425719395279 23.040341207757592 1353.022890095599 461.74792898632586 2433.2823511257302 380.32209904468618 790.56041122414172 16.649474239908159 17.605802673846483 1030.1986057460308 3770.4368806774728 163.87697951775044 2488.6483274432831 941.58087254641578 96.708623880520463 111.26139781996608 1.7233299547806376 2.6136922994628549 1.2853224780410526 1307.1156462272629 972.10570264048874 14.787861359305682 59.532487345859408 1.7259679427370418 7.5398153867572519 3.9991641622036704 1.5343784606084225 14.834006631746886
leaf_count=10900 7410 152595 42 147 9635 3222 21500 3023 6295 104 108 12242 34555 3842 25170 8258 1118 606 31 45 17 18173 8394 177 380 20 101 58 23 97
internal_value=-1.19975e-05 -0.000442947 0.00172924 0.00228451 -0.00127564 0.00701668 0.00378256 -0.0068808 0.00681692 -0.0076725 -0.000373292 -0.000399949 -0.00160212 -0.00427984 -0.000318096 -0.00271416 0.00137392 0.0118737 0.0252886 0.0950777 0.175969 -0.00690838 -0.00605725 -0.0029085 0.0159665 0.0471268 0.0834315 0.0677102 0.122053 -0.00461135
internal_weight=33295.1 26689.6 6605.58 6205.38 1837.81 484.788 4367.57 400.192 1934.29 396.972 26581.7 26564.1 10991.5 3562.42 7429.09 3658.66 1155.17 213.592 102.331 5.62234 3.00865 2532.22 2368.34 1396.24 89.1197 29.5872 14.7993 13.0734 5.53354 2503.48
internal_count=328288 273420 54868 51699 13004 3369 38695 3169 17195 3127 266010 265902 113307 43410 69897 35342 10075 1817 1211 93 48 31168 27326 18932 759 379 202 182 81 25267
cat_boundaries=0 1 2 3 4
cat_threshold=8913354 22603042 31721480 1811180
is_linear=0
shrinkage=0.05


Tree=128
num_leaves=31
num_cat=7
split_feature=23 14 26 4 2 12 1 28 1 23 1 11 16 26 11 30 1 25 32 29 1 18 11 12 2 17 24 24 18 19
split_gain=9.74906 9.4621 15.7601 15.2261 15.5286 14.9628 14.4229 14.4003 14.3551 14.9079 12.8177 12.3766 13.5802 12.4113 12.1319 12.0109 15.7592 13.1982 13.7305 11.8223 12.2227 12.9975 11.5889 13.5942 11.3837 14.9806 11.2127 11.2032 10.7397 14.1638
threshold=5.5857142857142863 7.0950000000000006 0.74106002554278427 1.5000000000000002 0 27.860000000000003 1 1511.9327905324974 2 3.683333333333334 3 4.9850000000000012 76.890000000000015 0.85825892857142871 6.1750000000000007 -0.04554522215459527 4 0.58333333333333337 0.31785512603316396 2.7500000000000004 5 40.750000000000007 6.4250000000000007 49.615000000000002 6 52.645000000000003 0.22211111111111115 0.13316666666666674 14.460000000000003 40.635000000000012
decision_type=10 2 8 2 1 2 1 2 1 10 1 2 2 8 2 8 1 10 10 2 1 2 2 2 1 2 10 10 2 2
left_child=1 3 -3 4 15 6 -6 8 -7 11 -4 12 13 -10 24 16 26 -18 -19 -9 21 -21 -11 -24 -5 27 -1 -26 29 -8
right_child=-2 2 10 14 5 7 28 19 9 22 -12 -13 -14 -15 -16 -17 17 18 -20 20 -22 -23 23 -25 25 -27 -28 -29 -30 -31
leaf_value=0.00065401624241320723 -0.023155386553523852 0.00075599884528226803 0.016283374129084063 -0.0021183199043032833 -0.0092967781987295783 0.0088697419518411307 0.010204027605138156 4.8098720796738125e-05 0.018455007457355187 -0.0076645189068361768 0.0029629304450290127 0.00075129277559302749 0.13818423859404438 -0.02370514129411538 -0.0030802928993189558 0.00045627492119809231 0.00669411067895174 -0.028923645724277514 0.041418426167893291 -0.011218679948432861 -0.006770223214034924 0.0017689244065259573 0.12867814165642399 -0.030640588826703959 -0.0038308435446626219 0.099196672998728627 -0.024637109662470319 -0.035346329153652552 -0.0025259117793142846 0.086536111932264445
leaf_weight=1001.0584639995359 45.440977246733382 2973.6661931900308 318.83218088466674 121.18829714227468 1010.213514411822 740.66504529025406 61.57050794409588 5617.3018792718649 167.66347118094563 472.76756962202489 435.53238395508379 563.19618282280862 2.2300635240972033 19.484962516464293 1262.1827825205401 12282.321388695156 1396.5938444943167 8.0975389797240478 48.420453673228621 230.8046539183706 1618.767547627911 1164.9201862299815 3.3417091481387606 2.234060550108552 38.272430664859712 2.3883424904197446 45.830574523191899 107.13651784230024 1524.9006538267713 6.7427690289914599
leaf_count=9599 5379 22854 1910 1492 18063 7933 1019 39078 2004 5655 2673 5736 27 212 12850 117765 13643 84 300 2759 18398 12529 30 20 424 29 614 1307 23787 115
internal_value=-1.17872e-05 1.98435e-05 0.0023934 -0.000279906 -1.43102e-05 -0.00125979 -0.00465721 -0.000426822 0.00342864 8.19052e-05 0.00884795 0.00446949 0.0155271 0.0140655 -0.00513489 0.00109854 0.00425833 0.0076004 0.0313403 -0.00130745 -0.00383341 -0.000376082 -0.00681934 0.0648434 -0.0147758 -0.0234261 -0.000448888 -0.0270513 -0.00164669 0.0177383
internal_weight=33293.8 33248.3 3728.03 29520.3 27989.1 13206.8 2603.43 10603.4 1971.58 1230.92 754.365 752.575 189.378 187.148 1531.17 14782.3 2500 1453.11 56.518 8631.79 3014.49 1395.72 478.343 5.57577 268.986 147.797 1046.89 145.409 1593.21 68.3133
internal_count=328288 322909 27437 295472 279370 137365 42984 94381 21617 13684 4583 7979 2243 2216 16102 142005 24240 14027 384 72764 33686 15288 5705 50 3252 1760 10213 1731 24921 1134
cat_boundaries=0 1 2 3 4 5 6 7
cat_threshold=910 20459970 9196944 27366280 13916384 192758 7190
is_linear=0
shrinkage=0.05


Tree=129
num_leaves=31
num_cat=4
split_feature=8 2 28 1 1 22 26 28 13 30 29 29 17 32 32 14 23 14 21 19 13 30 30 18 13 30 7 20 1 27
split_gain=9.74755 9.65053 12.524 16.0914 12.3627 14.8655 14.441 14.6314 19.1541 13.0662 13.3143 11.802 17.8958 24.3995 32.6897 12.3968 15.1506 14.5599 11.7711 12.5333 14.0078 10.6667 10.6238 12.0041 10.2055 12.9371 9.74781 9.74138 9.17549 10.5874
threshold=1.0000000180025095e-35 0 1533.3554686584205 1 2 0.10555555555555557 1.0000000180025095e-35 1453.839483763101 43.375000000000007 0.06041934731934729 3.7500000000000004 5.2500000000000009 34.195000000000007 0.260976654529878 0.29690911572052409 3.2950000000000004 2.8944444444444448 3.0100000000000002 0.10555555555555557 37.940000000000005 39.765000000000008 0.075087840290381125 -0.024810068792995601 54.485000000000007 58.360000000000007 0.13955067567567572 53.250000000000007 62.335000000000008 3 1.0000000180025095e-35
decision_type=2 1 2 1 1 8 8 2 2 8 2 2 2 10 8 2 10 2 10 2 2 8 10 2 2 8 2 2 1 10
left_child=-1 2 28 27 5 -3 7 8 9 10 -7 15 -13 -14 -15 17 21 22 19 20 -12 26 -9 -24 25 -5 -17 -4 29 -2
right_child=1 4 3 24 -6 6 -8 11 -10 -11 18 12 13 14 -16 16 -18 -19 -20 -21 -22 -23 23 -25 -26 -27 -28 -29 -30 -31
leaf_value=0.00032682539623752298 -0.020839861187742708 -0.014271605613334565 -0.011191421355542512 0.015510485009134762 -0.0023947134327419804 0.26896388599132875 0.0049063403307759955 0.17078829455843259 0.31529528271895113 0.25408339642620675 0.0066446264026118447 0.0099180387794362626 -0.052329324281506523 0.65782618695938266 0.13830389985556801 0.011998663450780871 -0.0061639627143415454 0.23286184309889776 -0.052271033279263537 0.25406029301247107 0.2573121653606586 0.13373262138077388 -0.031430615698504138 0.14758536924784912 0.0011623753099798311 0.13719126334690085 0.15100433663299495 0.020493099168941695 -0.012335681338180096 0.0028997887617911245
leaf_weight=28788.071152907796 58.015510333236307 86.671789989573881 349.17853076756001 111.71803029626608 1854.228431770578 0.61939729005098065 583.82425178820267 1.3210058957338331 0.80953105259686786 0.81552824005484481 4.1040689107030612 2.4109582500532261 0.58095680829137553 0.49254216812550988 0.78596188779920351 10.013932069763539 49.414570004679263 1.2184752523899076 2.9290055548772216 0.80483886878937472 0.64491150435060252 3.124151147902011 3.8830391997471443 1.234073285013437 456.47029925230891 2.2279711849987498 1.4429222252219904 26.069787591695786 636.332621763926 246.59034652775154
leaf_count=280369 976 1658 2854 961 19842 13 4694 23 17 27 129 77 17 15 27 135 834 23 96 28 17 37 66 22 3513 18 20 216 8519 3045
internal_value=-1.13866e-05 -0.00217602 -0.00488844 -0.000850729 -0.00019694 0.0051464 0.00773331 0.0267807 0.0814408 0.0623525 0.0451741 0.0190576 0.0998074 0.216357 0.338449 0.014245 0.00705131 0.0743717 0.0288334 0.0716068 0.0406853 0.0518375 0.0443759 0.0117419 0.00442622 0.0178897 0.0295056 -0.00875683 -0.00899839 -0.00157014
internal_weight=33286 4497.98 1886.6 945.665 2611.37 757.146 670.474 86.6499 10.7273 9.91775 9.10222 75.9226 4.27042 1.85946 1.2785 71.6522 63.9956 7.65659 8.48282 5.55382 4.74898 14.581 6.43812 5.11711 570.416 113.946 11.4569 375.248 940.938 304.606
internal_count=328288 47919 20102 7562 27817 7975 6317 1623 327 310 283 1296 136 59 42 1160 1026 134 270 174 146 192 111 88 4492 979 155 3070 12540 4021
cat_boundaries=0 1 2 3 4
cat_threshold=4280 12327010 28328992 397546
is_linear=0
shrinkage=0.05


Tree=130
num_leaves=31
num_cat=5
split_feature=0 1 2 1 15 21 28 10 28 27 16 13 29 17 14 15 17 31 19 19 2 11 16 16 25 10 13 23 11 1
split_gain=9.66337 16.4724 14.1374 19.7753 15.6391 17.8264 18.2091 14.684 16.8062 11.6408 11.4542 15.8632 10.3551 22.6846 9.87772 14.5377 9.79176 19.5444 13.1788 10.898 10.1749 11.9523 16.3611 18.0523 11.3033 11.2018 10.2549 13.9641 11.9449 10.2508
threshold=2.5000000000000004 0 1 2 48.165000000000006 0.5277777777777779 1615.7070316104771 0.115 1603.5152245255219 1.0000000180025095e-35 55.895000000000003 34.660000000000004 3.7500000000000004 41.055000000000007 7.8450000000000006 71.515000000000015 33.135000000000012 110.50000000000001 53.925000000000004 12.920000000000002 3 7.3350000000000009 67.220000000000013 68.770000000000024 0.83333333333333337 0.18500000000000003 68.665000000000006 1.3875000000000002 7.9150000000000009 4
decision_type=2 1 1 1 2 8 2 8 2 10 2 2 2 2 2 2 2 2 2 2 1 2 2 2 10 8 2 10 2 1
left_child=-1 16 3 -3 10 6 7 8 9 -6 11 -4 -7 -14 -8 -16 -2 18 20 -19 25 24 -23 -24 29 26 -18 -28 -29 -22
right_child=1 2 4 -5 5 12 14 -9 -10 -11 -12 -13 13 -15 15 -17 17 19 -20 -21 21 22 23 -25 -26 -27 27 28 -30 -31
leaf_value=0.00077114903574488367 -0.0012803753674478938 -0.010199341964415107 -0.015377241259653377 0.0020264495509048838 0.17714924656582445 0.01677817218187622 -0.012207884462531434 0.0029432164059252459 -0.041316789406231902 0.052164011261883227 -0.010225325185002377 -0.0024564105313901836 0.030758636760323806 0.25899848170726963 0.02315227162578384 -0.01661717761615893 0.010752601967000827 0.06335457073103444 -0.025086676633692712 -0.013550015837081498 -0.003414009475782367 -0.0081853647155288589 0.12808954385087104 0.025991931123472957 0.022609737049418141 -0.0045933650022930905 0.089460021553176644 -0.0069443401888260141 0.08972133267325394 0.0029914411435453415
leaf_weight=18047.930804494768 3632.7530383120757 376.76695947162807 270.7252915839199 2274.4103933121078 2.9901892226189357 90.507870245724916 393.87350213062018 687.60976527631283 2.903492508456111 4.9418565528467298 1131.9663001797162 1938.34941662848 4.6445050612092009 1.4219510722905395 52.874936118721962 40.642542082816362 973.73465418955311 4.7031419435515991 41.245869794394821 224.42892325762659 1035.6020126871299 37.428914207033813 4.6577493585646144 61.443407259881496 58.676388218998909 181.01876556687057 4.010172225534915 158.33538744039834 3.2616185266524544 1541.7407701311167
leaf_count=109582 52857 6040 11604 31012 36 685 3721 8351 37 55 15119 32654 71 19 504 363 11928 40 544 2116 14357 317 37 499 506 4283 22 1136 30 19763
internal_value=-1.16526e-05 -0.000938825 -0.00265671 0.000257207 -0.00432456 0.000359842 -0.00132247 0.0038533 0.061606 0.0992804 -0.00613555 -0.00403988 0.021017 0.0842571 -0.0087395 0.00586853 0.000633092 0.00223979 0.00303378 -0.0119715 0.00331946 0.00155887 0.0182292 0.0331861 0.000910048 0.00690831 0.00879634 -0.00270609 -0.00499327 0.000416028
internal_weight=33285.6 15237.7 7274.63 2651.18 4623.45 1282.41 1185.84 698.445 10.8355 7.93205 3341.04 2209.07 96.5743 6.06646 487.391 93.5175 7963.04 4330.29 4101.16 229.132 4059.91 2739.55 103.53 66.1012 2636.02 1320.36 1139.34 165.607 161.597 2577.34
internal_count=328288 218706 110271 37052 73219 13842 13067 8479 128 91 59377 44258 775 90 4588 867 108435 55578 53422 2156 52878 35479 853 536 34626 17399 13116 1188 1166 34120
cat_boundaries=0 1 2 3 4 5
cat_threshold=2313342 30 8650752 898 2229320
is_linear=0
shrinkage=0.05


Tree=131
num_leaves=31
num_cat=6
split_feature=7 18 19 32 1 9 20 28 4 20 2 1 11 13 23 32 19 1 1 16 14 31 15 14 2 24 30 28 15 13
split_gain=9.47244 9.42173 12.9294 11.8718 11.4748 14.3424 11.416 11.1556 10.9469 11.7514 12.5065 12.8751 11.6128 19.2236 11.5785 13.4088 15.8695 11.3219 11.2884 14.5701 13.8516 11.085 10.907 10.8453 11.4218 10.3059 10.1888 10.1052 12.8008 9.86898
threshold=60.350000000000001 50.505000000000003 32.285000000000004 0.038585607940446659 0 1.0000000180025095e-35 28.035000000000004 1675.1362723369125 1.5000000000000002 53.830000000000005 1 2 6.9750000000000005 68.145000000000024 3.183333333333334 0.48028905926232907 32.435000000000009 3 4 73.705000000000027 8.2650000000000023 125.50000000000001 71.515000000000015 8.7750000000000004 5 0.10050000000000002 0.053820871143375686 1500.6568418540085 57.085000000000008 67.315000000000012
decision_type=2 2 2 8 1 2 2 2 2 2 1 1 2 2 10 10 2 1 1 2 2 2 2 2 1 8 8 2 2 2
left_child=1 3 4 -1 23 7 25 -6 12 21 17 -12 -8 14 15 -14 -17 -11 19 -15 27 -10 -9 24 -3 26 -5 28 -20 -27
right_child=-2 2 -4 6 5 -7 8 22 9 10 11 -13 13 18 -16 16 -18 -19 20 -21 -22 -23 -24 -25 -26 29 -28 -29 -30 -31
leaf_value=-0.022111239385749298 -0.021824613744665058 -0.0023302268616643041 0.002022972988975559 0.049389504787849904 -0.0025234143223946859 0.072301643669057669 -0.0012128931999138984 0.012615851451530142 -0.011914234939158911 0.026056444034232545 -0.019968487289858578 0.007479234890266662 -0.010514522470559168 0.01789684069748209 0.048058659598787946 0.054369799326135337 0.0081062618421136323 -0.00019426997025440252 0.096575674991583788 -0.0048998266448410759 0.037325808501196989 0.032322760100128814 -0.035265825278499745 0.064732710608183364 0.0057204472106059737 0.0049721625693212651 -0.029619870743715495 -0.0048790854445608456 -0.028566411875231817 -0.0063591074843995388
leaf_weight=65.296161392936483 49.696632266510278 744.99262854037806 9818.6599167331588 21.566001820378006 5031.8929017446935 6.4915780052542678 12980.626330194063 186.02534904889762 560.39749093726277 61.056645953096449 93.794792515225708 68.523323582485318 38.335151687264442 190.49124538246542 31.109402850270271 29.732202675193548 49.226142652332783 106.65200717747211 5.4227864369750005 110.89353699143976 20.973096452653408 14.528492494486271 12.705772997811435 7.0083286687731734 1058.1755931861699 1109.9794876798987 5.0326083712279823 560.84834331553429 3.2791732288897038 232.38668634742498
leaf_count=5882 972 7163 92173 183 48271 57 132640 1238 6104 605 948 763 253 1224 191 177 305 1155 37 696 125 160 89 39 9838 11740 36 3549 24 1651
internal_value=-1.1741e-05 2.08848e-05 0.000850132 -0.000834 -0.000783933 -0.00196859 -0.000748738 -0.00206453 -0.00114954 -0.00647947 0.0010408 -0.0086197 -0.000805528 0.00427742 0.0209401 0.0137475 0.0255271 0.0102911 0.00150495 0.00920351 -0.00253704 -0.0107964 0.00955456 0.00263975 0.00241305 0.0036212 0.0344405 -0.0040495 0.0494182 0.00301052
internal_weight=33275.8 33226.1 16866 16360.2 7047.29 5237.12 16294.9 5230.62 14925.9 904.953 330.027 162.318 14020.9 1040.31 148.403 117.293 78.9583 167.709 891.908 301.385 590.523 574.926 198.731 1810.18 1803.17 1368.96 26.5986 569.55 8.70196 1342.37
internal_count=328288 327316 158868 168448 66695 49655 162566 49598 148956 9735 3471 1711 139221 6581 926 735 482 1760 5655 1920 3735 6264 1327 17040 17001 13610 219 3610 61 13391
cat_boundaries=0 1 2 3 4 5 6
cat_threshold=2117984 3492 5332310 807988 17639744 5232
is_linear=0
shrinkage=0.05


Tree=132
num_leaves=31
num_cat=2
split_feature=0 1 21 9 4 18 11 32 3 16 15 31 17 21 11 30 1 15 18 24 6 11 14 24 29 7 15 31 27 13
split_gain=9.12626 11.0918 10.7259 10.2291 9.68659 11.1409 11.6935 18.6703 18.3418 16.1221 27.1471 15.6067 15.342 18.3948 14.1449 18.9196 13.0425 14.1042 14.3596 13.9841 12.6089 12.1848 12.5852 11.6752 11.536 11.429 10.542 20.6267 10.3702 10.3383
threshold=5.5000000000000009 0 0.11805555555555557 1.0000000180025095e-35 2.5000000000000004 47.745000000000012 6.2250000000000005 0.4547095503774205 2.5000000000000004 55.195000000000007 33.245000000000005 3.5000000000000004 28.335000000000004 0.47222222222222227 6.4250000000000007 -0.0043256748273697706 1 47.845000000000006 53.625000000000007 0.1589444444444445 49.500000000000007 6.8750000000000009 5.2950000000000008 0.14211111111111116 1.7500000000000002 51.050000000000004 52.060000000000009 57.500000000000007 9.5000000000000018 65.460000000000022
decision_type=2 1 8 2 2 2 2 10 2 2 2 2 2 8 2 10 1 2 2 10 2 2 2 8 2 2 2 2 10 2
left_child=-1 3 -3 -2 5 25 -7 8 26 10 24 -11 13 14 -9 -16 -13 -18 19 29 -14 22 -22 -12 -10 28 -8 -28 -4 -19
right_child=1 2 4 -5 -6 6 7 12 9 11 23 16 20 -15 15 -17 17 18 -20 -21 21 -23 -24 -25 -26 -27 27 -29 -30 -31
leaf_value=0.00017999502485752848 -0.011590380292728159 -0.0082982634569581815 0.013724512236087961 0.1518641874638571 -0.020873733204780431 -0.0010351638547029659 -0.024102605943172532 0.23647731450125342 0.10793550780984601 0.12059991922042597 0.33809981264695249 -0.020828871683400682 0.00083245120573798839 -0.041466115402708163 -0.035170204581089895 0.15314923529407287 0.0022567632614111858 0.12339601625993864 0.034743647833671627 0.041128381104167354 0.14504453280486393 0.091815804194602377 0.0040952502477584751 0.13486269567247805 -0.053020876175089375 -0.008824144094908391 0.23577419570902186 -0.053905270727677181 0.14852284079105324 0.27342712578112155
leaf_weight=31589.826968222857 386.45603878190741 387.16276135388762 45.504491824191064 0.95953133516013522 45.384929937310517 246.24640831677243 13.654433459043505 1.7057689838111372 3.0336932130157939 5.3164802994579068 1.5249278014525773 8.6805353080853802 209.84531680401415 2.7432084083557138 2.3563536060974002 3.0731025179848075 7.7866453295573654 2.7467603851109725 6.9975462714210153 2.5680694943293929 1.7369608106091678 7.393107244744896 17.949044127948582 1.3168580094352362 1.7584994714707134 262.86345989815891 1.2075966121628874 1.2512444891035555 1.4729684637859453 1.9729983285069463
leaf_count=273617 13988 20964 1082 19 1718 7319 296 23 32 59 22 116 2465 24 30 34 108 27 77 32 22 54 202 20 41 5785 24 25 37 26
internal_value=-1.11221e-05 -0.00359909 -0.00131976 -0.0109041 0.00164098 0.00282543 0.00707905 0.0135956 0.0386574 0.0554693 0.12148 0.0414981 0.0075215 0.0685732 0.110879 0.0714197 0.027823 0.0388103 0.0859026 0.135024 0.00497599 0.0370857 0.0165317 0.243922 0.0488724 -0.00476454 -0.00694061 0.0883634 0.0179511 0.186113
internal_weight=33272.5 1682.67 1295.25 387.416 908.091 862.706 552.866 306.619 59.8163 43.703 7.63398 36.069 246.803 9.87843 7.13523 5.42946 30.7526 22.072 14.2854 7.28783 236.924 27.0791 19.686 2.84179 4.79219 309.841 16.1133 2.45884 46.9775 4.71976
internal_count=328288 54671 40664 14007 19700 17982 11078 3759 905 560 115 445 2854 111 87 64 386 270 162 85 2743 278 224 42 73 6904 345 49 1119 53
cat_boundaries=0 1 2
cat_threshold=21239816 229456
is_linear=0
shrinkage=0.05


Tree=133
num_leaves=31
num_cat=5
split_feature=24 21 1 0 30 1 27 19 22 6 12 30 0 13 16 13 3 10 30 26 1 28 4 30 32 29 13 1 32 1
split_gain=9.002 14.3502 22.2869 14.1274 12.8206 12.2505 15.3091 13.7523 13.0003 11.5148 14.9862 11.1674 10.721 29.4962 11.7981 10.7019 32.1614 21.7456 17.7142 15.6593 14.3157 16.0006 16.8956 13.7068 14.2632 13.6976 13.328 13.3161 12.9822 14.8358
threshold=0.17816666666666672 0.41428571428571431 0 5.5000000000000009 0.072233333333333358 1 18.500000000000004 42.675000000000004 0.10555555555555557 35.500000000000007 52.885000000000012 -0.065231578947368377 4.5000000000000009 61.370000000000012 70.845000000000013 59.685000000000009 2.5000000000000004 0.19500000000000003 0.12517370689655172 0.74106002554278427 2 1490.6660563238695 1.0000000180025095e-35 0.020164480874316968 0.47578868836151772 1.7500000000000002 49.475000000000001 3 0.40262613492701999 4
decision_type=10 10 1 2 10 1 10 2 10 2 2 8 2 2 2 2 2 8 8 8 1 2 2 10 8 2 2 1 8 1
left_child=15 3 9 5 -4 8 7 -7 -2 12 -11 -8 14 -14 -3 16 18 26 25 -17 21 22 -20 28 -25 -1 -18 -27 29 -21
right_child=1 2 4 -5 -6 6 11 -9 -10 10 -12 -13 13 -15 -16 19 17 -19 20 23 -22 -23 -24 24 -26 27 -28 -29 -30 -31
leaf_value=0.0072152129389147059 -0.005742228696740106 0.049332308059585994 -0.017471389603696312 -0.012701496969259943 0.026559960728326011 -0.004295837930901809 0.09610809208207112 0.0054874226386734245 0.0028903443448942416 0.0041201516022427755 0.057675599448203545 0.01603235173865963 0.2559900849388474 0.032664878956076858 -0.047370655737909877 -0.0014451881303254594 0.02743751671834151 0.09432812884724695 0.020350648565026649 -0.022125696564259729 -0.012792982961206296 -0.00320150272836809 0.15362454317207849 -0.018720922598981581 0.0005995705666440146 0.0028816010923798196 0.0066984855047083763 -0.00089307362412986496 0.0078895303918616513 0.0062049132590772139
leaf_weight=842.49661507084966 543.44742331560701 26.749834038317207 73.085715476423502 289.60046000638977 21.364647021517158 3961.0750802173279 4.7525892537087202 395.03227818571031 2208.4495459152386 57.277475010603666 16.921541020274162 51.915198967326432 2.2346706418320528 4.3695998098701239 3.5756856203079215 10217.925529601052 81.819401010870934 7.295639560557901 45.048921179957688 73.168117011897266 420.74230493162759 423.24887550389394 2.5105911809951058 109.51712263934314 747.74058869481087 3807.4272059230134 1456.9467104636133 6015.5741948278155 1258.3650062624365 99.271075981669128
leaf_count=5231 8404 155 537 16050 165 42407 48 4245 20373 431 103 597 32 47 20 78954 650 54 621 510 4415 4126 35 590 4513 44527 11616 70433 7707 692
internal_value=-1.15237e-05 -0.00151538 0.0115163 -0.00187478 -0.00679236 -0.00143716 -0.0030658 -0.00340865 0.00118128 0.0254026 0.0163338 0.0227481 0.0505022 0.108231 0.0379301 0.00043829 0.00143685 0.00820953 0.000530825 -0.000607948 -0.00623974 -0.000109335 0.027386 0.00313096 -0.00186868 0.00109679 0.00780122 0.000572027 0.00612647 -0.00673939
internal_weight=33268.9 7659.85 205.579 7454.27 94.4504 7164.67 4412.78 4356.11 2751.9 111.129 74.199 56.6678 36.9298 6.60427 30.3255 25609.1 13103.1 1546.06 11557 12506 891.551 470.808 47.5595 2288.06 857.258 10665.5 1538.77 9823 1430.8 172.439
internal_count=328288 93614 1490 92124 702 76074 47297 46652 28777 788 534 645 254 79 175 234674 141708 12320 129388 92966 9197 4782 656 14012 5103 120191 12266 114960 8909 1202
cat_boundaries=0 1 2 3 4 5
cat_threshold=27559398 29516872 21065396 3019814 2895404
is_linear=0
shrinkage=0.05


Tree=134
num_leaves=31
num_cat=5
split_feature=18 18 6 7 1 10 30 1 18 30 30 31 11 17 30 1 6 20 2 11 10 23 19 23 30 27 1 15 32 30
split_gain=8.828 12.7839 11.2948 10.8422 10.7689 11.7648 10.6706 10.7376 11.3566 11.106 11.0704 10.8957 14.5746 10.9164 10.4057 11.7019 13.2682 11.982 11.6152 15.4231 12.8888 12.2147 11.4604 10.3893 10.3435 9.98492 9.91585 11.0254 11.5949 10.6906
threshold=43.765000000000008 1.0000000180025095e-35 64.500000000000014 52.150000000000013 0 0.17500000000000002 -0.017684168157423959 1 14.460000000000003 -0.051490230664857549 -0.18623219373219374 89.500000000000014 7.6050000000000013 33.265000000000008 -0.04554522215459527 2 32.500000000000007 49.505000000000003 3 2.6950000000000007 0.12500000000000003 5.3166666666666673 16.760000000000005 4.4365079365079376 -0.044698245614035063 18.500000000000004 4 35.690000000000005 0.39961977186311798 -0.071545774647887292
decision_type=2 2 2 2 1 10 10 1 2 10 8 2 2 2 10 1 2 2 1 2 8 8 2 10 10 10 1 2 10 8
left_child=1 -1 14 4 -3 -6 7 8 9 -5 -10 12 23 -13 15 16 17 18 19 21 -21 -2 -22 -12 -16 -17 27 -19 29 -29
right_child=2 3 -4 6 5 -7 -8 -9 10 -11 11 13 -14 -15 24 25 -18 26 -20 20 22 -23 -24 -25 -26 -27 -28 28 -30 -31
leaf_value=0.0029931947730002912 0.28066984652832172 0.0024860369923021056 -0.025354787881550506 0.10497573825571771 -0.001038767880920309 -0.011239052316256304 -0.0021977813846239024 -0.013017049436738546 0.036811867306124152 0.0045260861198237962 -0.012029732683989179 0.014103731769187148 0.075973958619086901 -0.041895019359662639 -0.016451637643438589 2.0846831469838693e-05 0.0030848989457342908 -0.023210257026660068 0.029770288501401565 0.083894141115722354 0.055073878931874744 0.033073180824871637 -0.0069275645157256581 0.011473495978283703 6.3795089450705044e-05 0.038321542285619001 0.012119180399790212 0.0028447769674779188 -0.01240554854344246 0.066554208607990772
leaf_weight=1318.5689417007379 0.89200226357206647 1621.686634457903 42.377641282044351 4.6924149142578244 1314.103075087769 360.1601259871386 1913.1416496424936 583.83166851988062 15.865771086886525 6.6533194715157133 436.14511744305491 96.377222034148872 5.0392368137836447 9.5667417785152775 95.245165548287332 2607.3227972739842 1734.8881027810276 53.152837574481964 130.6333729410544 4.6609304565936318 8.1894478751346451 1.1280528604984281 82.887181215919554 52.700059580616653 20495.13804388023 17.12832613568753 190.53633640683256 14.049199445173143 30.88068451359868 12.393256606534125
leaf_count=13641 20 16164 505 47 12231 5062 21038 6399 155 72 4571 826 33 82 925 25564 16089 591 1325 35 65 38 764 951 198641 163 1859 124 209 99
internal_value=-1.16957e-05 -0.00149102 0.00043686 -0.00241202 -0.000411558 -0.00321381 -0.00452257 -0.00819567 -0.00344401 0.0460705 -0.00441238 -0.00550278 -0.00862389 0.00904704 0.000479757 0.00255347 0.00517634 0.0121279 0.0207635 0.00515518 0.00279768 0.142405 -0.00135251 -0.00949596 -1.26005e-05 0.000269786 0.00557566 -0.00624185 0.00840321 0.0327046
internal_weight=33260 7738.53 25521.5 6419.96 3295.95 1674.26 3124.01 1210.87 627.04 11.3457 615.694 599.828 493.884 105.944 25479.1 4888.74 2264.29 529.403 228.391 97.7576 95.7376 2.02006 91.0766 488.845 20590.4 2624.45 301.012 110.476 57.3231 26.4425
internal_count=328288 81272 247016 67631 33457 17293 34174 13136 6737 119 6618 6463 5555 908 246511 46945 21218 5129 2247 922 864 58 829 5522 199566 25727 2882 1023 432 223
cat_boundaries=0 1 2 3 4 5
cat_threshold=11103896 4119564 17376606 1640 344
is_linear=0
shrinkage=0.05


Tree=135
num_leaves=31
num_cat=4
split_feature=8 2 26 1 18 15 1 16 6 1 26 17 14 32 16 14 32 6 17 24 18 18 24 23 17 16 21 32 6 0
split_gain=8.84842 8.99134 12.2401 18.7169 12.2523 11.0854 13.0808 12.9278 11.4303 11.1475 11.8921 14.0347 13.2226 11.2097 11.9617 15.3442 10.7045 10.6879 16.5762 17.7825 22.1502 24.0911 10.2955 10.2453 10.6563 9.90256 16.1891 9.88072 10.3742 9.76738
threshold=1.0000000180025095e-35 0 0.6831300813008131 1 68.195000000000007 58.865000000000002 2 83.390000000000015 62.500000000000007 3 0.04210992907801419 34.125000000000007 7.2250000000000005 0.40712874082439304 57.100000000000009 5.4250000000000007 0.52328593806482726 21.500000000000004 38.715000000000011 0.19050000000000003 56.125000000000007 61.125000000000007 0.24527777777777782 2.3166666666666669 34.280000000000008 75.875000000000014 0.11805555555555557 0.64727041895895054 29.500000000000004 3.5000000000000004
decision_type=2 1 10 1 2 2 1 2 2 1 8 2 2 10 2 2 10 2 2 10 2 2 10 10 2 2 10 10 2 2
left_child=-1 2 4 -4 -2 8 27 -8 9 10 11 12 -3 14 -12 -16 22 18 -13 20 -20 -22 29 -19 -25 -15 -27 28 -7 -11
right_child=1 5 3 -5 -6 6 7 -9 -10 16 13 17 -14 25 15 -17 -18 23 19 -21 21 -23 -24 24 -26 26 -28 -29 -30 -31
leaf_value=0.00031125790678287779 -0.0092125410940057002 -0.0016553045067316608 -0.014150421058586507 0.022550822442599216 0.020809281161313212 0.032689094718755432 0.026684228536583018 -0.0037698021552940979 0.038770900697093373 -0.00033987656113767899 -0.009311044562642477 -0.052049280601119824 0.15270691331012973 0.0070815132535526661 0.059397465859866765 0.0018756159397877292 -0.016834963879706216 0.11529871852525737 0.020294192941403735 -0.050881383047892075 0.69479162807931771 0.22806945402944986 -0.034640308317382497 0.17487777280542216 0.017756279203734859 0.069846228916431635 -0.04288297749239614 0.083907645627277788 -0.017074141388928911 -0.0090106749405080722
leaf_weight=28768.49882068485 904.57070127082989 117.78835094999522 50.980841100215912 75.863695330917835 35.311422162456438 12.18252041749656 119.19995605340227 49.244117293506861 17.412189560476691 1176.61147943791 447.16646622680128 1.1271239612251513 1.4038497852161516 443.40938466973603 12.378242550417779 182.8936896584928 158.45034557860345 2.864902524277567 0.67530141538009081 0.6423534140922128 0.40211904002353527 0.88500659470446408 25.681847440078855 1.0907627874985326 101.24771257629618 3.7626682231202748 20.739179278723896 2.8886421881616107 74.640074451453984 448.62499957461841
leaf_count=280369 10941 2831 237 365 358 100 899 394 188 8236 4306 89 19 3026 101 1385 1188 33 21 75 26 41 580 23 1986 33 146 19 555 9718
internal_value=-1.09394e-05 -0.00207527 -0.00606022 0.00846227 -0.00808462 -0.000813493 0.00914689 0.0167846 -0.00162842 -0.00185189 0.00160921 0.0120189 0.000162779 -0.00051502 -0.0048025 0.00552191 -0.00439683 0.0249913 0.108145 0.177463 0.252206 0.373881 -0.00322968 0.0220416 0.0194309 0.00537166 -0.0255715 -0.00635636 -0.0100916 -0.00273334
internal_weight=33258.6 4490.14 1066.73 126.845 939.882 3423.41 258.155 168.444 3165.26 3147.85 1338.48 228.127 119.192 1110.35 642.438 195.272 1809.37 108.935 3.7319 2.60478 1.96243 1.28713 1650.92 105.203 102.338 467.911 24.5018 89.7112 86.8226 1625.24
internal_count=328288 47919 11901 602 11299 36018 1967 1293 34051 33863 14141 5144 2850 8997 5792 1486 19722 2294 252 163 88 67 18534 2042 2009 3205 179 674 655 17954
cat_boundaries=0 1 2 3 4
cat_threshold=4256 3759114 6425730 9487978
is_linear=0
shrinkage=0.05


Tree=136
num_leaves=31
num_cat=8
split_feature=7 10 0 1 1 22 2 16 1 1 1 7 2 6 1 24 24 18 26 18 24 20 17 17 24 18 32 24 20 20
split_gain=8.65994 8.46849 12.1052 16.5606 11.3973 10.2896 13.3442 12.5705 14.4523 13.0012 11.8709 11.8931 13.2844 11.2411 10.8849 11.8841 20.1753 14.161 11.8689 10.625 12.1796 13.9002 11.996 12.8705 17.26 10.2486 28.0748 13.472 14.0842 23.8916
threshold=60.45000000000001 0.14500000000000005 4.5000000000000009 0 1 0.35416666666666669 2 71.080000000000013 3 4 5 50.250000000000007 6 62.500000000000007 7 0.2070714285714286 0.21050000000000005 60.755000000000003 0.42340286831812263 59.100000000000009 0.15133928571428576 60.485000000000007 48.795000000000009 39.205000000000005 0.15211111111111117 59.685000000000009 0.33398950131233601 0.17316666666666672 47.925000000000004 49.195000000000007
decision_type=2 8 2 1 1 10 1 2 1 1 1 2 1 2 1 8 10 2 10 2 8 2 2 2 8 2 8 8 2 2
left_child=1 4 -3 -4 -1 10 14 9 -9 13 11 -5 -13 -8 15 18 -17 -18 -7 -14 -21 22 23 -22 -25 26 -26 -27 -29 -30
right_child=-2 2 3 5 -6 6 7 8 -10 -11 -12 12 19 -15 -16 16 17 -19 -20 20 21 -23 -24 24 25 27 -28 28 29 -31
leaf_value=0.0041237544026822568 -0.021778783193775519 5.1208281970913498e-06 -0.01513907517458307 -0.01624407333033346 9.0411109418594477e-05 -0.001940056501691944 0.010706079174606448 0.0058541344558701476 -0.016585275557334449 9.3453820359565192e-05 -0.0097717776030547092 0.012323729967666681 -0.0072848906959319271 0.089592740652286521 -0.014736582810295776 0.26495953556891738 -0.022948801212008704 0.18771330558761867 0.12307718622138697 -0.021842778372393883 -0.013857081314628648 -0.044186748258250391 -0.0052452333973702315 0.37613346805102255 0.046278948540793716 0.0019347674314322755 0.42429573915862195 0.028081106670978424 0.43122895727825195 0.10606112107319332
leaf_weight=2640.5480786859989 45.626693879254162 21997.063154199626 258.22401974233799 101.56182484142482 5176.5634876531549 191.94235079362988 482.68023436889052 126.50201232451946 148.77496408298612 568.23693982604891 720.89418266457506 200.46238126349635 303.73516602395102 4.5585305895656338 221.44533042563125 1.1022465238347638 3.4261765135452151 1.039855323731899 1.9174603614956129 15.732815529685466 5.1180222281254855 5.581012940965592 10.459958581486715 0.46302660088986414 1.5133099362719833 7.2469565540086505 0.72720021847635496 5.506993667688219 0.6206630547530948 6.2872751757968217
leaf_count=20518 902 175762 8042 4275 41294 4946 7804 1358 1664 8844 26998 6684 10899 57 6117 39 120 31 20 446 195 201 361 11 57 216 9 178 29 211
internal_value=-1.07135e-05 1.91934e-05 -0.00042381 -0.00320234 0.00145823 -0.00216477 0.000375285 0.00283112 -0.0066632 0.00533415 -0.00539072 -0.000487285 0.0023442 0.011214 -0.00728399 0.0012999 0.0733833 0.026101 -0.000703515 -0.00341248 0.0158605 0.0294891 0.0403259 0.0576699 0.0740379 0.0676515 0.168971 0.0561059 0.0877271 0.135277
internal_weight=33255.6 33209.9 25392.8 3395.76 7817.11 3137.54 1751.63 1330.75 275.277 1055.48 1385.91 665.017 563.455 487.239 420.873 199.428 5.56828 4.46603 193.86 362.992 59.2572 43.5244 37.9434 27.4834 22.3654 21.9024 2.24051 19.6619 12.4149 6.90794
internal_count=328288 327386 265574 89812 61812 81770 31000 19727 3022 16705 50770 23772 19497 7861 11273 5156 190 151 4966 12813 1914 1468 1267 906 711 700 66 634 418 240
cat_boundaries=0 1 2 3 4 5 6 7 8
cat_threshold=4456448 27394822 7168 8948680 28317346 2346754 1300 3801340
is_linear=0
shrinkage=0.05


Tree=137
num_leaves=31
num_cat=8
split_feature=10 1 18 20 20 24 24 6 11 1 32 13 11 13 1 26 2 17 1 1 12 13 24 11 2 24 4 20 1 13
split_gain=8.28856 13.4886 24.7077 11.3831 12.733 17.9257 11.367 9.46002 11.2994 12.8482 17.339 11.9653 32.6752 20.1351 18.7895 17.6531 17.2356 15.4372 16.5788 16.0446 16.3965 14.9314 14.3352 13.8307 23.8604 14.6053 14.2535 16.3415 14.9646 14.205
threshold=0.21500000000000002 0 27.675000000000004 58.295000000000009 62.080000000000005 0.19707142857142859 0.18414285714285716 31.500000000000004 7.6450000000000005 1 0.51224510195921635 59.145000000000003 5.8850000000000007 52.965000000000011 2 0.063164893617021281 3 40.040000000000006 4 5 45.925000000000004 56.065000000000005 0.1235416666666667 6.285000000000001 6 0.10050000000000002 2.5000000000000004 49.195000000000007 7 73.800000000000026
decision_type=8 1 2 2 2 8 10 2 2 1 10 2 2 2 1 10 1 2 1 1 2 2 8 2 1 8 2 2 1 2
left_child=7 2 -2 -4 5 6 -5 -1 11 -10 -11 12 15 -14 -15 16 -9 19 -19 20 21 -18 -16 -13 25 -25 28 -28 -26 -29
right_child=1 -3 3 4 -6 -7 -8 8 9 10 -12 23 13 14 22 -17 17 18 -20 -21 -22 -23 -24 24 26 -27 27 29 -30 -31
leaf_value=0.0015600854075533898 0.1081312727497938 -0.011301977544874428 -0.0041069437040126876 0.089849608121658694 -0.0036456941822768777 -0.00023300831458486252 0.25122894667888573 -0.010330229315205003 -1.150029584825599e-05 0.060479286631946218 0.013126757909543423 -0.0041700958246161483 0.029042953944914424 0.016279908873750297 -0.01090153515877541 0.0010547484743011633 -0.0065224581059585562 0.013278047531711124 -0.001465095193171687 -0.00028565250635078298 0.15214188834220574 -0.026352006412809704 0.0053598215882949543 0.018848033446524779 0.0051758438460562245 -0.0059220682921643725 -0.014947492014565404 0.0032942124303281042 -0.00057362652216307942 -0.024631400800081249
leaf_weight=8130.0532824140973 6.0026994817890218 345.8669158720877 80.066891708411276 2.9373209325131002 7.7524813869968048 3.4684492081869402 1.736099674599245 660.65140442410484 201.42190150078386 23.092451324686408 118.71491006016731 3841.6268039597198 104.49739955551922 322.4494560956955 167.43352903425694 7813.9818299682811 913.13118469621986 314.23012710968032 464.48081318475306 1647.1708861473016 1.5892685772851098 105.94705394934863 711.22446238622069 61.416783013381064 2301.4514464912936 1917.6980339791626 268.87993131577969 438.67898426484317 2220.4389555128291 50.813095105811954
leaf_count=83232 182 10157 2426 65 231 103 40 14899 1440 173 792 30951 874 2619 1332 60571 18052 4548 6851 28258 21 1439 5651 486 15102 15416 2766 4494 14600 517
internal_value=-1.133e-05 -0.00676761 0.00885333 0.00356575 0.0422165 0.0858854 0.149799 8.09131e-05 -0.000406531 0.0086022 0.0194652 -0.000533631 0.000482229 0.00799163 0.00616015 -0.000340199 -0.0029941 -0.00155339 0.00463585 -0.00336578 -0.00825289 -0.00858401 0.00223568 -0.00174402 -0.000460158 -0.00512748 0.00129648 -0.00504446 0.00236279 0.000395316
internal_weight=33248.9 447.831 101.964 95.9612 15.8944 8.14187 4.67342 32801.1 24671 343.229 141.807 24327.8 13226.8 1305.6 1201.11 11921.2 4107.2 3446.55 778.711 2667.84 1020.67 1019.08 878.658 11101 7259.38 1979.11 5280.26 758.372 4521.89 489.492
internal_count=328288 13204 3047 2865 439 208 105 315084 231852 2405 965 229447 145115 10476 9602 134639 74068 59169 11399 47770 19512 19491 6983 84332 53381 15902 37479 7777 29702 5011
cat_boundaries=0 1 2 3 4 5 6 7 8
cat_threshold=25298192 6084358 1451552 6208 32571434 32780928 4612 31884874
is_linear=0
shrinkage=0.05


Tree=138
num_leaves=31
num_cat=6
split_feature=7 27 7 1 4 24 30 22 2 11 18 1 15 26 24 1 24 1 22 26 1 32 32 30 31 16 10 23 25 6
split_gain=8.18999 11.8169 11.738 11.8759 11.7084 10.9524 10.3295 10.2583 11.1309 17.6931 10.0806 12.9124 12.7014 12.0332 11.2221 10.5742 10.0262 10.0233 11.8069 10.0012 13.8843 12.1845 9.86905 9.67208 9.63613 9.86883 9.41634 9.78743 20.5685 18.5021
threshold=52.650000000000013 50.500000000000007 51.850000000000001 0 1.0000000180025095e-35 0.13707142857142862 inf 0.15476190476190479 1 1.0000000180025095e-35 38.985000000000007 2 69.290000000000006 0.78297101449275375 0.23316666666666672 3 0.18105555555555561 4 0.58571428571428574 0.75162337662337675 5 0.62973194188663817 0.077968131159620535 -0.095499999999999946 125.50000000000001 65.020000000000024 0.15500000000000003 5.4722222222222232 1.0000000180025095e-35 37.500000000000007
decision_type=2 10 2 1 2 8 8 8 1 2 2 1 2 10 8 1 10 1 8 10 1 8 8 8 2 2 10 8 8 2
left_child=1 2 3 5 10 6 24 -5 9 -9 11 13 -12 14 -4 -14 19 18 -10 -6 -21 -22 -7 -11 25 -1 27 -13 29 -29
right_child=-2 -3 4 7 16 22 -8 8 17 23 12 26 15 -15 -16 -17 -18 -19 -20 20 21 -23 -24 -25 -26 -27 -28 28 -30 -31
leaf_value=0.010586956939767932 -0.0011190060331128522 -0.062598320971342852 0.0031782410657588906 -0.0082866139657168693 -0.0022920226322247746 -0.024773573934200266 0.068968750292084033 0.1326100854735974 -0.010687304811415234 0.017871863244830987 0.0023376387004353117 -0.00096996926313181798 0.029619649472912554 0.034805610576231584 -0.034716925795676694 0.0056638730223442131 -0.013220413860631214 -0.0009902349325303574 0.0010744211565614696 0.01897016175524785 -0.00094070203945719713 -0.074905560555197981 0.00053592831721080208 0.00038457774233144451 0.046679356889843371 -0.0042006831337933672 -0.0094354752188321768 0.077395503095624221 0.0067218069906385004 0.36834608970300076
leaf_weight=372.48321691807359 11106.091689839726 7.4070481071248642 761.26251996238716 650.16212339606136 1749.0220615346916 39.310012653004378 6.8570120637305072 2.5625091865658751 777.57164029078558 82.636027021333575 10276.852096534567 482.9039684033487 66.764191946014762 29.3708575963974 20.050982447573915 157.73615877144039 181.9003860023804 1434.5332202585414 294.06369309825823 129.11032773554325 113.37649846076965 5.8555485904216757 1908.3391345990822 1832.6103675086051 15.047340489923952 161.85034041292965 567.23582711303607 1.6268628092948323 6.9813609747216114 0.82275516353547562
leaf_count=3445 116542 97 7289 12639 17797 2160 51 52 7785 692 92183 3827 418 148 234 1011 2013 13798 2393 638 537 29 19114 15650 113 1209 6301 67 45 11
internal_value=-1.10121e-05 0.000544884 0.000566019 -0.00102969 0.00139706 0.0017852 0.00798022 -0.00241748 -0.0015604 0.00130794 0.00199233 -0.00138965 0.00259465 0.00334555 0.00220573 0.0143597 -0.00198228 -0.00374563 -0.00739084 -0.000958823 0.00843061 -0.00421928 2.50987e-05 0.00113909 0.007219 0.00610776 -0.004997 1.52251e-05 0.0504611 0.175117
internal_weight=33242.4 22136.3 22128.9 7578.03 14550.9 2503.89 556.238 5074.14 4423.98 1917.81 12371.6 1870.26 10501.4 810.684 781.314 224.5 2179.26 2506.17 1071.64 1997.36 248.342 119.232 1947.65 1915.25 549.381 534.334 1059.57 492.335 9.43098 2.44962
internal_count=328288 211746 211649 79101 132548 26092 4818 53009 40370 16394 111534 17922 93612 7671 7523 1429 21014 23976 10178 19001 1204 566 21274 16342 4767 4654 10251 3950 123 78
cat_boundaries=0 1 2 3 4 5 6
cat_threshold=17326264 744 6147084 21168290 3311108 12036512
is_linear=0
shrinkage=0.05


Tree=139
num_leaves=31
num_cat=7
split_feature=23 6 1 15 28 11 1 2 19 13 1 14 20 14 14 16 24 2 20 22 17 18 27 16 32 7 13 2 30 1
split_gain=8.06719 8.91744 14.0834 13.5068 13.693 14.6672 16.8795 13.2171 13.0752 12.3152 12.5197 16.5784 12.2613 11.9631 11.7616 18.0754 16.8516 16.2314 14.7973 16.034 14.497 13.8401 12.161 26.9739 23.0435 13.418 16.0507 11.6773 11.3504 11.2682
threshold=5.5857142857142863 28.500000000000004 0 46.695000000000007 1537.8464993271257 5.7750000000000012 1 2 34.195000000000007 52.585000000000008 3 8.1050000000000022 29.480000000000004 7.2250000000000005 4.285000000000001 40.75500000000001 0.19950000000000004 4 52.425000000000004 0.13392857142857145 30.565000000000001 47.655000000000008 9.5000000000000018 6.3500000000000005 0.069848755895267539 45.750000000000007 22.820000000000004 5 -0.14899999999999991 6
decision_type=10 2 1 2 2 2 1 1 2 2 1 2 2 2 2 2 10 1 2 8 2 2 8 2 10 2 2 1 10 1
left_child=1 2 14 7 5 -5 12 -3 -9 -6 11 -11 -7 29 17 16 20 18 19 22 -16 -22 25 24 -24 26 -1 28 -12 -10
right_child=-2 3 -4 4 9 6 -8 8 13 10 27 -13 -14 -15 15 -17 -18 -19 -20 -21 21 -23 23 -25 -26 -27 -28 -29 -30 -31
leaf_value=0.038556682835932603 -0.021593155826487222 0.00035757528186311651 -0.00012789697294852951 0.00058382787781379884 0.01651537114941011 -0.026202093770266024 0.0028706491781310926 -0.0038211040682991394 -0.0034377265135312357 -0.0044143948782562363 -0.064672953592234392 0.012305912867590455 0.019261706283852625 0.025383083718908295 -0.0058856269601094274 0.0062836170274553002 0.092140124321836228 -0.0028107062925647307 -0.0054786164902936862 0.011847609603713456 0.10822015732739121 0.02770502742468325 0.093843317761578324 -0.015274407792910597 0.50280580646953543 0.035869881440192312 0.32363591136965408 -0.00050273612032295867 0.0052654484485989833 0.0015257313609464871
leaf_weight=1.0756676578894246 43.237773007014766 8954.383826980833 3523.2434801161289 799.05586555134505 115.27665191795677 15.407478331588207 437.03523771744221 5902.3856081697159 1947.2497992077842 1930.815931099467 5.8226170856505624 160.57892936654389 395.75244022533298 44.932720452547073 32.783970569260418 1134.3082937006839 9.2111569945700449 713.09355523623526 63.821738585829735 84.26657683076337 5.8232835093513122 63.960029673762619 0.66225466341711514 1.2326952517032621 0.71776060899719596 34.847337233368307 0.91267831530421961 2493.555079203099 1578.4133247518912 2741.5818976056762
leaf_count=52 5379 85034 40466 7583 914 118 3352 63207 20765 13932 48 1133 3003 381 294 8817 99 10966 1060 922 61 558 29 27 15 935 14 18574 11562 28988
internal_value=-9.90816e-06 1.82072e-05 0.00182382 -0.000353773 0.00138701 0.0054448 0.0100242 -0.00105857 -0.00224902 0.000323398 2.08369e-05 -0.0031157 0.0171411 -0.00029359 0.0050043 0.00817402 0.0273575 0.000674341 0.0133633 0.0241635 0.0215396 0.0344239 0.0504718 0.15471 0.306549 0.0430783 0.169412 0.00163312 0.00497698 -0.000539647
internal_weight=33235.4 33192.2 5669.96 27522.2 7931.71 1647.25 848.195 19590.5 10636.2 6284.46 6169.19 2091.39 411.16 4733.76 2146.72 1246.09 111.778 900.63 187.537 123.715 102.567 69.7833 39.4484 2.61271 1.38002 36.8357 1.98835 4077.79 1584.24 4688.83
internal_count=328288 322909 64315 258594 60219 14056 6473 198375 113341 46163 45249 15065 3121 50134 23849 9829 1012 14020 3054 1994 913 619 1072 71 44 1001 66 30184 11610 49753
cat_boundaries=0 1 2 3 4 5 6 7
cat_threshold=16800150 33194824 398 9521316 258 2274 3363620
is_linear=0
shrinkage=0.05


Tree=140
num_leaves=31
num_cat=4
split_feature=8 31 1 3 30 11 2 32 1 4 7 24 19 2 26 22 27 19 30 16 30 28 32 19 14 26 30 6 6 26
split_gain=8.15692 8.69073 13.6843 13.2498 14.176 10.7266 10.6609 11.935 10.1766 11.8851 9.72606 9.39246 9.53632 10.6515 10.3662 19.5775 12.2851 18.4265 12.7469 12.469 16.8423 9.4449 13.0029 9.31245 9.28545 11.4655 9.21565 8.83556 8.79613 10.5131
threshold=1.0000000180025095e-35 22.500000000000004 0 1.5000000000000002 0.098648399687743984 4.6850000000000014 1 0.34129360326965125 2 1.5000000000000002 54.550000000000004 0.15950000000000006 29.215000000000003 3 0.055050505050505051 0.70714285714285718 6.5000000000000009 35.595000000000006 0.10769003139717427 58.650000000000006 0.0042038980509745147 1470.6065902990081 0.21130390590968492 31.015000000000004 3.8450000000000002 0.095695970695970703 -0.112431884057971 36.500000000000007 21.500000000000004 0.026671408250355622
decision_type=2 2 1 2 10 2 1 8 1 2 2 10 2 1 10 8 8 2 8 2 8 2 10 2 2 10 10 2 2 10
left_child=-1 2 -2 -4 5 -5 23 -8 11 -10 -11 28 -13 27 15 16 18 -18 21 20 -19 -15 -23 -7 25 -25 -16 -14 29 -3
right_child=1 8 3 4 -6 6 7 -9 9 10 -12 12 13 14 26 -17 17 19 -20 -21 -22 22 -24 24 -26 -27 -28 -29 -30 -31
leaf_value=0.00029936907597834456 -0.011021071837723499 -0.033570016069234571 -0.0088280338063487264 0.093180423708487767 -0.023195998582327335 -0.027148683269175352 -0.017704703717319799 0.016825473420551462 0.0028151450689924071 -0.0083721044500270989 -0.070631866565661588 -0.018508835213364393 0.020567781989591274 -0.037486809048394479 0.040399381127969029 0.2200275645340197 -0.012502778075492145 0.36223541788358671 0.13754279918263021 0.023537273931488401 0.082034502202084025 0.17948898710849806 0.0016223856724871114 -0.013809678008380205 -0.0014620472908691362 0.11759544644258246 -0.01653431567545503 -0.0039723278398808909 -0.0001475076686926702 0.10632970690523785
leaf_weight=28751.663880662993 585.24438679078594 2.0010990954469881 296.7565116493497 3.6546890847384921 40.445917900651693 35.372275294736028 28.085113108158112 229.63258488383144 1817.9898433168419 174.95988912507892 6.5060677397996178 171.20809337729588 64.209743904648349 17.849504716927186 7.3265403285622588 1.0658524259924878 3.5543737099505952 1.0820955205708744 1.5587871363386501 1.2271956605836747 1.0632377767469736 1.0563303735107172 37.673968264833093 2.9674702035263172 78.972051566466689 3.7676188983023167 237.92143506929278 85.547850773204118 538.077893800335 4.0826352154836059
leaf_count=280369 6592 100 4905 38 307 309 256 1768 18613 1940 76 2052 782 664 53 10 83 30 30 15 18 20 642 37 696 28 1828 923 5054 50
internal_value=-9.87457e-06 -0.00199415 -0.00542947 -0.00071907 0.00495416 0.00793116 0.00710867 0.0125746 -0.000582693 0.00158928 -0.0106043 -0.0042513 -0.00843172 -0.00469035 -0.00978197 0.00747237 0.00399046 0.0669333 -0.00350885 0.150653 0.223366 -0.00739486 0.00647352 -0.00513961 0.00334411 0.0596985 -0.0148335 0.00613948 0.000528442 0.060313
internal_weight=33232.5 4480.86 1304.9 719.654 422.898 382.452 378.797 257.718 3175.96 1999.46 181.466 1176.51 632.345 461.137 311.379 66.1313 65.0655 6.9269 58.1386 3.37253 2.14533 56.5798 38.7303 121.079 85.7071 6.73509 245.248 149.758 544.162 6.08373
internal_count=328288 47919 14936 8344 3439 3132 3094 2024 32983 20629 2016 12354 7150 5098 3393 1512 1502 146 1356 63 48 1326 662 1070 761 65 1881 1705 5204 150
cat_boundaries=0 1 2 3 4
cat_threshold=7510200 5252 19732486 2818
is_linear=0
shrinkage=0.05


Tree=141
num_leaves=31
num_cat=7
split_feature=7 4 10 2 26 20 1 13 19 1 32 13 22 2 11 23 0 1 1 6 6 23 12 1 28 23 15 30 19 7
split_gain=7.83641 7.94497 11.3355 12.0635 15.1828 12.2653 12.5263 13.0154 12.4734 11.7348 10.9754 10.5418 18.7942 10.1612 13.2637 13.7022 14.5036 13.0654 12.2206 13.9145 13.1827 11.4849 11.4411 11.7308 11.9906 12.8458 11.7095 13.9961 13.4009 13.6403
threshold=60.45000000000001 1.5000000000000002 0.14500000000000005 0 0.12060606060606062 42.82500000000001 1 70.235000000000014 21.545000000000005 2 0.45074071371232582 17.415000000000003 0.18333333333333338 3 6.0950000000000006 4.2678571428571432 1.5000000000000002 4 5 52.500000000000007 56.500000000000007 4.354166666666667 40.925000000000004 6 1507.5437199113703 3.2928571428571431 33.935000000000009 0.03790000000000001 33.615000000000002 52.550000000000004
decision_type=2 2 8 1 8 2 1 2 2 1 8 2 10 1 2 8 2 1 1 2 2 8 2 1 2 10 2 8 2 2
left_child=1 2 11 4 -4 6 -6 -8 10 -10 -7 12 -1 18 17 22 -17 -15 -13 -20 -21 -18 -16 24 25 -24 27 28 29 -25
right_child=-2 -3 3 -5 5 8 7 -9 9 -11 -12 13 -14 14 15 16 21 -19 19 20 -22 -23 23 26 -26 -27 -28 -29 -30 -31
leaf_value=-0.062720183422737039 -0.020911718029478943 -0.0027591686777703895 -0.0093162572666885442 0.00015203699540627133 0.00012277260007212071 -0.0049324773305061652 -0.011430645593539759 -0.04206418493027804 0.0044564636239041201 -0.0037950697795135165 0.070546245425039164 0.00020138607062116176 0.16013115344528106 -0.010456955519521109 0.015960318072856274 -0.012347717009635859 0.12810462495176075 0.00038650594465329123 0.0082133467637879442 -0.021656790525045433 0.012636883740835075 0.03687741420432513 -0.01108263482667121 0.015695393900850885 0.0038369266630736199 0.081512266880579332 -0.0051554686979645558 -0.013972554155700524 0.033616820383527965 -0.032627500160416753
leaf_weight=1.4592147711664427 44.782054062467068 2389.3909672196023 767.69650627858937 21437.557700447273 218.10682410234585 8.0870752949267644 168.43399160262197 43.662346412427723 844.14579313574359 859.57259703427553 11.908341766335068 1121.2744531212375 2.6904708156362176 470.31493180897087 135.12996904272586 14.371048912405966 3.9382498785853413 665.61360599659383 1593.4231113595888 77.944068685173988 43.753845354542136 27.827560880221426 5.9398242849856642 52.347585274837911 1178.3557256571949 10.139740153215824 899.60697091650218 50.180880729109049 63.856560406275094 20.253875375725329
leaf_count=43 902 24512 18590 217518 1908 80 1557 327 7415 7517 100 8406 36 4257 950 66 32 5979 11470 612 337 229 47 362 7937 80 6087 346 442 144
internal_value=-9.91844e-06 1.82862e-05 0.000233771 -0.000259392 -0.00326762 -0.00112694 -0.00867945 -0.0169383 0.000758003 0.000297221 0.0400191 0.00209961 0.0817667 0.00204823 0.000276843 0.00233974 0.0293316 -0.00419173 0.00427911 0.00692834 -0.00932724 0.0481875 0.00182425 0.000986694 0.00438542 0.0473075 -0.00276545 0.00860636 0.0169095 0.00221459
internal_weight=33231.8 33187 30797.6 24359.2 2921.61 2153.92 430.203 212.096 1723.71 1703.72 19.9954 6438.42 4.14969 6434.27 3597.88 2461.95 46.1369 1135.93 2836.4 1715.12 121.698 31.7658 2415.81 2280.68 1194.44 16.0796 1086.25 186.639 136.458 72.6015
internal_count=328288 327386 302874 255012 37494 18904 3792 1884 15112 14932 180 47862 79 47783 26958 16722 327 10236 20825 12419 949 261 16395 15445 8064 127 7381 1294 948 506
cat_boundaries=0 1 2 3 4 5 6 7
cat_threshold=6144 26562808 24909978 2950 3772176 5347552 27381634
is_linear=0
shrinkage=0.05


Tree=142
num_leaves=31
num_cat=5
split_feature=17 13 20 20 21 32 30 17 20 24 28 17 31 2 1 12 20 10 1 18 2 14 24 30 27 30 1 13 16 16
split_gain=7.82739 11.2227 12.6813 13.2589 20.0755 19.3941 15.6478 11.7334 18.0342 10.3114 12.9487 10.9393 9.863 9.66412 10.8281 16.1433 10.1484 9.39841 12.997 16.0226 10.8542 12.3856 10.8991 10.2405 9.90092 14.2187 9.8461 9.81704 10.2925 9.16964
threshold=45.765000000000008 27.570000000000004 57.170000000000009 48.615000000000002 0.10555555555555557 0.14323708206686933 0.26923205128205141 57.235000000000007 50.295000000000009 0.17292857142857146 1422.6228954988433 49.285000000000004 48.500000000000007 0 1 52.650000000000013 57.335000000000008 0.21500000000000002 2 14.460000000000003 3 4.955000000000001 0.22707142857142862 0.11537051282051286 13.500000000000002 -0.055959640905542528 4 50.970000000000006 52.955000000000005 24.880000000000006
decision_type=2 2 2 2 10 10 8 2 2 10 2 2 2 1 1 2 2 8 1 2 1 2 8 8 10 10 1 2 2 2
left_child=17 2 3 12 5 7 -6 29 -9 -7 -11 -12 -2 14 -3 -16 -17 -1 19 -19 21 22 26 27 -22 -26 -20 28 -23 -5
right_child=1 13 -4 4 6 9 -8 8 -10 10 11 -13 -14 -15 15 16 -18 18 20 -21 24 23 -24 -25 25 -27 -28 -29 -30 -31
leaf_value=-0.00014435735255118515 -0.015481868491484732 0.0035882349430116124 -0.01884732138149886 0.0068888747899000617 -0.01760155679321283 0.060960777114597776 0.14715234903938587 0.290823313729134 0.058005658553500185 0.29945867796687559 0.035983609076578493 0.22921975609560838 0.035605890794020094 0.0044196426270446789 -0.0087209632653271578 0.028839047978409877 -0.016015063233698494 0.10410011921772835 -0.017400247570613942 0.0067061930995683987 -0.025809891372041063 0.037302344680767242 -0.033433568335187562 0.09413211756582146 0.33322482926122049 0.019397818199342772 0.0093505606791237702 0.059664041771963529 -0.037363560487336148 0.099353028289648773
leaf_weight=29944.390573183307 21.924931216053665 549.25546872615814 17.96056275931187 12.006133742397656 13.133897352498023 2.4304934646934262 1.6188230514526356 1.147278154734521 3.024599839001894 1.6694890595972536 1.5867865318432453 1.360257241874933 16.600740751484409 1596.3665409935638 571.11185905337334 49.269368992187083 16.948571335524321 4.5377900986932209 48.831012103706598 60.852821426698938 140.7884546474088 7.9241771092638436 35.602685280842707 4.6022733226418522 0.38515184237621714 5.7380768295843145 73.381243640324101 8.0648014303296787 11.053844339214264 3.4522911738604298
leaf_count=290691 647 4657 536 366 190 40 14 23 90 26 24 20 358 13189 4845 311 107 90 1548 1730 4382 97 1407 55 8 229 2356 65 134 53
internal_value=-9.82849e-06 0.00248088 0.0191182 0.0276464 0.0472808 0.0731635 0.000476968 0.0476204 0.122031 0.144317 0.188202 0.125175 0.00653189 0.00189551 -0.00152472 -0.00591846 0.0173586 -0.00024628 -0.00784287 0.0116788 -0.0116391 -0.00319542 -0.00908873 0.0251849 -0.0216306 0.0391376 -0.00199663 0.0134512 -0.00618719 0.0275387
internal_weight=33227 2880.87 97.9163 79.9557 41.43 26.6773 14.7527 19.6303 4.17188 7.04703 4.61653 2.94704 38.5257 2782.95 1186.59 637.33 66.2179 30346.2 401.762 65.3906 336.372 189.46 157.815 31.6451 146.912 6.12323 122.212 27.0428 18.978 15.4584
internal_count=328288 25496 2387 1851 846 642 204 532 113 110 70 44 1005 23109 9920 5263 418 302792 12101 1820 10281 5662 5311 351 4619 237 3904 296 231 419
cat_boundaries=0 1 2 3 4 5
cat_threshold=3348 17429344 16778512 654 4509740
is_linear=0
shrinkage=0.05


Tree=143
num_leaves=31
num_cat=4
split_feature=0 1 2 1 15 24 19 21 18 14 20 7 22 26 29 11 13 30 10 12 13 1 12 27 23 15 14 32 6 31
split_gain=7.78187 14.3168 12.5983 17.7911 12.622 15.6478 13.4827 13.845 10.5214 9.33762 9.2277 11.964 17.5034 9.44143 9.20978 9.08732 10.6118 10.9824 9.04199 9.2042 17.3918 8.67934 8.61197 8.55329 10.5349 9.57058 9.09602 11.0877 8.6141 8.41631
threshold=2.5000000000000004 0 1 2 61.035000000000004 0.10950000000000003 30.365000000000006 0.43650793650793657 41.945000000000007 8.2050000000000018 46.725000000000001 58.750000000000007 0.21111111111111114 0.34833164812942369 1.7500000000000002 5.245000000000001 45.175000000000004 0.061501449275362295 0.17500000000000002 47.280000000000008 68.325000000000003 3 55.455000000000005 7.5000000000000009 3.5857142857142863 72.610000000000014 7.9650000000000007 0.4041273333806516 55.500000000000007 104.50000000000001
decision_type=2 1 1 1 2 8 2 10 2 2 2 2 10 10 2 2 2 8 10 2 2 1 2 10 10 2 2 8 2 2
left_child=21 29 3 -3 6 8 9 -8 -6 10 -4 13 -13 -12 22 16 -9 -18 23 -20 -21 -1 -10 25 -25 26 27 -7 -27 -2
right_child=1 2 4 -5 5 18 7 15 14 -11 11 12 -14 -15 -16 -17 17 -19 19 20 -22 -23 -24 24 -26 28 -28 -29 -30 -31
leaf_value=0.0018013616548715054 0.0010992020118042328 -0.0096789108036707192 -0.0068153630288539952 0.0019713641786454359 -0.044417653928648597 0.030839827165367786 -0.0038695223142325378 0.0045896360732923655 0.057369784014770192 0.083412374889474131 -0.018707963952609583 -0.051982781486870112 0.30675741429257242 0.034284631744936081 0.020567999502985952 0.0070230029710345726 0.22400019698731524 0.038791303515064518 0.0029185426094313557 0.18200869705403686 0.030935870794228406 -0.00039211866568084151 0.15193559714114097 0.015417154382731483 0.11943719588009223 -0.021148473803068998 0.022045548961580754 -0.0074049640885421849 0.081352844583192932 -0.0049224804259495221
leaf_weight=8910.6411973685026 7325.1930189605337 372.61247867788188 1114.8507329686545 2273.7017804123461 3.2512478195130852 21.714020712301135 2566.695616598241 3.358023462817072 9.8029356300830859 2.7424979442730537 299.82547147269361 0.66529137082397827 0.69545172620564699 8.6476081237196905 12.572761722840367 235.48200909420848 1.60811470169574 1.5936064720153811 12.521596616134049 2.4837543033063403 8.1768694091588241 9119.0077332844958 3.1913126781582823 12.310528699308632 3.033980503678321 69.827550984919071 48.266215553507209 148.94249223545194 2.1116903554648152 630.18492144346237
leaf_count=54708 102042 6040 18601 31012 32 279 43678 56 63 30 5089 25 18 66 144 2155 22 25 176 26 81 54874 22 85 27 649 449 1400 21 6393
internal_value=-9.7723e-06 -0.000843267 -0.00244999 0.000300693 -0.00403157 0.00497206 -0.00480243 -0.00279152 0.0403026 -0.00875929 -0.00893672 -0.0165698 0.131363 -0.0172224 0.0510761 0.00863999 0.0666868 0.131815 0.00188099 0.0319887 0.0661334 0.000692728 0.0805946 -0.0003984 0.0359844 -0.00231779 0.00288137 -0.00253877 -0.0181397 0.000621414
internal_weight=33225.7 15196.1 7240.69 2646.31 4594.37 358.207 4236.16 2808.74 28.8183 1427.43 1424.68 309.834 1.36074 308.473 25.567 242.042 6.55974 3.20172 329.389 23.1822 10.6606 18029.6 12.9942 306.206 15.3445 290.862 218.923 170.657 71.9392 7955.38
internal_count=328288 218706 110271 37052 73219 3454 69765 45936 261 23829 23799 5198 43 5155 229 2258 103 47 3193 283 107 109582 85 2910 112 2798 2128 1679 670 108435
cat_boundaries=0 1 2 3 4
cat_threshold=2313342 30 8650752 31208328
is_linear=0
shrinkage=0.05


Tree=144
num_leaves=31
num_cat=6
split_feature=17 15 32 2 28 15 18 1 20 20 21 14 30 1 30 7 13 14 1 11 26 2 24 28 14 23 20 1 23 23
split_gain=7.52709 14.2526 14.9973 13.8579 13.025 11.8543 16.0557 11.8462 11.0402 14.908 13.5941 10.8127 10.7762 10.504 13.1487 10.4764 10.8593 16.7409 13.8292 13.2105 13.7845 12.4887 12.0783 11.0732 12.3071 10.4536 10.2577 12.0916 12.625 14.6182
threshold=28.445000000000004 15.81 0.41149383918363897 0 1396.9307433438066 39.735000000000007 32.660000000000004 1 58.915000000000006 54.32500000000001 0.68333333333333346 8.5350000000000019 0.26923205128205141 2 -0.099105555555555516 54.350000000000001 65.315000000000012 6.7350000000000012 3 6.3050000000000006 0.67607313195548502 4 0.18612500000000007 1617.3066720216966 4.2550000000000008 1.9500000000000002 66.285000000000011 5 4.6833333333333345 3.7888888888888892
decision_type=2 2 10 1 2 2 2 1 2 2 10 2 10 1 10 2 2 2 1 2 8 1 8 2 2 10 2 1 8 10
left_child=1 2 -1 4 5 -3 -7 8 9 -5 -11 -9 -6 25 -15 16 17 22 -18 23 -21 -22 -2 24 -20 -4 27 -17 29 -29
right_child=15 3 13 7 12 6 -8 11 -10 10 -12 -13 -14 14 -16 26 18 -19 19 20 21 -23 -24 -25 -26 -27 -28 28 -30 -31
leaf_value=-0.0083291437709832241 0.0016726570793190972 0.02232880315279533 -0.042862197771814131 0.0010727531689561259 0.0020110458217838848 0.26447534586031435 0.013891079159647877 -0.0048833251998171489 0.0092938635184916987 -0.011356787710295245 0.097209652306304628 0.030175422157873506 0.06073582890412476 0.08964493418188671 -0.0036941148530550412 -0.0069107438547126518 0.0020238541822816037 0.0059492607468587984 0.015994204194181443 -0.0040777671120425614 -0.0029149370088137148 0.0087644380144376987 -0.0018457031513764519 0.046029758394320892 -0.01976079645957278 0.024249541569239832 0.015505849414016767 -0.0021904095772574128 -0.01674911743505245 0.0085342782439276951
leaf_weight=1175.1150815570727 11004.457680031192 47.503884485922754 6.2433763556182376 1737.0477554257959 2335.4102465743199 1.2156301969662302 1.3481613667681811 2245.1586760999635 312.00599443726242 334.01685315929353 2.9084609076380721 22.210493987426162 7.8382488656789056 3.8381310282275072 222.59608402941376 1118.9271603624802 2262.7648384403437 1851.2118157483637 27.052105997689068 2450.3192902533337 438.40420407429338 463.51940340921283 3133.9917428484187 7.4578799633309236 218.10564142558724 82.154521301388741 77.495487649692222 1066.6137861297466 107.20557525590993 452.54406098881736
leaf_count=20717 110150 786 43 16917 20327 19 26 21987 3079 3197 19 160 57 30 1741 12672 15521 14256 209 19360 2572 2668 40826 52 1708 644 834 9777 2120 5814
internal_value=-9.81658e-06 -0.0012896 -0.00573264 -0.000350162 0.00273523 0.0279809 0.132706 -0.00193876 0.000522766 -0.000794227 -0.0104196 -0.00451996 0.00220748 0.00395887 -0.00202266 0.000432848 0.000803055 0.00147818 -0.00103671 -0.00295523 -0.00213253 0.00315222 0.000892762 -0.0139896 -0.0158154 0.0175268 -0.00243372 -0.00294013 -0.000164867 0.00100438
internal_weight=33216.7 8536.61 1489.95 7046.66 2393.32 50.0677 2.56379 4653.35 2385.98 2073.97 336.925 2267.37 2343.25 314.832 226.434 24680.1 21857.3 15989.7 5867.62 3604.86 3352.24 901.924 14138.4 252.616 245.158 88.3979 2822.79 2745.29 1626.36 1519.16
internal_count=328288 89749 23175 66574 21215 831 45 45359 23212 20133 3216 22147 20384 2458 1771 238539 207322 165232 42090 26569 24600 5240 150976 1969 1917 687 31217 30383 17711 15591
cat_boundaries=0 1 2 3 4 5 6
cat_threshold=278 24009992 2181676 100126 5456 25443090
is_linear=0
shrinkage=0.05


Tree=145
num_leaves=31
num_cat=5
split_feature=4 11 28 11 12 1 6 24 13 20 15 26 13 20 16 23 1 17 1 24 30 31 19 12 16 2 12 1 11 24
split_gain=7.45332 10.9975 10.1834 10.1093 10.6798 10.9058 10.0622 10.8887 11.754 10.9529 15.4452 23.4592 19.9246 17.237 10.5604 14.5673 9.80728 12.3379 9.7107 9.69225 9.41629 10.1548 8.95892 10.3225 8.80761 8.76984 13.376 15.114 12.3414 12.0238
threshold=1.5000000000000002 7.6450000000000005 1507.5437199113703 6.0250000000000012 52.650000000000013 0 28.500000000000004 0.17316666666666672 53.710000000000008 48.685000000000009 68.020000000000024 0.21778656126482215 71.120000000000019 49.895000000000003 86.785000000000011 3.8944444444444448 1 37.32500000000001 2 0.10612500000000002 0.00044155597722961298 41.500000000000007 38.105000000000011 44.925000000000004 85.535000000000011 3 24.015000000000004 4 4.4250000000000007 0.098166666666666694
decision_type=2 2 2 2 2 1 2 8 2 2 2 10 2 2 2 10 1 2 1 8 10 2 2 2 2 1 2 1 2 10
left_child=1 25 -3 24 6 -6 18 9 -9 -8 -11 12 13 -12 15 22 17 20 -5 -20 -4 -22 -15 -24 -2 26 27 -1 -28 -30
right_child=3 2 16 4 5 -7 7 8 -10 10 11 -13 -14 14 -16 -17 -18 -19 19 -21 21 -23 23 -25 -26 -27 28 -29 29 -31
leaf_value=0.00061321538415280089 -0.014401107828701944 0.097369974414799887 0.029312552637059494 -0.0023154756743818563 0.00037410084135088652 -0.013251369477481359 -0.0058108192730322106 0.092582855103410008 -0.01802097589785822 0.001978644554241587 0.20099845668776539 -0.0018571063371644082 0.20319258631327439 0.011721842028596972 -0.00364784671494622 0.19373987268015072 0.001278412920844149 0.047416668716915911 0.087054669692904513 0.020216516040305613 0.034339437883588494 -0.038931797562536785 0.028329774993805675 0.18197920848271135 0.076824596626332176 0.00067367179668928023 0.016903178828655271 -0.013435947408653393 0.010428947843715381 -0.0011203495147460796
leaf_weight=341.66935198497958 205.54972091130912 3.3569022119045249 24.843311674892902 73.464077868498862 266.1303974352777 330.88108350243419 459.02434153389186 2.4545567063614717 112.33463616017252 789.08368764165789 1.746875261887914 29.315548408776522 2.3097725585103026 7.4627668112516421 9.127054123207925 1.9130570404231537 152.85475412383676 35.350524209439754 5.8038899842649689 82.855421107262373 6.9248263090848949 14.910652432590721 2.2860897704958916 2.094718161970377 2.6803420614451161 21316.676097007468 99.600226664915681 437.40603400883265 231.75902216974646 8158.8242906448431
leaf_count=7122 2561 20 143 781 2522 3187 4689 29 1232 8082 21 184 29 106 140 27 871 192 53 794 38 82 26 27 25 202579 1626 9929 2016 79155
internal_value=-9.61283e-06 0.000198809 0.0108998 -0.00270158 -0.00169543 -0.00739323 0.000455776 -0.000892319 -0.0156559 0.000406936 0.00378321 0.0290953 0.0627767 0.049609 0.0380524 0.065719 0.00966399 0.0224029 0.0122564 0.0220993 0.00825893 -0.0156948 0.0450402 0.101798 -0.0132268 0.000115456 -0.00116775 -0.00743917 -0.000593647 -0.000801343
internal_weight=33210.7 30824.2 238.241 2386.52 2178.29 597.011 1581.28 1419.15 114.789 1304.36 845.34 56.2559 26.9403 24.6306 22.8837 13.7566 234.884 82.0293 162.123 88.6593 46.6788 21.8355 11.8436 4.38081 208.23 30585.9 9269.26 779.075 8490.18 8390.58
internal_count=328288 303773 1346 24515 21929 5709 16220 14592 1261 13331 8642 560 376 347 326 186 1326 455 1628 847 263 120 159 53 2586 302427 99848 17051 82797 81171
cat_boundaries=0 1 2 3 4 5
cat_threshold=11275976 25299432 33358418 7200 13062244
is_linear=0
shrinkage=0.05


Tree=146
num_leaves=31
num_cat=4
split_feature=0 4 11 13 1 7 26 1 31 11 17 18 30 28 7 28 13 24 17 1 12 31 1 30 10 20 24 26 16 10
split_gain=7.42334 10.3843 11.8928 16.5346 16.0938 19.8418 13.6255 14.474 19.3944 14.9665 13.5953 14.8861 21.2375 14.3129 14.0558 12.1641 11.9207 11.4227 11.2577 11.3075 10.2977 11.4126 9.88489 9.44374 28.6608 10.6238 8.9557 8.68108 8.995 8.69248
threshold=5.5000000000000009 2.5000000000000004 6.6550000000000011 67.825000000000003 0 54.750000000000007 0.032522474881015347 1 9.5000000000000018 7.0250000000000012 32.735000000000007 51.215000000000011 0.0092535188216039625 1680.1714062171325 52.850000000000001 1514.8975459744436 66.965000000000018 0.13788888888888892 50.115000000000002 2 53.875000000000007 76.500000000000014 3 -0.041386759581881545 0.14500000000000005 51.435000000000009 0.1481666666666667 0.030776515151515155 68.440000000000012 0.20500000000000004
decision_type=2 2 2 2 1 2 10 1 2 2 2 2 10 2 2 2 2 10 2 1 2 2 1 8 10 2 8 10 2 8
left_child=-1 2 18 6 5 -5 10 8 -8 16 14 12 -12 15 -4 -13 -10 -16 22 23 -9 -22 -2 24 -20 -26 -7 -24 29 -29
right_child=1 -3 3 4 -6 26 7 20 9 -11 11 13 -14 -15 17 -17 -18 -19 19 -21 21 -23 27 -25 25 -27 -28 28 -30 -31
leaf_value=0.00016208229618106432 -0.012022310637880217 -0.021150419127521414 -0.007974978968405223 0.0072969672656270261 -0.01223834445657623 0.18038179360860274 0.15724729111819716 -0.017481547333153779 -0.008533992821485396 0.13721407929011478 0.33749804041689591 0.18347297134642093 0.080493645848391762 0.19864810241841011 0.020386324371054369 0.017097838595268932 0.11541428078260144 0.23203039075060106 0.35780664732862477 -0.0093133819116219523 0.0014377973308221112 0.1401694225577278 -0.0064372646702398565 0.037441317168690848 -0.026125110180246887 0.18970003256605084 0.047446243865961794 0.0087591470452418711 -0.011726126424634414 0.092940433938509842
leaf_weight=31540.731419693446 409.92623476195149 77.348928391933441 11.597196544520559 158.65234683454037 147.75159179512411 2.3051908537745467 3.718459369614723 41.592376167885959 12.264692229218783 2.8039568774402133 1.267147385515272 1.2432067180052389 2.1984082087874413 1.5583930704742659 1.333437975496053 9.4455463793128711 2.3042671810835591 1.2215657606720922 0.97057301178574595 22.58361555589363 4.2205580286681643 2.2850314602255821 461.66940129594877 19.636383231729273 1.8457101806998255 0.82507111970335234 2.8129621176049113 198.37931751459837 61.940435579046607 3.1147139044478527
leaf_count=273617 16871 3327 169 1828 1865 24 38 483 135 26 16 18 33 15 22 123 27 20 19 758 46 28 21601 619 57 26 32 5227 1030 188
internal_value=-9.8695e-06 -0.00325977 -0.00239024 0.00494003 -0.000717954 0.00982307 0.0227342 0.0105507 0.0363682 0.0314294 0.0509601 0.0829764 0.174465 0.057088 0.0154136 0.0364489 0.01107 0.121575 -0.00493886 0.0193479 -0.00689765 0.0501661 -0.00592017 0.0357833 0.125111 0.0405487 0.10732 -0.00227327 0.00493783 0.0100604
internal_weight=33209.5 1668.82 1591.47 410.576 311.522 163.77 99.0542 69.1893 21.0914 17.3729 29.8649 15.7127 3.46556 12.2471 14.1522 10.6888 14.569 2.555 1180.89 45.8614 48.098 6.50559 1135.03 23.2777 3.64135 2.67078 5.11815 725.104 263.434 201.494
internal_count=328288 54671 51344 4948 3749 1884 1199 783 226 188 416 205 49 156 211 141 162 42 46396 1479 557 74 44917 721 102 83 56 28046 6445 5415
cat_boundaries=0 1 2 3 4
cat_threshold=15335926 1221824 12970292 21760284
is_linear=0
shrinkage=0.05


Tree=147
num_leaves=31
num_cat=4
split_feature=8 18 13 19 19 2 26 1 27 24 17 30 32 20 20 26 31 24 1 6 30 24 17 15 15 22 7 15 17 1
split_gain=7.35988 8.03399 10.5301 10.3453 10.4915 9.23149 12.8109 18.0479 9.28945 12.3465 11.2729 13.7657 9.17561 8.33486 8.24623 8.23415 15.9318 16.91 24.804 23.4234 21.3039 19.1463 14.6556 18.8135 17.1207 14.9429 19.0497 39.4779 14.188 13.9407
threshold=1.0000000180025095e-35 68.195000000000007 9.7800000000000029 26.535000000000004 27.250000000000004 0 0.67607313195548502 1 30.500000000000004 0.22211111111111115 27.195000000000004 0.040568115942028991 0.28601953601953606 49.735000000000007 51.185000000000009 0.074537037037037054 97.500000000000014 0.15133928571428576 2 24.500000000000004 0.031026365441906654 0.12527777777777782 12.590000000000002 47.385000000000005 33.935000000000009 0.31666666666666671 52.150000000000013 61.310000000000009 33.925000000000004 3
decision_type=2 2 2 2 2 1 10 1 10 10 2 10 10 2 2 8 2 10 1 2 10 10 2 2 2 10 2 2 2 1
left_child=-1 2 -2 -3 -5 6 -4 -8 15 10 11 12 -10 -12 -11 16 17 18 19 20 -7 -22 24 -24 -21 26 27 -25 -19 -30
right_child=1 3 5 4 -6 8 7 -9 9 14 13 -13 -14 -15 -16 -17 -18 28 -20 22 21 -23 23 25 -26 -27 -28 -29 29 -31
leaf_value=0.00028318330137442244 -0.036252090523705038 -0.015585413154028983 -0.0084555610155284712 0.1079117752665066 0.012786009779900421 0.045676238981723766 0.030135572268836414 -0.0065988446408894175 -0.059847047695299839 0.20296183955899469 -0.035804164322329433 0.18882999521172381 0.070361010832622695 0.022643276578106726 0.044554415383125462 -0.0023828489126008889 -0.032564098799190692 -0.0082371648288975235 -0.0034775488629088056 0.2305236293990256 0.40283283244756529 0.13905447416869285 0.011374501703675712 0.37508653158122834 0.0084718334121924657 0.04154636948774381 0.035731548685595339 0.016309706037520636 0.023465867052764267 -0.0021010990959572586
leaf_weight=28733.539783316664 22.745943720685318 35.06661693751812 889.08386084623635 2.9621253395453087 135.03207644401118 3.9731189231388262 45.593865983188152 80.108839228749275 1.9203125145286302 1.499727469403296 10.436165224760773 1.7799450010061262 4.5798621401190758 14.67946785641834 1.8168803588487206 2580.5079285497777 28.578321345150471 229.65895558102056 80.86514402157627 1.9262842973694199 0.98048781743273172 2.3056066050194204 61.930096405558288 1.7428805520758062 1.5801498489454386 19.415375087410212 2.6989463400095701 1.3689855905249713 88.456029584165663 119.8061246550642
leaf_count=280369 2804 360 10318 29 1220 109 224 372 33 18 110 15 40 134 25 19648 549 5056 1403 38 19 53 1133 28 33 238 41 23 1565 2281
internal_value=-1.05158e-05 -0.00189713 -0.00232223 0.0086654 0.0148279 -0.0021418 -0.00628127 0.00859758 -0.000832433 0.0241743 0.0150366 0.0656302 0.0318943 -0.00164308 0.116184 -0.00111961 0.00393208 0.00562332 0.0185811 0.0337101 0.123575 0.217759 0.0302329 0.0262007 0.130458 0.062599 0.132941 0.217252 0.000333124 0.00978392
internal_weight=33206.6 4473.1 4300.04 173.061 137.994 4277.29 1014.79 125.703 3262.51 36.7124 33.3958 8.28012 6.50017 25.1156 3.31661 3225.79 645.287 616.708 178.787 97.9219 7.25921 3.28609 90.6627 87.1563 3.50643 25.2262 5.81081 3.11187 437.921 208.262
internal_count=328288 47919 46310 1609 1249 43506 10914 596 32592 375 332 88 73 244 43 32217 12569 12020 3118 1715 181 72 1534 1463 71 330 92 51 8902 3846
cat_boundaries=0 1 2 3 4
cat_threshold=4256 29492016 24335878 17845362
is_linear=0
shrinkage=0.05


Tree=148
num_leaves=31
num_cat=2
split_feature=7 6 0 4 11 6 26 13 7 2 28 11 18 23 12 1 13 23 19 20 26 21 11 14 18 18 26 6 31 31
split_gain=7.24219 7.06284 7.34664 9.55215 11.2034 11.2348 11.2317 11.3719 11.1192 9.71889 14.7006 12.6691 15.8591 23.7018 13.5672 12.4544 15.3001 17.3099 14.0519 11.7475 14.8779 15.4159 22.2161 9.64775 9.58926 14.1607 12.4856 20.6285 29.7924 21.7141
threshold=60.350000000000001 64.500000000000014 5.5000000000000009 2.5000000000000004 5.785000000000001 57.500000000000007 0.10102040816326532 60.790000000000006 52.050000000000004 0 1514.1852209229755 6.7150000000000007 43.340000000000011 3.4142857142857146 52.190000000000005 1 59.295000000000009 3.683333333333334 32.505000000000003 42.475000000000001 0.064866760168302964 0.38750000000000007 6.5850000000000009 5.8450000000000006 46.985000000000007 55.125000000000007 0.084039548022598873 37.500000000000007 93.500000000000014 75.500000000000014
decision_type=2 2 2 2 2 2 8 2 2 1 2 2 2 8 2 1 2 10 2 2 10 8 2 2 2 2 10 2 2 2
left_child=1 2 -1 4 -4 9 -7 -8 23 10 11 12 13 -6 -13 16 17 -12 19 20 -17 22 -22 -9 -20 26 27 -26 29 -29
right_child=-2 -3 3 -5 5 6 7 8 -10 -11 15 14 -14 -15 -16 18 -18 -19 24 -21 21 -23 -24 -25 25 -27 -28 28 -30 -31
leaf_value=0.00021754895611718461 -0.019546144667440018 -0.018721028223628915 -0.0076960336859109267 -0.020526183828567225 0.33930928026448925 -0.018374365620990062 0.14515280847019021 0.071908033312640868 0.091082234886654179 -0.0032450994164796975 0.019692119710115107 0.24216373132683416 -0.014201291621162099 -0.0072017125934327759 0.059508470284633602 -0.0095878491907947453 -0.01391614746312584 0.18195409856782252 0.0040277020521015446 -0.017996891287114219 0.019416857411152004 -0.0053338323285775299 0.19632592297971796 -0.039213637201713808 0.029365838154197101 0.012696245953403157 0.021404787000032708 0.1303092766026058 -0.033538943601328301 0.32088414331243542
leaf_weight=31447.170186986681 47.370696189813316 50.207539570052177 607.67770347418264 75.86737993080169 0.89146516285836486 7.1085334606468704 2.9798976723104742 3.067335316911338 5.7945695929229251 663.02558244997635 11.99124328792095 1.6649061124771822 6.3045816384255886 1.1054705400019884 2.6109527256339788 14.335426181554796 104.36201464012265 1.9046858008950938 28.556472540833056 43.161997716873884 3.3756288625299904 4.5601720623672017 3.7417273204773664 5.3781181462109089 9.4224373511970061 27.810954227112234 12.539566163904963 7.5368871223181468 2.2751166373491278 1.864433425478637
leaf_count=272258 972 604 34811 3327 19 158 38 30 47 11879 205 20 135 33 36 230 1503 40 410 584 52 41 39 57 125 331 130 112 32 30
internal_value=-9.94908e-06 1.79608e-05 4.6378e-05 -0.00319451 -0.00236494 0.000949653 0.0345019 0.0563297 0.0377424 9.31583e-05 0.00757565 0.0607075 0.0246928 0.147487 0.13063 0.00544004 -0.00678023 0.041933 0.0140613 -0.00200085 0.0245406 0.0664369 0.112421 0.00114505 0.0279682 0.0390938 0.0609182 0.084402 0.128814 0.168103
internal_weight=33205.7 33158.3 33108.1 1660.92 1585.05 977.37 24.3285 17.2199 14.24 953.042 290.016 12.5774 8.30152 1.99694 4.27586 277.439 118.258 13.8959 159.181 69.175 26.013 11.6775 7.11736 8.44545 90.0059 61.4494 33.6384 21.0989 11.6764 9.40132
internal_count=328288 327316 326712 54454 51127 16316 330 172 134 15986 4107 243 187 52 56 3864 1748 245 2116 946 362 132 91 87 1170 760 429 299 174 142
cat_boundaries=0 1 2
cat_threshold=650 21453360
is_linear=0
shrinkage=0.05


Tree=149
num_leaves=31
num_cat=8
split_feature=6 12 1 22 15 28 11 1 19 2 1 2 28 23 32 14 16 2 22 20 19 1 20 6 1 11 30 27 16 20
split_gain=7.08254 13.5775 13.005 12.2783 11.2706 11.6957 12.8819 14.9864 11.5529 12.7854 13.622 11.9841 13.894 11.302 11.2261 14.1678 16.3437 15.5235 13.7652 12.5907 11.0971 11.028 12.4078 10.9472 16.6037 20.1583 21.8158 17.4944 12.4845 11.6929
threshold=28.500000000000004 3.1500000000000004 0 0.18333333333333338 46.695000000000007 1537.8464993271257 5.7750000000000012 1 40.315000000000005 2 3 4 1666.2773537780959 4.0500000000000007 0.50998007968127501 4.3050000000000006 40.75500000000001 5 0.13392857142857145 52.185000000000009 18.785000000000004 6 59.845000000000006 21.500000000000004 7 3.0150000000000001 -0.04554522215459527 1.0000000180025095e-35 12.415000000000001 41.035000000000004
decision_type=2 2 1 10 2 2 2 1 2 1 1 1 2 8 10 2 2 1 10 2 2 1 2 2 1 2 10 10 2 2
left_child=1 3 14 -1 8 6 20 -8 11 21 -11 -2 13 -13 15 17 -17 18 19 -3 -6 22 -10 24 25 26 27 -4 29 -28
right_child=4 2 23 -5 5 -7 7 -9 9 10 -12 12 -14 -15 -16 16 -18 -19 -20 -21 -22 -23 -24 -25 -26 -27 28 -29 -30 -31
leaf_value=-0.021299586036683624 -3.9820217113869778e-05 0.051228029377660605 0.54643928627042004 0.051984308333063833 0.023082085256261847 0.00026245050890077792 0.015945243376524764 0.0025400273746501692 0.014417633528858232 0.0068534029548215194 -0.00037780324193009902 -0.0023989754963382511 0.007507720725817485 -0.0076345794050134003 -0.0043644328121281543 0.029872438129133289 0.0083585285442281092 -0.0018642447176595589 0.0052251503247507658 0.0033395786373627417 -0.0010968388336995815 -0.014440787501851671 -0.0088456691643112005 -0.00066915284226067874 -0.0053158740975757643 0.015533411619582618 0.14593805019370407 0.12181209372178853 0.14615223692870413 0.02001832082626433
leaf_weight=92.70051989541389 7565.2299962204415 39.426369133871049 0.41805148776620882 6.0911297313868991 50.662536283023655 6280.8078348049894 413.88421682920307 438.12831804994494 103.29777266038582 1271.3868471710011 1330.3630678178743 7455.1661459994502 318.68553450517356 1196.1490687672049 277.35830332804471 97.922675201203674 896.29506897134706 672.09186803619377 118.11391106666997 21.055511613376439 749.41094489442185 198.86321339197457 128.77104112738743 3276.9374286963139 89.743961684871465 94.882309443317354 2.1739820940420058 0.57783772191032767 3.367806870955973 12.133049903903155
leaf_count=10591 72017 732 20 174 493 46165 3122 3352 1154 12391 13248 76185 2370 17476 1860 882 7202 9220 1262 449 7096 2302 1383 33495 1655 1273 65 32 89 533
internal_value=-1.01535e-05 0.00159371 0.00191773 -0.0167812 -0.000342656 0.00124709 0.00499042 0.00926887 -0.000987144 0.0018497 0.00316855 -0.00150744 -0.00274212 -0.00312286 0.00499095 0.00642446 0.0104775 0.00168761 0.0143546 0.0345567 0.000434228 -0.00604607 0.00144688 2.92351e-05 0.011288 0.022865 0.0723694 0.300061 0.0595401 0.0391521
internal_weight=33202.1 5701.29 5602.5 98.7916 27500.8 7932.89 1652.09 852.013 19567.9 3032.68 2601.75 16535.2 8970 8651.32 2122.26 1844.91 994.218 850.688 178.596 60.4819 800.073 430.932 232.069 3480.23 203.297 113.553 18.6707 0.995889 17.6748 14.307
internal_count=328288 69534 58769 10765 258754 60228 14063 6474 198526 30478 25639 168048 96031 93661 21607 19747 8084 11663 2443 1181 7589 4839 2537 37162 3667 2012 739 52 687 598
cat_boundaries=0 1 2 3 4 5 6 7 8
cat_threshold=16800150 33194824 4352 1946670 398 258 31867308 14746216
is_linear=0
shrinkage=0.05


Tree=150
num_leaves=31
num_cat=10
split_feature=0 2 1 2 1 1 22 2 1 6 2 19 26 1 13 22 12 25 1 15 14 20 12 11 27 13 3 10 23 32
split_gain=6.92643 15.4652 13.3128 18.6057 35.0155 26.4529 14.2508 13.0367 12.4452 13.1044 12.7308 12.5417 12.2868 17.4571 17.1686 19.9453 14.4237 14.5091 12.3689 13.6552 11.9858 11.8242 11.551 11.3298 13.6196 11.1908 13.4976 20.7415 13.657 12.608
threshold=1.5000000000000002 0 1 2 3 4 0.38750000000000007 5 6 60.500000000000007 7 26.535000000000004 0.29893617021276603 8 60.665000000000006 0.78888888888888908 47.415000000000006 0.58333333333333337 9 86.035000000000011 4.5050000000000008 64.015000000000015 58.935000000000009 6.7150000000000007 15.500000000000002 58.635000000000005 2.5000000000000004 0.19500000000000003 2.8819444444444451 0.59667323719611309
decision_type=2 1 1 1 1 1 8 1 1 2 1 2 10 1 2 8 2 10 1 2 2 2 2 2 8 2 2 10 8 8
left_child=8 12 3 4 22 7 -7 21 -1 10 -10 -11 18 14 16 -16 17 -14 -2 -20 -4 -5 -3 24 -13 26 29 28 -28 -22
right_child=1 2 20 5 -6 6 -8 -9 9 11 -12 23 13 -15 15 -17 -18 -19 19 -21 25 -23 -24 -25 -26 -27 27 -29 -30 -31
leaf_value=-0.0019070141130842081 -0.012775347828250089 -0.0079156499263236049 -0.0019172793383190074 0.0024573964122428316 0.003606107419220034 -0.013612329076276672 -0.0049136500034758154 -0.0043694738435483245 0.0043348876951232566 -0.05571398018641717 0.00050123039532280972 0.0023968885472065368 0.02578511467177326 -0.0074333738001259673 0.0032050182039746345 0.092173067945410692 0.21583712845826805 0.1459275821128406 -0.0030035792890406678 0.13350638662229553 0.0034740720102918753 0.026635570260083792 0.024694750221393981 -0.07469750530894903 -0.084662888340571951 0.00021470052284388241 -0.0015562390331765729 0.098970847465590928 0.017154381202731977 -0.0093503227482377646
leaf_weight=2883.0996135510504 561.16747100860812 1038.0574932144955 2940.9339666073211 1014.8685635321308 2809.0454216615763 775.37449454632588 1198.8049142933451 956.26186723052524 3642.7844739034772 16.707530833780766 5343.7343829758465 71.803640328347683 9.2164642922580224 90.254688158631325 47.123391480185091 7.2717105373740187 1.646864803507923 3.4550225734710684 656.96686885203235 1.8370508430525649 3286.839080973994 53.218289156677201 27.884346772916615 5.9460666775703421 4.7921332269906989 5108.6201031208038 149.14925442077219 6.755979483947157 281.76747168507427 203.51887143310159
leaf_count=13022 9589 14022 54929 13494 33788 15225 13278 14199 17216 76 24125 324 114 897 472 61 18 37 11248 21 43525 684 173 27 21 41363 1148 54 2688 2450
internal_value=-1.00511e-05 -0.000552319 -0.000195067 -0.00179086 0.00067889 -0.00418003 -0.00828814 -0.000152689 0.000951809 0.00185902 0.00206063 -0.0162078 -0.00565288 0.00738099 0.0243741 0.0150986 0.0766349 0.0585433 -0.0073976 -0.00258371 0.000854556 0.00362812 -0.00699694 -0.00821119 -0.00304991 0.00175758 0.00376418 0.0120411 0.0106782 0.0027263
internal_weight=33198.9 21230 19851.1 7873.52 3874.99 3998.53 1974.18 2024.35 11968.9 9085.77 8986.52 99.2494 1378.94 158.968 68.7135 54.3951 14.3184 12.6715 1219.97 658.804 11977.6 1068.09 1065.94 82.5418 76.5958 9036.65 3928.03 437.673 430.917 3490.36
internal_count=328288 273477 251020 104863 47983 56880 28503 28377 54811 41789 41341 448 22457 1599 702 533 169 151 20858 11269 146157 14178 14195 372 345 91228 49865 3890 3836 45975
cat_boundaries=0 1 2 3 4 5 6 7 8 9 10
cat_threshold=4096 20751008 94 2367488 2368032 1408 17438 6690 18248496 13007632
is_linear=0
shrinkage=0.05


Tree=151
num_leaves=31
num_cat=5
split_feature=24 7 15 26 22 32 3 1 2 16 10 23 12 16 32 11 2 26 13 1 19 14 32 23 1 30 0 19 26 11
split_gain=6.91828 11.0525 16.3561 11.2118 11.1602 10.2106 9.35588 11.6452 14.9498 9.57425 8.74822 9.10333 8.47335 10.9036 8.45458 8.38555 8.31503 14.6952 18.6307 13.1669 13.0629 11.7576 13.1795 10.7008 14.5267 10.4021 13.0257 11.0108 17.305 11.523
threshold=0.10050000000000002 49.650000000000013 40.070000000000007 0.30583900226757377 0.5277777777777779 0.25934661076170512 1.5000000000000002 0 1 90.160000000000011 0.15500000000000003 4.0500000000000007 51.780000000000008 68.200000000000017 0.31785512603316396 7.6850000000000014 2 0.24764150943396229 62.995000000000012 3 43.305000000000007 6.4850000000000012 0.71971223021582742 3.4365079365079372 4 0.10769003139717427 3.5000000000000004 24.250000000000004 0.19478319783197837 5.6950000000000012
decision_type=8 2 2 10 10 8 2 1 1 2 10 10 2 2 8 2 1 10 2 1 2 2 10 10 1 8 2 2 10 2
left_child=1 2 5 4 -4 -1 -3 8 12 10 11 -9 13 -8 -10 -14 17 23 20 -20 -19 -21 -23 -2 25 27 -27 28 -25 -29
right_child=16 6 3 -5 -6 -7 7 9 14 -11 -12 -13 15 -15 -16 -17 -18 18 19 21 -22 22 -24 24 -26 26 -28 29 -30 -31
leaf_value=0.097292683545962683 -0.0095013742159142153 -0.010998625635037965 0.1878957413112945 0.016891858912862146 0.061188552138852964 -0.0082278843526177939 0.010685301033427061 0.014314773057500552 0.063165860868767354 0.10018414549944006 -0.032179225228892265 0.082297988145438233 -0.016766027150535941 0.059593876195962348 -0.016122999433252305 0.057863045280712025 0.00011274683035535107 0.013153304718474566 0.0037206069716445786 0.00052523029287738436 -0.022020890622951421 -0.018548388695259779 0.057348909501465574 0.036632894884392191 -0.0095981088647297888 0.033711370748219664 0.23296672289435416 -0.0085050630812406065 0.21984868105951888 0.028665227890681867
leaf_weight=2.6752820550464156 899.8806292922236 87.629013824975118 3.3468359839171153 3.9796805903315544 3.6148319058120251 16.024695498868823 31.816176088526845 206.73201238363981 3.46164303459227 3.2537251058965913 9.8889312129467708 5.0443685846403232 25.171209396794442 17.75500260014087 116.89262264687568 4.4258897230029097 30421.023745509796 331.21173186879605 345.33929713629186 167.84459017775953 28.681240383535624 235.53773496672511 5.8622285425662986 11.17233293992467 105.61211795732379 2.4824560992419715 1.2249087728559969 47.754472295753658 1.4568554796278466 37.009318888187408
leaf_count=45 14615 930 32 20 32 150 287 1505 25 21 78 49 189 142 887 29 297500 2118 2248 1071 186 1442 37 269 2402 24 37 1257 20 641
internal_value=-1.03258e-05 0.00559384 0.0352785 0.0838349 0.122103 0.00686825 0.00387553 0.00694641 -0.00207077 0.0143974 0.0137877 0.0159341 0.013818 0.028203 -0.0127806 -0.00560615 -0.00010333 -0.00304961 0.000989275 -0.00347532 0.0103501 -0.00940858 -0.0167053 -0.00714483 0.00311389 0.0157816 0.0995451 0.0142134 0.057768 0.00772412
internal_weight=33183.8 541.712 29.6413 10.9413 6.96167 18.7 512.071 424.442 199.523 224.919 221.665 211.776 79.1683 49.5712 120.354 29.5971 32642.1 2221.07 1114.48 754.584 359.893 409.245 241.4 1106.59 206.712 101.1 3.70736 97.393 12.6292 84.7638
internal_count=328288 4421 279 84 64 195 4142 3212 1559 1653 1632 1554 647 429 912 218 323867 26367 7102 4798 2304 2550 1479 19265 4650 2248 61 2187 289 1898
cat_boundaries=0 1 2 3 4 5
cat_threshold=940904 5408 4096 23959810 28106822
is_linear=0
shrinkage=0.05


Tree=152
num_leaves=31
num_cat=8
split_feature=4 11 13 1 1 32 19 24 11 32 2 2 15 30 13 1 12 3 28 1 2 23 1 15 6 32 10 17 13 31
split_gain=6.91505 10.2061 20.2957 14.8516 11.7142 12.589 12.1325 13.371 11.7743 11.7043 14.0403 11.5853 17.02 11.0701 10.9328 19.5353 13.506 13.247 23.6923 21.7405 14.6594 13.9799 13.5274 14.4158 15.5736 16.2042 14.1457 13.7815 13.2129 21.0727
threshold=1.5000000000000002 6.955000000000001 69.455000000000013 0 1 0.54075663646479111 30.675000000000004 0.13050000000000006 7.2950000000000008 0.62973194188663817 2 3 59.120000000000012 -0.086315732290308533 67.315000000000012 4 40.925000000000004 2.5000000000000004 1522.1592249398905 5 6 4.6125000000000007 7 6.285000000000001 26.500000000000004 0.4637989515880358 0.21500000000000002 54.585000000000001 52.965000000000011 22.500000000000004
decision_type=2 2 2 1 1 8 2 10 2 8 1 1 2 10 2 1 2 2 2 1 1 10 1 2 2 10 8 2 2 2
left_child=1 14 4 11 5 6 -3 8 -8 10 -5 12 -4 -12 17 -16 -17 20 21 -20 -1 -19 26 27 25 -25 -22 -24 29 -21
right_child=-2 2 3 9 -6 -7 7 -9 -10 -11 13 -13 -14 -15 15 16 -18 18 19 28 22 -23 23 24 -26 -27 -28 -29 -30 -31
leaf_value=0.0014116045233213536 -0.0026057082294256104 0.043210887857083387 -0.00046330986304990608 0.014550010119026777 0.0027010024645159891 0.0037401699642967468 0.049324428601999974 0.0036354774486917736 -0.0052817557018326466 0.01297676215105574 0.016348814111597092 -0.0095089344042386149 0.048501601160434178 -0.0032512641226497222 0.0015053185631270262 -0.045161635469439493 -0.0059010335229356878 0.013112194191330721 -0.0026139936341051015 0.063096268153696788 -0.0029337460140414634 0.091770076828603553 -0.0066304303519456043 0.0095988195957240011 -3.6545401341405093e-05 -0.01533161053042319 -0.022414486436948409 0.031572851986406802 0.003904802444858994 0.010394838802879426
leaf_weight=8083.2344840315636 2381.9518660050817 69.043850611895323 102.304791694507 157.89314152114093 211.832938792184 89.99860567972064 41.123595059849322 75.324054460041225 12.98985308408737 280.66996237263083 79.848661040887237 442.16211549378932 21.471979428082705 736.66637955512851 1430.732419080101 22.187455452978611 1723.301634461619 403.40898721478879 1749.548548925668 23.848395639099181 5048.9269169182517 5.7290517315268508 941.91579020954669 733.43560152524151 5822.2595700547099 71.536147496663034 94.938579491805285 24.213503040838987 2205.1272568088025 92.682562360540032
leaf_count=86969 24515 406 644 880 1297 539 241 467 75 1666 514 2732 130 4638 10006 183 12070 3066 12588 153 58829 53 16217 7795 61726 538 3075 357 15254 665
internal_value=-1.01853e-05 0.000190553 0.00337852 0.000927951 0.012298 0.0186066 0.026285 0.0172564 0.0362163 0.00394866 0.00138872 -0.00573942 0.00743049 -0.00131839 -6.93173e-05 -0.00283435 -0.00636363 0.0002778 0.00274413 0.00159149 -0.000252927 0.0142136 -0.00130934 3.28483e-05 0.000864701 0.0073833 -0.00328691 -0.00567297 0.00475145 0.0211803
internal_weight=33180.3 30798.4 2321.33 1821.02 500.313 288.48 198.481 129.438 54.1134 1255.08 974.408 565.939 123.777 816.515 28477 3176.22 1745.49 25300.8 4480.34 4071.21 20820.5 409.138 12737.2 7593.36 6627.23 804.972 5143.87 966.129 2321.66 116.531
internal_count=328288 303773 14229 11204 3025 1728 1189 783 316 7698 6032 3506 774 5152 289544 22259 12253 267285 31779 28660 235506 3119 148537 86633 70059 8333 61904 16574 16072 818
cat_boundaries=0 1 2 3 4 5 6 7 8
cat_threshold=5394450 30934514 770 2058 5605018 4627872 646 12157634
is_linear=0
shrinkage=0.05


Tree=153
num_leaves=31
num_cat=6
split_feature=8 31 1 3 30 4 1 1 7 11 2 21 13 1 19 23 32 20 32 7 24 10 26 26 26 25 18 15 2 24
split_gain=6.9246 8.06776 12.4121 11.3879 12.8651 9.37132 10.8617 10.3702 9.97794 9.23795 9.31116 11.1647 9.50439 9.05469 11.6799 10.1882 9.18348 8.3539 14.2652 14.3834 10.1552 11.0614 10.9659 8.26789 10.2815 10.7175 8.23572 8.16543 10.2655 15.738
threshold=1.0000000180025095e-35 22.500000000000004 0 1.5000000000000002 0.098648399687743984 1.0000000180025095e-35 1 2 53.750000000000007 4.6850000000000014 3 0.29285714285714287 75.935000000000016 4 31.265000000000004 2.4722222222222228 0.52328593806482726 57.585000000000008 0.33656191369606009 50.250000000000007 0.14211111111111116 0.15500000000000003 0.084039548022598873 0.67607313195548502 0.81302966101694929 1.0000000180025095e-35 67.750000000000014 47.385000000000005 5 0.11050000000000003
decision_type=2 2 1 2 10 2 1 1 2 2 1 8 2 1 2 8 8 2 10 2 8 8 8 8 10 10 2 2 1 10
left_child=-1 2 -2 -4 9 6 17 8 -7 -5 13 -12 -13 15 -15 -11 -16 -3 19 -19 22 -22 -21 -9 -25 -26 -20 -8 29 -29
right_child=1 5 3 4 -6 7 27 23 -10 10 11 12 -14 14 16 -17 -18 18 26 20 21 -23 -24 24 25 -27 -28 28 -30 -31
leaf_value=0.00027511985618483196 -0.010510480192935705 -0.0083615202315895139 -0.0082436451383542837 0.084786878989834988 -0.02240525679172059 -0.014245405209567314 0.00045313423949035577 -0.0052335925811134521 -0.060925918084535305 -0.03288408243748759 0.0039253358046072162 0.028557611276016377 -0.047043238682766927 -0.048159127565106805 0.011434079619865853 0.022802701885873387 -0.035978293583087136 0.2146005580044742 -0.010130901420772366 0.19977687133725508 0.1231114245047128 -0.013504835412798009 0.031286197778266987 0.027620396193854393 0.012868375828813726 -0.068814146390137984 0.052429995595880297 0.062134488309848815 0.012688584549468224 -0.0043678772181527815
leaf_weight=28709.258692732779 580.92531361361034 443.70593322510831 293.87800741172396 3.8164109634235492 40.028789900243282 147.39539102301933 1613.5885218444746 276.1083549130708 12.41140715125948 10.22886263206601 159.31455863500014 95.335975764319301 4.3468473395332685 22.100369395688176 31.354319152422249 41.690520097501576 15.147265446372328 1.2703162261750538 41.721848820336163 1.7539482824504351 1.8168867677450169 8.0300735346972942 2.1486854953691363 44.672468012198806 10.63168913125992 6.4533992707729331 6.0196039462462059 9.3069988843053562 339.42191455326974 201.66087492741644
leaf_count=280369 6592 4680 4905 38 307 1602 18200 3371 145 80 1299 692 33 192 284 391 123 26 337 32 19 161 17 219 48 29 36 65 2354 1642
internal_value=-9.79868e-06 -0.00184125 -0.00516103 -0.00067236 0.00456737 -0.000480944 0.000693007 -0.00678021 -0.0168184 0.00738391 0.00660555 0.0116858 0.0252609 -0.00487667 -0.0159131 0.0099208 -0.00400986 -0.00583127 0.0111278 0.0536267 0.0387544 0.0117026 0.10701 -0.00149034 0.0150038 -0.0179848 -0.00224275 0.00223659 0.00750582 -0.00136918
internal_weight=33175.5 4466.29 1298.17 717.242 423.364 3168.12 2670.45 497.673 159.807 383.335 379.519 258.997 99.6828 120.521 68.602 51.9194 46.5016 506.467 62.7614 15.0199 13.7496 9.84696 3.90263 337.866 61.7576 17.0851 47.7415 2163.98 550.39 210.968
internal_count=328288 47919 14936 8344 3439 32983 27569 5414 1747 3132 3094 2024 725 1070 599 471 407 5308 628 255 229 180 49 3667 296 77 373 22261 4061 1707
cat_boundaries=0 1 2 3 4 5 6
cat_threshold=7510200 2949122 661580 5252 25780224 6184
is_linear=0
shrinkage=0.05


Tree=154
num_leaves=31
num_cat=3
split_feature=18 20 1 6 11 23 30 1 6 32 13 24 28 23 1 14 19 24 14 17 12 7 20 7 14 21 26 30 26 17
split_gain=6.80738 12.1316 10.6332 9.44282 9.32529 9.23514 9.12634 9.95412 14.433 10.8208 11.4514 11.0909 10.9782 11.8637 10.4227 10.3935 10.3856 11.0237 10.8516 10.2307 12.4515 10.0055 10.0154 9.87995 9.74757 11.0786 10.2214 9.73654 10.0994 10.9863
threshold=43.765000000000008 33.225000000000001 0 64.500000000000014 8.1250000000000018 4.4142857142857155 -0.04554522215459527 1 32.500000000000007 0.19483849483849489 50.775000000000013 0.14894444444444452 1495.6293628441651 3.2111111111111117 2 5.8250000000000011 28.540000000000003 0.21707142857142861 7.4350000000000014 53.590000000000011 15.105000000000002 55.550000000000004 37.455000000000005 51.95000000000001 5.4750000000000005 0.31666666666666671 0.73385416666666681 -0.047491562238930675 0.22335600907029482 32.955000000000005
decision_type=2 2 1 2 2 10 10 1 2 8 2 10 2 8 1 2 2 10 2 2 2 2 2 2 2 10 10 10 8 2
left_child=1 2 -1 6 -3 -4 7 8 14 11 -11 15 13 -12 16 -10 17 18 -2 20 -16 22 -14 -24 25 -25 -26 -22 29 -29
right_child=3 4 5 -5 -6 -7 -8 -9 9 10 12 -13 21 -15 19 -17 -18 -19 -20 -21 27 -23 23 24 26 -27 -28 28 -30 -31
leaf_value=0.007086733991131443 0.013671588226738838 -0.0022272341864373315 -0.0040352561695260157 -0.023499889765230472 0.063651081463452455 0.025988479938962784 -3.860255130236191e-05 8.7268573845892075e-05 0.028184416572118072 -0.0059083172270865325 0.079746803122679927 0.008915725031953663 -0.013589527307946181 0.013962833516312129 -0.023295669933718888 0.10580985329061765 -0.0018385926060469706 0.14197680761561141 0.12623764030653584 0.073763472947497896 0.016917542847725214 -0.020104923269168101 -0.0045670255373569018 0.013289148863384288 0.0021660526517035053 0.054073593070322806 0.023263714609276467 -0.0031552123758739059 0.013585679353472727 0.14167935766944786
leaf_weight=721.29658845230006 39.872147604357451 6478.6076152843889 472.27880444284528 41.315274218097329 5.3762285411357871 27.081308357650414 20543.92112082825 2429.4776820479892 21.944632548373196 418.27865691157058 7.2901570228859773 157.04808705672622 83.293782953172922 114.44830386340618 18.663416980532929 5.3667241446673861 192.89230298623443 1.9280778372194607 2.2625101869925848 7.948307246901094 289.59432689053938 48.522337844595313 235.33790358249098 144.00719274766743 570.18451288901269 18.827791457995772 63.836398929357529 1.7778757046908111 5.8131739702075729 4.9680604562163353
leaf_count=7389 377 68830 4448 505 39 566 199566 23821 295 4721 63 2268 628 1062 481 52 1876 33 16 59 2552 392 1895 1194 4577 143 316 25 35 64
internal_value=-9.51349e-06 -0.00131176 0.00326098 0.000384432 -0.00217261 -0.00235975 0.00042324 0.00236609 0.00460293 0.00252295 0.001278 0.0140299 0.00361585 0.0179022 0.0116273 0.0434379 0.00303627 0.0250659 0.0197161 0.0172036 0.0163386 0.0021217 0.00308854 0.00443439 0.0070928 0.0180048 0.00429027 0.0187867 0.0618864 0.103509
internal_weight=33173.5 7704.64 1220.66 25468.8 6483.98 499.36 25427.5 4883.58 2454.11 1888.39 1704.03 184.359 1285.75 121.738 565.72 27.3114 236.955 44.0627 42.1347 328.765 320.817 1164.01 1115.49 1032.19 796.856 162.835 634.021 302.153 12.5591 6.74594
internal_count=328288 81272 12403 247016 68869 5014 246511 46945 23124 17606 14991 2615 10270 1125 5518 347 2302 426 393 3216 3157 9145 8753 8125 6230 1337 4893 2676 124 89
cat_boundaries=0 1 2 3
cat_threshold=21713466 18425182 524632
is_linear=0
shrinkage=0.05


Tree=155
num_leaves=31
num_cat=5
split_feature=7 27 7 1 24 31 32 0 7 26 17 23 20 1 2 24 24 10 24 27 32 1 20 2 19 30 6 17 19 19
split_gain=6.77329 10.9981 9.84026 10.564 10.9515 11.8492 10.0004 9.83135 16.8041 13.5935 13.7079 14.286 11.5302 11.4611 11.4318 9.81417 13.213 9.67096 17.0308 13.1687 12.1018 10.8957 11.1254 10.0963 10.3288 9.90981 10.0235 13.0593 9.78552 9.57792
threshold=52.650000000000013 50.500000000000007 51.850000000000001 0 0.13292857142857148 125.50000000000001 0.077968131159620535 3.5000000000000004 47.150000000000013 0.27361853832442073 49.285000000000004 3.6458333333333335 53.830000000000005 1 2 0.123 0.13183333333333339 0.19500000000000003 0.19816666666666671 12.500000000000002 0.18465003465003468 3 53.455000000000005 4 44.470000000000006 0.034028801843317975 33.500000000000007 31.345000000000002 31.265000000000004 50.215000000000011
decision_type=2 10 2 1 8 2 8 2 2 10 2 8 2 1 1 10 10 10 8 10 10 1 2 1 2 10 2 2 2 2
left_child=1 2 3 4 5 -1 -6 8 9 10 17 -12 -13 -11 -15 -16 -17 18 20 25 -5 22 -22 24 -23 -20 27 -27 -29 -9
right_child=-2 -3 -4 7 6 -7 -8 29 -10 13 11 12 -14 14 15 16 -18 -19 19 -21 21 23 -24 -25 -26 26 -28 28 -30 -31
leaf_value=0.0068674105865968145 -0.0010182615456369635 -0.061445487634998464 0.0012777714558334851 -0.014254332946940385 -0.023849853702668827 0.05374996389940221 0.00048024678692706901 -0.0053981071035408036 -0.0037109245858363013 0.0089038887626325513 0.020931936836745494 0.14411439721191707 0.025099056622292577 0.0047557017587453281 -0.051366013006474212 0.038691748123207394 -0.012349206388856497 -0.00725214193227856 0.018355941261181979 0.14406168147204607 -0.014328710511380131 0.033093646171240908 0.017658549361753251 0.0053304264110422932 -0.029069591685668035 0.033891736243844749 0.0023243852426752015 0.075914708783957202 0.21139462634631917 -0.034435583283837078
leaf_weight=491.74985303496942 11076.754089038586 7.1637797744479021 14532.039469813928 66.075362464413047 43.040232095867395 13.857257079333065 2256.7726694773883 1301.9831064164173 2119.9008626518771 172.18964758887887 26.666790559887886 4.9933715984225255 3.4349101781845093 159.38593485206366 15.052346199750898 13.31285013258457 266.53410597145557 103.1000948054716 70.838832071982324 2.4390466827899209 82.648331452161074 96.791069742292166 40.505592975765467 153.13156625628471 7.1777550950646392 5.2708423398435098 4.7528453767299643 2.6186979990452528 2.7143310382962227 29.031615105457604
leaf_count=4164 116542 97 132548 645 2500 98 22433 25300 15027 847 174 42 33 772 77 65 1297 1144 621 23 706 751 336 1288 56 44 47 21 22 568
internal_value=-9.17826e-06 0.000496695 0.000516785 -0.000946784 0.00148439 0.00815233 2.49171e-05 -0.00238062 -0.000966531 0.00350999 0.00844306 0.0388663 0.0956102 -0.00179069 -0.0059102 -0.0116418 -0.00992109 0.00676971 0.00947205 0.0294915 0.00549648 0.0089285 -0.00352204 0.0144668 0.0262749 0.0262495 0.0626617 0.089706 0.144869 -0.00603146
internal_weight=33171.9 22095.2 22088 7555.97 2805.42 505.607 2299.81 4750.55 3419.54 1299.63 673.159 35.0951 8.42828 626.475 454.285 294.899 279.847 638.064 534.964 88.6346 446.33 380.254 123.154 257.1 103.969 86.1955 15.3567 10.6039 5.33303 1331.01
internal_count=328288 211746 211649 79101 29195 4262 24933 49906 24038 9011 5953 249 75 3058 2211 1439 1362 5704 4560 778 3782 3137 1042 2095 807 755 134 87 43 25868
cat_boundaries=0 1 2 3 4 5
cat_threshold=25714872 2393088 2720 2393600 1178
is_linear=0
shrinkage=0.05


Tree=156
num_leaves=31
num_cat=5
split_feature=7 4 11 12 6 11 1 13 16 30 17 26 28 1 17 17 12 1 32 14 1 1 14 6 26 23 32 16 21 24
split_gain=6.52558 6.59763 9.27083 10.43 12.071 9.01335 8.91305 11.1402 11.6501 11.1349 9.8303 8.96692 8.85564 8.84213 11.1113 8.10616 8.01277 15.3748 10.8844 14.0839 13.1413 12.5613 12.4311 11.5707 15.8154 11.2097 10.6862 16.0305 18.9686 9.78812
threshold=60.350000000000001 1.5000000000000002 6.0250000000000012 36.20000000000001 44.500000000000007 7.6450000000000005 0 55.920000000000009 76.490000000000023 0.043344155844155866 54.585000000000001 0.8099343185550083 1507.5437199113703 1 38.445000000000007 51.240000000000002 52.650000000000013 2 0.4523388860844692 7.2650000000000006 3 4 8.4450000000000021 37.500000000000007 0.17192118226600989 4.5634920634920642 0.45656275635767024 47.840000000000011 0.21111111111111114 0.12472222222222225
decision_type=2 2 2 2 2 2 1 2 2 8 2 10 2 1 2 2 2 1 10 2 1 1 2 2 10 8 10 2 10 10
left_child=1 5 -3 -4 16 -1 7 -6 9 10 -9 -8 -7 14 -14 -16 18 -18 19 -5 -20 -21 25 -24 29 26 27 28 -22 -25
right_child=-2 2 3 4 6 12 11 8 -10 -11 -12 -13 13 -15 15 -17 17 -19 20 21 22 -23 23 24 -26 -27 -28 -29 -30 -31
leaf_value=0.00013813586163751422 -0.018716192444906292 -0.012640027281684108 0.01827558026484391 -0.0098018718819930465 0.041992720624549514 0.089875788334228338 -0.018075200315314323 0.0094326335925274066 -0.027840436681493521 -0.029725706848720924 -0.053532438113934128 0.030247871291850904 0.0079956281573087123 0.00082917150866582004 0.053983806715230356 -0.024246712157054557 0.0055184217512515678 -0.012549812870625031 -0.0066980203446300665 -0.0075822919836940478 0.024310238848453018 0.020781677302045352 0.0019513144549130725 0.26882962932731286 0.044026489523398667 0.086713422786443839 0.0060337326997107294 0.022451869329368435 0.24410242050945907 0.093752293923185126
leaf_weight=30504.869591808179 46.550077896565199 206.61712824832648 64.332315815612674 313.9260585475713 13.744037263095377 3.4113799184560767 237.10259344242513 139.49521324969828 42.599878837354481 24.604532857425511 6.4870635950937858 10.005165323615072 48.440816760063171 152.95618120022118 30.042158916592598 3.7215286344289771 188.92176945321262 289.6739435819909 153.38429462257773 64.543769684620202 2.009948323480788 80.239894076250494 7.2508004792034653 1.5184931755065902 7.4940477684140205 4.5293831294402471 493.83524566143751 23.243935028091073 1.9187140818685291 1.6832879446446893
leaf_count=301458 972 2583 686 3460 138 20 2491 1420 421 245 57 50 272 871 162 21 1781 2819 1504 683 28 805 70 13 52 45 4865 244 24 28
internal_value=-8.75157e-06 1.75396e-05 -0.00251914 -0.00155661 -0.00216179 0.000213847 -0.00918647 -0.0015688 -0.00445078 0.00139021 0.00663463 -0.0154917 0.00989466 0.0087344 0.020811 0.045361 -0.000124082 -0.00556444 0.0021291 -0.00385198 0.00606612 0.00904884 0.0096148 0.0507122 0.0837677 0.00839431 0.00771344 0.0382405 0.131654 0.176785
internal_weight=33169.2 33122.6 2379.16 2172.54 2108.21 30743.4 474.038 226.931 213.187 170.587 145.982 247.108 238.572 235.161 82.2045 33.7637 1634.17 478.596 1155.58 458.71 696.868 144.784 543.484 17.9466 10.6958 525.537 521.008 27.1726 3.92866 3.20178
internal_count=328288 327316 24512 21929 21243 302804 4822 2281 2143 1722 1477 2541 1346 1326 455 183 16421 4600 11821 4948 6873 1488 5369 163 93 5206 5161 296 52 41
cat_boundaries=0 1 2 3 4 5
cat_threshold=23741016 25299432 11275464 2163284 8111264
is_linear=0
shrinkage=0.05


Tree=157
num_leaves=31
num_cat=8
split_feature=17 12 6 24 1 24 12 14 28 1 9 15 11 1 13 11 30 26 1 6 26 1 30 1 21 1 14 0 31 2
split_gain=6.50908 11.3254 12.1138 11.659 15.5351 14.7717 18.341 49.1844 13.1355 11.1599 10.1172 10.0864 16.17 18.192 15.5938 14.7193 14.8106 13.52 12.6549 11.8493 11.7241 11.5592 10.8758 15.3837 13.3955 14.4044 10.7178 12.1101 10.7003 10.6733
threshold=37.755000000000003 8.1900000000000013 24.500000000000004 0.16894444444444451 0 0.16683333333333339 1.0000000180025095e-35 1.0200000000000002 1500.0001822339871 1 1.0000000180025095e-35 17.320000000000004 6.2950000000000008 2 60.225000000000001 5.9750000000000005 0.015885410334346515 0.88303693570451447 3 26.500000000000004 0.76516544117647067 4 0.022878632478632508 5 0.23611111111111113 6 7.6350000000000007 2.5000000000000004 39.500000000000007 7
decision_type=2 2 2 8 1 8 2 2 2 1 2 2 2 1 2 2 8 8 1 2 10 1 10 1 10 1 2 2 2 1
left_child=1 3 9 4 5 -1 7 -7 -6 -3 -2 12 -4 -14 15 16 18 29 26 21 -20 -18 23 -21 -24 -26 -13 -28 -27 -17
right_child=10 2 11 -5 8 6 -8 -9 -10 -11 -12 14 13 -15 -16 17 19 -19 20 22 -22 -23 24 -25 25 28 27 -29 -30 -31
leaf_value=0.024691734374579569 0.00097372684065143763 0.011470675389081274 -0.0046175506918850872 -0.02004739421261657 -0.027396820055333199 0.89717100838463404 0.081429195486031572 -0.051771701105830119 0.13700100777222451 0.0013812707512224675 0.034517652437669195 -0.00083675120719932546 -0.0065286355032587286 0.011978142386481948 -0.0017738448881836147 0.010562911681459349 0.021549194381947218 0.027289275447600871 0.0049617748183359775 -0.016840452776559548 -0.02321665353460943 -0.00081861380259108131 -0.0033553811832645894 -0.0012154212172447575 0.011879345405916912 -0.010655148711392995 0.093370722791861968 0.00010369522571912799 0.0052524110313565348 0.00010397857718652615
leaf_weight=27.770268845371906 10098.614243374905 369.58950176462531 2903.2335937954485 143.1691732541658 32.714880615705624 0.26374963531270568 2.1398928903508931 0.28313167649321258 1.2619204968214024 1020.6950888319407 22.528889621607959 2159.2806521868333 212.3391106557101 327.81720509938896 8319.0077402670868 465.62189322058111 93.110106789506972 74.532674359157681 2694.3927006707527 286.52269841404632 37.426163107156754 138.141412592493 2091.6338571486995 353.27660568617284 338.79185617435724 191.0630548754707 6.4492075592279416 7.5606999155133963 236.64764811657369 511.56834471598268
leaf_count=1556 92689 4097 38413 9169 1848 25 77 19 15 10961 212 24654 1647 2435 63400 4056 884 563 29349 3113 161 1282 22837 3613 3160 1780 38 85 2227 3923
internal_value=-8.56967e-06 -0.000472751 -0.000367075 -0.0120983 0.00556411 0.0267423 0.147471 0.405884 -0.0164496 0.00415585 0.00104839 -0.000660251 -0.00313963 0.00480389 -0.000186079 0.0011776 0.000497336 0.00676236 0.00230295 -0.00187764 0.00455904 0.00908391 -0.00260232 -0.00849502 -0.00128323 0.00437126 -0.000551383 0.0430375 -0.00181132 0.00519672
internal_weight=33167.4 23046.3 22838.7 207.603 64.4338 30.457 2.68677 0.546881 33.9768 1390.28 10121.1 21448.4 3443.39 540.156 18005 9686.02 8634.3 1051.72 4905.11 3729.19 2731.82 231.252 3497.94 639.799 2858.14 766.503 2173.29 14.0099 427.711 977.19
internal_count=328288 235387 222678 12709 3540 1677 121 44 1863 15058 92901 207620 42495 4082 165125 101725 93183 8542 54287 38896 29510 2166 36730 6726 30004 7167 24777 123 4007 7979
cat_boundaries=0 1 2 3 4 5 6 7 8
cat_threshold=6013140 11536800 12990608 32547296 6751186 24516354 5453348 7328
is_linear=0
shrinkage=0.05


Tree=158
num_leaves=31
num_cat=5
split_feature=8 31 1 12 23 19 1 6 19 10 32 2 26 17 31 1 29 15 32 25 31 22 14 24 13 30 22 2 13 17
split_gain=6.37857 7.23801 11.1939 10.4985 14.2486 11.1685 8.58411 8.01585 11.6648 7.91775 11.6579 9.91331 9.59903 9.86785 11.0751 9.14274 9.73395 14.8294 9.98539 10.41 8.37222 8.18412 9.2583 10.5241 8.50756 7.87351 9.52979 9.84438 9.22198 8.73843
threshold=1.0000000180025095e-35 22.500000000000004 0 29.315000000000001 2.4722222222222228 25.355000000000004 1 21.500000000000004 32.685000000000009 0.13500000000000004 0.49008261753327659 2 0.072299651567944254 29.955000000000002 98.500000000000014 3 2.7500000000000004 58.365000000000002 0.43079963514746128 1.0000000180025095e-35 54.500000000000007 0.2678571428571429 3.1850000000000005 0.14267857142857146 61.795000000000009 0.10142337662337662 0.23611111111111113 4 44.240000000000002 40.675000000000004
decision_type=2 2 1 2 8 2 1 2 2 8 10 1 10 2 2 1 2 2 10 10 2 10 2 10 2 10 8 1 2 2
left_child=-1 2 -2 4 -4 -5 7 8 -3 10 15 -11 13 21 -15 20 17 18 -17 -20 -8 -13 23 -23 -25 26 28 -28 -7 -27
right_child=1 6 3 5 -6 25 9 -9 -10 11 -12 12 -14 14 -16 16 -18 -19 19 -21 -22 22 -24 24 -26 29 27 -29 -30 -31
leaf_value=0.00026537314683955815 -0.010015167959963425 -0.0041764765701741303 0.172680689393932 -0.017640235007493881 -0.010561553301168954 0.083095839135590807 -0.01729601041908085 0.0016345900715721631 0.065719836161146281 0.0031896218490505522 -0.009193131799758756 -0.032336546449138109 -0.0098425554931567821 0.012309994200237904 -0.049450481312159081 0.0048121028818328441 0.0094800471471002488 0.11481695485628984 0.12819861718939918 0.036112423393027844 0.016979190909153258 0.19495620384854706 -0.0072959030122975018 -0.018833643846567452 0.15347218731505352 -0.0052648699501182724 -0.004012629317339993 0.016334752048583354 -0.011526753754277445 -0.070935400703735135
leaf_weight=28704.252806241158 577.88447667448781 11.92155728954822 1.0659748855978239 55.937854281626642 221.40126096620224 2.6719581792131057 38.561742064543068 1602.0144365448505 11.954874219372867 302.16131617338397 91.098480182699859 31.618308538571 766.32132288860157 143.85108713433146 7.6446003494784227 17.978840567171574 44.074832956306636 6.1653197705745688 4.0574921555817154 12.598111858591436 33.117498196661472 1.1914682621136297 36.61620690766722 2.8397924331948166 0.95807068608701218 32.102749816142023 78.365610046312213 247.78368326928467 70.949677438940853 6.0146973356604567
leaf_count=280369 6592 336 14 483 4113 41 344 16005 354 3522 694 1064 5676 3051 149 124 466 37 29 82 296 23 650 66 15 263 736 1952 703 39
internal_value=-7.98351e-06 -0.00176692 -0.0049174 -0.000655704 -0.00968353 0.00339803 -0.000479394 0.00205058 0.0308204 -0.0031419 0.00502805 -0.00473077 -0.00710612 0.00190922 0.00919351 0.0133033 0.0230551 0.0433707 0.0306524 0.0585457 -0.0012813 -0.0131615 0.00141062 0.0653069 0.0246332 0.00608555 0.00815583 0.0118236 -0.00809261 -0.0156273
internal_weight=33165.2 4460.92 1294.18 716.293 222.467 493.826 3166.75 1625.89 23.8764 1540.85 247.652 1293.2 991.041 224.72 151.496 156.554 84.8746 40.7998 34.6344 16.6556 71.6792 73.2238 41.6055 4.98933 3.79786 437.888 399.771 326.149 73.6216 38.1174
internal_count=328288 47919 14936 8344 4127 4217 32983 16695 690 16288 2072 14216 10694 5018 3200 1378 738 272 235 111 640 1818 754 104 81 3734 3432 2688 744 302
cat_boundaries=0 1 2 3 4 5
cat_threshold=7510200 5432952 2306 11337856 5124
is_linear=0
shrinkage=0.05


Tree=159
num_leaves=31
num_cat=6
split_feature=7 7 1 12 28 27 11 31 3 24 23 18 2 16 17 11 30 28 17 19 0 1 27 30 1 12 1 6 24 1
split_gain=6.39638 15.2953 14.0118 14.7473 14.147 13.9442 13.392 26.0871 25.8043 14.4984 12.142 12.6068 12.8486 14.3349 11.7394 11.4411 13.9338 11.4336 10.2459 10.094 9.98706 17.1584 12.1609 17.7968 19.1668 17.1189 12.4563 11.6436 11.3397 11.3014
threshold=52.050000000000004 51.850000000000001 0 7.1850000000000014 1432.9930274509584 1.0000000180025095e-35 2.0450000000000004 3.5000000000000004 1.0000000180025095e-35 0.13316666666666674 2.4365079365079372 46.07500000000001 1 90.160000000000011 29.620000000000001 2.4050000000000007 0.00044155597722961298 1603.5152245255219 31.265000000000004 46.185000000000009 1.5000000000000002 2 2.5000000000000004 -0.012242481203007497 3 27.860000000000003 4 53.500000000000007 0.14472222222222228 5
decision_type=2 2 1 2 2 10 2 2 2 10 8 2 1 2 2 2 10 2 2 2 2 1 8 8 1 2 1 2 10 1
left_child=1 -1 -3 4 5 19 7 -7 9 -9 11 -5 -13 14 -14 -8 -17 -15 -18 -4 22 28 26 25 -25 -24 -2 -28 -22 -29
right_child=20 2 3 10 -6 6 15 8 -10 -11 -12 12 13 17 -16 16 18 -19 -20 -21 21 -23 23 24 -26 -27 27 29 -30 -31
leaf_value=-0.00091579232640902363 0.0060010986846232928 -0.000244875011184396 -0.023870458295735635 -0.011136220033378785 -0.024420528527737628 0.74994794401682241 -0.011917287496330756 0.53305918995960633 0.49067435583395724 0.058595044547984615 0.0048969081746509206 -0.011191634065955539 0.031063074106136696 0.14089956370733561 0.0026078055107050619 0.20999988485128132 -0.059393005164164903 0.016360253721959435 0.10611916705402556 0.1938433147162627 -0.00057953015776743353 -1.6216458554331014e-05 0.023716396960329095 0.010826820027501833 -0.014050550183110508 -0.0027169941231527709 0.0013224154429156369 0.0031328674003593127 -0.006011541078254864 -0.013239158961617767
leaf_weight=7553.5599175733514 1304.3712562285364 3473.0082432196941 5.1419107173569563 248.28454287070781 6.0126878821756682 0.18738431483507101 3.4069334366358799 0.17134374356828708 0.46053292974829663 2.6697971012908965 3981.894682334736 132.82414003182203 39.383293226361275 3.4827626980841151 455.02754531428218 2.0188855533488095 1.4148806068114934 3.9141287058591843 2.7570877270773053 0.59388293977826823 1483.2635306194425 6692.7108756531961 87.632870055735111 87.538808837532997 454.02733028680086 203.45510977506638 3766.6680384427309 167.32559346407652 2727.4961293225642 274.0377080142498
leaf_count=79160 5962 31326 339 1755 242 25 176 19 30 310 36046 826 287 23 3205 51 49 28 74 26 16728 86431 412 393 2029 900 17107 759 42313 1257
internal_value=-7.76254e-06 0.000715099 0.0021882 0.00390887 0.0423482 0.0636767 0.0921676 0.176057 0.143486 0.0872091 0.00372066 -0.00158412 0.00215292 0.00579269 0.00487447 0.0616715 0.102169 0.0749985 0.0499874 -0.00132842 -0.000674789 -0.00159259 0.000902377 -0.00472976 -0.0100889 0.00524085 0.00175312 0.000421101 -0.00408838 -0.00726133
internal_weight=33164.7 15916.2 8362.65 4889.65 24.8353 18.8226 13.0868 3.48906 3.30167 2.84114 4864.81 882.916 634.632 501.808 494.411 9.59779 6.19085 7.39689 4.17197 5.73579 17248.5 10903.5 6345.06 832.654 541.566 291.088 5512.4 4208.03 4210.76 441.363
internal_count=328288 153997 74837 43511 1341 1099 734 384 359 329 42170 6124 4369 3543 3492 350 174 51 123 365 174291 145472 28819 3734 2422 1312 25085 19123 59041 2016
cat_boundaries=0 1 2 3 4 5 6
cat_threshold=23937074 832 27011488 3162116 17637408 14811274
is_linear=0
shrinkage=0.05


Tree=160
num_leaves=31
num_cat=6
split_feature=23 6 1 32 15 2 20 21 18 19 24 28 23 14 19 12 22 17 30 28 30 32 7 23 15 2 1 1 0 1
split_gain=6.31834 6.94595 11.0215 9.8291 12.658 15.9179 11.0038 11.676 17.1411 22.1494 12.3766 18.3712 15.1357 16.5668 10.9503 16.5092 14.0214 10.0379 11.6454 9.61725 14.0788 11.6198 10.4258 9.25742 9.07803 10.9512 17.6748 12.7606 10.8435 15.4763
threshold=5.5857142857142863 28.500000000000004 0 0.51433710174717373 17.610000000000003 1 50.725000000000001 1.0000000180025095e-35 48.57500000000001 36.195000000000007 0.15105555555555558 1424.2479766305712 4.4365079365079376 1.175 21.545000000000005 15.105000000000002 0.18333333333333338 32.315000000000005 0.0026852813852814299 1581.9037001076147 -0.012796558704453466 0.47420260393979002 52.45000000000001 3.8944444444444448 46.695000000000007 2 3 4 4.5000000000000009 5
decision_type=10 2 1 10 2 1 2 8 2 2 10 2 10 2 2 2 8 2 10 2 8 8 2 8 2 1 1 1 2 1
left_child=1 2 3 4 5 6 7 8 9 -1 11 12 -10 -14 15 -6 17 18 -17 -7 21 -21 -22 -5 28 26 -26 -27 -3 -30
right_child=-2 24 -4 23 14 19 -8 -9 10 -11 -12 -13 13 -15 -16 16 -18 -19 -20 20 22 -23 -24 -25 25 27 -28 -29 29 -31
leaf_value=-0.0022660732987431717 -0.019694276947100003 -0.00044116046435885075 -0.00026611187421235228 -0.0056400279193244349 0.12050739203916322 -0.0067615623276909695 -0.0017775188827383265 0.0082438489962616025 0.329027897224554 0.20702471570330183 0.042464008115593983 0.052397476488607833 0.27126094471654733 -0.051865122290316638 0.0070017540017894096 -0.0021589957096100408 0.01418986561575785 0.1470249968353565 0.1481876666721956 0.12875797571782616 -0.017687844586653453 0.019006226874107888 0.074943925268987674 0.069738262402089926 0.0039515065187617484 0.0056494824721680216 -0.0039349558503497207 0.00042626108609288737 -0.012289288340040522 -0.0020821919367058311
leaf_weight=28.785940653411675 40.708662388380617 17024.616067956667 3295.3839332093485 278.32702077552676 4.1600532792508593 474.90812270808965 130.27192741818726 126.14369625411928 1.425844352692365 1.3222245471552003 26.474073583493009 4.6649862276390195 0.76914233947172739 0.81913354271091521 1138.0231995242648 4.5890821041539294 111.56073923967779 3.3403079360723495 1.7904942827299235 4.673873879015443 16.899878997355707 4.9826005306094894 3.7031950680539003 4.1337119387462726 1079.9786241650581 2001.5973732946441 2034.1202520038933 2811.2602723678574 447.58003950444981 2048.6363377906382
leaf_count=772 5379 136364 37850 1854 45 8091 2316 1480 24 39 753 65 35 47 9679 54 918 30 20 28 115 36 29 35 8907 14793 15607 20912 12549 49462
internal_value=-8.10742e-06 1.60931e-05 0.00160975 0.00419953 0.00540073 0.000586991 0.00913513 0.0170811 0.0344286 0.0069251 0.0586746 0.114561 0.210773 0.104613 0.00854717 0.0225675 0.019208 0.0768044 0.0400374 -0.00492269 0.0223106 0.0721277 -0.00103822 -0.00453689 -0.00031295 0.001114 -0.00119601 0.00260573 -0.0008924 -0.00396993
internal_weight=33155.7 33114.9 5667.15 2371.77 2089.31 825.845 320.677 190.405 64.2613 30.1082 34.1532 7.67911 3.01412 1.58828 1263.46 125.441 121.281 9.71988 6.37958 505.168 30.2595 9.65647 20.6031 282.461 27447.8 7926.96 3114.1 4812.86 19520.8 2496.22
internal_count=328288 322909 64315 26465 24576 13830 5531 3215 1735 811 924 171 106 82 10746 1067 1022 104 74 8299 208 64 144 1889 258594 60219 24514 35705 198375 62011
cat_boundaries=0 1 2 3 4 5 6
cat_threshold=16800214 834 4622 22655232 14861896 4993024
is_linear=0
shrinkage=0.05


Tree=161
num_leaves=31
num_cat=5
split_feature=19 18 1 20 30 1 14 2 28 29 1 2 7 10 15 18 10 10 23 0 19 25 8 11 10 19 19 28 13 29
split_gain=6.31715 11.7432 35.3701 15.7202 12.6138 10.1072 11.9522 10.4306 11.803 10.3575 9.93194 15.4775 11.1445 11.1053 10.5814 10.88 10.4897 9.97918 19.1098 11.7833 12.4417 16.4026 10.1662 11.9954 12.6112 10.0757 9.88691 14.3356 10.7522 11.2841
threshold=34.07500000000001 37.945000000000007 0 46.170000000000009 0.12517370689655172 1 6.8650000000000011 2 1394.0868304778685 5.2500000000000009 3 4 52.050000000000004 0.115 47.265000000000008 40.965000000000011 0.18500000000000003 0.15500000000000003 2.2111111111111117 4.5000000000000009 32.435000000000009 0.58333333333333337 1.0000000180025095e-35 4.205000000000001 0.21500000000000002 29.215000000000003 29.425000000000004 1730.1522849377632 54.585000000000001 5.2500000000000009
decision_type=2 2 1 2 10 1 2 1 2 2 1 1 2 8 2 2 10 8 8 2 2 10 2 2 10 2 2 2 2 2
left_child=10 2 3 -2 5 6 7 -3 -9 -7 11 14 13 -12 -1 16 -16 26 19 -19 -21 -22 -20 -24 25 -25 28 -28 -13 -30
right_child=1 4 -4 -5 -6 9 -8 8 -10 -11 12 17 -14 -15 15 -17 -18 18 22 20 21 -23 23 24 -26 -27 27 -29 29 -31
leaf_value=-0.0044959935809064993 -0.046122039265729359 0.0092588326091947032 -0.01000850212152022 0.0082398972211512669 -0.0066468761874358189 0.00077077168828448741 0.0082747791166892411 -0.014275506772596423 0.0017454348663739367 -0.0064526709794648588 0.041202206511172117 0.016241029690804487 -0.003356203701862306 -8.7898372077591656e-05 0.011939607688004965 -0.00050245816978899645 0.093418038146968599 0.026926571044668765 0.00072061161961497631 -0.026317835814984848 -0.023573192709039466 0.14690350275692984 0.010429385372560621 -0.020811046477398974 0.094111129686128087 -0.0037122254078053802 0.0020005484449730259 -0.050104602010539234 0.0058352100207094432 -0.040621627792170073
leaf_weight=1946.1823983306531 13.667231352068482 447.44377415627241 829.74578812206164 493.10417687078007 494.66125578572974 6734.2589431388769 917.57035244442523 118.06037647509947 4380.8197509830352 535.73829809040762 16.343751768581569 292.36979059735313 5055.3839549727272 4499.3865606763866 153.63146269321442 700.46236647758633 4.0544345136731854 103.34566045925021 2985.8062587096356 22.425408701412383 2.9994758469983926 2.6642961874604225 76.049791703931987 174.17608175799251 2.8041878435760728 170.48611361905932 1132.6595630166121 13.35626235231757 817.74338577222079 13.283238905481992
leaf_count=21793 160 4490 8714 5452 4113 60368 6745 3586 42200 11451 124 2880 50988 43611 1297 5575 35 583 33244 259 37 24 1915 1780 34 1752 9126 94 5697 161
internal_value=-8.24821e-06 0.000752619 -0.00371999 0.00664272 0.00119124 0.00148644 0.00302851 0.00206142 0.00132207 0.000238137 -0.000634372 0.000597432 -0.00174186 6.15426e-05 -0.0024478 0.00216874 0.0140346 0.00206892 0.000413538 0.0191216 -0.00959448 0.0566208 -0.000307687 -0.00755724 -0.011494 -0.0123532 0.00466078 0.00139329 0.00799407 0.00509264
internal_weight=33150.7 14965.1 1336.52 506.771 13628.6 13133.9 5863.89 4946.32 4498.88 7270 18185.6 8614.5 9571.11 4515.73 2804.33 858.148 157.686 5810.17 3540.76 131.435 28.0892 5.66377 3409.32 423.516 347.466 344.662 2269.41 1146.02 1123.4 831.027
internal_count=328288 147279 14326 5612 132953 128840 57021 50276 45786 71819 181009 86286 94723 43735 28700 6907 1332 57586 39628 903 320 61 38725 5481 3566 3532 17958 9220 8738 5858
cat_boundaries=0 1 2 3 4 5
cat_threshold=14518400 26780730 2 6771524 5168
is_linear=0
shrinkage=0.05


Tree=162
num_leaves=31
num_cat=10
split_feature=4 24 11 13 1 10 23 24 1 13 1 2 19 3 28 1 2 13 11 1 23 2 1 15 30 10 7 13 24 1
split_gain=6.31089 9.05434 8.55273 18.3255 13.2613 11.1114 10.8086 10.6452 13.7164 10.2727 17.6884 13.3688 13.1078 10.7507 21.072 19.0112 13.0109 12.9153 19.8523 12.2733 12.0078 11.2457 15.4425 12.7518 11.4287 11.1252 19.7284 13.4904 12.9861 13.8235
threshold=1.5000000000000002 0.18211111111111114 6.955000000000001 69.455000000000013 0 0.12500000000000003 3.9500000000000006 0.12527777777777782 1 67.315000000000012 2 3 9.1950000000000021 2.5000000000000004 1522.1592249398905 4 5 52.965000000000011 5.7550000000000008 6 4.6125000000000007 7 8 58.365000000000002 -0.11744676113360321 0.13500000000000004 52.050000000000004 42.435000000000009 0.13683333333333339 9
decision_type=2 8 2 2 1 10 10 8 1 2 1 1 2 2 2 1 1 2 2 1 10 1 1 2 8 8 2 2 8 1
left_child=2 -2 9 7 5 -5 -7 -4 -9 13 11 -11 -13 16 20 -16 25 18 -17 -18 21 -15 24 -24 -23 26 27 -1 -28 -30
right_child=1 -3 3 4 -6 6 -8 8 -10 10 -12 12 -14 14 15 17 19 -19 -20 -21 -22 22 23 -25 -26 -27 28 -29 29 -31
leaf_value=0.072658045818727007 -0.0017117416888672379 -0.014719711545175007 0.023450671542183776 -0.024293507291286324 0.004086129062457756 -0.0032533717489277268 0.071288949100175733 -0.0067892018798425867 0.013518764812597332 -0.005120144600340484 -0.0063962867959603213 -0.02088668016528665 0.0057951731867622938 0.02125664941415914 -0.0022717711383266849 -0.0013286477181492064 -0.0029122197932677355 0.0037215994046517833 0.041998603990506624 0.00021015760079246329 0.083833720602289885 -0.044822954672258684 0.010512492724318884 0.05769575669268219 -0.0025291081766968112 0.00099492126175305061 0.012071992502902473 0.019213851801930679 0.014323061874023966 -0.026342326852085096
leaf_weight=12.93652826733887 2234.455101558473 142.29500586632639 136.98786490876228 65.647486351430416 1131.132176855579 618.83198809251189 4.9015327952802172 118.38829448074102 245.62336574401706 554.66880702506751 1608.2337482357398 48.344780763611197 961.22041169460863 178.22285750042647 1880.9142155842856 49.951339920982718 5709.8812256422825 2085.2178526669741 56.164405559189618 7001.8540635241661 5.9454875187948337 19.636833327822387 105.04501268081367 16.579991040751338 85.605184892192483 7758.5607319271658 91.005826525390148 135.31647473014891 25.373227049596608 57.246549089904875
leaf_count=130 22922 1593 819 403 6980 3787 34 710 1496 4153 11327 341 6438 1429 13613 389 67930 14312 346 80607 53 153 745 110 629 84452 731 965 210 481
internal_value=-8.15358e-06 -0.00249052 0.000183594 0.00310171 0.000771288 -0.00465937 -0.00266759 0.0115699 0.00709883 -5.45405e-05 -0.00273642 0.00106051 0.00447316 0.000282077 0.00250279 0.00141374 -0.00019676 0.00456669 0.0216034 -0.00119354 0.0132923 0.012257 0.00407061 0.0156572 -0.00951637 0.00137111 0.0104814 0.0238774 -0.000956979 -0.0153084
internal_weight=33146.2 2376.75 30769.4 2321.51 1820.51 689.381 623.734 501 364.012 28447.9 3172.47 1564.23 1009.57 25275.5 4483.28 4072.25 20792.2 2191.33 106.116 12711.7 411.035 405.09 226.867 121.625 105.242 8080.44 321.879 148.253 173.626 82.6198
internal_count=328288 24515 303773 14229 11204 4224 3821 3025 2206 289544 22259 10932 6779 267285 31779 28660 235506 15047 735 148537 3119 3066 1637 855 782 86969 2517 1095 1422 691
cat_boundaries=0 1 2 3 4 5 6 7 8 9 10
cat_threshold=5394490 2161180 5607066 4992 5152160 646 12157642 5164 21967952 6445312
is_linear=0
shrinkage=0.05


Tree=163
num_leaves=31
num_cat=2
split_feature=17 10 21 1 14 30 26 22 19 19 26 24 2 6 11 18 23 23 3 14 23 24 24 16 22 30 28 23 13 13
split_gain=6.01314 10.3054 9.79179 8.15767 12.6052 11.8962 12.1405 10.4939 9.4144 19.7632 22.2479 9.76803 9.22901 9.06427 8.91712 8.7416 10.8001 8.72937 12.1358 11.0549 9.52336 7.89857 13.0034 14.1039 15.302 8.82602 7.84849 7.81535 11.7798 7.80644
threshold=45.765000000000008 0.25500000000000006 0.18333333333333338 0 8.2650000000000023 0.020164480874316968 0.026671408250355622 1.0000000180025095e-35 33.545000000000009 34.07500000000001 0.12158167036215818 0.123 1 27.500000000000004 7.2750000000000012 66.205000000000013 2.4722222222222228 3.8944444444444448 1.5000000000000002 1.5050000000000001 3.683333333333334 0.22050000000000006 0.24527777777777782 18.225000000000005 1.0000000180025095e-35 0.010750342465753434 1631.3797689929331 3.1055555555555561 62.705000000000005 34.135000000000005
decision_type=2 10 10 1 2 10 8 10 2 2 10 8 1 2 2 2 10 10 2 2 10 10 10 2 10 8 2 10 2 2
left_child=-1 3 -3 8 5 21 27 -8 11 10 -10 -2 -9 17 -11 -6 -17 20 19 -19 -13 -5 23 24 29 -25 -16 -7 -29 -23
right_child=1 2 -4 4 15 6 7 12 9 14 -12 13 -14 -15 26 16 -18 18 -20 -21 -22 22 -24 25 -26 -27 -28 28 -30 -31
leaf_value=-0.00021572600345173606 -0.015476802144132799 0.14717819404247767 -0.0076077613811916106 0.0018441206017365782 0.0051066378823256637 -0.005298003757223735 0.081849644248229048 -0.016951438552605374 0.099043247482269448 0.0060148430441830754 0.013732363309865337 0.015812642823731606 -0.003518630657490317 0.00049353855294214635 0.073337564074131417 0.032002283163557792 0.14148535381712754 -0.030752079282294231 0.15928163833088393 0.052712742059827455 -0.04510668546055064 -0.058649978879879244 -0.033205335502493202 0.015544226673132266 0.22119765431548985 0.10888301863379535 0.015920989017440063 0.02088658038852638 0.14641488421017346 0.15822841373100105
leaf_weight=30261.354608387453 81.190729174762964 2.3796422444283953 1.7905271500349043 894.27610484184697 8.8951231399551052 34.694329895079136 3.1763676209375253 220.66486102808267 12.678633849369364 594.02789853396825 19.23850953578949 49.293501978740096 328.02348386123776 487.06223398866132 9.092640448361637 5.8667014241218549 3.6564878430217505 5.2013244959525826 2.0800532903522244 16.720782611053437 7.3751946492120615 1.1129467238206445 7.176591759780421 19.720550611615181 2.1205422421917319 2.9058779794722822 17.230665953829885 40.968279189430177 1.9582696314901102 0.66154703497886647
leaf_count=302792 657 29 21 7945 64 470 30 1719 158 5316 118 414 2266 4201 73 35 27 222 17 241 63 66 153 212 30 26 120 775 23 5
internal_value=-7.91294e-06 0.00217473 0.0807184 0.00206088 -0.000370858 -0.000859506 -0.00616519 -0.00876935 0.00497061 0.0092509 0.0476209 0.000744867 -0.00929395 0.00306471 0.00727676 0.0407481 0.074039 0.0185885 0.0438611 0.0329096 0.00788425 0.00273957 0.026503 0.0426598 0.130541 0.0275316 0.0357539 0.0123497 0.0266131 0.0222042
internal_weight=33142.6 2881.24 4.17017 2877.07 1575.88 1557.46 629.486 551.865 1301.19 652.268 31.9171 648.924 548.688 567.733 620.351 18.4183 9.52319 80.6709 24.0022 21.9221 56.6687 927.974 33.6981 26.5215 3.89504 22.6264 26.3233 77.6209 42.9265 1.77449
internal_count=328288 25496 50 25446 13846 13720 5283 4015 11600 5785 276 5815 3985 5158 5509 126 62 957 480 463 477 8437 492 339 101 238 193 1268 798 71
cat_boundaries=0 1 2
cat_threshold=23385378 6406
is_linear=0
shrinkage=0.05


Tree=164
num_leaves=31
num_cat=5
split_feature=32 1 17 18 31 6 14 1 30 2 32 19 11 18 24 2 31 24 21 21 30 31 1 24 26 19 21 20 22 12
split_gain=5.94318 10.0037 7.56371 10.0223 26.1875 6.39429 14.2531 16.3385 13.9803 12.5226 23.7408 37.6618 26.9031 14.0436 12.1284 11.09 10.2087 10.5377 10.1506 11.3627 22.8786 10.2378 10.0315 13.5089 12.6888 18.5332 20.2662 10.3784 9.86989 22.8068
threshold=0.013937451437451438 0 29.955000000000002 43.645000000000003 28.500000000000004 22.500000000000004 1.7850000000000004 1 0.066033333333333361 2 0.020513359983168528 35.675000000000004 1.8650000000000004 44.420000000000009 0.11800000000000002 3 59.500000000000007 0.21527777777777782 0.18333333333333338 0.10555555555555557 0.079845042400521857 40.500000000000007 4 0.12100000000000002 0.045804195804195813 32.685000000000009 0.31666666666666671 55.580000000000005 1.0000000180025095e-35 10.985000000000001
decision_type=8 1 2 2 2 2 2 1 8 1 8 2 2 2 8 1 2 8 10 10 10 2 1 10 8 2 10 2 8 2
left_child=1 2 -1 4 -4 6 7 9 15 -2 11 12 -11 -12 -15 16 -8 -18 19 -10 -21 -22 23 -20 25 -25 -27 -26 29 -16
right_child=5 -3 3 -5 -6 -7 8 -9 18 10 13 -13 -14 14 28 -17 17 -19 22 20 21 -23 -24 24 27 26 -28 -29 -30 -31
leaf_value=-0.023893892082392135 -0.006880562087235394 -0.02622025273803091 -0.050491791411968828 0.027418935901384958 0.69417826848464548 -8.3676290477303862e-05 0.019465075724126757 -0.018305920926487543 0.029345011981040892 0.25818936260641262 -0.0082597667423017895 -0.051505460226545258 1.1660312046465566 0.24359479349636756 0.073651075632470683 -0.0051926562933176509 -0.0052803952425739984 0.081060655632170936 -0.068324468624295961 0.24394566099239776 0.0012482807633847142 0.12444414798932445 -0.005747311914351759 -0.0214630326447484 0.01539352872332006 0.33530938019276452 0.060764632092534944 0.08668826849292717 0.033119164956718412 0.43338282707834574
leaf_weight=8.4559870094526577 48.920831658877432 42.31051341840066 0.28528811340220528 16.297826931579039 0.20141155016608536 32327.300802887883 149.57836817321368 114.16254088096321 44.191214746329933 0.1620661907363673 13.256634095916523 0.31427353248000145 0.16437461064197123 0.84068962489255028 3.1572940512560339 177.84451600327156 87.207087848102674 3.6831201557070008 2.8759859371930352 1.9223400196060518 4.3107329555787146 2.7700263913720846 44.639113681390882 1.3848345894366527 20.99743803776801 1.4013302344828846 1.291843809187412 6.7440388510003677 16.363716059597209 0.51206117263063777
leaf_count=840 1657 4726 46 1581 31 307898 2070 3610 572 30 327 37 17 27 229 2335 941 62 27 30 54 30 431 18 159 23 20 52 394 14
internal_value=-8.13617e-06 -0.0148238 0.0105059 0.0340957 0.257676 2.21218e-05 0.00459028 -0.00692072 0.00872487 0.00964453 0.0292381 0.339188 0.71532 0.0319862 0.0575458 0.00424135 0.0109779 -0.00178162 0.0228766 0.0397755 0.0909732 0.0494431 0.0115458 0.0275198 0.0448313 0.127183 0.203618 0.0327255 0.0497382 0.123852
internal_weight=33143.5 67.551 25.2405 16.7845 0.4867 33076 748.696 197.854 550.842 83.6919 34.7711 0.640714 0.326441 34.1304 20.8738 418.313 240.469 90.8902 132.529 53.1943 9.0031 7.08076 79.3346 34.6955 31.8195 4.07801 2.69317 27.7415 20.0331 3.66936
internal_count=328288 7224 2498 1658 77 321064 13166 6342 6824 2732 1075 84 47 991 664 5408 3073 1003 1416 686 114 84 730 299 272 61 43 211 637 243
cat_boundaries=0 1 2 3 4 5
cat_threshold=9470588 3250928 698 798 2267808
is_linear=0
shrinkage=0.05


Tree=165
num_leaves=31
num_cat=3
split_feature=0 4 28 26 26 18 31 2 17 14 1 22 6 32 26 31 17 18 28 28 19 26 13 24 23 24 18 17 31 1
split_gain=5.92183 8.71183 9.51712 11.4916 13.231 12.3928 12.1763 9.97823 11.9538 9.46669 8.40356 11.3597 10.2328 8.90462 13.4122 8.35282 13.3538 20.2648 15.9005 37.4032 34.5296 13.6197 16.6588 21.7743 12.6141 20.1255 11.6973 9.65792 20.7976 10.9109
threshold=5.5000000000000009 2.5000000000000004 1685.9703355499121 0.028174603174603175 0.15047169811320757 48.045000000000009 55.500000000000007 0 41.055000000000007 7.4850000000000012 1 0.18333333333333338 63.500000000000007 0.6680329934315522 0.28708791208791212 72.500000000000014 28.605000000000004 50.505000000000003 1384.347859554339 1372.1701823598171 34.315000000000005 0.11215932914046123 64.850000000000009 0.14183333333333339 4.5277777777777786 0.15105555555555558 51.705000000000005 50.115000000000002 70.500000000000014 2
decision_type=2 2 2 10 10 2 2 1 2 2 1 8 2 10 8 2 2 2 2 2 2 8 2 10 10 8 2 2 2 1
left_child=-1 2 10 5 7 -4 -6 -5 -9 -8 13 12 -12 -2 -15 16 17 -13 19 -18 -21 22 23 -19 27 -26 -25 29 -29 -20
right_child=1 -3 3 4 6 -7 9 8 -10 -11 11 15 -14 14 -16 -17 18 21 24 20 -22 -23 -24 26 25 -27 -28 28 -30 -31
leaf_value=0.00014379518537252666 -0.010368056748686119 -0.019696071418675291 -0.009276248383939872 -0.019259590631306559 0.10304052890444258 0.1421576432148772 0.047515788335506098 0.012692624877233154 0.1211648248272125 -0.050236865979971505 -0.017340229683380729 -0.012218817745959763 0.2691771994277613 0.11793866845860129 -0.018831996658033329 -0.0058441737482517126 -0.017377938242862045 0.2286906570892783 0.013367039231071676 0.68205189218294859 0.06511005103529921 -0.023963675603068949 0.25330052369566253 0.20675430895556934 0.38343785457859597 0.027123658094232894 -0.037879461886857382 0.026381641849872212 0.24149611242982855 -0.0015375897983283477
leaf_weight=31489.185395728797 390.19934658403508 73.969370499718934 2.1989272516220799 29.033389635384083 6.2361002005636719 3.5036848299205303 7.70036982744932 16.261330465786163 3.0099723078310481 3.6510713547468185 103.29239084920846 163.71435678098351 0.31256762100383539 3.3974334858357897 3.7944210208952427 314.83708904776722 1.4980625463649624 1.4117197245359392 214.60214193863794 0.47764306794852007 0.43186087813228369 3.1485928967595109 1.4324866384267805 0.57515505794435773 0.57447091396897909 1.2777378582395613 3.248642616905272 27.248725375160578 1.1719295401126135 272.83061248250306
leaf_count=273617 14773 3327 33 274 39 36 53 164 26 24 9530 5011 24 36 37 7353 137 38 5784 39 37 64 15 21 29 85 108 548 23 7003
internal_value=-9.42558e-06 -0.00292464 -0.00214 0.0156723 0.00977925 0.0837647 0.0469106 -0.00374012 0.0195106 0.0160747 -0.00298484 -0.000703305 -0.0164758 -0.00912238 0.0457785 0.000910091 0.00397577 -0.00803483 0.007983 0.13618 0.389109 0.0617428 0.102213 0.0608738 0.00738683 0.137636 -0.00108297 0.00691916 0.0352519 0.00526716
internal_weight=33144.2 1655.04 1581.07 71.5948 65.8922 5.70261 17.5875 48.3047 19.2713 11.3514 1509.48 1112.09 103.605 397.391 7.19185 1008.48 693.644 173.531 520.113 2.40757 0.909504 9.8166 6.668 5.23552 517.706 1.85221 3.8238 515.853 28.4207 487.433
internal_count=328288 54671 51344 649 580 69 116 464 190 77 50695 35849 9554 14846 73 26295 18942 5257 13685 213 76 246 182 167 13472 114 129 13358 571 12787
cat_boundaries=0 1 2 3
cat_threshold=4316 21239832 11609728
is_linear=0
shrinkage=0.05


Tree=166
num_leaves=31
num_cat=5
split_feature=7 13 11 1 28 12 0 23 14 13 28 23 0 18 30 12 1 13 28 1 6 2 11 15 32 20 30 1 24 7
split_gain=5.88921 5.9212 27.0319 14.1402 18.1791 14.3909 17.4519 19.9219 19.5505 15.0951 14.7658 12.2703 28.2243 14.7288 26.8758 12.0919 13.6107 15.416 13.1692 19.7757 16.7948 12.6578 12.6388 11.7236 13.3455 10.4761 10.4078 16.8476 16.2768 15.2979
threshold=60.45000000000001 58.765000000000008 5.8850000000000007 0 1511.2544516718981 48.865000000000002 3.5000000000000004 2.5277777777777781 7.4350000000000014 54.750000000000007 1603.5152245255219 4.1833333333333345 3.5000000000000004 48.405000000000008 0.0042038980509745147 41.340000000000011 1 67.315000000000012 1500.0001822339871 2 52.500000000000007 3 6.4050000000000011 23.830000000000002 0.50078864353312313 48.535000000000004 -0.0079333333333333391 4 0.1481666666666667 47.050000000000004
decision_type=2 2 2 1 2 2 2 8 2 2 2 10 2 2 10 2 1 2 2 1 2 1 2 2 10 2 8 1 10 2
left_child=1 2 23 4 -4 9 -7 -8 -9 10 11 13 -13 14 -5 16 22 21 19 20 25 -18 -3 24 -1 -17 27 -25 29 -29
right_child=-2 15 3 5 -6 6 7 8 -10 -11 -12 12 -14 -15 -16 18 17 -19 -20 -21 -22 -23 -24 26 -26 -27 -28 28 -30 -31
leaf_value=-0.0013755408282501494 -0.018581018817149169 -6.3473667881945218e-05 0.052842164502394845 -0.04014882277489485 0.011739456021528372 0.011312705502916801 0.021716293525231189 0.27834123720908188 0.062200120112227378 -0.0010519736994639387 -0.0020983595069905183 0.029959756597627507 0.24097680462616369 0.03984723043103109 0.04876756366965352 0.04540890089648026 -0.00030505944224533312 -0.037257849502013565 -0.00031459190029538829 -0.0022994939609260094 0.1354788040214924 -0.0093989327499756983 0.027375521001294891 0.0064764497346898597 -0.033889345641390324 0.012520679199137906 -0.00010792232794379244 0.04055821670159207 -0.0031680130204268433 0.0052393222567420489
leaf_weight=6753.5208785983268 42.634006019216031 748.57312341127545 28.438340343534946 19.871720777824521 497.69108001189306 16.877528041601185 4.1226627808064196 2.2193681001663217 1.9792428147047756 686.54518823791295 66.838938261382282 5.7550258114933959 2.1867489879950881 52.533113582991064 14.848636205308138 39.224780958145857 646.22557708062232 39.890201387926936 12603.355635802262 129.38983487617224 3.5665982794016591 955.31128348037601 44.459559177979827 1932.3088967329822 31.708270329982042 63.270350239239633 5951.7169232498854 33.015769831370562 1293.741378152743 429.50823010504246
leaf_count=102350 902 6298 242 164 3820 96 35 25 23 5485 573 35 39 413 102 297 5309 330 93214 1104 32 7780 382 19733 250 516 59708 321 14443 4267
internal_value=-9.78217e-06 1.41392e-05 0.000633174 0.00730275 0.0137007 0.00325626 0.0405301 0.09979 0.176451 0.00218777 0.0159147 0.0285621 0.0880628 0.0231464 -0.00212251 -0.000708337 -0.00393916 -0.00651516 -9.57176e-05 0.0116203 0.0263355 -0.00579012 0.00145646 6.47425e-05 -0.00152748 0.025107 0.00118542 0.00327229 -0.00028829 0.00776045
internal_weight=33141.3 33098.7 17825.4 1399.91 526.129 873.778 25.1988 8.32127 4.19861 848.579 162.034 95.1952 7.94177 87.2535 34.7204 15273.3 2434.46 1641.43 12838.8 235.452 106.062 1601.54 793.033 16425.5 6785.23 102.495 9640.29 3688.57 1756.27 462.524
internal_count=328288 327386 212124 11052 4062 6990 179 83 48 6811 1326 753 74 679 266 115262 20099 13419 95163 1949 845 13089 6680 201072 102600 813 98472 38764 19031 4588
cat_boundaries=0 1 2 3 4 5
cat_threshold=8790866 27590952 28414410 4204 5135390
is_linear=0
shrinkage=0.05


Tree=167
num_leaves=31
num_cat=4
split_feature=8 27 24 17 32 31 1 26 17 31 1 20 18 23 18 18 13 12 12 20 29 1 2 3 23 28 31 24 23 6
split_gain=5.89431 7.19302 11.8092 7.47192 12.7371 7.42868 10.0391 8.58226 12.7114 15.5028 13.6468 16.4409 20.9901 15.5122 12.653 12.3244 11.8534 16.5256 17.6963 15.8746 11.3177 10.6935 16.7614 12.6657 12.0361 25.7646 22.8703 10.3158 9.88813 9.75118
threshold=1.0000000180025095e-35 28.500000000000004 0.22707142857142862 20.565000000000001 0.39358270418668501 22.500000000000004 0 1.0000000180025095e-35 34.490000000000002 79.500000000000014 1 21.260000000000002 38.755000000000003 3.8819444444444451 43.490000000000002 44.865000000000002 67.315000000000012 40.925000000000004 41.340000000000011 62.335000000000008 3.7500000000000004 2 3 2.5000000000000004 4.2111111111111121 1404.8462528460072 36.500000000000007 0.16267857142857148 4.4365079365079376 39.500000000000007
decision_type=2 10 10 2 10 2 1 10 2 2 1 2 2 10 2 2 2 2 2 2 2 1 1 2 8 2 2 10 10 2
left_child=-1 5 3 4 -3 6 -2 8 10 15 11 12 13 27 -13 20 17 21 -19 -20 -10 23 24 -17 -23 -26 -27 -7 -16 -28
right_child=1 2 -4 -5 -6 7 -8 -9 9 -11 -12 14 -14 -15 28 16 -18 18 19 -21 -22 22 -24 -25 25 26 29 -29 -30 -31
leaf_value=0.00025297453072336802 -0.00076961601197838561 -0.011044833805038764 0.097273574258682924 0.0023392022292644927 0.14239420011829573 0.18841334727114217 -0.009690859692855127 -0.0017606451136284334 0.18687199108531644 -0.042763463945283783 -0.013258572496790196 -0.01402399543385343 0.32201266730081518 -0.05350410889528761 0.023727841507739999 0.025708202613460553 -0.021494423871668361 0.19265655899663089 0.03192719074012796 0.17058397835465619 0.0075763289394590793 0.021053335190088771 -0.010579323172528611 0.11212475192341989 -0.053371403039643411 0.062455368989833629 0.42019644194203815 0.039195289073830679 -0.032051737018952864 0.19671249532571308
leaf_weight=28685.603271542583 658.90307737025432 2.7310409182682625 4.2159568865317842 40.020505506545305 2.6794580072164536 2.0488718375563613 610.46174135291949 2626.2753216102719 2.0173896439373489 11.559088669018818 129.23945089429617 52.974281759699807 0.80054188892245282 2.3364013819955289 70.992889586370438 46.972429512534291 20.116661566309631 1.9897309653460968 36.535589857958257 2.1878567235544315 1.5613493993878362 23.821025733370337 81.334185406332836 4.6607944574207059 1.9572227189782996 2.4828165555372834 0.83324764389544759 2.6645223926752806 8.9464226469863188 1.1783327031880615
leaf_count=280369 7638 35 54 441 17 34 7054 21456 21 277 3311 1218 26 90 1296 1194 255 28 446 31 38 416 1804 56 120 57 21 58 404 23
internal_value=-9.79616e-06 -0.00170196 0.0172235 0.00979488 0.0649433 -0.00191527 -0.00514242 -0.000608792 0.00533193 0.0137249 -0.00210375 0.00847748 0.0793914 0.0518404 0.00492687 0.0165931 0.0151229 0.0187346 0.0472335 0.0397612 0.108648 0.0116267 0.00137973 0.028072 0.028159 0.0980414 0.163979 0.104059 0.0174853 0.289285
internal_weight=33140.1 4454.5 49.647 45.431 5.4105 4404.85 1269.36 3135.49 509.211 239.208 270.003 140.764 7.85034 7.0498 132.914 227.649 224.07 203.953 40.7132 38.7234 3.57874 163.24 111.607 51.6332 30.2726 6.45162 4.4944 4.71339 79.9393 2.01158
internal_count=328288 47919 547 493 52 47372 14692 32680 11224 4787 6437 3126 208 182 2918 4510 4451 4196 505 477 59 3691 2441 1250 637 221 101 92 1700 44
cat_boundaries=0 1 2 3 4
cat_threshold=26027846 10122766 10862784 1284
is_linear=0
shrinkage=0.05


Tree=168
num_leaves=31
num_cat=5
split_feature=4 24 14 1 12 1 25 13 26 16 30 24 7 29 14 1 0 19 2 18 1 19 20 27 13 28 22 24 11 28
split_gain=5.89286 8.3116 8.10389 14.3438 8.78421 11.2673 10.1613 13.3862 8.98921 12.6665 11.039 9.94121 9.47543 8.86242 8.46712 8.07707 10.5847 7.95866 10.0647 11.5197 9.92341 10.0611 11.9634 11.9261 9.41266 9.73018 9.89729 8.57063 7.62523 8.00606
threshold=1.5000000000000002 0.18211111111111114 6.4650000000000007 0 52.650000000000013 1 0.41666666666666669 65.615000000000009 0.14415584415584418 82.370000000000019 -0.028055555555555549 0.15414285714285719 52.750000000000007 3.7500000000000004 7.8450000000000006 2 2.5000000000000004 31.235000000000003 3 80.165000000000006 4 38.57500000000001 58.350000000000001 1.0000000180025095e-35 69.835000000000022 1609.4866308388234 0.2678571428571429 0.13316666666666674 7.6450000000000005 1610.9921837025945
decision_type=2 8 2 1 2 1 10 2 8 2 8 10 2 2 2 1 2 2 1 2 1 2 2 10 2 2 10 8 2 2
left_child=28 2 3 -2 -4 -6 7 13 -9 10 15 12 -12 -7 -11 -10 -17 -5 -19 20 21 22 -20 -24 25 -22 27 -27 -1 -30
right_child=1 -3 4 17 5 6 -8 8 9 14 11 -13 -14 -15 -16 16 -18 18 19 -21 24 -23 23 -25 -26 26 -28 -29 29 -31
leaf_value=0.00010520780271345151 -0.017012464918279051 -0.014162243642196893 0.0031114378183470033 -0.011425108696361623 -0.016678726412077086 0.020209900314540601 -0.022850767029450339 -0.019146854366877346 -0.017875338200101537 -0.059957050702872439 0.0089713651166600464 0.06244735187729103 0.058423663918132897 0.11754073392905758 -0.0055935321426794369 0.035992605238792032 -0.020615874554855237 -0.0072660773958919816 -0.0024017485866726896 0.11360785980699138 0.0083757212890764651 -0.031040266493295388 0.17547248330857529 0.020098876764674034 -0.008096482880959887 0.16285583057157504 0.026882903316176265 0.053021047529755165 0.026973408629874358 0.0043930675662578432
leaf_weight=30527.329232171644 197.5206881640479 141.48807897046208 1011.7495330348611 156.49688233574852 136.54535831231624 5.3820850383490306 39.897269420325756 41.273747253231704 30.55880471970886 9.4877469325438124 57.764941085129976 14.763190725818275 11.638033671304582 4.1361671667546034 29.224145060405135 23.652908444404602 12.686777754686771 180.92078513465822 55.968734876252711 2.5541495690122238 77.326360418926924 29.63040894176811 1.9231966249644745 3.4516704082489014 37.393609940074384 2.4890688471496079 52.62113082408905 6.20087530091405 49.513575807213783 189.47214046306908
leaf_count=302427 2142 1593 10211 1744 1304 45 396 666 230 72 455 104 95 46 238 142 166 2009 627 21 859 319 21 41 372 28 509 60 283 1063
internal_value=-1.03795e-05 -0.0024102 -0.00166565 -0.00567953 0.000594462 -0.00551221 0.00050105 0.00439468 0.00200078 0.0066001 0.0131392 0.0251893 0.0172639 0.0625051 -0.0189173 -0.00202129 0.0127273 -0.00168358 0.00166325 0.00764242 0.00691499 -0.00641072 0.00444089 0.0756936 0.0134045 0.0201707 0.0350466 0.0844811 0.000174854 0.00907131
internal_weight=33141.1 2374.75 2233.26 804.498 1428.76 417.011 280.466 240.569 231.05 189.777 151.065 84.1662 69.403 9.51825 38.7119 66.8985 36.3397 606.977 450.48 269.559 267.005 90.974 61.3436 5.37487 176.031 138.637 61.3111 8.68994 30766.3 238.986
internal_count=328288 24515 22922 8752 14170 3959 2655 2259 2168 1502 1192 654 550 91 310 538 308 6610 4866 2857 2836 1008 689 62 1828 1456 597 88 303773 1346
cat_boundaries=0 1 2 3 4 5
cat_threshold=15009300 4440356 2626584 4770 17305736
is_linear=0
shrinkage=0.05


Tree=169
num_leaves=31
num_cat=8
split_feature=0 2 1 5 27 21 1 5 14 19 15 6 1 30 20 23 11 13 6 1 1 13 26 16 12 20 1 2 31 6
split_gain=5.82569 12.4064 11.9477 13.8465 13.6286 16.0335 11.9906 11.8405 21.0974 13.3158 12.5756 11.8383 11.4959 11.7949 11.0469 10.7235 16.5569 15.6934 17.9543 14.0058 12.949 11.0174 13.469 12.5042 25.0998 11.9578 10.6623 10.7514 13.7148 11.3697
threshold=1.5000000000000002 0 1 1500.0000000000002 2.5000000000000004 1.0000000180025095e-35 2 1500.0000000000002 7.3850000000000007 40.965000000000011 63.185000000000009 59.500000000000007 3 0.031026365441906654 58.350000000000001 3.0500000000000003 5.3350000000000009 49.475000000000001 39.500000000000007 4 5 56.770000000000003 0.094044811320754734 65.39500000000001 41.495000000000012 56.645000000000003 6 7 51.500000000000007 24.500000000000004
decision_type=2 1 1 2 8 8 1 2 2 2 2 2 1 10 2 8 2 2 2 1 1 2 8 2 2 2 1 1 2 2
left_child=2 15 14 -4 26 12 11 8 -3 -10 -11 -7 13 -6 -1 -2 20 18 -18 21 -17 22 -19 24 25 -24 27 29 -29 -5
right_child=1 7 3 4 5 6 -8 -9 9 10 -12 -13 -14 -15 -16 16 17 19 -20 -21 -22 -23 23 -25 -26 -27 -28 28 -30 -31
leaf_value=-0.0098892088905176579 -0.0082855635298393938 0.0037655376204385619 -0.0080109515144614601 0.027623304082114292 0.029387527095127344 -0.010827023954227686 -0.0012333948074859382 -0.00041740248872603283 0.027348126921084744 0.036637618773626521 0.17594431708695574 -0.064706320202241374 -0.0013492164624395462 -0.012718319322141193 0.011139792833672968 0.0056628941339858449 0.22288432155830318 -0.038342042970523113 0.00049271714785292624 0.013888223015599697 -0.024526073693390184 -0.016173204808382583 0.0059124507776663364 -0.024853177833568375 0.2051048589772406 0.13261088534648777 0.0014214679040921027 0.014164128336518769 0.0031561406342747104 -0.0017498302345237199
leaf_weight=422.85274259746075 907.43718389933929 611.1760844187811 393.67898402363062 35.143195725977421 87.518313504755497 452.90529847145081 646.65331244468689 19163.173403576482 45.919429987668991 3.3566402457654467 3.1313267759978771 10.429698422551153 152.52153514325619 20.534628495573997 73.273421682417393 57.973250878276303 1.8000700371339911 6.8977831369265941 1.83039656560868 198.06397500401363 80.996437556343153 91.06629915907979 8.3096268661320227 4.8822040287777773 2.6916293604299417 2.4002037206664673 7994.2283198907971 566.4082059264183 565.40120396763086 526.67128289490938
leaf_count=1912 13007 7875 1806 165 397 2012 2919 242756 337 26 26 47 712 90 329 1631 33 200 35 3475 2209 1593 134 64 39 37 36614 2671 2710 2427
internal_value=-1.0938e-05 -0.000508728 0.000871932 0.00120253 0.00153161 -0.00313513 -0.00575537 -0.000189931 0.00637619 0.0368217 0.103872 -0.0117855 0.00802651 0.0195741 -0.00664939 -0.00510271 0.00110684 0.00739943 0.11076 0.00620556 -0.0132897 -0.00743901 0.0211932 0.0436538 0.0686112 0.0343071 0.00219183 0.00578552 0.00858914 8.60171e-05
internal_weight=33139.3 21191.1 11948.2 11452.1 11058.4 1370.56 1109.99 19826.8 663.583 52.4074 6.48797 463.335 260.574 108.053 496.126 1364.35 456.912 317.942 3.63047 314.312 138.97 116.248 25.1814 18.2837 13.4015 10.7098 9687.85 1693.62 1131.81 561.814
internal_count=328288 273477 54811 52570 50764 6177 4978 251020 8264 389 52 2059 1199 487 2241 22457 9450 5610 68 5542 3840 2067 474 274 210 171 44587 7973 5381 2592
cat_boundaries=0 1 2 3 4 5 6 7 8
cat_threshold=4096 4 25789738 16580776 21032224 18409024 17047808 1052
is_linear=0
shrinkage=0.05


Tree=170
num_leaves=31
num_cat=8
split_feature=6 1 30 1 28 23 2 22 29 17 20 28 14 2 19 12 18 28 10 32 1 30 20 22 1 30 27 1 1 12
split_gain=5.61371 12.4708 10.2032 13.1419 24.2405 10.469 8.87628 9.36205 8.76795 14.3759 13.7048 8.68787 27.0128 13.148 12.6439 12.1543 15.0335 15.2235 14.9865 15.1134 12.5671 12.8228 14.0236 11.8955 16.7167 11.5902 13.0761 12.7359 11.3804 10.4961
threshold=50.500000000000007 0 0.093400000000000039 1 1442.1211282181814 3.6125000000000003 2 0.5277777777777779 4.7500000000000009 35.010000000000012 53.595000000000006 1514.1852209229755 4.7150000000000007 3 39.955000000000005 32.680000000000007 23.295000000000005 1470.6065902990081 0.17500000000000002 0.20723054660878495 4 -0.1238423588039867 60.315000000000005 0.47222222222222227 5 0.015885410334346515 12.500000000000002 6 7 1.5750000000000004
decision_type=2 1 8 1 2 10 1 10 2 2 2 2 2 1 2 2 2 2 10 8 1 8 2 10 1 10 10 1 1 2
left_child=11 -2 5 4 -4 -3 7 -5 -6 -10 -11 12 28 14 -14 16 -16 -18 19 -19 -17 22 -22 25 -25 26 27 -15 -1 -30
right_child=1 2 3 6 8 -7 -8 -9 9 10 -12 -13 13 23 15 20 17 18 -20 -21 21 -23 -24 24 -26 -27 -28 -29 29 -31
leaf_value=-0.0039727927842221778 0.0020065763626677677 -0.00017571852852842507 0.16776987485460637 -0.014911555183831053 -0.0063459852583494757 -0.0060780178826450211 -0.027096466507649838 0.030971766116964755 -0.015707748366077589 0.044698719345070484 0.20758712774239352 -0.00038935307574258196 -0.00132698763027033 0.012752828054655449 -0.057862627853209551 0.014397426823746671 -0.00017827916324931445 0.1940837868540892 0.0088189026860633277 0.043475023657582539 0.089214370599714474 -0.027573480718189658 -0.026637402616334377 0.02822881582582239 0.0039613039258104858 -0.00035897427455661683 0.029306894169612321 0.0036881479817677219 -0.024219892663895098 0.0010948304299384514
leaf_weight=1965.4569028788246 1674.1222754917108 1954.4437842913903 2.1844270280562332 35.811011475045234 85.484630172140896 1220.3978258026764 128.1396923577413 16.122505278326571 6.1586973690427822 4.4667108859866858 1.8164440803229807 17987.521479380317 1368.4312477242202 552.6998972366564 6.1226248750463119 55.945876598358154 52.176429022569209 1.7095558438450087 40.650906512048095 64.956904570106417 5.3684649756178242 54.848660632036626 5.0875637996941805 131.81330292951316 167.5146599621512 691.18912047892809 64.520212692674249 1342.9669661629014 41.446271870052442 3399.3105282906909
leaf_count=31197 18121 17916 30 391 720 16484 1324 138 90 65 22 140226 14953 5509 90 539 674 17 437 680 52 504 46 1166 1490 7240 676 13212 5330 48949
internal_value=-1.08286e-05 -0.00153154 -0.00324234 -0.0123982 0.00276071 -0.00244454 -0.0198753 -0.000559558 -0.000638201 0.0385785 0.0917893 0.000267743 0.00144825 0.00426193 0.000669753 0.0102181 0.0190242 0.0219757 0.0327468 0.0473371 -0.00181024 -0.0155229 0.0328447 0.00625363 0.0157233 0.00520814 0.00717117 0.00641777 -0.000948952 0.000787608
internal_weight=33128.9 5129.15 3455.03 280.184 100.111 3174.84 180.073 51.9335 97.9265 12.4419 6.28315 27999.7 10012.2 4606 1655.3 286.867 165.616 159.494 107.317 66.6665 121.251 65.3047 10.456 2950.7 299.328 2651.38 1960.19 1895.67 5406.21 3440.76
internal_count=328288 55301 37180 2780 927 34400 1853 529 897 177 87 272987 132761 47285 17992 3039 1898 1808 1134 697 1141 602 98 29293 2656 26637 19397 18721 85476 54279
cat_boundaries=0 1 2 3 4 5 6 7 8
cat_threshold=22587528 8409156 1540 6344 32057990 11082326 427538 26215198
is_linear=0
shrinkage=0.05


Tree=171
num_leaves=31
num_cat=3
split_feature=27 22 23 17 10 1 30 17 27 7 23 11 24 28 6 15 1 15 11 2 12 6 21 20 14 7 20 8 7 7
split_gain=5.60486 6.33309 6.19251 10.0972 7.72251 7.12627 16.266 11.1382 11.696 11.7496 14.3232 49.9608 9.31461 7.92342 6.77445 11.2794 11.139 12.5625 12.728 12.7227 11.691 10.6187 10.5942 10.3791 14.81 12.8823 10.3602 15.6991 14.0501 13.1543
threshold=50.500000000000007 0.13392857142857145 5.4142857142857155 71.655000000000015 0.12500000000000003 0 0.0021616729816379969 24.865000000000006 1.0000000180025095e-35 54.750000000000007 5.6458333333333348 1.7150000000000001 0.16387500000000005 1315.0215911357861 28.500000000000004 63.185000000000009 1 17.610000000000003 7.3350000000000009 2 55.110000000000007 21.500000000000004 1.0000000180025095e-35 61.355000000000011 2.5050000000000003 52.550000000000004 52.425000000000004 1.0000000180025095e-35 45.750000000000007 54.350000000000001
decision_type=10 8 10 2 8 1 10 2 10 2 8 2 8 2 2 2 1 2 2 1 2 2 8 2 2 2 2 2 2 2
left_child=2 -2 14 4 -4 6 -6 -8 -9 10 12 -12 -10 -14 15 16 17 18 19 22 -19 -18 26 -23 25 -25 27 28 -1 -29
right_child=1 -3 3 -5 5 -7 7 8 9 -11 11 -13 13 -15 -16 -17 21 20 -20 -21 -22 23 -24 24 -26 -27 -28 29 -30 -31
leaf_value=0.1294098182056605 0.027525735934943757 -0.051883903456053315 0.20960871347185597 0.26859432583245224 -0.0098399079372347396 -0.025675411641815044 -0.057956203588939631 -0.050744778116831535 0.35737528968605647 -0.052494135436981983 0.10953147532858694 1.1958239960357746 -0.052586391797168688 0.2005392607306459 -0.00029099060299982377 -0.012793055808050506 0.011274741677822071 0.00791052461913282 0.063788575503037778 -0.0051962287907473641 -0.0086079447520698588 -0.0020222718576930541 0.00045947793326300509 0.060421942306474553 0.0043630252167325204 -0.024434645399595754 -0.0010911363816939509 -0.024654580354627465 0.034164958538547681 0.11108685810312724
leaf_weight=4.1343640612903974 3.336114046396685 10.148939826525748 0.37601462099701066 0.31231759954243798 17.430641251849014 45.884484949754551 0.88009612332098086 0.63376787747256491 0.47687208373099621 0.4256202250253408 0.31132045853883017 0.16037132311612368 0.51749945222400129 0.76791719673201442 27398.60883004521 132.71900817891583 185.96729968115687 1614.554162657354 7.7009634831920257 606.34102997253649 114.72732214350253 2397.9133870955557 248.21598361805081 22.38042610464618 180.49203521246091 5.5896964543499044 45.850020296638831 17.573538986034695 61.020818730583414 1.9865198228508223
leaf_count=107 70 107 7 12 1940 4871 44 85 20 28 46 14 51 20 258267 997 4098 13577 54 9550 775 25233 2959 399 1713 95 1184 480 1448 37
internal_value=-1.01595e-05 -0.0322385 2.96488e-06 -0.0150505 -0.0163559 -0.0176148 0.00778556 0.100054 0.142279 0.188276 0.234148 0.478862 0.168648 0.0986327 3.40218e-05 0.0016109 0.00195757 0.00422539 -0.000241922 -0.000742465 0.00681462 -0.000267391 0.00635635 -0.00109196 0.00960931 0.0434638 0.0180537 0.0284153 0.0402086 -0.0108687
internal_weight=33127.4 13.4851 33114 68.1769 67.8646 67.4886 21.6041 4.17346 3.29337 2.6596 2.23398 0.471692 1.76229 1.28542 33045.8 5647.17 5514.45 2722.1 992.823 985.122 1729.28 2792.34 378.781 2606.38 208.462 27.9701 130.565 84.7152 65.1552 19.5601
internal_count=328288 177 328111 7138 7126 7119 2248 308 264 179 151 60 91 71 320973 62706 61709 30171 15819 15765 14352 31538 6215 27440 2207 494 3256 2072 1555 517
cat_boundaries=0 1 2 3
cat_threshold=83672 17193430 834
is_linear=0
shrinkage=0.05


Tree=172
num_leaves=31
num_cat=4
split_feature=17 20 15 20 30 6 23 0 13 26 2 1 15 21 26 1 1 25 16 23 7 16 6 6 15 15 18 14 21 20
split_gain=5.56477 10.7173 9.24157 15.8572 13.818 10.8918 16.7469 13.0148 17.2396 12.5779 10.3629 12.6323 13.678 21.9408 10.7114 12.7005 11.3667 10.5012 10.1642 11.7052 10.1578 11.2439 10.0767 10.6834 9.71486 10.3363 12.0794 9.47723 11.5125 9.30466
threshold=28.335000000000004 28.035000000000004 6.285000000000001 42.82500000000001 -0.086315732290308533 42.500000000000007 3.8166666666666669 4.5000000000000009 40.310000000000009 0.54631217838765023 0 1 6.705000000000001 1.0000000180025095e-35 0.70074626865671652 2 3 1.0000000180025095e-35 58.650000000000006 3.2928571428571431 54.150000000000013 64.685000000000016 53.500000000000007 27.500000000000004 66.540000000000006 62.090000000000011 48.405000000000008 6.7350000000000012 0.43650793650793657 43.645000000000003
decision_type=2 2 2 2 8 2 10 2 2 8 1 1 2 10 8 1 1 8 2 10 2 2 2 2 2 2 2 2 10 2
left_child=1 -1 3 -3 5 6 9 -8 -9 -5 14 24 13 -13 16 17 -4 22 -17 20 21 -20 23 -16 25 -12 -27 28 -19 -6
right_child=-2 2 10 4 29 -7 7 8 -10 -11 11 12 -14 -15 15 18 -18 27 19 -21 -22 -23 -24 -25 -26 26 -28 -29 -30 -31
leaf_value=0.0035293630402560071 0.00036678429935356975 -0.021634983315985554 0.0035814632190906016 0.15161475529087284 0.026581159850492822 -0.0066777309176227016 -0.013146478319960556 -0.051104014654454757 0.28873862191445399 0.029540397643775897 0.00071080271280174988 -0.060809274781249784 -0.0055582559692590331 0.19306197146416854 -0.026141333911011991 -0.010566225326118363 -0.0033575263829121165 0.02595825506686843 0.033054230608346877 0.036472268420423747 -0.06076702186736193 -0.011078047174563054 -0.038993675089332047 0.017799187696584669 -0.018752332866947923 0.037447197989306479 -0.051948856833669822 0.054869447617275052 -0.043819382538239665 -0.0063254776142164021
leaf_weight=1078.6444560028613 24736.100813853322 147.94341774750501 1067.1069070673548 5.2996470853686342 22.260702020488679 13.301112213637678 9.0438061952590925 0.64793381514027604 0.88001305190846324 3.5060321409255275 1429.7593642212451 1.40886375401169 2157.0438356967643 2.1496277218684554 16.097008598037064 119.02201897790655 1295.5966091740411 67.513849199749529 23.267507577314973 31.181853331625462 6.3474543392658225 38.009116554632783 10.758586104027925 98.355275562033057 62.404337082058191 33.267225604504347 4.262992766685783 26.144591861404479 6.4784327037632456 614.05043762072455
leaf_count=11143 239710 2424 10110 50 396 173 125 41 32 27 14976 27 21797 34 124 994 12740 497 137 201 40 225 117 747 507 251 37 157 40 10409
internal_value=-1.06643e-05 -0.00112326 -0.00180949 -0.00682168 -0.0035458 0.0281635 0.0520792 0.00965663 0.144627 0.10301 -0.00117918 -0.0029159 -0.00537181 0.0925503 0.00111139 0.00824841 -0.000222608 0.0162038 -0.000693654 0.0111287 -0.000557392 0.00567954 0.00727037 0.0116192 0.000565279 0.00139072 0.0272929 0.0289923 0.0198488 -0.00517427
internal_weight=33127.9 8391.75 7313.11 816.933 668.99 32.6785 19.3774 10.5718 1.52795 8.80568 6496.18 3690.3 2160.6 3.55849 2805.88 443.176 2362.7 225.348 217.828 98.8059 67.6241 61.2766 125.211 114.452 1529.69 1467.29 37.5302 100.137 73.9923 636.311
internal_count=328288 88578 77435 13677 11253 448 275 198 73 77 63758 37629 21858 61 26129 3279 22850 1682 1597 603 402 362 988 871 15771 15264 288 694 537 10805
cat_boundaries=0 1 2 3 4
cat_threshold=310 8284416 27623798 5413254
is_linear=0
shrinkage=0.05


Tree=173
num_leaves=31
num_cat=3
split_feature=24 7 15 26 22 32 3 1 2 30 32 31 28 16 23 13 18 18 12 7 16 31 32 17 19 11 27 0 26 2
split_gain=5.52193 9.73477 13.764 13.9513 10.2833 9.76544 8.37904 10.2205 14.6435 10.9394 8.39706 8.03713 8.76354 8.14092 7.72922 9.20283 7.62276 8.24542 7.19928 9.18145 12.081 9.45806 9.43924 10.0898 10.3661 9.26045 7.3092 7.30886 7.15287 6.86621
threshold=0.10050000000000002 49.650000000000013 39.300000000000004 0.30583900226757377 0.5277777777777779 0.25934661076170512 1.5000000000000002 0 1 0.13955067567567572 0.32533002824695917 123.50000000000001 1633.3335707213885 90.160000000000011 3.683333333333334 58.515000000000008 61.125000000000007 60.295000000000009 51.780000000000008 52.45000000000001 52.955000000000005 16.500000000000004 0.34790571747093491 31.915000000000003 31.085000000000004 7.1550000000000011 6.5000000000000009 3.5000000000000004 0.27361853832442073 2
decision_type=8 2 2 10 8 8 2 1 1 8 10 2 2 2 10 2 2 2 2 2 2 2 10 2 2 2 10 2 8 1
left_child=1 2 5 4 -4 -1 -3 11 -9 10 -10 13 -13 14 16 -16 17 -8 19 20 -12 -22 -21 -24 -25 -23 -20 28 -26 -2
right_child=29 6 3 -5 -6 -7 7 8 9 -11 18 12 -14 -15 15 -17 -18 -19 26 22 21 25 23 24 27 -27 -28 -29 -30 -31
leaf_value=0.087798846898535537 -0.0027820548550373078 -0.010744717633941513 0.15897716779958926 0.0011892041091637912 0.049364867589381592 -0.014231373720528183 0.0066236381014299047 -0.016064894935559085 0.063883563649090591 -0.05927677202533102 -0.033928646390817677 0.12485819513855985 0.022178332030819047 0.098890217867473401 -0.048375401864495654 0.064732161359563931 0.03986454678620701 -0.079653544858279426 8.4710886785994781e-05 -0.053298772712929765 0.069594240838805832 -0.0022702781139879052 0.0026360908866509183 0.12450228170252242 0.11980106714569785 0.079571888949672681 -0.065528153967425021 -0.010676304469781364 0.028281399932579804 0.00010218807850391327
leaf_weight=2.8113792641088429 2203.7905038171448 87.299607497174293 4.6390658421441886 4.6830064058303824 3.9714868944138297 14.142048455774782 147.68272150494158 88.567647397518158 7.3903152169659725 5.5962092075496903 14.141978947445748 3.3888954035937768 5.3721100017428398 2.7109655588865271 2.1227716673165551 11.767711904831229 17.507320147007704 2.822160303592681 42.747276266105473 2.4509976021945503 7.7128754872828713 27.872368783690039 8.0918211257085222 5.8675090018659857 3.9535510018467876 3.9456342021003357 4.7124722748994818 4.1115655517205587 4.6413608938455591 30378.98350311711
leaf_count=45 26367 930 42 25 34 133 1051 635 60 43 131 26 34 16 23 109 128 23 323 24 57 244 76 47 25 35 29 49 24 297500
internal_value=-1.03987e-05 0.00499154 0.0325554 0.0706452 0.10842 0.00268825 0.0033647 0.00626171 -0.00106865 0.00864728 0.0120372 0.0143614 0.0618965 0.0128835 0.0116017 0.0474468 0.0086382 0.00500583 0.00909547 0.0179957 0.00573171 0.01992 0.0406027 0.0492337 0.0695341 0.00787867 -0.00643026 0.0441513 0.0703793 -9.3715e-05
internal_weight=33125.5 542.725 30.247 13.2936 8.61055 16.9534 512.478 425.178 231.804 143.236 137.64 193.375 8.76101 184.614 181.903 13.8905 168.012 150.505 130.249 82.7897 53.6729 39.5309 29.1168 26.6658 18.574 31.818 47.4597 12.7065 8.59491 32582.8
internal_count=328288 4421 279 101 76 178 4142 3212 1802 1167 1124 1410 60 1350 1334 132 1202 1074 1064 712 467 336 245 221 145 279 352 98 49 323867
cat_boundaries=0 1 2 3
cat_threshold=32547974 668 4096
is_linear=0
shrinkage=0.05


Tree=174
num_leaves=31
num_cat=4
split_feature=4 11 12 6 18 24 14 14 1 27 30 1 15 16 2 18 11 15 15 16 25 1 10 12 26 29 30 32 24 26
split_gain=5.50166 8.01612 8.63547 10.7556 8.06551 10.5491 17.0431 11.7611 11.6278 11.8519 8.25781 12.5544 9.1384 9.34746 8.93102 11.5072 10.8883 8.24372 7.75599 7.72125 7.60203 10.9834 11.6928 12.6851 17.434 13.8737 9.89249 11.5334 18.5323 9.00813
threshold=1.5000000000000002 6.0250000000000012 36.20000000000001 44.500000000000007 54.180000000000007 0.11800000000000002 5.3850000000000007 6.3250000000000011 0 2.5000000000000004 -0.003289969834087469 1 49.185000000000009 63.905000000000008 2 52.565000000000005 6.4450000000000012 66.785000000000011 68.460000000000022 85.535000000000011 0.58333333333333337 3 0.19500000000000003 17.275000000000002 0.043797953964194385 4.7500000000000009 -0.042984033613445376 0.32234123531970427 0.14612500000000003 0.055050505050505051
decision_type=2 2 2 2 2 8 2 2 1 8 8 1 2 2 1 2 2 2 2 2 10 1 8 2 10 2 8 10 10 10
left_child=20 19 -3 -4 10 6 -6 -8 9 18 11 14 -12 -14 15 16 -5 -13 -7 -2 -1 22 23 24 -22 -26 27 -23 29 -29
right_child=1 2 3 4 5 8 7 -9 -10 -11 12 17 13 -15 -16 -17 -18 -19 -20 -21 21 26 -24 -25 25 -27 -28 28 -30 -31
leaf_value=-0.00010460278716752138 -0.012923611661476082 0.016506237126324541 -7.1438893780940348e-05 -0.036811358339506849 0.138701297918113 0.008451355314994519 -0.082306136878047109 0.019127179381058471 -0.016267507214230197 0.070731022934280782 -0.011923748972263726 -0.025121924324653534 0.022079267188632679 -0.047270662488214897 -0.00786828078028615 0.11035832100143057 0.039357375982215149 0.029257877720715027 -0.079299417134949202 0.071704943246506392 0.0044448536568969382 -0.023664589581658013 0.033678648128519027 0.0044343110195805757 0.040468451508752563 0.20617548651849762 -0.0015343824536776926 0.035459832442226412 0.034101381061437404 -0.0084832651979928255
leaf_weight=27440.844563724357 201.79019420733675 65.035363969393075 1630.8907536473125 6.0591738773509922 2.8263079393655053 43.21892352309078 3.0727675007656208 40.844297161325812 103.6498789745383 7.6049987506121388 65.86482310667634 76.778994807973504 5.4281368460506192 46.337359413504601 33.601354016922414 4.2899390663951626 20.791921624913812 7.665046948939561 2.6739064268767825 2.7317046290263525 6.9030908076092583 21.064380379859358 35.984809764660895 1507.1496089058928 2.4295966066420078 2.6309654442593455 1584.3131570285186 14.155501965433357 72.640422531403601 66.222181642428041
leaf_count=278422 2561 686 16421 76 26 403 31 382 1047 62 695 834 54 477 373 43 216 81 22 25 109 225 361 11274 20 32 12260 127 530 413
internal_value=-1.03589e-05 -0.00233101 -0.0014378 -0.00199309 -0.00865117 -0.00116401 0.0196892 0.0120301 -0.00736677 0.0108843 -0.0143726 -0.00656187 -0.0242786 -0.0399986 0.00970844 0.0259765 0.0221693 -0.0180485 0.00333863 -0.0117933 0.000168563 0.00243079 0.00547348 0.00484139 0.0561238 0.126619 -0.000289591 0.0110225 0.0157975 -0.000744343
internal_weight=33125.5 2371.16 2166.63 2101.6 470.708 203.891 46.7434 43.9171 157.148 53.4978 266.817 149.186 117.63 51.7655 64.7424 31.141 26.8511 84.444 45.8928 204.522 30754.3 3313.49 1555.1 1519.11 11.9637 5.06056 1758.4 174.082 153.018 80.3777
internal_count=328288 24515 21929 21243 4822 1973 439 413 1534 487 2849 1623 1226 531 708 335 292 915 425 2586 303773 25351 11796 11435 161 52 13555 1295 1070 540
cat_boundaries=0 1 2 3 4
cat_threshold=10573340 17490322 2016 23620036
is_linear=0
shrinkage=0.05


Tree=175
num_leaves=31
num_cat=3
split_feature=10 15 24 1 30 1 13 15 13 23 30 6 14 17 30 6 2 0 0 32 27 31 18 13 11 18 15 30 32 4
split_gain=5.5034 9.09071 15.916 12.8115 15.7273 11.8141 17.4207 15.7639 10.7307 10.24 13.1923 9.71785 12.3029 9.27364 20.059 9.00811 8.79876 9.08074 11.4532 10.8845 9.95843 23.9889 13.6994 9.85608 18.9806 11.224 14.5774 10.9709 8.88284 8.65952
threshold=0.18500000000000003 6.705000000000001 0.24800000000000005 0 -0.14899999999999991 1 66.375000000000014 10.050000000000002 69.040000000000006 3.1547619047619051 0.13182193263833206 27.500000000000004 3.9050000000000007 40.785000000000004 0.11976376811594204 56.500000000000007 2 3.5000000000000004 2.5000000000000004 0.38920537303770847 12.500000000000002 37.500000000000007 51.025000000000013 30.500000000000004 3.8750000000000004 41.945000000000007 22.890000000000004 -0.01435877684407094 0.13896316102198458 1.0000000180025095e-35
decision_type=8 2 8 1 8 1 2 2 2 10 10 2 2 2 10 2 1 2 2 8 8 2 2 2 2 2 2 8 8 2
left_child=-1 2 3 8 -5 6 7 11 13 10 -9 -3 -13 -2 -15 -7 17 18 19 29 -19 22 -22 -20 -25 26 27 -26 -27 -11
right_child=1 5 -4 4 -6 15 -8 9 -10 16 -12 12 -14 14 -16 -17 -18 20 23 -21 21 -23 -24 24 25 28 -28 -29 -30 -31
leaf_value=0.00022769798561313233 -0.017475889351596639 0.057453152118162591 -0.034397150080888332 0.14307537138102511 0.00032764994982244829 -0.0015896285761934038 -0.025449051840517718 0.01766230169418986 0.10264961234244517 0.0061311988799813691 -0.025711354725359688 -0.015170755603856221 0.10621894056988131 -0.0019494881359590416 0.13293007875680679 -0.012956059331306211 -0.0049200630779759925 -0.012289170753921712 -0.021322854008769425 -0.03214060487796927 0.086757330519741868 -0.017625597586325179 0.40232995359438439 0.20020454790959277 0.27985771346527571 0.14120396346961103 0.031692428237584939 0.089679409525439513 0.017964248008288383 0.045991090455169512
leaf_weight=29144.647239170037 253.03878528694622 23.142868391703814 48.221642283257097 1.9382836148142812 427.88613432715647 2051.9238019834738 47.320493292994797 195.16585563961416 2.0034821871668091 175.83629845175892 19.261264835484326 12.240407032892106 2.5163961471989742 51.735310670919716 2.9116307189688078 190.49379681469873 307.00554904784076 74.930779285496101 7.727357422001659 17.354800790548325 0.71875264542177209 2.763338883407414 0.65943668223917484 1.7696684785187233 1.3486595377326009 1.5207184888422478 4.4891940634697676 1.7325045838952058 37.961228033527732 14.770355295389889
leaf_count=267494 7093 340 2157 31 11511 24462 352 1885 16 1215 171 210 33 1427 32 2637 4206 1949 154 112 23 65 20 30 24 22 50 24 445 98
internal_value=-1.0474e-05 -0.00175438 -0.0065649 -0.00475004 0.000949282 -0.000567466 0.00408037 0.00567316 -0.0122939 0.00429028 0.0137662 0.0372358 0.00552916 -0.0134419 0.005237 -0.00254386 0.00116712 0.00655858 0.0111938 0.00576837 -0.00811756 0.0673574 0.237753 0.0311459 0.0394504 0.0334044 0.0891736 0.172923 0.022711 0.00921999
internal_weight=33125 3980.39 787.735 739.514 429.824 3192.65 950.236 902.915 309.689 865.016 214.427 37.8997 14.7568 307.686 54.6469 2242.42 650.589 343.583 264.511 207.961 79.0723 4.14153 1.37819 56.5493 48.822 47.0523 7.57036 3.08116 39.4819 190.607
internal_count=328288 60794 22267 20110 11542 38527 11428 11076 8568 10493 2056 583 243 8552 1459 27099 8437 4231 2174 1425 2057 108 43 749 595 565 98 48 467 1313
cat_boundaries=0 1 2 3
cat_threshold=26487078 17828620 6422
is_linear=0
shrinkage=0.05


Tree=176
num_leaves=31
num_cat=5
split_feature=7 17 1 30 18 32 1 1 23 16 32 6 28 20 24 0 26 18 18 21 16 2 1 12 18 26 23 32 30 20
split_gain=5.4287 11.7853 16.3213 31.5898 11.6691 17.5218 15.0378 11.4158 11.0252 10.8455 14.2447 10.7451 13.5243 24.5377 19.9393 10.5615 9.67128 9.11327 9.75061 8.82454 8.82222 8.74623 10.5156 15.3217 13.7675 18.4926 19.567 19.2723 21.1057 22.2139
threshold=55.250000000000007 11.190000000000001 0 0.016943650793650792 60.475000000000001 0.48184173339613762 1 2 4.4722222222222232 49.130000000000003 0.33021061869240903 43.500000000000007 1419.3887251575638 50.955000000000005 0.17585714285714291 3.5000000000000004 0.73123827392120078 37.945000000000007 54.180000000000007 0.38750000000000007 45.845000000000006 3 4 38.82500000000001 46.885000000000012 0.091750841750841763 4.1833333333333345 0.13119877049180331 -0.012242481203007497 52.735000000000007
decision_type=2 2 1 8 2 8 1 1 10 2 10 2 2 2 10 2 10 2 2 10 2 1 1 2 2 8 10 10 10 2
left_child=-1 2 -2 8 6 7 16 -6 9 -4 -11 12 13 -9 -15 -12 17 -3 21 -7 -13 -19 23 24 25 27 -27 -23 29 -29
right_child=1 4 3 -5 5 19 -8 11 -10 10 15 20 -14 14 -16 -17 -18 18 -20 -21 -22 22 -24 -25 -26 26 -28 28 -30 -31
leaf_value=0.00015808726896783613 -0.0088821226991968455 -0.016479508887951952 0.10369762635208735 -0.0060981974010424688 -0.0036177484341759695 -0.010253548901732698 -0.0093050181962665204 0.019982892961984335 -0.00054879023033450143 -0.032704253251162267 0.045612792362629551 -0.011400105831935972 0.026452927994469751 0.11193327127884277 0.39259758932882322 0.15916849165687441 -0.031267371664693559 -0.0010522404273893852 -0.0072239408683481268 -0.060955027831648335 0.021130107543145565 -0.030124272428994001 0.0030956511056720267 -0.00382665958391061 0.020332850664621892 -0.005071413378479675 0.096782373414425249 0.15781941336809752 0.081638315916010201 0.42829296559527408
leaf_weight=30974.232057835907 51.600696727400646 68.106040647253394 15.551815383136274 31.318240087479353 91.957748122978956 39.507292497903109 909.21636853413656 3.8142300150357178 5.8359901652438557 4.3039528308436266 7.8931452184915525 36.781175223644823 72.379501329734921 1.691922322381288 1.0109164402820168 2.7648772401735187 23.917942613363266 245.81579457223415 185.62196907866746 10.963636623695491 48.096061483025551 2.0338281181175253 169.68729647714645 34.144108446780592 54.395976753439754 12.852988323196771 7.4475747114047399 2.833515810780225 6.2351614180952319 1.0369337573647497
leaf_count=302685 642 926 208 360 996 313 11279 92 133 58 48 494 695 29 43 37 112 2901 2113 73 436 78 2128 319 690 113 62 60 140 25
internal_value=-1.05107e-05 -0.00244078 0.0128341 0.026753 -0.00333842 0.00565594 -0.00493653 0.0109695 0.0624168 0.0744594 0.0440685 0.0182657 0.0326647 0.101654 0.216907 0.0750711 5.57877e-05 0.00100458 0.0026536 -0.0212673 0.00703328 0.00607121 0.0117282 0.0226755 0.0357075 0.0614879 0.0322952 0.110306 0.138569 0.230282
internal_weight=33123 2148.82 119.269 67.668 2029.55 306.202 1723.35 255.732 36.3498 30.5138 14.962 163.774 78.8966 6.51707 2.70284 10.658 814.129 790.211 722.105 50.4709 84.8772 536.483 290.667 120.98 86.836 32.44 20.3006 12.1394 10.1056 3.87045
internal_count=328288 25603 1486 844 24117 3171 20946 2785 484 351 143 1789 859 164 72 85 9667 9555 8629 386 930 6516 3615 1487 1168 478 175 303 225 85
cat_boundaries=0 1 2 3 4 5
cat_threshold=14719086 2790574 4820234 468 528422
is_linear=0
shrinkage=0.05


Tree=177
num_leaves=31
num_cat=4
split_feature=0 1 19 2 20 32 31 12 23 27 32 6 23 7 19 32 2 28 11 15 27 32 10 4 20 24 15 13 24 1
split_gain=5.47535 11.6139 11.3961 12.323 22.5074 13.4412 10.2946 9.12162 17.7541 16.9378 14.6152 12.8572 11.8985 10.5077 15.016 9.71761 9.42287 10.1982 14.1176 14.2948 12.4616 11.5082 10.4474 9.91144 10.3847 9.2591 15.3154 10.6212 13.9599 9.26003
threshold=2.5000000000000004 0 52.790000000000006 1 72.995000000000019 0.51433710174717373 129.50000000000003 37.155000000000008 4.2111111111111121 16.500000000000004 0.25720213396561947 62.500000000000007 2.5277777777777781 52.550000000000004 30.875000000000004 0.62973194188663817 2 1615.7070316104771 6.6550000000000011 45.425000000000004 13.500000000000002 0.45802861260876532 0.14500000000000005 2.5000000000000004 44.165000000000006 0.12050000000000001 53.175000000000004 66.375000000000014 0.14316666666666675 3
decision_type=2 1 2 1 2 8 2 2 8 10 8 2 10 2 2 10 1 2 2 2 8 10 8 2 2 10 2 2 10 1
left_child=-1 2 6 4 5 -4 -2 12 11 10 -10 16 -3 14 -14 -13 -9 18 -18 20 -20 23 -21 -19 -25 -24 27 28 -27 -28
right_child=1 7 3 -5 -6 -7 -8 8 9 -11 -12 15 13 -15 -16 -17 17 21 19 22 -22 -23 25 24 -26 26 29 -29 -30 -31
leaf_value=0.00057880794036832312 0.0011823468905438868 -0.015609375715141833 0.060031228093358292 -0.021388739472762982 -0.022185815704304411 0.23074980078621757 -0.016017791057753042 0.0015880962334870357 0.16597415351356126 0.15037954499634298 0.013165449989715271 0.086360993175963005 -0.0068120858494717888 -0.0068402244278636245 0.0026009187635291954 0.0014800573646471752 -0.0031430678819263217 0.013386439555442626 -0.0063588050281897903 0.004326727247348526 0.11006865791960546 -0.0094844304390675552 0.063368003934333547 0.081433122861598761 -0.032316014450564 0.033724281154861854 0.020640108883075242 0.032720652951184898 0.1782497833229785 -0.014333411447794181
leaf_weight=17988.642505065538 7097.2055423679994 209.01779318833724 7.093259340384976 93.089915035525337 10.325749781681223 1.3767473548650748 88.072847676463425 1726.708094466012 1.5840530283749092 2.353109583258628 128.51825016178191 7.3517223978415114 670.5712848205585 1234.306597349816 1150.7334199827164 6.2288587652146816 1395.8161609293893 103.58557225111872 137.44606798887253 100.03442876599729 2.3373603299260131 822.41713456436992 14.784474810585378 2.2058908985927728 22.197255515493453 3.5828876681625834 27.451020957902074 36.686995536088943 3.1308920318260789 28.98228966910392
leaf_count=109582 97596 3084 118 1340 135 17 854 17878 27 19 1694 71 14910 27772 24937 37 16023 920 1440 926 23 7359 143 39 391 30 248 339 33 303
internal_value=-1.08505e-05 -0.000711678 0.000723958 -0.0151096 0.0178643 0.0877805 0.000971518 -0.00204656 -0.000608051 0.0174306 0.015026 -0.00114607 -0.00406803 -0.00327854 -0.000864778 0.0474296 -0.00129507 -0.00313275 -0.000880219 0.00803117 -0.00441199 -0.00731394 0.0161342 0.00663299 -0.0220338 0.0264393 0.0209706 0.0433018 0.101122 0.00379641
internal_weight=33123.8 15135.2 7297.16 111.886 18.7958 8.47001 7185.28 7838.03 4573.4 132.455 130.102 4440.95 3264.63 3055.61 1821.3 13.5806 4427.37 2700.66 1750.25 354.436 139.783 950.406 214.653 127.989 24.4031 114.619 99.8341 43.4008 6.71378 56.4333
internal_count=328288 218706 100060 1610 270 135 98450 118646 47943 1740 1721 46203 70703 67619 39847 108 46095 28217 19508 3485 1463 8709 2022 1350 430 1096 953 402 63 551
cat_boundaries=0 1 2 3 4
cat_threshold=2313334 160 2586 29622536
is_linear=0
shrinkage=0.05


Tree=178
num_leaves=31
num_cat=4
split_feature=8 2 28 1 1 22 26 28 13 19 29 30 29 16 28 22 14 30 14 23 1 27 22 26 7 10 24 26 20 13
split_gain=5.44724 6.5946 10.2536 12.8078 9.9292 11.8311 10.7342 12.1705 12.1822 10.6603 19.2315 12.8477 8.73557 11.9676 19.8751 9.77318 9.7726 12.6007 13.4291 12.3033 8.72343 9.12191 16.9646 19.129 15.9059 10.1049 9.38138 11.1709 9.3486 8.66913
threshold=1.0000000180025095e-35 0 1533.3554686584205 1 2 0.10555555555555557 1.0000000180025095e-35 1453.839483763101 40.795000000000009 37.525000000000006 4.7500000000000009 0.063700000000000007 5.2500000000000009 56.270000000000003 1489.8273564485928 0.29285714285714287 3.2950000000000004 -0.048431481481481457 3.0100000000000002 2.8944444444444448 3 10.500000000000002 0.10555555555555557 0.04210992907801419 52.350000000000001 0.14500000000000005 0.17472222222222228 0.79337712096332791 41.195000000000007 60.945000000000007
decision_type=2 1 2 1 1 8 8 2 2 2 2 8 2 2 2 10 2 10 2 10 1 10 8 10 2 8 10 8 2 2
left_child=-1 2 20 -4 5 -3 7 8 9 11 -11 -7 16 15 -15 -14 17 -9 -19 -18 21 25 23 -23 -24 26 28 -28 -2 -6
right_child=1 4 3 -5 29 6 -8 12 -10 10 -12 -13 13 14 -16 -17 19 18 -20 -21 -22 22 24 -25 -26 -27 27 -29 -30 -31
leaf_value=0.00024164726001729884 0.080364423257098277 -0.012801610249419483 -0.0073685314788489824 0.0044652137848353287 0.00053965958065423992 -0.0018378066232211975 0.0045733808592200555 0.24899132423708115 0.18905421889118756 0.31875561332966268 0.022539055384728845 0.21833319176972821 0.1393584694768262 0.35917307706080726 0.037172839381311155 -0.052601589188911724 0.044104739841029639 0.0090586671940893447 0.17567833282535911 -0.0068301282494218091 -0.010968112312959445 0.0038655552480076774 -0.033395265925671477 0.23375043021653383 0.070096667913806518 -0.0074994314149011551 0.032669262889576195 0.15733227689773474 -0.001714266786152779 -0.0066447905233404398
leaf_weight=28667.258254709421 3.7962753241881719 84.389712471398525 369.21209657285362 565.93258760776371 1188.4415366933681 6.7270082638133308 581.90149943204597 0.81880788411945093 1.83801242802292 0.9269261518493298 1.3401593570597468 0.73498663678765197 1.0353226019069546 0.84614884946495283 1.1051047975197432 1.8440942699089644 15.558032250031827 6.0299455095082504 1.5126695372164247 49.822669464163482 621.05007295217365 1.6503041354008048 8.8606458296999318 2.0035302704200149 6.3901758098509154 223.8487486129161 10.22052637301385 2.1803838871419439 40.262014626525342 649.27558920811862
leaf_count=280369 36 1658 3070 4492 14774 204 4694 15 35 18 55 15 29 20 31 56 192 96 23 834 8519 64 89 22 77 3210 102 22 399 5068
internal_value=-1.0991e-05 -0.00163867 -0.00390424 -0.00023801 -3.20595e-06 0.00478138 0.00706046 0.0231159 0.0709999 0.0486971 0.143651 0.0198485 0.0160667 0.0812046 0.176806 0.0164195 0.0117996 0.0626978 0.0424742 0.00529036 -0.00767219 -0.000449526 0.0331522 0.12992 0.00996841 -0.00273175 0.0161711 0.0545881 0.00535803 -0.00198783
internal_weight=33116.8 4449.56 1855.41 935.145 2594.15 756.431 672.041 90.1399 11.5671 9.72908 2.26709 7.46199 78.5728 4.83067 1.95125 2.87942 73.7421 8.36142 7.54262 65.3807 920.263 299.213 18.9047 3.65383 15.2508 280.308 56.4592 12.4009 44.0583 1837.72
internal_count=328288 47919 20102 7562 27817 7975 6317 1623 327 292 73 219 1296 136 51 85 1160 134 119 1026 12540 4021 252 86 166 3769 559 124 435 19842
cat_boundaries=0 1 2 3 4
cat_threshold=4280 12327010 28328992 397546
is_linear=0
shrinkage=0.05


Tree=179
num_leaves=31
num_cat=1
split_feature=6 0 4 10 1 27 16 16 24 31 23 23 15 28 13 32 11 31 4 32 7 21 25 12 11 23 30 30 24 32
split_gain=5.42757 5.57358 7.90436 9.3552 9.57211 11.7101 14.7041 25.3033 14.3453 34.7667 9.77475 8.48032 13.9141 10.8082 22.1036 7.73526 18.3544 7.368 11.9749 44.7111 10.3532 17.1887 8.57425 8.17788 14.6507 7.97695 7.77548 14.0275 19.7543 18.8676
threshold=64.500000000000014 5.5000000000000009 2.5000000000000004 0.15500000000000003 0 9.5000000000000018 45.415000000000013 47.345000000000006 0.16387500000000005 32.500000000000007 1.3166666666666669 2.2111111111111117 29.190000000000005 1592.1446842536641 57.945000000000007 0.54702343726733982 6.8050000000000006 6.5000000000000009 1.5000000000000002 0.4041273333806516 45.750000000000007 0.18333333333333338 inf 55.870000000000012 7.0550000000000006 2.5277777777777781 0.023476066627703133 0.012775000000000024 0.19707142857142859 0.19279809822248639
decision_type=2 2 2 10 1 8 2 2 10 2 8 8 2 2 2 10 2 2 2 10 2 10 8 2 2 10 8 10 8 10
left_child=1 -1 3 -3 5 11 -7 -8 -9 -10 -6 12 13 14 -5 -14 -17 20 22 -20 21 -12 23 -19 25 -25 27 -22 29 -29
right_child=-2 2 -4 4 10 6 7 8 9 -11 17 -13 15 -15 -16 16 -18 18 19 -21 26 -23 -24 24 -26 -27 -28 28 -30 -31
leaf_value=0.00016216067719250537 -0.016644191092343462 0.0017422573594064053 -0.018975338056802959 -0.0050909445658110682 0.20635802744718143 -0.020859480558576629 0.35078922294483594 -0.010275534456477775 0.35557206186833157 0.013343922861555751 -0.010591376660743525 -0.018171778647653104 -0.029185688736321731 0.023092791972083287 0.30790003822690909 0.16026624769388448 -0.013262059698052935 -0.0062588661109392032 0.50999062443813969 -0.020077457391580306 0.017965133021742394 0.26099217804213587 0.17833665285743691 0.036193938979484398 -0.0061871008846687454 0.1417727116092643 -0.0058998186792756646 0.36849906706382918 0.46980046708481099 0.019445642821720645
leaf_weight=31420.501489052083 48.973032800480723 794.13490065804217 72.399076861795038 1.0335137536749273 0.56574851274490257 8.2230954468250292 0.74558813124894996 4.6862072711810452 1.1009777840226891 2.2767905509099364 1.2222867992240929 263.40097993426025 13.87066242285073 3.1894788946956396 1.2418776368722317 2.0792844872921696 5.7044847123324871 397.0663821361959 0.5346727804280812 1.5543301654979584 19.160312874708328 1.1132383020594714 0.64080298040062089 4.0088844131678369 12.412325106561182 3.2309332406148314 28.831766982097179 0.47667399677447964 0.38400180800817896 2.0612258072942495
leaf_count=273090 604 18338 3327 23 5 570 33 127 38 81 84 12703 254 46 25 26 64 16394 35 53 920 30 14 43 130 44 1048 39 33 67
internal_value=-1.11075e-05 1.35258e-05 -0.00282144 -0.00207886 -0.00596515 -0.0126568 0.0272253 0.072109 0.0463425 0.124893 -0.00132117 -0.0154307 0.0111923 0.0824844 0.165735 -0.00679948 0.0330927 -0.00159768 -0.00382187 0.115592 0.0159223 0.11886 -0.00441957 -0.0047006 0.0267838 0.0833109 0.0112004 0.0335273 0.135576 0.0850056
internal_weight=33116.8 33067.9 1647.35 1574.95 780.817 307.553 17.0327 8.80956 8.06398 3.37777 473.264 290.52 27.1193 5.46487 2.27539 21.6544 7.78377 472.698 419.448 2.089 53.2495 2.33553 417.359 416.719 19.6521 7.23982 50.914 22.0822 2.9219 2.5379
internal_count=328288 327684 54594 51267 32929 13990 849 279 246 119 18939 13141 438 94 48 344 90 18934 16713 88 2221 114 16625 16611 217 87 2107 1059 139 106
cat_boundaries=0 1
cat_threshold=21387848
is_linear=0
shrinkage=0.05


Tree=180
num_leaves=31
num_cat=7
split_feature=19 1 17 1 16 26 7 17 2 21 14 12 12 0 18 20 19 26 32 1 12 11 20 11 2 1 1 6 4 17
split_gain=5.35346 10.7441 10.434 15.4093 10.9824 12.6426 11.5822 13.5609 9.27904 9.12359 12.2589 12.5957 11.4488 9.6701 13.7274 14.1537 9.20886 9.33119 8.92182 14.9736 11.7852 9.45967 12.3667 9.38479 8.87344 12.6517 12.0866 13.3243 12.4282 11.9074
threshold=34.07500000000001 0 22.870000000000001 1 64.730000000000004 0.36451048951048953 54.550000000000004 20.885000000000002 2 0.23611111111111113 5.3950000000000005 30.855000000000004 43.435000000000009 3.5000000000000004 36.180000000000007 57.335000000000008 40.900000000000006 0.16823899371069184 0.59667323719611309 3 65.780000000000015 7.6850000000000014 55.010000000000012 7.5650000000000004 4 5 6 27.500000000000004 3.5000000000000004 44.470000000000006
decision_type=2 1 2 1 2 10 2 2 1 8 2 2 2 2 2 2 2 8 10 1 2 2 2 2 1 1 1 2 2 2
left_child=24 8 3 4 5 6 9 -8 -2 10 13 -12 -13 14 16 -16 -3 -18 21 -20 -21 -4 -23 -22 25 29 -26 28 -28 -1
right_child=1 2 18 -5 -6 -7 7 -9 -10 -11 11 12 -14 -15 15 -17 17 -19 19 20 23 22 -24 -25 26 -27 27 -29 -30 -31
leaf_value=-0.00099067811373232091 0.0083262079124153034 -0.016063961481256959 0.00019646056417047528 -0.0089134765211988133 -0.017796695067159748 -0.010438860199404466 0.13702550621019072 -0.0019722082960947135 0.0016015878526850849 -0.013600052533179927 -0.028995225600561076 0.16156500085356315 0.032275424239701297 -0.018302319790852006 0.15605499575674511 0.026311401095000381 -0.0001035207571263372 0.1129944897895703 0.0074535020069796346 -0.025625694113438399 0.073259267190065577 0.048683139840053298 0.0012050224712449658 -0.0058288420650173083 0.0017241938697649013 -0.0051396981800466788 0.0032368666635204445 -0.0021356424939595327 0.10366751919407645 0.01167103060938697
leaf_weight=1770.6033543213271 551.47381356987171 11.090310497209435 7115.5718361975159 668.03340421174653 26.376623479183763 26.83389063924551 4.9657416888512662 2.7136613167822361 6219.7646721464116 13.451355783268808 1.9374342234805206 4.6791431857272983 2.7004602747038007 11.30307419109158 4.1130401138216239 4.2991998642683029 3.659088533371686 3.6360149085521698 80.691297049634159 123.96890334226191 5.3439284712076214 23.275715401396155 33.391287638805807 12.583313673734663 5957.4161192466272 2258.7895373805659 1247.9222687121946 6713.0237878873013 3.0880775153636923 207.43709119292907
leaf_count=18622 5453 136 70821 7081 228 123 78 51 60520 151 33 52 25 373 41 42 61 19 547 867 30 184 290 73 58727 24316 15495 61917 30 1902
internal_value=-1.13147e-05 0.000689192 -0.000530227 -0.00599352 0.0099424 0.0186556 0.0300449 0.0879081 0.00216074 0.0227447 0.0330549 0.0844655 0.114253 0.0204831 0.0368426 0.0897476 0.0126359 0.0562666 5.25538e-05 -0.00980592 -0.0188197 0.000358508 0.0207064 0.0177465 -0.000588279 -0.00258875 2.23849e-05 -0.0012512 0.00348478 0.000335459
internal_weight=33114.1 14955.9 8184.62 789.792 121.759 95.3824 68.5485 7.6794 6771.24 60.8691 47.4178 9.31704 7.3796 38.1007 26.7977 8.41224 18.3854 7.2951 7394.83 222.587 141.896 7172.24 56.667 17.9272 18158.3 4236.83 13921.5 7964.03 1251.01 1978.04
internal_count=328288 147279 81306 8494 1413 1185 1062 129 65973 933 782 110 77 672 299 83 216 80 72812 1517 970 71295 474 103 181009 44840 136169 77442 15525 20524
cat_boundaries=0 1 2 3 4 5 6 7
cat_threshold=26772666 4456448 2 2106176 5152 16899252 6767428
is_linear=0
shrinkage=0.05


Tree=181
num_leaves=31
num_cat=3
split_feature=7 22 1 21 23 31 13 17 7 10 6 27 1 1 24 16 15 7 24 19 0 22 14 24 19 7 10 15 28 17
split_gain=5.34494 5.5811 5.85808 9.03265 8.7561 8.74312 7.44468 6.48281 5.96789 5.28887 8.54076 8.36884 15.7065 14.6702 12.2853 12.367 14.1676 11.821 12.1049 13.9243 11.7645 11.4607 11.4582 11.0974 10.485 9.61607 10.3046 9.52436 8.50638 8.44934
threshold=60.350000000000001 1.0000000180025095e-35 0 1.0000000180025095e-35 4.4722222222222232 44.500000000000007 29.190000000000005 31.065000000000001 62.350000000000001 0.18500000000000003 64.500000000000014 1.0000000180025095e-35 1 2 0.21612500000000004 42.120000000000012 26.570000000000004 59.850000000000001 0.19527777777777786 55.290000000000006 3.5000000000000004 0.11805555555555557 6.0550000000000006 0.19788888888888892 28.540000000000003 44.250000000000007 0.19500000000000003 23.830000000000002 1486.6793477627043 28.865000000000006
decision_type=2 10 1 8 10 2 2 2 2 8 2 10 1 1 10 2 2 2 8 2 2 10 2 10 2 2 10 2 2 2
left_child=9 -2 3 5 7 -3 -7 8 -5 -1 11 13 22 14 25 -16 21 18 -14 -20 -18 -17 -13 -19 28 26 -11 -23 -24 -15
right_child=1 2 -4 4 -6 6 -8 -9 -10 10 -12 12 17 29 15 16 20 23 19 -21 -22 27 24 -25 -26 -27 -28 -29 -30 -31
leaf_value=0.00024583914813848653 -0.047878671947234816 0.0021801504985155501 -0.020456950026561917 -0.05966316212964911 0.12523970254198735 0.055844393909168434 0.20858934161031445 -0.0583089342088077 0.079807571916224132 -0.055604643862089922 -0.035306878474703512 -0.0077936172657205628 0.0052257959944457151 -0.017638060911067618 0.0020676451226837693 0.041460563110173911 0.0543007920658308 -0.016187102699501809 -0.0038949919657237848 0.064889005020970822 -0.033274406862498142 0.11898192136488069 0.10621889902756483 0.19221617026584817 0.00074193661361309925 -0.0014592603359460808 0.14843155000056849 0.31835203268618384 0.02595595349911908 -0.0059424078369784694
leaf_weight=29106.020806896966 11.16360720223747 2.5364636713638875 18.382135856430978 1.1884183892980202 1.1046002879738814 1.727274861186743 1.4823128865100441 5.3584924452006817 2.1629591002129018 0.87538960040546898 18.816479508532211 752.19109560584184 1252.2983114868402 215.09840003738645 27.983105872524902 1.9533755518496061 15.867680927738549 1.0722959213890129 656.77703481819481 7.4409889061935237 5.0570570304989806 1.4077823692932727 3.9253365946933654 1.580016646068543 68.912207662593573 361.14818238490261 2.11125931981951 1.0427517304196952 20.756846122443676 547.44728244282305
leaf_count=266795 268 67 384 23 28 32 23 108 39 47 299 11893 15742 4327 872 38 132 18 9962 107 158 26 41 26 541 6182 26 19 155 9910
internal_value=-1.0966e-05 -0.0172109 -0.0071244 0.0132545 -0.00737609 0.0715593 0.126388 -0.0241947 0.0303504 1.24942e-05 -0.00170096 -0.00154067 -3.62221e-05 -0.00506589 0.00250174 0.0249789 0.0502912 0.00246495 0.00233181 -0.00312443 0.0331358 0.131804 -0.00567368 0.107961 0.0107575 -0.000720358 0.0886284 0.203818 0.0387206 -0.00912189
internal_weight=33114.9 45.1063 33.9427 15.5605 9.81447 5.74605 3.20959 8.70987 3.35138 33069.8 3963.76 3944.95 2764.95 1179.99 417.447 53.3118 25.3286 1919.17 1916.52 664.218 20.9247 4.40391 845.785 2.65231 93.5944 364.135 2.98665 2.45053 24.6822 762.546
internal_count=328288 972 704 320 198 122 55 170 62 327316 60521 60222 38485 21737 7500 1245 373 25855 25811 10069 290 83 12630 44 737 6255 73 45 196 14237
cat_boundaries=0 1 2 3
cat_threshold=10127058 14958866 21250840
is_linear=0
shrinkage=0.05


Tree=182
num_leaves=31
num_cat=5
split_feature=27 7 23 17 1 30 17 16 6 15 1 15 23 2 11 2 19 17 17 21 6 19 20 26 18 2 7 16 30 28
split_gain=5.24397 5.94132 5.66777 7.22748 6.95919 8.03671 10.7772 9.30993 5.85126 10.2194 9.96338 11.0211 11.3807 14.7304 11.3414 11.3163 10.1987 11.9199 10.3099 9.67996 9.5491 9.49005 9.209 13.5877 17.8368 14.8913 13.1823 12.9148 9.54652 8.97698
threshold=50.500000000000007 54.350000000000001 5.4142857142857155 71.655000000000015 0 0.0021616729816379969 43.765000000000008 12.565000000000003 28.500000000000004 63.185000000000009 1 17.610000000000003 3.5857142857142863 2 7.3350000000000009 3 27.090000000000003 15.820000000000002 45.475000000000009 1.0000000180025095e-35 21.500000000000004 31.915000000000003 61.355000000000011 0.10582306830907055 56.845000000000006 4 46.750000000000007 67.66500000000002 -0.049398484848484824 1617.3066720216966
decision_type=10 2 10 2 1 10 2 2 2 2 1 2 8 1 2 1 2 2 2 10 2 2 2 8 2 1 2 2 10 2
left_child=2 -2 8 4 5 -4 7 -7 9 10 11 14 -13 16 15 19 -14 -18 -19 -1 -12 -20 -22 24 27 26 -25 -24 -26 -15
right_child=1 -3 3 -5 -6 6 -8 -9 -10 -11 20 12 13 29 -16 -17 17 18 21 -21 22 -23 23 25 28 -27 -28 -29 -30 -31
leaf_value=0.016586884586390471 -0.044296211691459142 0.05452726771273933 -0.0018624635456646805 0.19701623286295261 -0.023235945208704097 0.011924461937263792 0.32872091840278261 0.21187333431326139 -0.00027121260138988576 -0.012237389749790904 0.01063102699515627 0.0039632457292836211 0.023641192659118751 0.020038594325736653 0.059958201866522599 -0.0049166430515357688 0.067457422339884401 -0.010124197467035313 0.13366314832801265 4.5018671444392431e-05 -0.0019440565293764576 0.01770974613655461 0.039250224867946867 -0.03583735437408072 0.15582367023721866 -0.011346435077950941 0.030956671328755205 0.17946871286348384 -0.032544369005723051 0.075968457788848198
leaf_weight=139.9297794715967 11.600973515072836 1.7503841277211893 14.986281224410051 0.4014443252235641 47.739749971078709 2.9771897508762772 0.38580573792569328 0.72367791365832079 27381.604821941582 132.28652934031561 187.05930285365321 1277.2068166574463 44.574239891953766 246.65550554357469 7.7675806879997245 603.74185226950794 5.7162922648712984 139.29195367870852 2.0878176139667621 240.34045594953932 2395.0920474133454 11.397576901130376 43.006337446859106 8.5949540659785253 0.71192724723368783 90.850446324795485 52.550522060599178 1.7073631091043342 12.182910830946637 7.3892791476100674
leaf_count=3434 151 26 1638 12 5231 226 14 17 258267 997 4098 9752 416 2555 54 9550 58 1383 20 2781 25233 99 870 54 13 643 373 27 227 69
internal_value=-1.10707e-05 -0.0313403 1.56681e-06 -0.014503 -0.0157739 0.00989719 0.0772393 0.051023 3.10812e-05 0.00149605 0.0018253 0.00396768 0.00638634 0.0131566 -0.000221824 -0.000696872 0.00239402 -0.00343042 -0.00608275 0.00597488 -0.000279899 0.0356617 -0.00106455 0.00898527 0.0296636 0.0011479 0.0185362 0.0446044 -0.0221445 0.0208449
internal_weight=33112.3 13.3514 33099 67.2141 66.8127 19.073 4.08667 3.70087 33031.7 5650.14 5517.85 2726.1 1734.32 457.113 991.78 984.012 203.068 158.494 152.777 380.27 2791.76 13.4854 2604.7 209.604 57.6085 151.996 61.1455 44.7137 12.8948 254.045
internal_count=328288 177 328111 7138 7126 1895 257 243 320973 62706 61709 30171 14352 4600 15819 15765 1976 1560 1502 6215 31538 119 27440 2207 1137 1070 427 897 240 2624
cat_boundaries=0 1 2 3 4 5
cat_threshold=83544 17193430 2444 834 1704
is_linear=0
shrinkage=0.05


Tree=183
num_leaves=31
num_cat=3
split_feature=4 11 16 12 24 20 26 30 7 2 14 28 15 28 24 18 26 21 31 1 26 1 30 14 25 29 28 7 7 14
split_gain=5.2086 7.57033 10.7339 9.79204 10.3754 9.87366 9.43197 10.4958 8.56862 10.373 12.7832 18.832 13.0531 10.1897 8.96955 12.0128 14.8255 12.9356 10.075 8.35604 9.12768 9.09883 8.32733 12.3517 9.77197 10.7317 14.5943 9.71712 8.57663 9.46838
threshold=1.5000000000000002 6.4050000000000011 90.160000000000011 52.650000000000013 0.17387500000000003 53.455000000000005 0.072299651567944254 -0.046523857302118159 47.650000000000013 0 6.9250000000000007 1609.4866308388234 53.885000000000012 1647.3859514818616 0.12200000000000003 52.565000000000005 0.28708791208791212 0.2678571428571429 42.500000000000007 1 0.72792207792207797 2 0.04483484848484854 8.5350000000000019 1.0000000180025095e-35 5.2500000000000009 1622.2103686963997 53.350000000000001 46.250000000000007 7.6650000000000009
decision_type=2 2 2 2 8 2 8 10 2 1 2 2 2 2 8 2 10 10 2 1 8 1 10 2 8 2 2 2 2 2
left_child=-1 2 8 4 22 -6 7 -7 14 10 13 12 -12 -10 15 -2 17 -17 -16 -5 -21 -22 28 24 27 -26 -27 -24 29 -3
right_child=1 3 -4 19 5 6 -8 -9 9 -11 11 -13 -14 -15 18 16 -18 -19 -20 20 21 -23 23 -25 25 26 -28 -29 -30 -31
leaf_value=0.00016261289628948373 -0.029198184022205961 0.021161645979252689 0.054497884425408219 0.0016356003487540576 -0.028463834659866228 0.25411032403915673 -0.0011651690224737758 0.032327923111014838 -0.028666934101774646 -0.0034874431286653802 0.087122682054580347 -0.038194553170784129 0.0054917077372200786 0.077453621015059509 -0.017986185359860598 0.068650393576539667 -0.00087391231716365332 0.24483248891067089 0.014225823131521896 -0.01531410465751932 0.016434694108527628 -0.013229229727190223 0.010561869636303614 0.056311661793062545 -0.020282303996279043 0.18689740509222927 -0.025463844801375781 -0.04715778655055515 0.0041766220752272433 0.11054081253479152
leaf_weight=30744.804657830158 3.4630576428025943 16.701562980189923 6.8676567301154128 223.43172829505056 52.764758386649191 0.76573906838893924 28.992088657338172 1.7586337802931691 152.95695417467505 215.17053406219929 7.9344701236113933 14.079813697375355 12.793013747781513 2.2960088392719618 45.256317465566099 2.4345417516306043 3.0151121541857719 1.8212161660194395 52.35833647614345 277.77276566065848 46.57005279045552 38.337679617106915 72.976808443665504 7.6148665063083163 114.92365500703454 1.4916929518803947 1.7678921241313217 8.1011774111539108 950.47987080737948 3.6021457202732554
leaf_count=303773 44 177 66 2113 570 17 271 46 1787 2552 82 147 153 24 556 32 15 25 589 3149 244 187 708 70 1110 22 23 90 9610 36
internal_value=-1.14396e-05 -0.00227076 -0.00759748 -0.000770658 0.00170973 -0.0152375 0.00690606 0.099603 -0.00842783 -0.0117673 -0.0199101 0.00642841 0.03674 -0.0270975 0.00406214 0.0474454 0.0839501 0.144046 -0.000708378 -0.00611111 -0.0106354 0.00341831 0.00292259 -0.00618533 -0.00857368 -0.0177448 0.0717196 0.00479462 0.00486351 0.0370187
internal_weight=33113.3 2368.5 520.447 1848.05 1261.94 84.2812 31.5165 2.52437 513.579 405.231 190.06 34.8073 20.7275 155.253 108.349 10.7339 7.27087 4.25576 97.6147 586.112 362.68 84.9077 1177.66 206.876 199.261 118.183 3.25959 81.078 970.784 20.3037
internal_count=328288 24515 6072 18443 12750 904 334 63 6006 4745 2193 382 235 1811 1261 116 72 57 1145 5693 3580 431 11846 2023 1953 1155 45 798 9823 213
cat_boundaries=0 1 2 3
cat_threshold=682 11275848 1122740
is_linear=0
shrinkage=0.05


Tree=184
num_leaves=31
num_cat=2
split_feature=28 30 24 30 24 31 18 17 3 19 16 14 30 23 23 31 23 31 24 7 6 1 14 2 6 26 28 28 28 22
split_gain=5.11039 8.53382 10.3838 10.3693 8.84961 8.62305 11.7314 8.52425 7.0772 7.03067 7.69686 37.6728 9.30985 19.6809 7.0096 10.2538 21.2762 18.9738 11.9111 12.3824 5.46247 10.1015 9.74012 8.97148 10.6732 12.7782 12.7853 10.6014 9.2807 12.2519
threshold=1315.0215911357861 -0.0089764705882352715 0.16950000000000007 0.011765006002400937 0.16788888888888895 2.5000000000000004 32.660000000000004 59.445000000000007 1.0000000180025095e-35 49.495000000000012 10.620000000000003 2.0050000000000003 -0.0027764133456904812 4.8166666666666673 5.0500000000000007 12.500000000000002 5.1833333333333345 10.500000000000002 0.16683333333333339 53.150000000000013 24.500000000000004 0 1.7850000000000004 1 19.500000000000004 0.30094339622641514 1422.6228954988433 1384.347859554339 1505.578924988172 0.5634920634920636
decision_type=2 10 10 8 8 2 2 2 2 2 2 2 10 8 10 2 10 2 10 2 2 1 2 1 2 8 2 2 2 8
left_child=1 7 3 9 -5 6 -4 -1 -8 10 11 12 13 -3 -14 16 -16 -18 -17 -20 21 -2 -23 28 25 26 27 -25 29 -24
right_child=20 2 5 4 -6 -7 8 -9 -10 -11 -12 -13 14 -15 15 18 17 -19 19 -21 -22 22 23 24 -26 -27 -28 -29 -30 -31
leaf_value=-0.038314141684217831 0.0068815295194559634 0.38846536571579826 0.44068954392852722 -0.015665393303805595 0.13515897441794114 -0.021302999341657344 -0.017354384730653483 0.13549961999726329 0.18304180708250173 0.23118671536306562 -0.033239183320238071 0.45304960372412773 -0.039163395865176698 0.030137419847073788 0.637309901304008 -0.010013562014870178 -0.050470759213170582 0.55328919111382635 0.45673795811241069 -0.051703397785427763 -0.00014132972712031203 -0.0097419775089152231 0.0014862749253548811 0.044078199588271236 0.0047652276265737203 -0.067459672560308756 0.023110787111677696 0.24956609100159702 -0.01099278953535472 0.063593662513781637
leaf_weight=28.407228939351629 796.70011048368178 0.56719562690704939 0.20311309536918942 15.333406116580596 1.0384368794038881 46.311498930095695 1.4693643760401758 0.72334935795515676 0.62925486313179124 0.53118904400616962 2.5042710723355421 0.58842221670784134 3.1628239662386406 1.1812510318122804 0.21701924502849568 3.6852320735342801 0.61388090834952891 0.16512926598079503 0.29560177586972702 0.20128549006767571 30950.383007530589 224.24782631499693 160.3685339121148 0.96399610582739059 635.1724335195031 1.3816232914105055 2.5811407561413944 1.7990407277829943 222.18975615873933 8.3543480187654477
leaf_count=1778 11250 17 22 740 39 3960 155 6 27 37 122 21 161 60 11 608 100 16 38 21 292534 5924 2267 33 6348 16 52 34 1794 97
internal_value=-1.11348e-05 -0.0108784 -0.00232055 0.0207664 -0.00609887 -0.0166083 0.07785 -0.0339981 0.0427329 0.0528399 0.0456532 0.0641559 0.0414753 0.146379 0.0194852 0.055308 0.199482 0.0775102 0.020971 0.250772 2.43701e-05 0.00252149 -0.00029423 0.00175425 0.00534541 0.068084 0.103126 0.177873 -0.0041726 0.00456153
internal_weight=33112 107.829 78.6984 30.0851 16.3718 48.6132 2.30173 29.1306 2.09862 13.7133 13.1821 10.6778 10.0894 1.74845 8.34097 5.17815 0.996029 0.77901 4.18212 0.496887 33004.1 2053.76 1257.06 1032.81 641.898 6.7258 5.34418 2.76304 390.913 168.723
internal_count=328288 7939 6155 1991 779 4164 204 1784 182 1212 1175 1053 1032 77 955 794 127 116 667 59 320349 27815 16565 10641 6483 135 119 67 4158 2364
cat_boundaries=0 1 2
cat_threshold=11541472 6340
is_linear=0
shrinkage=0.05


Tree=185
num_leaves=31
num_cat=14
split_feature=0 1 5 27 21 1 6 2 1 30 7 1 2 1 2 1 1 2 11 1 19 24 16 26 1 32 6 22 23 1
split_gain=5.11851 11.0994 12.4158 12.4721 14.3768 10.7559 10.8315 10.3324 10.2875 10.6248 10.1886 12.5268 10.1567 10.7503 16.5841 31.3022 24.8236 14.0568 11.724 11.6884 13.376 10.7928 12.6587 10.6472 15.6162 13.7963 19.9296 15.9811 15.3905 11.246
threshold=1.5000000000000002 0 1500.0000000000002 2.5000000000000004 1.0000000180025095e-35 1 59.500000000000007 2 3 0.031026365441906654 50.45000000000001 4 5 6 7 8 9 10 7.3950000000000005 11 28.605000000000004 0.25950000000000012 68.985000000000014 0.29893617021276603 12 0.45802861260876532 35.500000000000007 0.76388888888888895 3.1055555555555561 13
decision_type=2 1 2 8 8 1 2 1 1 10 2 1 1 1 1 1 1 1 2 1 2 10 2 10 1 10 2 10 10 1
left_child=1 7 -3 10 8 6 -6 -1 9 -5 11 -4 23 14 15 -14 17 18 -16 -18 -21 -17 -23 29 25 26 28 -27 -25 -2
right_child=12 2 3 4 5 -7 -8 -9 -10 -11 -12 -13 13 -15 16 21 19 -19 -20 20 -22 22 -24 24 -26 27 -28 -29 -30 -31
leaf_value=0.002197158159959601 -0.001352626579152703 -0.0075889589790956022 0.0029125125669888486 0.027720411956322823 -0.010301964984678827 -0.0012128434753278352 -0.062317099971352541 -0.012386939823699325 -0.0013275053588075202 -0.0122384206553093 0.0027231564084440134 -0.0067782908336930878 -0.0065943211276744632 0.00075166781091480202 -0.014182024352644238 0.0033169151622152618 -0.011326977591638282 0.0064857728563397377 0.055347755684888394 -0.010709575998230688 -0.0020071472967033493 0.045384564349327014 0.29163600978834603 0.080775960166245955 -0.0067664117264291286 0.0034092163694528586 0.015917902280146789 0.07534036755540155 0.2438317497349225 -0.011108881756322865
leaf_weight=204.85821466520429 601.02428066753782 393.67425497621298 652.52162398025393 87.837328113615513 453.21485763788223 646.43202994018793 10.234547093510626 290.84670420736074 152.37225160002708 20.522268787026405 8363.0824330933392 664.86990063264966 1056.9990805120906 11977.106100919074 135.01207009842619 2803.6736781217624 767.32577428594232 715.097643380519 6.3478788994252673 589.38630706944969 1760.4125511369202 6.5208179377950719 0.56728363037109364 4.3579241298139078 89.119130183011293 46.123434223234653 7.6348013998940587 9.2743468359112722 2.1666743122041225 593.36328836658504
leaf_count=936 10439 1806 3005 397 2012 2919 47 1305 712 90 38530 3052 14195 146157 1960 33526 11403 10032 57 8539 24889 257 5 44 897 464 93 77 24 10419
internal_value=-1.10368e-05 0.000816742 0.00113549 0.00144731 -0.00301673 -0.00549873 -0.0112088 -0.00643556 0.00754866 0.0184499 0.00207935 -0.00200765 -0.000477894 -0.000190418 -0.00162851 0.000702673 -0.00389369 0.00362328 -0.010329 -0.00596402 -0.00417217 0.00346039 0.0650929 -0.00465278 0.00748156 0.0233521 0.0707551 0.0154515 0.134923 -0.0063038
internal_weight=33112 11940.5 11444.8 11051.1 1370.61 1109.88 463.449 495.705 260.732 108.36 9680.47 1317.39 21171.5 19818.4 7841.34 3867.76 3973.58 856.458 141.36 3117.12 2349.8 2810.76 7.0881 1353.06 158.676 69.5572 14.1594 55.3978 6.5246 1194.39
internal_count=328288 54811 52570 50764 6177 4978 2059 2241 1199 487 44587 6057 273477 251020 104863 47983 56880 12049 2017 44831 33428 33788 262 22457 1599 702 161 541 68 20858
cat_boundaries=0 1 2 3 4 5 6 7 8 9 10 11 12 13 14
cat_threshold=4 25789738 2246 16580776 31761560 4096 20751008 94 2367488 2359296 32 17825792 18248496 20481262
is_linear=0
shrinkage=0.05


Tree=186
num_leaves=31
num_cat=4
split_feature=8 18 19 12 19 27 24 26 17 32 26 20 30 24 12 2 26 1 26 31 24 1 6 18 24 24 1 25 7 7
split_gain=5.07864 6.34478 8.89727 8.38902 8.15533 6.8585 9.20466 6.6348 6.5563 10.3462 6.79487 6.31647 6.86583 6.92304 7.23341 6.22421 10.3183 16.6065 7.03729 13.8519 12.1313 20.6988 13.7641 13.4634 16.7174 12.2679 11.8397 11.4726 13.8201 12.3409
threshold=1.0000000180025095e-35 68.195000000000007 26.535000000000004 6.160000000000001 27.250000000000004 30.500000000000004 0.22707142857142862 0.78297101449275375 20.565000000000001 0.38640890981528436 0.75162337662337675 46.725000000000001 0.041294931163954961 0.16950000000000007 45.795000000000009 0 0.67607313195548502 1 0.074537037037037054 97.500000000000014 0.15133928571428576 2 24.500000000000004 54.795000000000009 0.13950000000000007 0.13788888888888892 3 0.58333333333333337 53.050000000000004 52.550000000000004
decision_type=2 2 2 2 2 10 10 8 2 8 8 2 8 10 2 1 10 1 8 2 10 1 2 2 10 10 1 10 2 2
left_child=-1 3 7 -2 -4 15 8 -3 9 -7 11 -10 13 -13 -15 16 -5 -18 19 20 21 25 23 24 -23 -17 27 -22 29 -29
right_child=1 2 4 5 -6 6 -8 -9 10 -11 -12 12 -14 14 -16 18 17 -19 -20 -21 26 22 -24 -25 -26 -27 -28 28 -30 -31
leaf_value=0.00023235735363393617 -0.028074725963244597 -0.0049944467067027862 0.092860471542204726 -0.0074442455382976924 0.01158603542140315 -0.013714155584852315 0.088762959173380673 -0.063276766241308222 -0.024716200508534073 0.12429981514541483 -0.047507910029163276 -0.017675011211442705 0.083028214815915422 0.02093605566949604 0.12759214880768113 -0.025538856083736988 0.028836032531854312 -0.0065489710161510811 -0.002085690920609598 -0.031195920659881284 0.0059037574342274803 0.1179389923264282 0.026369577046637279 0.19319411897886685 -0.055703633877371775 0.014588308901016917 -0.0078732865126727291 0.05600259904488121 -0.056242100396981465 0.21038810758476345
leaf_weight=28655.777425250737 30.544168115477078 28.818615942727774 3.1582648437470189 861.88450136478059 135.93469027709216 2.4908608859404913 4.0868523414246729 5.8792854426428667 8.725919930264352 2.9855007566511631 5.6668047001585355 9.6850732564926201 4.1990378350019446 8.39528756495565 1.961015760898589 38.153533878270537 44.760207004845142 79.869990095496178 2564.4167835866101 27.132487981580198 216.31414357991889 3.6962957321666163 98.045513753313571 2.4019976789131761 2.2177584506571293 38.03598648449406 202.74942889623344 9.6448501162230951 2.3700108528137198 1.4950678087770928
leaf_count=280369 3286 299 29 10123 1220 28 41 61 97 18 48 88 35 98 13 631 224 370 19572 539 4218 71 1615 45 56 657 4256 123 41 17
internal_value=-1.15837e-05 -0.00158395 0.007781 -0.00196494 0.0134315 -0.00177691 0.0169772 -0.0148699 0.010326 0.0615257 0.00306834 0.0117622 0.0248935 0.0127132 0.0411319 -0.00199247 -0.00544454 0.0079476 -0.000910641 0.00376694 0.00530912 0.016118 0.0288916 0.0933679 0.0528234 -0.00486738 0.000747655 0.008333 0.0533968 0.0767224
internal_weight=33101.5 4445.72 173.791 4271.93 139.093 4241.38 48.1964 34.6979 44.1095 5.47636 38.6331 32.9663 24.2404 20.0414 10.3563 4193.19 986.515 124.63 3206.67 642.257 615.125 182.551 106.362 8.31605 5.91405 76.1895 432.574 229.824 13.5099 11.1399
internal_count=328288 47919 1609 46310 1249 43024 466 360 425 46 379 331 234 199 111 42558 10717 594 31841 12269 11730 3075 1787 172 127 1288 8655 4399 181 140
cat_boundaries=0 1 2 3 4
cat_threshold=4256 29492016 9218424 1629306
is_linear=0
shrinkage=0.05


Tree=187
num_leaves=31
num_cat=7
split_feature=7 22 1 21 0 23 17 31 7 13 1 11 1 11 31 28 14 2 2 26 30 14 15 1 19 2 13 18 24 16
split_gain=5.04692 5.23878 5.37988 7.66805 7.95401 7.32097 6.07428 5.78574 5.18908 5.01663 14.6866 12.4245 14.7215 11.3438 10.5034 17.2032 13.07 10.7903 9.87396 12.0305 10.589 9.49154 9.127 9.91522 10.642 9.38035 9.01641 15.5105 9.96841 14.0352
threshold=60.350000000000001 1.0000000180025095e-35 0 1.0000000180025095e-35 3.5000000000000004 4.4722222222222232 31.065000000000001 44.500000000000007 62.350000000000001 73.160000000000011 1 6.8650000000000011 2 7.2150000000000007 69.500000000000014 1685.9703355499121 1.8950000000000002 3 4 0.27842377260981915 -0.069903225806451627 9.0050000000000008 41.695000000000007 5 26.535000000000004 6 65.460000000000022 47.275000000000013 0.13585714285714293 65.020000000000024
decision_type=2 10 1 8 2 10 2 2 2 2 1 2 1 2 2 2 2 1 1 10 10 2 2 1 2 1 2 2 10 2
left_child=9 -2 3 4 7 6 8 -3 -5 11 21 -1 26 22 15 16 -15 -16 -14 -20 -21 -11 23 24 -12 -24 27 28 -13 -30
right_child=1 2 -4 5 -6 -7 -8 -9 -10 10 13 12 18 14 17 -17 -18 -19 19 20 -22 -23 25 -25 -26 -27 -28 -29 29 -31
leaf_value=-0.000117416482492909 -0.047238382992764755 0.02283096161951044 -0.020003924167559146 -0.059254881515612194 -0.051346434911581917 0.10742992853820031 -0.057936985335883519 0.13558540272092814 0.071352709202407313 -0.0075848781821695778 -0.03530511463529179 0.016328594960378959 -0.0053591964679617493 0.078818236290162047 -0.015074239753181094 0.030885012286190141 0.0035381661601572192 0.0066951165685966811 -0.00087747469140795524 -0.0089873948183750493 0.013614845710958147 0.044757053950733261 0.00024101528593098833 -0.0072648387833428646 0.022176947779238815 -0.015715316606403362 0.0063103342892142011 0.0090591932088562501 0.0017940524457715696 0.078108128345693098
leaf_weight=28676.951872323873 10.741663890657945 1.828286647796628 18.110927004832774 1.1381315467879161 1.1888287430629132 1.2199991131201393 5.1290599764324725 3.0120643321424723 2.2919577248394489 913.72698462102562 8.8492385605350119 23.91559636220336 461.94973263330758 5.9051106292754403 83.823933767154813 89.232455421239138 244.33469477389008 135.72915473952889 639.32761245872825 61.139607025310397 339.93488804623485 8.7440630597993714 185.19436751585454 80.425783495418727 89.365129328332841 182.83231229707599 668.35231111012399 124.09637330844998 8.0403782390058023 24.034852917306125
leaf_count=295726 268 30 384 23 62 28 108 30 39 6359 57 183 3746 48 524 571 1667 903 5535 336 1872 55 1318 571 580 1244 4858 925 71 167
internal_value=-1.11241e-05 -0.0168079 -0.00717108 0.0123639 0.0645347 -0.00715812 -0.0234912 0.092996 0.028016 1.15696e-05 -0.00239764 0.00016905 0.00366362 0.00150251 0.00652425 0.012036 0.00531461 -0.00199793 0.000653558 0.00334889 0.0101694 -0.00701271 -0.00360527 0.00566778 0.015427 -0.00810641 0.00888122 0.0189156 0.0407611 0.0589783
internal_weight=33100.6 44.6609 33.9193 15.8083 6.02918 9.77915 8.55915 4.84035 3.43009 33055.9 2028.16 31027.7 2350.79 1105.69 559.025 339.472 250.24 219.553 1502.35 1040.4 401.074 922.471 546.667 178.64 98.2144 368.027 848.44 180.087 55.9908 32.0752
internal_count=328288 972 704 320 122 198 170 60 62 327316 13897 313419 17693 7483 3713 2286 1715 1427 11489 7743 2208 6414 3770 1208 637 2562 6204 1346 421 238
cat_boundaries=0 1 2 3 4 5 6 7
cat_threshold=10127058 22180394 29395746 2204 5124 35028 4518
is_linear=0
shrinkage=0.05


Tree=188
num_leaves=31
num_cat=7
split_feature=4 11 13 1 26 19 32 20 1 16 31 1 2 15 26 23 22 13 1 15 2 23 12 32 31 28 21 3 1 28
split_gain=5.00373 7.28759 15.5425 11.1584 10.8138 9.86916 12.3065 13.5172 10.7624 10.4772 10.7263 12.5503 9.5213 13.8266 9.36203 9.26861 10.3278 8.5703 14.7338 12.1085 10.7133 15.6351 14.4866 11.296 11.4305 11.4124 11.205 10.2739 20.0537 16.5691
threshold=1.5000000000000002 6.955000000000001 69.455000000000013 0 0.25245098039215691 38.82500000000001 0.5383147386964181 61.355000000000011 1 47.030000000000008 45.500000000000007 2 3 59.120000000000012 0.9104278074866311 3.7321428571428577 0.43650793650793657 67.490000000000023 4 58.365000000000002 5 3.9500000000000006 55.870000000000012 0.48686674551547415 103.50000000000001 1554.3259148884656 0.35416666666666669 2.5000000000000004 6 1506.2405581037999
decision_type=2 2 2 1 8 2 8 2 1 2 2 1 1 2 10 10 10 2 1 2 1 8 2 8 2 2 10 2 1 2
left_child=1 17 5 4 -4 6 7 9 -7 -3 11 -11 13 -6 -14 16 -8 27 19 -19 21 22 -20 24 25 -22 -25 -1 -29 -30
right_child=-2 2 3 -5 12 8 15 -9 -10 10 -12 -13 14 -15 -16 -17 -18 18 20 -21 23 -23 -24 26 -26 -27 -28 28 29 -31
leaf_value=-0.00023066095991989139 -0.0022282503406570861 -0.0118036870375351 -0.015260037720376771 0.0030324447708477416 0.0059986859906183895 0.017353828618008778 -0.030178675413069712 0.10782677206126937 -0.01330999265292831 -0.011744771462866843 0.031969437183766859 0.022354282160920336 -0.0035624684197566301 0.061535684366269175 -0.068145297311105538 0.087610402671530252 0.0065624558767701131 -0.0042759901857672795 -0.0098328694026165227 -0.016774466503274712 0.0096097767979556777 0.046932967151314425 0.028970505403610253 0.011833322300138741 0.016107321151907463 -0.009762088965635355 -0.0019481024333828361 -0.0016106243193276717 0.02472651065372674 0.0043671538199352355
leaf_weight=20806.299527634517 2363.9903558171354 24.522418957203627 187.81559016369283 1341.6019938262179 55.510386884212494 34.52529277279973 23.011133674532175 4.3818981125950804 71.289416950196028 38.285539511591196 130.39450936112553 59.088389145210385 213.06085800565779 14.042011514306067 5.7632461190223685 3.1133731454610816 113.30824732780457 1180.8750261198729 412.44351346045732 231.82527651358396 97.822065488435328 13.565914670936762 25.542436430230737 460.71321824658662 71.536044831387699 341.2452454995364 216.94063242897391 1857.0307106757537 103.93752344604582 2593.9387030499056
leaf_count=235803 24515 160 1331 8268 317 199 143 29 440 221 776 354 1179 79 30 18 685 8376 3275 1556 701 100 191 3029 484 2363 1380 13641 762 17883
internal_value=-1.15722e-05 0.000158933 0.00285359 0.000702994 -0.00580174 0.0106423 0.0142661 0.0207618 -0.00292282 0.0192496 0.0225929 0.0100368 0.000157133 0.0150476 -0.00503339 0.00230863 0.000360439 -6.10605e-05 -0.00256406 -0.00628253 0.00067362 -0.00580398 -0.00756994 0.00316308 -0.00242647 -0.00544613 0.00742141 0.000240204 0.00239106 0.00513249
internal_weight=33097.4 30733.4 2319.71 1817.79 476.192 501.92 396.106 256.673 105.815 252.291 227.768 97.3739 288.377 69.5524 218.824 139.433 136.319 28413.7 3052.51 1412.7 1639.81 451.552 437.986 1188.26 510.603 439.067 677.654 25361.2 4554.91 2697.88
internal_count=328288 303773 14229 11204 2936 3025 2386 1540 639 1511 1351 575 1605 396 1209 846 828 289544 21455 9932 11523 3566 3466 7957 3548 3064 4409 268089 32286 18645
cat_boundaries=0 1 2 3 4 5 6 7
cat_threshold=5390354 11550850 25303558 2058 11170148 4736 21896480
is_linear=0
shrinkage=0.05


end of trees

feature_importances:
venue_code=929
race_no=389
lane=385
form_lane_win_rate=243
kr_rank=243
age=239
motor_3rate=206
form_last10_avg_st=206
national_2rate=201
national_win_rate=197
motor_2rate=194
form_last10_avg_finish=184
grade_ord=159
weight_kg=156
local_win_rate=148
career_top2=139
nobi_gap=136
national_3rate=135
local_2rate=133
form_days_since_last=126
avg_st=118
kr=112
boat_3rate=100
boat_2rate=91
form_last3_win_rate=85
local_3rate=83
n_starts_period=75
racer_class_ord=74
form_last10_win_rate=66
form_last10_top2_rate=60
flying_count=42
distance_m=10
late_count=6

parameters:
[boosting: gbdt]
[objective: binary]
[metric: auc]
[tree_learner: serial]
[device_type: cpu]
[data_sample_strategy: bagging]
[data: ]
[valid: ]
[num_iterations: 500]
[learning_rate: 0.05]
[num_leaves: 31]
[num_threads: 0]
[seed: 0]
[deterministic: 0]
[force_col_wise: 0]
[force_row_wise: 0]
[histogram_pool_size: -1]
[max_depth: -1]
[min_data_in_leaf: 20]
[min_sum_hessian_in_leaf: 0.001]
[bagging_fraction: 1]
[pos_bagging_fraction: 1]
[neg_bagging_fraction: 1]
[bagging_freq: 0]
[bagging_seed: 3]
[bagging_by_query: 0]
[feature_fraction: 1]
[feature_fraction_bynode: 1]
[feature_fraction_seed: 2]
[extra_trees: 0]
[extra_seed: 6]
[early_stopping_round: 0]
[early_stopping_min_delta: 0]
[first_metric_only: 0]
[max_delta_step: 0]
[lambda_l1: 0]
[lambda_l2: 0]
[linear_lambda: 0]
[min_gain_to_split: 0]
[drop_rate: 0.1]
[max_drop: 50]
[skip_drop: 0.5]
[xgboost_dart_mode: 0]
[uniform_drop: 0]
[drop_seed: 4]
[top_rate: 0.2]
[other_rate: 0.1]
[min_data_per_group: 100]
[max_cat_threshold: 32]
[cat_l2: 10]
[cat_smooth: 10]
[max_cat_to_onehot: 4]
[top_k: 20]
[monotone_constraints: ]
[monotone_constraints_method: basic]
[monotone_penalty: 0]
[feature_contri: ]
[forcedsplits_filename: ]
[refit_decay_rate: 0.9]
[cegb_tradeoff: 1]
[cegb_penalty_split: 0]
[cegb_penalty_feature_lazy: ]
[cegb_penalty_feature_coupled: ]
[path_smooth: 0]
[interaction_constraints: ]
[verbosity: -1]
[saved_feature_importance_type: 0]
[use_quantized_grad: 0]
[num_grad_quant_bins: 4]
[quant_train_renew_leaf: 0]
[stochastic_rounding: 1]
[linear_tree: 0]
[max_bin: 255]
[max_bin_by_feature: ]
[min_data_in_bin: 3]
[bin_construct_sample_cnt: 200000]
[data_random_seed: 1]
[is_enable_sparse: 1]
[enable_bundle: 1]
[use_missing: 1]
[zero_as_missing: 0]
[feature_pre_filter: 1]
[pre_partition: 0]
[two_round: 0]
[header: 0]
[label_column: ]
[weight_column: ]
[group_column: ]
[ignore_column: ]
[categorical_feature: 1,2]
[forcedbins_filename: ]
[precise_float_parser: 0]
[parser_config_file: ]
[objective_seed: 5]
[num_class: 1]
[is_unbalance: 0]
[scale_pos_weight: 1]
[sigmoid: 1]
[boost_from_average: 1]
[reg_sqrt: 0]
[alpha: 0.9]
[fair_c: 1]
[poisson_max_delta_step: 0.7]
[tweedie_variance_power: 1.5]
[lambdarank_truncation_level: 30]
[lambdarank_norm: 1]
[label_gain: ]
[lambdarank_position_bias_regularization: 0]
[eval_at: ]
[multi_error_top_k: 1]
[auc_mu_weights: ]
[num_machines: 1]
[local_listen_port: 12400]
[time_out: 120]
[machine_list_filename: ]
[machines: ]
[gpu_platform_id: -1]
[gpu_device_id: -1]
[gpu_device_id_list: ]
[gpu_use_dp: 0]
[num_gpu: 1]

end of parameters

pandas_categorical:[]
